step	depth	row	col	cands	cs	val
1	0	3	9	4	90	6	12345678|3456789|3456789|123456789|12345678|123456789|123456789|1234567|123456789|12345678|12345678|456789|12345678|3456789|123456789|1234567|123456|123456|12345678|12345678|123456789|123456|123456789|23456789|56789|123456|6789|123456789|23456789|1234567|123456789|1234567|12345678|123456789|123456789|123456789|3456789|12345678|12345678|12345678|23456789|1234567|12345678|23456789|123456789|123456789|3456789|12345678|123456789|123456789|12345678|12345678|12345678|123456789|3456789|23456789|12345678|12345678|12345678|12345678|12345678|23456789|123456789|12345678|1234567|123456789|123456789|123456789|123456789|3456789|12345678|12345678|12345678|12345678|456789|6789|123456|123456|123456|123456789|123456789
2	1	1	8	2	85	4	12345678|3456789|3456789|123456789|12345678|123456789|4578|45|4578|12345678|12345678|456789|12345678|3456789|123456789|45|123|123|1234578|1234578|1234578|12345|1234578|234578|9|123|6|123456789|23456789|1234567|123456789|1234567|1234567|12345678|123456789|12345789|3456789|12345678|12345678|12345678|23456789|1234567|1234567|23456789|12345789|123456789|3456789|12345678|123456789|123456789|12345678|12345678|12345678|12345789|3456789|23456789|12345678|12345678|12345678|12345678|12345678|23456789|12345789|1234567|1234567|123456789|123456789|123456789|123456789|345678|1234567|123457|12345678|12345678|456789|6789|123456|123456|123456|123456789|12345789
3	2	1	7	2	81	7	1235678|356789|356789|12356789|1235678|12356789|78|4|78|1234678|1234678|46789|1234678|346789|12346789|5|123|123|1234578|1234578|1234578|12345|1234578|234578|9|123|6|123456789|23456789|1234567|123456789|1234567|1234567|1234678|12356789|12345789|3456789|12345678|12345678|12345678|23456789|1234567|123467|2356789|12345789|123456789|3456789|12345678|123456789|123456789|12345678|1234678|1235678|12345789|3456789|23456789|12345678|12345678|12345678|12345678|1234678|2356789|12345789|1234567|1234567|123456789|123456789|123456789|123456789|34678|123567|123457|12345678|12345678|456789|6789|123456|123456|12346|12356789|12345789
4	3	2	8	3	85	1	12356|3569|3569|123569|12356|123569|7|4|8|1234678|1234678|46789|1234678|346789|12346789|5|123|123|1234578|1234578|1234578|12345|1234578|234578|9|123|6|123456789|23456789|1234567|123456789|1234567|1234567|123468|12356789|1234579|3456789|12345678|12345678|12345678|23456789|1234567|12346|2356789|1234579|123456789|3456789|12345678|123456789|123456789|12345678|123468|1235678|1234579|3456789|23456789|12345678|12345678|12345678|12345678|123468|2356789|1234579|1234567|1234567|123456789|123456789|123456789|123456789|3468|123567|123457|12345678|12345678|456789|6789|123456|123456|12346|12356789|1234579
5	4	2	9	2	85	2	12356|3569|3569|123569|12356|123569|7|4|8|234678|234678|46789|234678|346789|2346789|5|1|23|123457|1234578|1234578|12345|1234578|234578|9|23|6|123456789|23456789|1234567|123456789|1234567|1234567|123468|2356789|1234579|3456789|12345678|12345678|12345678|23456789|1234567|12346|356789|1234579|123456789|3456789|12345678|123456789|123456789|12345678|123468|235678|1234579|3456789|23456789|12345678|12345678|12345678|12345678|12346|2356789|1234579|1234567|1234567|123456789|123456789|123456789|123456789|3468|23567|123457|12345678|12345678|456789|6789|123456|123456|12346|2356789|1234579
6	5	1	2	3	90	5
7	6	1	3	2	90	6
8	6	2	5	5	90	9
9	7	7	1	6	90	9
10	8	5	8	5	90	9
11	9	4	2	7	90	9
12	10	5	1	6	90	8
13	11	7	2	6	90	8
14	12	2	3	4	90	8
15	13	7	8	3	90	7
16	14	9	4	3	90	8
17	14	9	4	2	91	6
18	13	9	4	3	92	8
19	13	9	4	2	93	6
20	11	9	4	3	94	8
21	12	8	7	2	90	3
22	12	3	6	5	90	5
23	12	3	6	4	91	8
24	11	9	4	2	94	6
25	12	3	6	5	92	8
26	13	2	3	4	90	8
27	12	3	6	4	92	5
28	12	3	6	3	93	7
29	11	3	6	5	94	8
30	12	8	7	2	91	3
31	10	9	4	3	94	8
32	11	3	6	5	94	8
33	12	8	7	3	92	8
34	13	2	1	2	85	3
35	13	3	2	2	85	2
36	12	8	7	2	92	3
37	11	3	6	4	94	5
38	12	8	7	3	93	8
39	11	8	7	3	94	8
40	12	3	6	3	94	4
41	10	3	6	5	95	8
42	11	8	7	2	94	3
43	11	9	4	2	94	6
44	12	2	3	4	91	8
45	13	9	3	2	90	5
46	11	2	3	3	91	8
47	12	9	3	2	91	5
48	10	8	7	2	95	3
49	10	3	6	4	95	5
50	11	9	4	2	94	6
51	12	9	3	3	92	8
52	10	3	6	3	95	4
53	9	3	6	5	96	8
54	10	8	7	3	96	8
55	11	9	4	3	94	8
56	12	2	3	4	91	8
57	13	5	1	6	90	8
58	13	2	1	2	86	3
59	13	4	2	4	90	7
60	13	9	3	2	93	4
61	10	8	7	2	96	3
62	10	2	3	4	91	8
63	11	5	1	6	91	8
64	12	7	2	6	90	8
65	13	9	4	2	94	6
66	11	9	4	2	95	6
67	12	9	3	2	94	5
68	9	8	7	3	97	8
69	10	3	6	4	96	5
70	10	3	6	3	97	7
71	11	5	1	5	91	8
72	11	4	2	4	91	7
73	11	9	3	2	95	4
74	9	8	7	2	97	3
75	9	3	6	4	97	5
76	9	9	3	3	96	5
77	8	3	6	5	98	8
78	9	8	7	3	98	8
79	10	9	4	3	95	8
80	11	4	2	7	92	9
81	12	5	5	7	90	8
82	12	5	1	6	92	8
83	12	7	8	3	90	7
84	13	9	3	3	97	7
85	11	2	3	4	91	8
86	12	5	5	7	91	8
87	12	5	1	6	93	8
88	12	7	8	3	90	6
89	13	2	1	2	87	3
90	13	9	3	3	98	6
91	12	7	8	2	90	5
92	12	9	3	3	99	7
93	9	5	1	6	94	8
94	10	4	2	6	92	9
95	11	9	4	3	95	8
96	11	9	3	5	100	8
97	10	2	3	4	91	8
98	9	9	4	3	96	8
99	9	9	3	5	101	8
100	8	3	6	4	98	5
101	9	8	7	3	98	8
102	9	5	1	6	94	8
103	10	9	4	2	97	6
104	9	9	4	3	98	8
105	9	9	3	5	102	8
106	8	8	7	3	99	8
107	9	9	4	3	99	8
108	10	3	6	3	98	7
109	11	9	3	3	103	6
110	12	4	2	5	92	9
111	12	5	5	5	92	8
112	12	5	1	5	94	8
113	12	4	2	4	93	7
114	8	3	6	3	98	4
115	8	9	3	4	103	8
116	7	3	6	5	99	8
117	8	8	7	3	99	8
118	9	4	2	6	94	8
119	10	5	5	7	93	8
120	11	9	3	4	104	7
121	10	5	1	6	95	9
122	11	7	8	3	91	7
123	12	9	3	4	105	7
124	10	7	8	3	91	7
125	9	5	5	7	93	8
126	10	2	3	4	92	8
127	11	5	8	4	90	9
128	9	2	3	4	92	8
129	8	8	7	2	99	3
130	8	2	3	4	93	8
131	9	9	3	4	106	5
132	10	9	4	2	99	6
133	9	9	3	2	106	6
134	8	9	3	2	107	5
135	7	9	4	3	100	8
136	8	3	6	4	99	5
137	8	3	6	3	100	7
138	7	9	3	4	108	5
139	8	3	6	4	101	5
140	7	9	3	2	108	6
141	6	8	7	3	100	8
142	7	3	6	5	102	8
143	8	2	3	4	93	8
144	9	9	4	4	100	8
145	10	5	5	8	93	8
146	11	2	5	3	90	7
147	12	7	1	6	90	8
148	13	4	2	6	94	8
149	14	9	3	4	109	7
150	13	5	8	4	91	9
151	12	4	2	6	94	9
152	13	5	8	4	92	9
153	14	7	8	3	92	7
154	14	9	3	3	110	5
155	14	9	3	2	111	6
156	12	4	2	5	94	7
157	10	5	5	7	93	9
158	11	5	1	6	95	8
159	11	4	2	7	95	8
160	12	2	5	3	90	7
161	13	9	3	4	112	7
162	11	4	2	6	95	9
163	12	7	8	3	93	6
164	13	2	5	3	90	7
165	12	7	8	2	93	5
166	12	9	3	3	113	7
167	11	2	5	3	91	7
168	12	4	2	5	95	7
169	12	9	3	2	114	4
170	10	5	8	5	92	8
171	11	4	2	7	96	8
172	12	5	1	6	96	9
173	13	7	8	3	94	7
174	14	9	3	4	115	7
175	12	7	8	3	94	7
176	11	4	2	6	96	9
177	12	7	8	3	95	7
178	13	9	3	3	116	7
179	11	7	8	3	95	6
180	12	2	5	3	91	7
181	13	9	3	3	117	6
182	11	7	8	2	95	5
183	10	5	1	7	96	8
184	11	4	2	6	96	9
185	12	7	8	3	96	7
186	11	5	8	4	92	9
187	8	9	3	3	118	8
188	9	7	1	4	90	9
189	10	4	2	3	96	9
190	10	4	2	2	97	6
191	11	5	5	4	93	9
192	12	9	4	2	100	6
193	10	5	8	5	93	7
194	10	7	8	4	97	7
195	7	3	6	3	102	7
196	8	7	8	2	98	6
197	8	9	3	4	118	7
198	7	3	6	2	102	4
199	7	7	8	2	99	6
200	6	8	7	2	100	3
201	6	7	8	4	100	8
202	7	5	1	7	96	8
203	8	7	1	5	90	9
204	9	4	2	6	97	9
205	10	5	8	4	94	9
206	11	3	6	5	103	8
207	12	2	3	4	93	8
208	12	9	3	3	119	8
209	13	9	4	2	101	6
210	11	9	3	5	119	8
211	12	3	6	4	103	5
212	10	5	8	3	94	7
213	11	9	3	4	119	8
214	10	5	5	6	93	9
215	11	9	4	3	102	8
216	12	3	6	5	104	5
217	12	3	6	4	105	8
218	11	9	3	5	120	8
219	12	3	6	5	106	5
220	13	9	4	2	102	6
221	12	3	6	4	106	8
222	10	3	6	5	107	8
223	11	2	3	4	94	8
224	9	5	5	7	93	9
225	10	9	4	3	103	8
226	10	9	3	5	120	8
227	9	3	6	5	107	8
228	10	9	4	3	104	8
229	10	9	3	5	121	8
230	9	9	3	5	122	8
231	8	9	3	2	123	5
232	8	3	6	2	107	5
233	9	4	2	2	97	6
234	10	5	8	3	94	6
235	10	5	8	2	95	7
236	8	4	2	2	97	6
237	7	3	6	5	107	8
238	8	2	3	4	95	8
239	8	9	3	3	124	8
240	9	5	5	4	93	8
241	10	9	4	2	105	6
242	6	9	3	4	124	5
243	7	9	4	2	106	6
244	6	9	3	2	124	6
245	5	1	2	2	90	6
246	5	9	3	6	125	9
247	6	7	8	5	100	9
248	7	8	7	3	101	8
249	8	9	4	3	107	8
250	9	5	8	4	96	8
251	10	4	2	7	98	8
252	11	2	3	4	96	8
253	11	2	3	3	97	6
254	10	2	3	4	98	8
255	10	2	3	3	99	6
256	7	9	4	2	107	6
257	8	2	3	4	100	6
258	9	3	6	5	107	5
259	10	5	8	3	96	7
260	11	2	5	4	91	9
261	12	5	1	6	96	9
262	13	5	5	5	93	6
263	12	5	1	5	96	8
264	11	5	5	6	94	6
265	12	5	1	5	97	9
266	13	2	5	3	91	8
267	10	4	2	6	98	6
268	11	5	5	6	94	7
269	10	5	1	4	97	9
270	11	2	5	4	92	9
271	12	7	1	3	90	8
272	11	5	5	5	95	5
273	11	5	5	2	96	7
274	10	4	2	5	98	8
275	9	3	6	4	107	8
276	7	2	3	3	100	6
277	8	3	6	5	108	5
278	9	5	8	3	96	7
279	10	4	2	7	99	7
280	9	2	5	3	92	9
281	8	3	6	4	108	8
282	6	8	7	3	101	8
283	7	9	4	3	107	8
284	8	2	3	4	100	6
285	9	3	6	5	109	5
286	10	5	8	5	96	9
287	9	3	6	4	109	8
288	6	8	7	2	101	3
289	6	7	8	3	100	8
290	7	9	4	3	107	8
291	6	9	4	2	108	6
292	7	7	8	2	100	5
293	7	2	3	4	100	6
294	8	3	6	5	110	5
295	9	5	8	3	97	9
296	10	5	1	6	97	8
297	9	4	2	6	100	6
298	9	5	1	4	98	9
299	8	3	6	4	110	8
300	6	2	3	3	100	6
301	7	3	6	5	111	5
302	8	5	8	3	97	9
303	8	5	1	6	99	9
304	9	2	5	3	93	9
305	7	3	6	4	111	7
306	5	9	3	5	125	8
307	6	3	6	5	112	8
308	7	8	7	3	102	8
309	7	8	7	2	103	3
310	7	2	3	2	100	6
311	8	4	2	2	101	6
312	6	3	6	4	112	7
313	6	8	7	3	104	8
314	5	8	7	2	105	3
315	5	7	8	4	101	9
316	6	2	3	4	100	6
317	7	9	3	2	125	4
318	8	3	6	5	113	5
319	9	5	8	3	98	7
320	10	5	5	6	97	9
321	10	5	1	6	99	9
322	11	2	5	3	94	8
323	9	5	5	6	98	9
324	9	5	1	6	99	9
325	10	2	5	3	95	8
326	8	3	6	4	113	4
327	7	3	6	5	114	5
328	8	5	5	7	99	9
329	8	5	1	7	99	9
330	9	5	8	3	98	7
331	10	2	5	3	96	8
332	9	2	5	3	97	8
333	7	3	6	4	114	8
334	5	7	8	3	101	7
335	6	9	3	4	125	7
336	7	5	5	8	100	9
337	8	4	2	6	102	6
338	9	2	3	3	100	8
339	9	3	6	4	115	4
340	10	2	3	2	101	4
341	9	3	6	3	115	7
342	8	2	3	3	102	8
343	8	3	6	4	116	4
344	8	3	6	3	117	7
345	7	3	6	5	118	8
346	8	2	3	3	103	8
347	5	2	3	4	104	6
348	6	3	6	5	118	5
349	7	7	8	2	101	2
350	6	3	6	4	118	4
351	4	8	7	3	106	4
352	4	8	7	2	107	6
353	5	7	8	4	101	8
354	6	9	3	6	125	8
355	7	5	7	4	85	1
356	8	3	2	6	86	1
357	7	9	4	2	108	6
358	6	3	6	5	119	8
359	7	5	5	7	100	8
360	8	6	2	6	90	8
361	5	6	7	5	85	8
362	5	6	7	4	86	1
363	6	9	4	3	109	6
364	7	9	3	2	125	7
365	7	7	8	2	101	3
366	6	9	4	2	109	7
367	6	7	8	3	101	9
368	6	7	8	2	102	3
369	6	9	3	4	126	6
370	5	3	2	6	87	1
371	6	2	3	4	104	8
372	7	3	6	5	119	8
373	8	2	5	3	98	9
374	9	9	3	4	127	9
375	10	9	4	2	110	6
376	11	7	8	2	102	7
377	8	2	5	2	98	6
378	8	1	2	3	91	9
379	9	9	3	5	127	9
380	10	9	4	2	110	6
381	9	9	3	4	127	7
382	7	2	5	3	99	9
383	7	3	6	4	119	7
384	7	5	1	5	99	8
385	8	1	2	3	91	9
386	9	9	3	5	128	9
387	10	9	4	2	111	6
388	9	9	3	4	128	7
389	9	9	3	3	129	6
390	6	2	5	4	100	8
391	7	2	3	3	104	9
392	7	2	3	2	105	6
393	7	3	6	4	120	7
394	8	5	1	5	99	8
395	9	5	8	3	98	6
396	10	7	8	2	103	7
397	7	3	6	3	120	5
398	8	5	1	3	99	8
399	9	7	8	2	104	3
400	6	2	3	3	106	9
401	6	9	3	4	130	9
402	7	3	6	4	120	7
403	4	9	4	4	112	6
404	5	8	8	4	85	6
405	6	7	2	8	90	2
406	6	7	1	5	91	6
407	6	9	3	4	130	9
408	6	9	3	3	131	8
409	7	3	6	5	121	8
410	8	2	3	3	107	9
411	5	7	8	5	104	6
412	6	5	7	5	85	6
413	7	3	6	2	121	7
414	7	9	6	2	85	1
415	7	6	7	2	86	1
416	6	7	4	7	85	8
417	6	3	6	5	122	8
418	7	9	3	4	131	8
419	8	2	3	2	108	7
420	7	9	3	3	131	9
421	4	9	4	3	112	7
422	5	9	9	2	81	5
423	6	9	3	2	132	8
424	7	2	3	4	109	9
425	7	7	8	3	104	3
426	7	7	8	2	105	6
427	5	9	3	3	132	8
428	6	2	3	4	110	9
429	6	2	5	4	100	9
430	6	3	6	5	122	8
431	4	9	4	2	112	8
432	5	9	3	5	132	4
433	6	2	3	4	111	9
434	7	2	5	3	101	8
435	6	2	3	3	111	6
436	7	2	5	3	102	9
437	8	3	6	5	123	8
438	8	3	6	4	124	7
439	7	3	6	5	125	8
440	5	9	3	4	132	5
441	6	2	3	5	111	9
442	6	2	5	4	102	9
443	7	3	6	5	126	8
444	8	2	3	4	112	8
445	9	5	5	7	100	8
446	10	7	1	4	92	8
447	11	4	2	7	102	8
448	11	5	8	4	98	9
449	12	2	1	2	88	2
450	10	4	2	7	103	9
451	11	5	8	4	98	9
452	12	2	1	2	89	2
453	10	5	8	4	98	9
454	11	2	1	2	90	2
455	9	5	8	5	98	8
456	10	4	2	8	103	8
457	11	7	8	4	106	7
458	9	5	1	7	99	8
459	10	4	2	7	103	9
460	11	7	8	4	107	7
461	10	5	8	4	98	9
462	11	2	1	2	91	2
463	8	2	3	3	112	6
464	7	3	6	4	126	7
465	8	2	3	3	113	7
466	9	5	5	6	100	8
467	10	7	1	4	92	9
468	11	4	2	8	103	9
469	11	4	2	6	104	7
470	10	4	2	7	105	8
471	10	5	8	4	98	9
472	9	5	5	5	100	7
473	10	5	8	4	99	8
474	11	4	2	8	106	8
475	11	5	1	5	99	9
476	10	5	1	6	100	8
477	11	5	8	3	99	9
478	9	5	5	4	100	6
479	10	5	8	4	100	8
480	11	4	2	8	107	8
481	11	5	1	5	100	9
482	10	5	1	6	101	8
483	11	5	8	3	100	9
484	7	3	6	3	126	5
485	6	3	6	5	127	8
486	7	2	3	4	113	8
487	8	2	5	2	102	6
488	8	5	5	7	100	8
489	9	7	1	4	92	8
490	10	4	2	7	108	8
491	10	5	8	4	101	9
492	9	4	2	7	109	9
493	10	7	8	4	108	7
494	9	4	2	6	109	7
495	8	5	8	5	102	8
496	9	4	2	8	110	8
497	10	7	8	4	109	7
498	9	4	2	7	110	9
499	9	4	2	6	111	7
500	8	5	8	4	102	9
501	7	2	3	2	113	6
502	6	3	6	4	127	7
503	7	2	3	4	114	7
504	5	9	3	3	132	6
505	6	2	3	4	115	9
506	6	2	5	4	103	9
507	7	3	6	5	127	8
508	8	2	3	3	116	8
509	9	5	5	7	100	8
510	10	2	1	2	92	2
511	11	7	1	4	92	8
512	12	4	2	7	112	8
513	13	7	8	3	110	6
514	12	5	8	4	103	9
515	13	4	2	6	112	7
516	12	7	8	4	111	6
517	13	5	8	2	103	5
518	11	4	2	7	113	9
519	12	5	8	4	104	9
520	13	3	2	4	87	7
521	12	7	8	4	111	6
522	13	5	8	2	104	5
523	11	4	2	6	113	7
524	10	7	1	4	92	8
525	10	4	2	4	114	9
526	9	5	8	5	105	8
527	10	4	2	8	115	8
528	11	7	8	4	111	7
529	10	4	2	7	115	9
530	11	7	8	4	112	7
531	10	7	8	4	113	6
532	10	7	8	3	114	3
533	10	7	8	2	115	5
534	9	5	8	4	105	9
535	10	4	2	7	115	9
536	11	7	8	4	116	7
537	10	2	1	2	92	2
538	11	5	5	6	100	7
539	12	4	2	6	115	7
540	9	7	8	4	117	6
541	10	5	8	2	105	5
542	10	5	1	6	101	8
543	9	7	8	2	117	3
544	7	3	6	4	127	7
545	8	2	3	2	116	4
546	8	5	5	6	100	8
547	9	7	1	4	93	9
548	10	4	2	8	116	9
549	10	4	2	6	117	7
550	9	4	2	7	118	8
551	9	5	8	4	106	9
552	10	4	2	6	119	7
553	9	7	8	4	118	6
554	10	5	8	2	106	5
555	8	5	8	5	107	8
556	9	4	2	8	120	8
557	9	7	8	4	118	6
558	10	5	1	6	102	9
559	10	4	2	7	121	9
560	8	5	8	4	107	9
561	9	5	5	5	100	7
562	10	7	1	3	93	9
563	11	4	2	7	122	9
564	11	4	2	6	123	7
565	9	5	5	4	100	6
566	8	7	8	4	118	6
567	9	5	8	2	107	5
568	6	3	6	5	127	8
569	7	2	3	3	117	8
570	8	2	5	2	103	6
571	8	5	5	7	101	8
572	9	7	1	4	93	8
573	10	4	2	7	124	8
574	10	5	8	4	108	9
575	11	4	2	6	125	7
576	10	7	8	4	118	6
577	11	5	8	2	108	5
578	9	4	2	7	126	9
579	10	7	8	4	118	7
580	9	4	2	6	126	7
581	8	5	8	5	109	8
582	9	4	2	8	127	8
583	10	7	8	4	119	7
584	9	4	2	7	127	9
585	10	7	8	4	120	7
586	9	4	2	6	127	7
587	8	5	8	4	109	9
588	9	4	2	7	128	9
589	10	7	8	4	121	7
590	9	3	2	4	88	1
591	8	7	8	4	122	6
592	9	5	8	2	109	5
593	9	5	1	6	103	8
594	6	3	6	4	127	7
595	7	7	8	3	122	6
596	5	9	3	2	132	7
597	6	2	3	4	117	9
598	7	4	2	2	128	8
599	8	7	8	4	123	7
600	9	5	8	4	110	8
601	10	2	5	3	104	8
602	8	5	8	5	110	8
603	9	7	8	3	123	6
604	7	5	8	5	110	9
605	7	7	8	4	124	6
606	8	5	8	3	111	8
607	9	2	5	3	105	8
608	8	5	8	2	111	5
609	6	2	5	4	106	9
610	7	3	6	5	127	8
611	8	2	3	3	117	8
612	9	5	5	7	101	8
613	10	7	1	5	93	8
614	11	4	2	7	128	8
615	10	4	2	7	129	9
616	11	5	8	4	112	9
617	12	2	1	2	92	2
618	11	7	8	4	124	6
619	12	5	8	2	112	5
620	9	5	8	5	113	8
621	10	4	2	8	129	8
622	11	7	8	4	124	7
623	12	5	1	6	104	9
624	12	5	1	4	105	7
625	11	5	1	6	106	9
626	12	7	8	3	124	6
627	11	7	8	3	125	6
628	12	2	1	2	93	2
629	10	4	2	7	129	9
630	11	7	8	4	125	7
631	12	5	1	5	106	7
632	11	7	8	3	125	6
633	12	5	1	5	107	7
634	11	7	8	2	125	3
635	9	5	8	4	113	9
636	10	4	2	7	129	9
637	11	7	8	4	126	7
638	12	2	1	2	94	2
639	9	7	8	4	126	6
640	10	5	8	2	113	5
641	7	3	6	4	127	7
642	6	3	6	5	128	8
643	7	2	3	3	117	8
644	8	2	5	2	106	6
645	8	4	2	2	129	8
646	6	3	6	4	128	7
647	5	7	8	5	126	9
648	6	5	8	4	114	8
649	7	4	2	7	130	8
650	8	2	3	4	117	8
651	9	3	6	5	129	8
652	10	2	5	3	107	9
653	11	5	1	6	108	9
654	12	5	5	6	101	7
655	12	2	1	4	95	7
656	11	5	1	5	108	7
657	11	2	1	4	95	6
658	10	2	5	2	107	6
659	10	5	5	6	102	9
660	11	5	1	5	109	7
661	11	2	1	3	96	6
662	10	5	1	6	110	9
663	9	3	6	4	129	7
664	8	2	5	4	108	8
665	9	3	6	4	130	7
666	8	3	6	4	131	7
667	8	5	1	6	111	9
668	8	5	1	5	112	7
669	8	3	6	3	132	4
670	9	2	1	2	97	2
671	8	3	6	2	132	3
672	7	2	3	4	117	8
673	8	3	6	5	133	8
674	9	5	1	6	113	9
675	10	2	5	3	108	9
676	11	2	1	4	98	6
677	10	2	5	2	108	6
678	10	5	5	5	102	6
679	11	2	1	3	99	6
680	9	2	5	3	109	9
681	10	2	1	4	100	6
682	9	2	5	2	109	6
683	9	5	5	6	102	9
684	10	2	1	3	101	6
685	9	5	1	5	113	7
686	9	4	2	5	130	7
687	9	4	2	4	131	6
688	8	3	6	4	133	7
689	7	5	1	6	114	9
690	8	3	6	4	134	7
691	8	2	3	2	117	6
692	7	2	5	4	110	8
693	8	3	6	4	135	7
694	9	4	2	6	132	7
695	9	2	1	2	102	4
696	8	3	6	3	135	4
697	9	2	1	2	103	4
698	7	3	6	4	135	7
699	7	5	5	6	102	7
700	6	2	5	4	110	9
701	7	3	6	5	136	8
702	8	2	3	4	118	8
703	9	5	1	7	114	9
704	10	2	1	4	104	6
705	9	5	1	6	114	8
706	10	2	1	4	105	6
707	9	2	1	4	106	6
708	8	2	3	2	118	6
709	7	5	1	7	114	9
710	8	5	5	7	103	8
711	9	2	3	2	119	6
712	7	5	1	6	114	8
713	8	3	6	4	136	7
714	7	7	1	6	93	8
715	8	5	1	5	114	7
716	8	3	2	4	89	1
717	9	2	3	2	120	6
718	8	2	3	3	121	6
719	9	5	1	4	115	6
720	7	3	2	4	89	1
721	8	2	3	2	121	6
722	7	2	3	3	122	7
723	7	3	6	4	137	7
724	6	3	6	5	138	8
725	7	2	3	4	123	8
726	8	2	5	2	110	6
727	8	2	1	3	107	6
728	7	2	3	2	123	6
729	6	2	3	4	124	8
730	7	3	6	4	138	7
731	6	3	6	4	139	7
732	7	5	8	3	114	7
733	8	4	2	6	133	7
734	8	2	1	2	108	4
735	6	3	6	3	139	4
736	7	5	8	3	114	7
737	5	5	8	5	115	9
738	6	3	6	5	139	8
739	7	5	1	6	116	8
740	8	7	8	4	126	7
741	8	2	5	3	111	9
742	9	2	1	2	109	4
743	8	2	1	2	110	4
744	7	2	5	3	111	9
745	8	2	1	4	111	6
746	7	2	1	4	112	7
747	7	2	1	3	112	6
748	6	3	6	4	139	7
749	6	7	8	3	127	7
750	7	2	3	3	124	6
751	6	7	8	2	127	5
752	5	4	2	7	134	8
753	6	2	3	4	125	8
754	7	3	6	5	140	8
755	8	5	1	6	116	9
756	8	5	1	5	117	7
757	8	2	1	4	113	7
758	8	7	8	4	128	7
759	9	2	1	3	113	6
760	8	7	8	3	128	6
761	7	3	6	4	140	7
762	6	5	1	6	118	9
763	6	3	6	4	141	7
764	5	2	3	4	125	8
765	6	3	6	5	142	8
766	7	5	1	6	119	9
767	8	7	8	4	129	7
768	8	2	1	2	114	4
769	7	2	1	4	115	7
770	7	4	2	6	134	7
771	8	7	8	4	130	7
772	8	7	8	3	131	6
773	8	7	8	2	132	3
774	7	7	8	4	132	7
775	7	7	8	3	133	3
776	6	3	6	4	142	7
777	5	5	1	6	119	9
778	5	3	6	4	143	7
779	4	3	6	5	144	8
780	4	3	6	4	145	7
781	3	2	8	2	85	2
782	4	2	9	2	85	1
783	5	1	2	3	91	5
784	6	2	3	5	125	9
785	6	2	1	2	115	3
786	7	3	6	4	146	5
787	8	2	5	2	111	7
788	9	7	1	5	93	9
789	10	4	2	3	134	9
790	11	7	8	4	134	8
791	12	9	3	3	132	8
792	13	5	8	4	115	9
793	13	5	8	3	116	7
794	10	4	2	2	134	6
795	11	9	3	2	132	5
796	11	5	1	4	120	8
797	12	5	5	4	103	9
798	13	7	8	4	134	8
799	10	9	3	2	133	5
800	10	5	1	3	120	8
801	9	4	2	2	134	6
802	10	9	3	2	134	5
803	10	7	8	4	135	8
804	11	5	1	4	121	8
805	12	6	2	2	91	3
806	7	2	5	2	111	7
807	8	7	1	5	93	9
808	9	9	3	3	135	8
809	10	4	2	3	134	9
810	11	5	8	5	117	9
811	12	7	8	4	135	8
812	13	5	1	5	121	8
813	14	9	4	2	112	6
814	13	5	1	4	121	7
815	11	7	8	4	135	8
816	12	5	1	5	122	8
817	13	5	8	3	117	7
818	12	5	1	4	122	7
819	12	9	4	2	113	6
820	10	4	2	2	134	6
821	11	5	5	4	103	9
822	12	7	8	4	135	8
823	12	5	1	4	123	8
824	13	5	8	3	118	6
825	11	5	8	5	119	9
826	12	5	1	4	123	8
827	13	7	8	4	136	8
828	13	9	4	2	114	6
829	11	7	8	4	137	8
830	12	5	1	4	123	8
831	12	5	1	3	124	7
832	10	5	8	5	119	7
833	11	7	8	3	137	8
834	12	5	1	3	125	8
835	11	7	8	2	137	5
836	10	7	8	4	138	7
837	11	5	8	4	119	9
838	12	5	1	3	126	8
839	12	5	1	2	127	5
840	11	5	1	3	128	8
841	11	5	1	2	129	5
842	9	9	3	2	135	5
843	8	9	3	2	136	5
844	8	4	2	2	134	6
845	9	6	2	2	92	3
846	9	7	1	3	93	7
847	10	7	8	3	138	5
848	10	7	8	2	139	6
849	10	5	1	3	130	8
850	7	9	4	2	115	6
851	7	9	3	2	137	5
852	6	2	5	3	111	9
853	7	3	6	5	146	8
854	8	9	4	3	116	8
855	9	5	5	7	103	8
856	10	7	8	3	140	5
857	11	5	8	2	119	7
858	12	5	1	4	131	9
859	12	6	2	6	93	8
860	12	4	2	5	134	9
861	13	3	2	2	89	2
862	12	9	3	3	138	6
863	13	4	2	4	134	6
864	13	4	2	3	135	3
865	11	7	1	4	93	8
866	12	9	3	4	138	7
867	11	4	2	5	136	9
868	12	3	2	2	90	2
869	11	4	2	4	136	7
870	10	7	8	2	140	6
871	11	7	1	4	93	8
872	12	4	2	5	137	8
873	11	4	2	5	138	9
874	12	5	8	3	119	9
875	13	3	2	2	91	2
876	12	5	8	2	119	5
877	11	9	3	3	139	6
878	10	9	3	4	140	7
879	9	5	8	5	120	8
880	10	4	2	6	138	8
881	11	9	3	4	141	7
882	10	4	2	5	138	9
883	11	7	8	3	140	7
884	12	9	3	4	142	7
885	10	9	3	3	143	6
886	11	4	2	4	138	7
887	9	5	1	6	132	8
888	10	4	2	5	139	9
889	11	7	8	3	140	7
890	10	5	8	4	120	9
891	10	9	3	3	143	6
892	11	5	5	6	103	7
893	8	9	3	4	143	5
894	9	7	8	3	141	7
895	9	7	8	2	142	5
896	8	9	3	2	143	6
897	7	3	6	4	146	5
898	8	2	3	2	126	6
899	8	7	1	5	93	9
900	9	4	2	6	139	9
901	7	3	6	3	146	4
902	7	7	1	5	93	9
903	8	4	2	6	140	9
904	8	5	8	5	121	9
905	9	5	1	5	132	8
906	10	9	4	3	116	8
907	10	9	3	3	144	5
908	9	4	2	4	141	7
909	9	9	3	2	145	4
910	8	9	3	3	146	6
911	9	5	8	4	121	8
912	10	4	2	4	142	7
913	9	5	1	5	132	8
914	10	5	5	4	104	4
915	10	4	2	3	143	4
916	9	4	2	4	144	7
917	6	2	3	2	127	7
918	6	3	6	4	147	8
919	7	9	4	3	117	8
920	8	5	5	6	105	8
921	9	7	8	3	143	5
922	10	5	8	2	121	7
923	11	9	3	4	146	6
924	10	7	1	3	93	8
925	10	4	2	4	145	9
926	10	9	3	2	147	4
927	9	7	8	2	143	6
928	10	9	3	4	148	6
929	11	4	2	4	146	9
930	10	9	3	3	148	4
931	9	9	3	4	149	7
932	8	5	8	5	121	8
933	9	4	2	5	147	8
934	10	9	3	2	150	4
935	9	4	2	4	147	9
936	10	9	3	4	151	6
937	11	7	8	3	143	7
938	9	9	3	2	151	4
939	8	5	1	5	132	8
940	9	4	2	4	147	9
941	10	7	8	3	144	7
942	9	9	3	2	152	4
943	5	1	2	2	91	6
944	5	9	3	6	153	9
945	6	7	8	5	145	9
946	7	2	3	4	128	6
947	8	3	6	5	147	5
948	9	2	1	2	115	7
949	8	3	6	4	147	8
950	6	2	3	4	128	6
951	7	3	6	5	148	5
952	8	5	8	5	121	9
953	9	5	1	6	132	8
954	8	5	1	7	133	9
955	9	5	8	4	121	8
956	9	7	8	4	145	8
957	10	5	8	3	122	7
958	11	9	4	2	117	6
959	9	7	8	3	145	7
960	8	5	1	6	133	8
961	7	3	6	4	148	8
962	8	5	1	2	134	5
963	5	9	3	5	153	8
964	6	3	6	5	148	8
965	7	7	8	5	146	9
966	7	2	3	2	128	6
967	8	7	8	4	147	8
968	9	4	2	2	147	6
969	6	3	6	4	148	7
970	6	7	8	5	147	9
971	6	7	8	4	148	8
972	5	7	8	4	149	9
973	6	2	3	4	128	6
974	7	9	3	2	153	4
975	7	3	6	5	149	5
976	8	5	8	3	122	7
977	9	2	1	2	116	7
978	7	3	6	4	149	8
979	5	7	8	3	149	7
980	6	9	3	4	154	7
981	7	2	3	3	128	6
982	8	3	6	5	150	5
983	9	5	8	3	122	9
984	8	3	6	4	150	7
985	5	7	8	2	149	5
986	4	8	7	3	107	4
987	4	8	7	2	108	6
988	5	7	8	4	150	8
989	6	9	3	6	154	8
990	7	6	7	4	87	1
991	8	9	4	2	118	6
992	7	2	3	3	128	6
993	8	2	5	4	111	9
994	8	2	5	3	112	8
995	7	2	3	2	128	7
996	8	3	6	6	151	7
997	9	5	8	3	123	6
998	10	9	4	2	119	6
999	8	2	5	4	113	9
1000	8	3	6	5	151	8
1001	8	3	6	3	152	4
1002	6	3	6	6	153	8
1003	5	7	8	3	150	3
1004	5	7	8	2	150	7
1005	6	5	8	2	123	6
1006	7	5	1	6	135	9
1007	8	7	1	4	94	8
1008	9	1	2	4	92	9
1009	10	9	3	5	154	9
1010	10	9	3	4	155	7
1011	8	9	3	5	156	5
1012	8	9	3	2	157	7
1013	7	5	1	5	135	8
1014	8	2	3	4	128	9
1015	8	9	4	3	120	9
1016	8	9	3	4	158	9
1017	8	3	6	6	154	8
1018	9	2	3	3	129	8
1019	6	6	7	2	87	1
1020	7	5	1	6	135	8
1021	8	9	4	2	121	7
1022	7	3	6	5	154	8
1023	8	2	3	4	130	8
1024	7	2	3	3	131	9
1025	6	9	4	2	122	7
1026	5	9	3	5	159	9
1027	6	5	8	2	123	6
1028	7	9	4	2	123	6
1029	8	2	5	5	114	9
1030	8	2	3	3	132	8
1031	9	3	6	6	154	8
1032	5	2	3	3	132	8
1033	6	3	6	6	155	8
1034	7	5	8	2	123	6
1035	6	3	6	5	155	7
1036	6	5	1	7	135	8
1037	7	9	3	3	159	6
1038	5	2	3	2	132	6
1039	4	2	3	4	133	6
1040	5	2	5	4	115	9
1041	6	9	3	5	160	9
1042	7	7	8	5	150	9
1043	8	5	1	7	135	9
1044	9	5	8	4	124	8
1045	9	2	1	3	117	1
1046	7	3	6	5	156	7
1047	6	3	6	6	157	8
1048	6	9	3	4	160	8
1049	6	3	6	5	158	7
1050	5	2	5	3	115	8
1051	4	2	3	3	133	7
1052	5	3	6	6	159	7
1053	6	2	5	4	116	9
1054	7	9	3	5	161	9
1055	8	7	8	5	150	9
1056	9	5	1	7	135	9
1057	10	5	8	4	125	8
1058	11	4	2	6	148	8
1059	12	9	4	3	123	8
1060	13	2	1	2	118	4
1061	11	2	1	2	119	4
1062	10	9	4	3	123	8
1063	11	2	1	3	120	1
1064	12	5	5	4	105	7
1065	11	2	1	2	120	4
1066	9	5	8	4	125	8
1067	10	4	2	6	148	8
1068	11	5	1	5	135	7
1069	12	9	4	2	123	6
1070	12	2	1	2	121	4
1071	11	9	4	3	124	8
1072	12	2	1	2	122	4
1073	10	2	1	2	123	4
1074	9	5	1	6	135	8
1075	10	2	1	2	124	4
1076	9	2	1	2	125	4
1077	8	5	1	7	135	9
1078	9	4	2	6	148	8
1079	10	7	8	4	150	7
1080	11	2	1	2	126	4
1081	10	7	8	3	150	6
1082	11	2	1	2	127	4
1083	9	7	8	4	150	7
1084	9	2	1	2	128	4
1085	8	5	1	6	135	8
1086	9	7	8	4	151	7
1087	9	2	1	2	129	4
1088	8	2	1	2	130	4
1089	7	9	3	4	161	8
1090	7	9	3	3	162	4
1091	7	9	3	2	163	5
1092	8	5	5	6	106	8
1093	9	7	1	4	94	9
1094	10	4	2	7	148	9
1095	10	4	2	5	149	7
1096	8	5	8	5	125	8
1097	9	4	2	7	150	8
1098	9	5	1	6	135	9
1099	8	5	1	7	136	8
1100	9	5	8	4	125	9
1101	10	5	5	5	106	7
1102	10	5	5	4	107	6
1103	11	7	1	3	94	9
1104	12	4	2	6	151	9
1105	7	5	5	6	107	8
1106	8	7	1	4	94	9
1107	9	4	2	7	152	9
1108	9	4	2	5	153	7
1109	7	5	8	5	125	8
1110	8	4	2	7	154	8
1111	8	7	8	4	152	6
1112	9	5	1	6	136	9
1113	9	4	2	6	155	9
1114	8	5	1	6	137	9
1115	8	4	2	6	156	9
1116	8	4	2	5	157	7
1117	7	5	1	7	138	8
1118	8	5	8	4	125	9
1119	9	5	5	5	107	7
1120	9	5	5	4	108	6
1121	10	7	1	3	94	9
1122	11	4	2	6	158	9
1123	8	7	8	4	152	6
1124	9	5	8	2	125	5
1125	6	2	5	3	116	8
1126	7	2	1	2	131	1
1127	5	2	5	4	116	9
1128	6	9	3	5	163	9
1129	7	7	8	5	152	9
1130	8	5	1	7	138	9
1131	9	2	1	3	132	6
1132	9	2	1	2	133	1
1133	8	2	1	2	134	4
1134	6	3	6	5	159	8
1135	5	3	6	5	160	8
1136	6	9	3	4	163	8
1137	7	7	1	4	94	9
1138	8	4	2	4	159	9
1139	8	5	5	4	108	9
1140	9	5	1	5	138	8
1141	10	7	8	4	152	6
1142	11	5	8	2	126	5
1143	9	5	1	4	138	7
1144	9	9	4	2	124	6
1145	5	3	6	3	160	4
1146	4	2	3	2	133	8
1147	5	3	6	6	161	8
1148	6	2	5	4	116	9
1149	7	9	3	5	163	9
1150	8	7	8	5	152	9
1151	9	5	1	7	139	9
1152	10	2	1	3	135	6
1153	10	2	1	2	136	4
1154	10	5	8	4	127	8
1155	11	4	2	5	160	8
1156	12	5	5	3	108	6
1157	10	5	5	4	109	8
1158	11	6	2	6	94	8
1159	12	3	2	2	92	3
1160	13	4	2	3	160	4
1161	13	4	2	2	161	5
1162	12	4	2	2	162	5
1163	9	2	1	3	137	6
1164	10	5	8	4	127	8
1165	10	4	2	2	163	5
1166	9	2	1	2	137	4
1167	9	5	8	4	128	8
1168	9	5	1	3	139	8
1169	9	4	2	4	164	7
1170	10	5	1	2	140	4
1171	8	5	1	7	140	9
1172	9	4	2	6	164	8
1173	10	7	8	4	152	7
1174	11	2	1	2	138	4
1175	10	7	8	3	152	6
1176	11	2	1	3	139	6
1177	9	7	8	4	152	7
1178	9	2	1	2	139	4
1179	8	5	1	6	140	8
1180	9	7	8	4	153	7
1181	9	2	1	2	140	4
1182	8	2	1	3	141	6
1183	8	2	1	2	142	4
1184	8	4	2	5	164	7
1185	7	5	5	7	109	8
1186	8	7	1	5	94	8
1187	9	4	2	6	165	8
1188	10	9	3	4	163	7
1189	9	5	8	4	129	9
1190	10	4	2	5	165	7
1191	10	4	2	2	166	4
1192	9	9	3	4	164	7
1193	9	4	2	5	167	7
1194	8	4	2	6	168	9
1195	9	5	8	4	129	9
1196	10	6	8	5	85	8
1197	11	7	8	3	154	6
1198	10	5	2	6	85	1
1199	11	5	1	5	140	7
1200	12	9	3	2	165	5
1201	13	6	2	3	94	4
1202	11	7	8	4	155	7
1203	12	9	3	3	165	7
1204	10	8	9	2	85	2
1205	11	7	8	2	155	3
1206	10	7	8	2	156	6
1207	9	7	8	4	157	6
1208	10	5	8	2	129	5
1209	10	6	7	2	87	1
1210	9	7	8	2	157	3
1211	8	5	8	4	130	9
1212	9	6	8	5	85	8
1213	10	4	2	5	168	7
1214	9	5	2	6	85	1
1215	10	5	1	5	140	7
1216	11	4	2	2	169	4
1217	11	9	3	2	166	5
1218	10	4	2	4	170	7
1219	10	7	8	4	158	7
1220	11	9	3	3	167	7
1221	9	8	9	2	85	2
1222	10	7	8	2	158	3
1223	9	7	8	2	159	6
1224	10	4	2	5	171	7
1225	8	7	8	4	159	6
1226	9	5	8	2	130	5
1227	9	6	7	2	88	1
1228	9	4	2	5	172	7
1229	9	4	2	4	173	5
1230	8	7	8	2	159	3
1231	7	5	8	5	131	8
1232	8	4	2	7	174	8
1233	9	9	3	4	168	7
1234	10	7	8	4	160	7
1235	11	5	1	6	140	9
1236	11	5	1	4	141	7
1237	10	5	1	6	142	9
1238	10	7	8	3	160	6
1239	11	3	2	5	92	7
1240	8	4	2	6	174	9
1241	9	7	8	4	160	7
1242	10	9	3	4	168	7
1243	9	9	3	4	169	7
1244	10	7	8	3	160	6
1245	11	5	1	5	143	7
1246	8	7	8	4	160	6
1247	9	6	8	2	85	5
1248	8	7	8	3	160	3
1249	8	7	8	2	161	5
1250	8	9	3	4	169	7
1251	7	5	1	7	144	8
1252	8	4	2	6	174	9
1253	9	7	8	4	162	7
1254	10	9	3	4	170	7
1255	11	5	8	3	131	9
1256	12	3	2	4	93	7
1257	9	9	3	4	170	7
1258	10	5	8	4	131	9
1259	8	5	8	4	132	9
1260	9	9	3	4	170	4
1261	9	9	3	3	171	5
1262	10	9	1	3	85	2
1263	9	9	3	2	171	6
1264	10	9	2	4	85	7
1265	10	7	8	3	162	3
1266	10	7	8	2	163	5
1267	8	7	8	4	164	6
1268	9	5	8	2	132	5
1269	6	2	5	3	116	7
1270	7	2	1	3	143	1
1271	8	5	5	7	109	8
1272	9	3	2	5	94	7
1273	10	4	2	2	174	8
1274	9	9	3	3	171	4
1275	9	9	3	2	172	5
1276	10	7	1	4	94	8
1277	10	4	2	6	175	9
1278	10	4	2	5	176	7
1279	9	7	1	4	95	8
1280	9	4	2	6	177	9
1281	9	4	2	5	178	7
1282	8	5	8	5	133	8
1283	9	4	2	7	179	8
1284	10	9	3	4	172	7
1285	9	4	2	6	179	9
1286	10	7	8	4	164	7
1287	11	9	3	4	173	7
1288	10	9	3	4	174	7
1289	9	4	2	5	179	7
1290	8	5	1	7	144	8
1291	9	4	2	6	180	9
1292	10	7	8	4	164	7
1293	11	9	3	4	175	7
1294	10	9	3	4	176	7
1295	9	5	8	4	133	9
1296	10	9	3	3	177	4
1297	10	9	3	2	178	5
1298	11	5	5	5	109	6
1299	12	3	2	4	94	2
1300	10	5	5	5	109	6
1301	11	3	2	4	95	2
1302	9	9	3	3	178	6
1303	10	7	8	4	164	6
1304	7	2	1	2	143	4
1305	8	3	2	4	96	7
1306	9	4	2	2	180	8
1307	10	5	8	5	133	8
1308	11	9	4	4	125	8
1309	8	1	2	2	92	6
1310	7	9	3	3	178	9
1311	8	7	8	5	165	9
1312	9	5	8	4	133	8
1313	10	9	4	3	126	8
1314	11	4	2	3	180	8
1315	9	9	4	3	126	8
1316	10	4	2	2	181	5
1317	8	5	8	5	133	9
1318	9	5	1	3	144	7
1319	9	5	1	2	145	4
1320	8	5	1	4	146	9
1321	8	9	4	3	126	8
1322	6	2	1	4	143	7
1323	7	7	8	5	165	9
1324	8	5	8	4	133	8
1325	8	4	2	3	182	5
1326	8	4	2	2	183	6
1327	7	5	8	5	134	9
1328	8	4	2	4	184	7
1329	5	2	5	4	116	9
1330	5	3	6	5	161	7
1331	6	2	1	4	143	7
1332	5	2	1	3	144	1
1333	5	2	1	2	145	4
1334	6	3	6	4	161	4
1335	7	3	2	4	96	7
1336	8	4	2	2	185	8
1337	9	9	4	4	127	8
1338	7	3	2	3	96	3
1339	7	3	2	2	97	2
1340	6	3	6	3	161	2
1341	6	3	6	2	162	3
1342	5	9	3	3	178	9
1343	6	7	8	5	165	9
1344	7	3	6	3	162	4
1345	8	5	8	4	134	8
1346	9	9	4	3	128	8
1347	8	5	1	5	147	8
1348	7	5	8	4	134	8
1349	8	9	4	3	129	8
1350	7	5	1	5	148	8
1351	4	2	1	2	145	1
1352	3	2	9	2	85	1
1353	4	7	8	5	165	5
1354	5	5	8	3	134	7
1355	6	8	7	3	108	8
1356	7	2	3	5	133	9
1357	8	2	1	2	146	2
1358	7	2	1	2	147	2
1359	8	2	5	4	117	9
1360	9	3	6	5	162	8
1361	10	5	1	6	149	9
1362	11	4	2	6	185	2
1363	11	2	3	4	133	8
1364	12	9	3	3	178	6
1365	11	4	2	3	186	7
1366	10	2	3	4	133	8
1367	11	9	4	3	130	8
1368	12	5	1	5	149	8
1369	13	4	2	7	187	9
1370	12	3	2	5	98	7
1371	13	9	3	4	179	7
1372	12	9	3	3	180	6
1373	13	3	2	4	98	1
1374	10	9	3	5	180	8
1375	10	5	1	5	149	8
1376	10	2	3	3	133	6
1377	9	3	6	4	162	7
1378	10	5	1	6	150	9
1379	11	4	2	6	188	2
1380	11	9	3	3	181	6
1381	10	9	4	3	130	8
1382	11	9	3	3	182	6
1383	12	5	1	5	150	8
1384	12	3	2	5	99	8
1385	12	3	2	4	100	5
1386	8	3	6	5	162	8
1387	9	2	3	4	134	7
1388	10	9	3	4	182	8
1389	11	5	1	5	151	8
1390	11	9	4	2	130	6
1391	9	2	3	3	134	8
1392	10	9	4	3	131	8
1393	11	5	5	7	109	8
1394	12	5	1	5	152	9
1395	13	4	2	6	189	7
1396	12	3	2	5	101	7
1397	12	9	3	3	182	6
1398	13	3	2	4	102	1
1399	11	5	1	6	152	8
1400	12	4	2	7	190	9
1401	12	4	2	6	191	7
1402	9	9	3	3	182	8
1403	7	9	3	5	183	8
1404	7	2	5	3	117	9
1405	8	3	6	5	162	8
1406	9	5	1	5	152	9
1407	9	5	1	4	153	8
1408	9	3	2	2	103	3
1409	8	3	6	4	162	5
1410	8	3	6	3	163	4
1411	7	3	6	5	164	8
1412	5	5	8	2	134	8
1413	6	6	8	2	86	6
1414	6	3	6	4	165	8
1415	7	2	3	5	134	9
1416	7	2	1	2	147	2
1417	8	2	3	4	135	8
1418	9	9	4	3	131	8
1419	8	9	3	5	184	8
1420	7	4	2	4	192	8
1421	7	4	2	3	193	7
1422	6	3	6	3	165	7
1423	7	2	3	4	135	7
1424	5	7	9	5	81	9
1425	6	9	3	6	185	9
1426	7	5	1	6	154	8
1427	8	2	1	2	147	4
1428	7	3	6	5	165	8
1429	8	2	1	5	148	8
1430	8	2	1	4	149	6
1431	7	3	6	4	165	7
1432	6	9	3	5	185	8
1433	5	2	3	5	136	9
1434	6	2	1	2	150	2
1435	5	2	1	2	151	2
1436	6	2	5	4	117	9
1437	7	3	6	5	166	8
1438	8	2	3	4	136	8
1439	9	3	2	5	104	7
1440	10	4	2	2	194	8
1441	10	5	1	5	154	8
1442	11	9	3	4	186	7
1443	10	9	4	3	132	8
1444	11	9	3	4	187	7
1445	9	9	3	3	188	4
1446	9	9	3	2	189	5
1447	10	3	2	4	104	1
1448	9	9	4	2	132	7
1449	8	2	3	3	136	6
1450	9	9	3	3	189	8
1451	8	9	3	4	190	8
1452	9	9	4	2	133	6
1453	7	3	6	4	166	7
1454	8	3	2	5	105	8
1455	8	9	3	3	190	4
1456	8	9	3	2	191	5
1457	9	3	2	4	106	5
1458	8	9	4	2	134	7
1459	6	3	6	5	166	8
1460	7	2	3	4	136	7
1461	8	9	3	4	191	8
1462	9	9	4	2	135	6
1463	7	2	3	3	136	8
1464	8	3	2	5	107	7
1465	9	4	2	2	195	8
1466	9	5	1	5	154	8
1467	10	9	3	4	191	7
1468	9	9	4	3	136	8
1469	8	9	3	3	192	4
1470	8	9	3	2	193	5
1471	9	3	2	4	107	1
1472	8	9	4	2	137	7
1473	7	9	3	3	193	8
1474	5	2	5	3	117	9
1475	6	3	6	5	166	8
1476	7	9	4	3	138	8
1477	8	5	1	5	154	8
1478	8	3	2	2	108	3
1479	6	3	6	4	166	5
1480	6	3	6	3	167	4
1481	5	3	6	5	168	8
1482	4	7	8	4	165	6
1483	5	5	7	5	85	6
1484	6	3	6	2	169	7
1485	7	2	3	4	136	7
1486	8	2	1	3	151	2
1487	9	4	2	3	196	5
1488	10	9	3	3	194	4
1489	10	9	3	2	194	6
1490	10	5	1	2	155	7
1491	9	4	2	2	196	7
1492	10	2	5	2	117	6
1493	11	5	5	2	109	7
1494	6	2	5	3	117	6
1495	7	4	2	3	196	4
1496	8	9	3	3	195	8
1497	7	4	2	2	196	7
1498	8	9	3	2	196	6
1499	8	5	5	4	110	4
1500	8	5	8	4	134	7
1501	7	9	3	4	197	8
1502	8	5	8	4	135	9
1503	6	2	5	2	117	7
1504	7	2	3	3	136	9
1505	7	2	3	2	137	6
1506	8	4	2	2	196	7
1507	8	9	3	3	197	8
1508	9	5	8	4	136	9
1509	7	2	1	3	151	2
1510	8	1	2	4	93	9
1511	8	3	2	5	109	7
1512	8	9	3	3	197	4
1513	8	9	3	2	198	5
1514	9	3	2	4	110	5
1515	9	3	2	3	111	1
1516	10	4	2	3	197	4
1517	10	4	2	2	198	5
1518	10	7	1	3	96	9
1519	8	3	2	4	111	5
1520	8	3	2	3	112	1
1521	9	4	2	3	199	4
1522	9	4	2	2	200	5
1523	7	2	1	2	151	4
1524	8	3	2	4	112	7
1525	9	9	4	4	138	8
1526	8	9	3	4	198	4
1527	8	9	3	3	199	5
1528	9	1	2	2	94	5
1529	8	9	3	2	199	6
1530	9	1	2	2	95	5
1531	6	9	3	6	199	9
1532	7	5	1	6	156	9
1533	8	2	1	5	151	8
1534	8	2	1	4	152	6
1535	7	5	1	5	156	8
1536	7	2	1	5	153	8
1537	7	2	1	4	154	6
1538	6	2	1	2	155	2
1539	7	2	3	3	137	8
1540	8	3	2	5	112	7
1541	8	9	3	3	199	4
1542	8	9	3	2	200	5
1543	9	9	4	3	139	6
1544	8	9	4	2	140	7
1545	8	3	2	4	113	5
1546	8	3	2	3	114	1
1547	7	2	3	2	137	6
1548	6	9	4	3	141	8
1549	7	3	2	2	115	3
1550	5	8	7	3	108	8
1551	6	9	4	4	141	6
1552	7	9	3	4	200	5
1553	7	9	3	3	201	7
1554	7	9	3	2	202	8
1555	8	2	3	3	138	9
1556	8	2	1	2	155	2
1557	9	2	3	2	139	4
1558	9	3	6	4	169	7
1559	10	2	5	2	117	6
1560	9	3	6	3	169	8
1561	6	9	4	3	141	7
1562	7	9	3	4	202	5
1563	7	9	3	3	203	6
1564	7	9	3	2	204	8
1565	8	2	3	4	140	9
1566	8	2	1	2	155	2
1567	9	2	5	4	118	9
1568	9	3	6	5	170	8
1569	6	9	4	2	141	8
1570	7	9	3	5	204	4
1571	7	9	3	4	205	5
1572	8	2	3	5	141	9
1573	8	5	1	7	157	6
1574	9	2	1	2	155	2
1575	8	2	1	2	156	2
1576	7	9	3	3	205	6
1577	8	2	3	4	142	9
1578	8	2	1	2	157	2
1579	9	2	5	4	119	9
1580	10	3	6	5	171	8
1581	11	2	3	3	143	8
1582	12	3	2	5	116	7
1583	13	4	2	2	201	8
1584	13	5	8	4	137	9
1585	12	3	2	4	116	1
1586	10	3	6	4	171	7
1587	11	3	2	5	117	8
1588	11	3	2	4	118	5
1589	9	3	6	5	171	8
1590	10	2	3	3	143	7
1591	10	2	3	2	144	4
1592	10	3	2	5	119	7
1593	11	4	2	2	202	8
1594	10	3	2	4	119	1
1595	8	2	3	2	145	7
1596	8	3	6	5	171	8
1597	9	3	2	2	120	3
1598	7	9	3	2	205	7
1599	8	2	3	4	146	9
1600	9	4	2	2	203	8
1601	9	2	1	2	157	2
1602	8	2	1	2	158	2
1603	9	4	2	2	204	8
1604	8	2	3	2	146	6
1605	7	5	8	4	138	9
1606	8	3	6	5	171	8
1607	9	2	1	4	158	6
1608	8	3	6	4	171	7
1609	4	7	8	3	165	7
1610	5	9	4	4	141	6
1611	6	9	3	4	205	5
1612	6	9	3	3	206	7
1613	7	2	3	4	147	9
1614	7	2	1	2	159	2
1615	6	9	3	2	206	8
1616	7	2	3	4	148	9
1617	7	2	1	2	160	2
1618	6	5	8	4	138	9
1619	7	5	1	6	157	8
1620	7	3	6	5	172	8
1621	8	2	1	4	161	6
1622	6	5	1	7	158	9
1623	7	5	8	3	138	8
1624	6	5	1	6	158	8
1625	5	9	4	3	141	7
1626	6	9	3	4	206	5
1627	6	9	3	3	207	6
1628	6	9	3	2	208	8
1629	7	2	3	3	149	9
1630	7	2	1	2	162	2
1631	6	5	8	4	139	9
1632	7	5	1	6	159	8
1633	7	3	6	5	172	8
1634	8	2	1	4	163	6
1635	6	5	1	7	160	9
1636	7	5	8	3	139	8
1637	6	2	1	5	164	7
1638	6	3	6	4	172	8
1639	7	2	1	3	164	6
1640	5	9	4	2	141	8
1641	6	8	7	4	108	8
1642	7	6	8	4	87	1
1643	8	9	3	4	208	7
1644	9	2	3	4	150	9
1645	9	2	1	2	165	2
1646	9	2	3	2	151	6
1647	7	4	2	7	205	8
1648	8	2	1	5	166	8
1649	8	9	3	5	208	9
1650	9	3	6	4	172	8
1651	10	2	1	4	167	6
1652	8	9	3	4	208	7
1653	8	9	3	2	209	5
1654	7	5	8	3	140	8
1655	8	9	3	4	210	7
1656	9	2	3	4	152	9
1657	9	2	1	2	168	2
1658	7	9	3	5	210	9
1659	7	9	3	4	211	7
1660	8	4	2	6	205	9
1661	9	3	6	3	172	8
1662	5	9	3	5	211	8
1663	5	9	3	4	212	7
1664	6	2	1	5	169	7
1665	4	7	8	2	165	8
1666	5	8	8	2	85	1
1667	6	9	3	6	212	8
1668	7	5	8	2	140	7
1669	8	8	7	2	108	4
1670	8	3	6	5	173	8
1671	9	2	1	5	169	8
1672	7	9	4	3	141	9
1673	8	4	2	4	205	7
1674	7	3	6	5	173	8
1675	8	2	1	5	170	8
1676	6	3	6	5	173	8
1677	7	2	1	5	171	8
1678	4	9	3	6	212	9
1679	5	2	5	4	119	9
1680	6	5	1	7	160	9
1681	7	8	7	4	109	8
1682	8	9	4	3	141	8
1683	9	3	6	5	173	8
1684	10	2	1	5	172	8
1685	11	2	3	2	153	6
1686	10	2	1	4	172	6
1687	9	5	8	4	140	8
1688	10	4	2	7	206	8
1689	10	3	6	4	173	7
1690	10	2	3	2	154	6
1691	9	3	2	4	121	1
1692	10	2	3	2	155	6
1693	7	9	4	2	141	6
1694	8	5	8	3	140	7
1695	9	3	2	5	121	1
1696	10	2	3	3	156	8
1697	11	3	6	5	174	8
1698	12	2	1	4	173	6
1699	9	4	2	3	207	6
1700	7	2	1	5	174	7
1701	7	2	1	4	174	2
1702	6	8	7	4	109	8
1703	7	2	3	4	156	8
1704	8	2	1	4	175	6
1705	7	5	8	4	140	8
1706	8	4	2	7	208	8
1707	9	3	6	4	174	7
1708	9	5	1	5	160	7
1709	9	2	1	2	176	2
1710	8	3	6	4	175	7
1711	8	3	2	4	121	1
1712	7	5	1	6	161	8
1713	8	3	6	4	176	7
1714	8	3	2	4	122	1
1715	9	2	3	2	156	6
1716	7	3	2	4	122	1
1717	8	2	3	2	157	6
1718	7	2	1	4	177	2
1719	6	5	1	6	161	8
1720	7	3	6	5	177	8
1721	8	2	1	4	178	6
1722	7	3	6	4	177	7
1723	6	3	6	5	178	8
1724	7	2	1	4	179	6
1725	6	9	4	2	141	6
1726	7	2	1	4	180	6
1727	5	8	7	4	109	8
1728	6	9	4	3	141	8
1729	7	3	6	5	178	8
1730	8	2	1	5	181	8
1731	9	2	3	2	158	6
1732	8	2	1	4	181	7
1733	8	2	1	3	181	6
1734	7	4	2	7	208	8
1735	8	5	1	5	161	7
1736	8	5	1	4	162	6
1737	7	5	1	6	163	8
1738	8	2	3	4	159	8
1739	9	2	1	4	182	6
1740	8	2	1	4	183	7
1741	8	2	1	2	183	4
1742	7	4	2	5	208	7
1743	8	2	3	4	159	8
1744	9	2	1	4	184	6
1745	8	2	1	4	185	7
1746	8	2	1	2	185	4
1747	6	2	3	4	159	8
1748	7	2	1	4	186	7
1749	7	2	1	3	186	6
1750	5	9	4	2	141	6
1751	6	5	8	3	140	7
1752	7	3	2	5	122	1
1753	8	2	3	3	159	8
1754	9	2	1	4	187	6
1755	8	2	1	4	188	4
1756	7	3	2	3	122	3
1757	8	2	3	4	159	6
1758	5	2	1	5	189	7
1759	5	2	1	4	189	8
1760	5	2	1	3	190	6
1761	4	9	3	5	212	8
1762	5	3	6	5	178	8
1763	5	3	6	4	179	7
1764	4	5	8	3	140	7
1765	5	5	5	7	111	9
1766	6	9	3	4	212	7
1767	7	4	2	6	208	7
1768	8	2	1	4	191	7
1769	7	2	1	4	191	7
1770	6	4	2	6	208	7
1771	7	2	1	2	191	4
1772	6	2	1	2	192	4
1773	5	5	1	6	163	9
1774	6	9	3	4	212	4
1775	6	9	3	3	213	5
1776	7	3	2	5	122	5
1777	8	4	2	3	208	6
1778	8	4	2	2	209	7
1779	9	7	1	3	97	8
1780	10	3	6	4	180	8
1781	11	2	1	3	193	7
1782	11	2	1	2	193	2
1783	10	2	3	4	160	8
1784	9	2	1	2	194	6
1785	6	9	3	2	213	6
1786	6	2	3	3	161	4
1787	6	2	3	2	162	6
1788	7	2	1	4	194	8
1789	6	2	1	4	195	7
1790	6	2	1	3	195	6
1791	5	5	1	5	163	8
1792	6	9	3	4	214	7
1793	7	4	2	6	209	7
1794	7	2	1	4	196	7
1795	6	4	2	6	210	7
1796	6	2	1	2	196	4
1797	5	4	2	7	211	8
1798	6	2	1	4	197	7
1799	6	2	1	3	197	6
1800	5	2	1	4	198	7
1801	5	2	1	3	198	6
1802	3	2	1	4	199	1
1803	4	1	3	2	91	6
1804	5	3	6	4	180	7
1805	6	7	8	5	165	9
1806	7	5	1	5	163	9
1807	8	4	2	2	211	5
1808	8	9	4	2	141	7
1809	6	7	8	4	165	8
1810	5	7	8	5	166	9
1811	6	5	1	4	163	9
1812	4	2	5	4	119	9
1813	5	3	6	6	180	8
1814	6	9	4	3	142	8
1815	7	5	5	7	111	8
1816	8	7	8	3	166	5
1817	9	9	3	3	214	7
1818	8	7	8	2	166	6
1819	9	9	3	4	215	4
1820	9	9	3	3	216	5
1821	9	9	3	2	217	6
1822	10	7	1	4	97	8
1823	11	4	2	6	212	8
1824	11	5	8	3	140	9
1825	10	4	2	6	213	9
1826	11	5	8	3	141	9
1827	12	6	8	3	87	8
1828	9	3	2	5	122	7
1829	10	4	2	2	213	8
1830	8	9	3	4	217	7
1831	9	5	8	2	141	6
1832	9	3	2	5	122	7
1833	10	4	2	2	214	8
1834	9	5	1	4	164	7
1835	10	3	2	2	122	3
1836	11	4	2	4	215	4
1837	11	4	2	3	216	5
1838	11	4	2	2	217	8
1839	9	3	2	2	122	3
1840	10	5	1	3	164	3
1841	10	5	1	2	165	4
1842	7	5	8	5	142	8
1843	8	4	2	7	218	8
1844	9	9	3	4	217	7
1845	10	5	1	6	166	9
1846	10	7	8	3	166	7
1847	8	4	2	6	218	9
1848	9	7	8	3	167	7
1849	10	9	3	3	217	7
1850	11	5	1	5	167	7
1851	8	7	8	3	167	6
1852	9	4	2	4	218	3
1853	9	4	2	3	219	4
1854	9	4	2	2	220	5
1855	10	9	3	4	217	4
1856	10	9	3	3	218	5
1857	10	9	3	2	219	6
1858	8	7	8	2	167	5
1859	8	4	2	3	220	4
1860	7	5	1	7	168	8
1861	8	4	2	6	221	9
1862	9	7	8	3	168	7
1863	8	5	8	4	142	9
1864	6	7	8	3	169	7
1865	7	5	1	7	168	9
1866	8	9	3	4	220	7
1867	7	9	4	2	142	6
1868	8	9	3	2	221	5
1869	7	9	3	2	222	5
1870	6	7	8	2	169	5
1871	7	5	1	7	168	9
1872	7	9	4	2	142	6
1873	5	2	3	2	162	6
1874	6	3	2	6	122	8
1875	7	9	3	4	223	8
1876	7	9	3	3	224	7
1877	6	9	3	3	225	4
1878	7	3	6	5	180	7
1879	6	9	3	2	225	5
1880	7	9	4	3	143	8
1881	8	3	6	5	181	7
1882	7	3	6	5	182	7
1883	6	9	4	2	143	6
1884	6	3	6	5	183	7
1885	5	3	6	5	184	7
1886	6	3	2	5	122	8
1887	7	9	3	4	225	8
1888	7	9	3	3	226	6
1889	6	9	3	3	227	4
1890	6	9	3	2	228	5
1891	7	9	4	3	144	8
1892	8	3	2	4	122	2
1893	7	5	1	7	169	9
1894	7	7	8	3	169	7
1895	8	9	4	2	144	6
1896	7	7	8	2	169	5
1897	6	9	4	2	145	7
1898	6	7	8	3	170	6
1899	7	3	2	4	123	2
1900	6	4	2	6	221	8
1901	5	3	2	5	124	8
1902	5	9	3	3	228	4
1903	5	9	3	2	229	5
1904	6	9	4	3	146	8
1905	5	9	4	2	147	7
1906	4	2	3	3	162	8
1907	5	3	6	6	184	8
1908	6	9	4	4	148	8
1909	7	2	5	2	119	6
1910	7	3	2	5	125	7
1911	8	4	2	2	222	8
1912	9	9	3	4	229	7
1913	7	9	3	3	230	4
1914	7	9	3	2	231	5
1915	8	3	2	4	125	2
1916	7	7	8	3	170	6
1917	8	3	2	4	126	2
1918	7	4	2	6	222	8
1919	6	7	8	3	170	7
1920	7	9	4	2	148	6
1921	8	9	3	2	231	5
1922	7	9	3	2	232	5
1923	6	7	8	2	170	5
1924	7	9	4	2	148	6
1925	5	3	6	5	184	7
1926	5	9	4	4	149	8
1927	5	7	8	3	170	7
1928	6	9	4	2	150	6
1929	5	7	8	2	170	5
1930	6	9	4	2	151	6
1931	3	2	1	3	199	4
1932	4	1	2	2	96	6
1933	5	3	6	5	185	7
1934	6	3	2	2	127	3
1935	7	9	3	3	233	4
1936	8	4	2	3	223	4
1937	8	4	2	2	224	5
1938	7	9	3	2	233	6
1939	8	7	8	5	170	8
1940	7	7	8	5	171	8
1941	8	5	1	6	170	8
1942	9	2	5	2	120	6
1943	10	4	2	4	225	4
1944	10	4	2	3	226	5
1945	10	4	2	2	227	7
1946	6	4	2	2	228	7
1947	7	9	3	4	233	8
1948	8	5	1	4	170	8
1949	6	9	3	3	233	8
1950	7	5	8	4	143	9
1951	8	9	4	2	152	6
1952	7	9	4	2	153	6
1953	5	3	2	2	127	3
1954	6	9	3	3	233	4
1955	7	4	2	3	228	4
1956	7	4	2	2	229	5
1957	6	9	3	2	233	6
1958	7	9	4	3	154	8
1959	8	7	8	4	171	8
1960	6	7	8	5	172	8
1961	7	5	1	6	171	8
1962	8	2	5	2	120	6
1963	9	4	2	4	230	4
1964	10	5	5	2	111	4
1965	9	4	2	3	230	5
1966	9	4	2	2	231	7
1967	7	2	5	2	120	6
1968	8	4	2	4	232	4
1969	8	4	2	3	233	5
1970	8	4	2	2	234	7
1971	9	5	1	3	171	3
1972	9	5	1	2	171	5
1973	6	2	5	2	120	6
1974	7	4	2	4	234	4
1975	7	4	2	3	235	5
1976	7	4	2	2	236	7
1977	8	9	4	3	154	6
1978	8	9	4	2	155	7
1979	5	4	2	2	236	7
1980	6	2	5	2	120	6
1981	7	9	3	4	233	4
1982	7	9	3	3	234	5
1983	7	9	3	2	235	6
1984	7	7	8	5	172	8
1985	8	5	1	4	172	8
1986	8	5	1	3	173	5
1987	8	5	1	2	174	6
1988	5	9	3	3	236	8
1989	6	7	8	5	172	8
1990	7	5	1	5	175	8
1991	8	5	8	4	143	9
1992	9	9	4	2	156	6
1993	8	9	4	2	157	6
1994	7	9	4	3	158	9
1995	7	9	4	2	159	6
1996	5	9	3	2	236	5
1997	3	9	3	6	237	9
1998	4	2	1	2	199	6
1999	5	7	8	5	172	9
2000	6	2	3	2	162	7
2001	6	3	6	5	185	8
2002	7	3	2	2	127	2
2003	8	2	5	2	120	7
2004	9	4	2	4	236	3
2005	9	4	2	3	237	5
2006	10	5	1	3	175	7
2007	11	5	8	3	143	8
2008	12	9	4	3	160	8
2009	11	9	4	3	161	8
2010	10	5	1	2	175	8
2011	10	8	7	3	109	8
2012	9	4	2	2	237	6
2013	10	9	4	3	162	6
2014	10	9	4	2	163	7
2015	9	5	8	4	143	8
2016	10	9	4	3	164	8
2017	8	5	1	5	176	9
2018	9	9	4	2	165	6
2019	8	9	4	2	166	6
2020	8	4	2	3	237	5
2021	8	4	2	2	238	6
2022	6	3	6	4	185	4
2023	7	3	2	2	127	2
2024	8	2	5	2	120	7
2025	9	4	2	4	239	3
2026	9	4	2	3	240	5
2027	9	4	2	2	241	6
2028	10	9	4	3	167	6
2029	6	3	2	2	127	2
2030	7	4	2	4	241	3
2031	7	4	2	3	242	5
2032	8	2	5	2	120	7
2033	7	4	2	2	242	6
2034	8	9	4	3	168	6
2035	7	9	4	3	169	8
2036	5	2	3	2	163	7
2037	5	3	6	5	185	8
2038	6	5	8	5	143	9
2039	7	5	1	4	176	8
2040	7	9	4	3	170	8
2041	8	5	1	3	177	7
2042	8	5	1	2	178	4
2043	7	7	8	4	172	8
2044	7	4	2	2	242	5
2045	6	5	1	5	179	9
2046	7	5	8	4	143	8
2047	7	7	8	4	173	8
2048	6	5	1	4	179	8
2049	6	9	4	3	170	8
2050	5	3	6	4	185	4
2051	6	5	8	5	144	9
2052	6	5	1	5	180	9
2053	6	5	1	4	181	8
2054	5	5	8	5	145	9
2055	5	5	1	5	182	9
2056	5	5	1	4	183	8
2057	4	3	6	5	185	7
2058	5	7	8	5	174	9
2059	6	2	3	2	164	6
2060	6	9	4	3	171	8
2061	6	5	1	4	184	8
2062	7	9	4	2	172	6
2063	5	2	3	2	165	6
2064	5	9	4	3	173	8
2065	5	5	1	4	184	8
2066	6	9	4	2	174	6
2067	4	3	6	4	185	8
2068	5	9	4	3	175	8
2069	6	7	8	4	174	9
2070	7	5	8	4	146	8
2071	8	4	2	5	243	8
2072	9	3	2	2	127	3
2073	10	5	1	2	184	6
2074	10	2	5	2	121	6
2075	10	5	5	3	112	5
2076	6	5	8	5	146	9
2077	7	5	1	3	185	8
2078	7	4	2	5	243	7
2079	8	5	1	2	186	4
2080	6	4	2	5	243	8
2081	7	5	1	3	186	9
2082	8	7	8	3	174	7
2083	5	9	4	2	175	6
2084	3	9	3	5	237	8
2085	3	2	1	2	199	6
2086	4	9	3	2	238	6
2087	5	3	6	4	185	8
2088	6	7	8	5	175	9
2089	7	5	8	3	146	7
2090	8	3	2	2	127	2
2091	7	4	2	4	243	6
2092	5	5	1	5	186	8
2093	3	3	6	5	185	7
2094	4	7	8	5	175	9
2095	5	2	3	2	166	6
2096	4	7	8	4	175	7
2097	5	9	3	4	238	7
2098	6	2	3	2	167	6
2099	4	2	3	2	168	6
2100	3	3	6	4	185	8
2101	4	7	8	5	175	9
2102	4	7	8	4	176	7
2103	5	9	3	3	238	7
2104	2	9	4	4	176	6
2105	3	9	3	4	239	5
2106	4	4	2	6	244	9
2107	3	9	3	3	239	7
2108	4	2	3	4	169	9
2109	5	4	2	2	245	8
2110	5	5	8	7	146	9
2111	6	2	5	5	122	6
2112	5	2	5	5	123	6
2113	5	2	1	4	199	4
2114	4	3	2	7	128	7
2115	5	4	2	2	246	8
2116	5	2	1	4	200	2
2117	6	5	8	6	146	9
2118	7	2	5	6	124	9
2119	8	3	6	4	185	8
2120	9	2	3	3	169	8
2121	7	3	6	4	185	8
2122	8	2	3	3	170	6
2123	7	2	3	3	171	8
2124	6	2	5	6	124	9
2125	7	3	6	4	185	8
2126	8	2	3	3	172	8
2127	6	2	5	5	124	7
2128	7	3	6	4	185	8
2129	8	2	3	3	173	6
2130	7	2	3	3	174	6
2131	5	5	8	7	146	9
2132	6	2	1	3	200	1
2133	6	2	1	2	201	3
2134	5	2	1	3	202	1
2135	5	2	1	2	203	3
2136	4	2	1	2	204	1
2137	3	9	3	2	239	8
2138	4	7	8	6	176	8
2139	5	2	3	4	175	9
2140	6	5	8	6	146	7
2141	6	5	1	3	187	8
2142	7	5	8	5	147	9
2143	5	3	2	7	128	8
2144	6	2	1	4	205	1
2145	5	3	6	6	185	8
2146	6	2	3	3	175	6
2147	7	2	1	2	206	2
2148	6	2	1	2	207	2
2149	5	2	3	3	175	6
2150	6	2	1	2	208	2
2151	5	2	1	2	209	2
2152	4	2	3	4	175	9
2153	5	5	8	7	148	7
2154	5	5	1	3	187	8
2155	6	7	8	4	176	7
2156	5	5	1	2	187	5
2157	4	3	2	7	128	8
2158	5	2	1	4	210	1
2159	4	3	6	6	185	8
2160	5	2	3	3	175	6
2161	6	2	1	2	211	2
2162	5	2	1	2	212	2
2163	4	2	3	3	175	6
2164	5	2	1	2	213	2
2165	4	2	1	2	214	2
2166	3	7	8	6	177	9
2167	4	2	5	6	124	9
2168	5	5	1	7	188	9
2169	6	2	3	4	175	4
2170	6	2	3	3	176	6
2171	7	2	1	5	215	8
2172	7	2	1	4	216	7
2173	7	2	1	3	217	4
2174	6	2	1	7	218	6
2175	6	3	6	6	185	8
2176	7	2	1	5	219	8
2177	7	2	1	3	220	7
2178	6	2	1	3	221	8
2179	5	2	3	4	176	4
2180	5	2	3	3	177	6
2181	6	2	1	5	222	8
2182	6	2	1	4	223	7
2183	6	2	1	3	224	4
2184	5	2	1	7	225	6
2185	5	3	6	6	185	8
2186	6	2	1	5	226	8
2187	6	2	1	3	227	7
2188	5	4	2	7	247	8
2189	6	2	1	3	228	8
2190	5	2	1	3	229	8
2191	4	2	3	4	177	4
2192	4	2	3	3	178	6
2193	5	2	1	5	230	8
2194	5	2	1	4	231	4
2195	4	2	1	7	232	6
2196	4	2	1	5	233	7
2197	3	5	8	7	149	9
2198	4	2	5	6	124	9
2199	5	3	6	6	185	8
2200	6	2	1	7	234	8
2201	6	2	1	5	235	6
2202	6	2	1	3	236	7
2203	5	2	1	6	237	6
2204	5	2	1	4	238	7
2205	5	2	1	3	239	4
2206	4	3	6	6	185	8
2207	5	2	1	7	240	8
2208	5	2	1	5	241	6
2209	4	2	3	4	178	8
2210	5	2	1	5	242	6
2211	4	2	1	5	243	6
2212	4	2	1	3	244	4
2213	3	5	1	7	188	9
2214	4	2	5	6	124	9
2215	5	3	6	6	185	8
2216	6	2	1	7	245	8
2217	6	2	1	5	246	6
2218	6	2	1	3	247	7
2219	5	2	1	6	248	6
2220	5	2	1	4	249	7
2221	5	2	1	3	250	4
2222	4	3	6	6	185	8
2223	5	2	1	7	251	8
2224	5	2	1	5	252	6
2225	4	2	5	5	124	8
2226	5	2	1	6	253	6
2227	5	2	1	4	254	4
2228	4	2	1	7	255	8
2229	4	2	1	5	256	6
2230	3	2	3	4	178	4
2231	3	2	3	3	179	6
2232	4	2	1	5	257	8
2233	4	2	1	3	258	4
2234	3	2	1	7	259	6
2235	3	2	1	5	260	7
2236	2	9	4	3	176	7
2237	3	9	3	4	239	5
2238	4	2	3	5	179	9
2239	4	2	1	3	261	1
2240	4	2	1	2	262	2
2241	5	3	2	6	128	5
2242	6	2	3	4	180	7
2243	7	3	6	4	185	7
2244	8	7	8	4	177	5
2245	9	2	5	5	124	9
2246	9	2	5	4	125	4
2247	8	2	5	5	125	9
2248	8	2	5	4	126	4
2249	7	3	6	3	185	8
2250	6	3	6	3	186	8
2251	7	2	3	3	180	8
2252	6	3	6	2	186	3
2253	4	3	2	5	128	5
2254	3	9	3	3	239	6
2255	3	9	3	2	240	8
2256	4	2	3	4	181	9
2257	4	7	8	5	177	8
2258	5	2	1	4	262	1
2259	5	2	1	3	263	2
2260	6	3	2	6	129	8
2261	6	3	6	5	187	8
2262	7	2	3	3	182	6
2263	6	5	1	5	188	8
2264	6	2	3	3	183	6
2265	5	2	1	2	263	3
2266	5	2	3	2	184	6
2267	5	3	6	6	187	7
2268	6	3	2	5	130	8
2269	5	3	6	5	187	4
2270	5	3	6	4	188	8
2271	4	2	1	4	264	1
2272	4	2	1	3	265	2
2273	5	3	2	6	131	8
2274	5	3	6	5	189	8
2275	6	2	3	3	185	6
2276	5	5	1	5	189	8
2277	5	5	1	4	190	7
2278	4	2	1	2	265	3
2279	4	2	3	2	186	6
2280	4	3	6	6	189	7
2281	5	3	2	5	132	8
2282	4	3	6	5	189	4
2283	4	3	6	4	190	8
2284	3	7	8	6	177	9
2285	4	2	5	6	126	9
2286	5	5	1	7	191	9
2287	6	8	7	4	110	7
2288	7	2	3	4	187	4
2289	7	2	3	3	188	6
2290	8	2	1	5	266	7
2291	7	2	1	7	267	6
2292	7	2	3	2	188	7
2293	8	3	6	6	191	7
2294	9	2	1	3	268	1
2295	9	2	1	2	269	4
2296	8	2	1	3	270	1
2297	8	2	1	2	271	4
2298	7	2	1	3	272	7
2299	7	2	1	2	273	2
2300	5	8	7	4	110	7
2301	6	2	3	4	188	4
2302	6	2	3	3	189	6
2303	7	2	1	5	274	7
2304	6	2	1	7	275	6
2305	6	2	3	2	189	7
2306	7	3	6	6	191	7
2307	8	2	1	3	276	1
2308	8	2	1	2	277	4
2309	7	2	1	3	278	1
2310	7	2	1	2	279	4
2311	6	2	1	3	280	7
2312	6	2	1	2	281	2
2313	4	8	7	4	110	7
2314	5	2	3	4	189	4
2315	5	2	3	3	190	6
2316	6	2	1	5	282	7
2317	5	2	1	7	283	6
2318	6	2	3	2	190	7
2319	6	3	6	4	191	8
2320	7	5	8	4	149	8
2321	8	4	2	4	247	8
2322	9	3	2	2	133	2
2323	8	5	1	4	191	7
2324	5	2	3	2	191	7
2325	6	2	1	3	283	8
2326	5	2	1	3	284	7
2327	6	3	6	4	191	7
2328	5	2	1	2	284	2
2329	3	5	8	7	149	9
2330	4	2	5	6	126	9
2331	5	3	6	6	192	8
2332	6	2	1	7	285	8
2333	6	2	1	5	286	7
2334	6	2	1	4	287	6
2335	6	2	1	2	288	2
2336	5	2	1	6	289	7
2337	5	2	1	4	290	6
2338	5	2	1	2	291	1
2339	4	3	6	6	192	8
2340	5	2	1	7	292	8
2341	5	2	1	5	293	7
2342	5	2	1	4	294	6
2343	4	3	6	5	192	7
2344	5	2	1	7	295	7
2345	6	2	3	3	191	8
2346	5	2	1	3	295	4
2347	3	5	1	7	192	9
2348	4	2	5	6	126	9
2349	5	3	6	6	192	8
2350	6	2	1	7	296	8
2351	6	2	1	5	297	7
2352	6	2	1	4	298	6
2353	6	2	1	2	299	2
2354	5	2	1	6	300	7
2355	5	2	1	4	301	6
2356	5	2	1	2	302	1
2357	4	3	6	6	192	8
2358	5	2	1	7	303	8
2359	5	2	1	5	304	7
2360	5	2	1	4	305	6
2361	4	3	6	5	192	7
2362	5	2	1	7	306	7
2363	6	2	3	3	192	8
2364	5	2	1	5	306	8
2365	5	2	1	4	307	4
2366	5	2	1	3	308	6
2367	3	8	7	4	110	7
2368	4	5	8	6	149	7
2369	5	5	1	5	192	8
2370	6	4	2	6	247	7
2371	6	2	1	3	309	6
2372	5	7	8	4	177	8
2373	6	4	2	6	248	7
2374	5	7	8	3	177	3
2375	5	7	8	2	178	5
2376	5	3	6	5	192	7
2377	6	2	1	7	310	7
2378	6	2	1	5	311	8
2379	3	2	1	7	312	7
2380	4	2	3	3	193	8
2381	5	3	6	4	192	7
2382	3	2	1	6	312	8
2383	3	2	1	4	313	6
2384	3	2	1	2	314	2
2385	2	9	4	2	176	8
2386	3	7	8	6	179	8
2387	4	2	3	4	193	4
2388	4	2	3	3	194	6
2389	5	9	3	4	240	9
2390	6	2	1	5	315	8
2391	7	4	2	3	249	8
2392	5	9	3	3	240	4
2393	5	9	3	2	241	5
2394	6	2	1	4	315	1
2395	6	2	1	3	316	2
2396	7	3	2	6	134	7
2397	7	3	2	5	135	4
2398	6	2	1	2	316	3
2399	5	2	1	4	317	1
2400	5	2	1	3	318	2
2401	5	2	1	2	319	3
2402	4	2	3	2	194	7
2403	5	9	3	4	241	9
2404	6	2	1	5	320	6
2405	6	2	1	3	321	8
2406	5	3	6	6	193	7
2407	6	2	1	4	322	1
2408	7	9	3	3	241	4
2409	7	9	3	2	242	5
2410	7	5	8	5	149	9
2411	6	2	1	3	322	2
2412	7	9	3	3	243	4
2413	7	9	3	2	244	5
2414	8	3	2	5	136	5
2415	7	3	2	5	137	8
2416	6	2	1	2	322	3
2417	6	9	3	3	244	4
2418	6	9	3	2	245	5
2419	7	3	2	5	138	5
2420	6	3	2	5	139	8
2421	5	3	6	5	193	8
2422	6	2	1	2	323	2
2423	7	9	3	3	245	6
2424	6	9	3	3	246	6
2425	7	3	2	2	140	3
2426	8	4	2	3	250	4
2427	8	4	2	2	251	5
2428	7	4	2	2	252	7
2429	5	2	1	4	323	1
2430	6	5	1	4	192	7
2431	7	9	3	3	246	6
2432	5	2	1	2	323	2
2433	4	9	3	3	247	4
2434	4	9	3	2	248	5
2435	3	9	3	5	249	4
2436	3	9	3	4	250	5
2437	4	2	3	4	194	9
2438	4	2	1	4	324	1
2439	4	2	1	3	325	2
2440	5	3	2	6	140	8
2441	5	2	3	3	195	6
2442	4	2	1	2	325	3
2443	4	2	3	2	196	6
2444	4	3	6	6	193	7
2445	5	3	2	5	141	5
2446	4	3	6	5	193	4
2447	4	3	6	4	194	5
2448	3	9	3	3	250	6
2449	4	2	3	3	197	9
2450	4	2	3	2	198	4
2451	4	3	6	6	195	7
2452	5	2	1	4	326	1
2453	6	5	8	6	150	9
2454	5	2	1	3	326	2
2455	6	3	2	5	142	8
2456	5	2	1	2	326	3
2457	5	3	2	5	143	8
2458	4	3	6	5	195	8
2459	5	2	1	2	327	2
2460	5	3	2	2	144	3
2461	6	4	2	3	253	4
2462	6	4	2	2	254	5
2463	5	4	2	2	255	7
2464	4	2	1	4	328	1
2465	5	3	6	3	195	5
2466	4	2	1	2	328	2
2467	3	9	3	2	250	7
2468	4	2	3	3	199	9
2469	4	2	3	2	200	4
2470	4	2	1	4	329	1
2471	4	2	1	3	330	2
2472	4	2	1	2	331	3
2473	3	2	1	7	332	8
2474	4	4	2	5	256	8
2475	5	2	3	2	201	6
2476	3	4	2	5	256	8
2477	4	2	3	2	202	6
2478	2	7	8	7	179	9
2479	3	5	5	8	113	9
2480	4	2	3	4	203	4
2481	4	2	3	3	204	6
2482	5	2	1	5	332	8
2483	5	2	1	4	333	4
2484	4	2	1	7	334	6
2485	5	2	3	2	204	7
2486	5	9	3	2	250	6
2487	6	3	6	4	196	8
2488	7	3	2	2	144	2
2489	6	3	6	3	196	4
2490	7	3	2	2	145	2
2491	6	3	2	2	146	2
2492	4	2	3	2	205	7
2493	5	2	1	3	334	8
2494	4	2	1	3	335	7
2495	5	3	6	4	196	7
2496	6	9	3	3	250	4
2497	6	9	3	2	251	5
2498	7	3	2	2	147	3
2499	8	4	2	2	256	5
2500	5	9	3	3	251	4
2501	5	9	3	2	252	5
2502	6	3	2	2	147	3
2503	7	4	2	2	257	5
2504	5	3	2	2	147	3
2505	6	5	1	2	192	6
2506	5	4	2	2	258	6
2507	4	2	1	2	335	2
2508	3	5	1	7	193	9
2509	4	2	3	4	205	4
2510	4	2	3	3	206	6
2511	5	2	1	5	336	8
2512	6	9	3	2	252	4
2513	6	3	6	2	196	5
2514	6	4	2	3	259	6
2515	6	4	2	2	260	7
2516	5	2	1	4	336	4
2517	4	2	1	7	337	6
2518	5	2	3	2	206	7
2519	5	9	3	2	253	6
2520	6	3	6	4	197	8
2521	7	3	2	2	147	2
2522	6	3	6	3	197	4
2523	7	3	2	2	148	2
2524	6	3	2	2	149	2
2525	4	2	3	2	207	7
2526	5	2	1	3	337	8
2527	4	2	1	3	338	7
2528	5	3	6	4	197	7
2529	4	2	1	2	338	2
2530	3	2	3	4	207	4
2531	3	2	3	3	208	6
2532	4	2	1	5	339	8
2533	5	4	2	3	261	8
2534	4	2	1	4	339	4
2535	3	2	1	7	340	6
2536	4	2	3	2	208	7
2537	4	9	3	2	253	6
2538	5	3	6	4	198	8
2539	6	3	2	2	150	2
2540	5	3	6	3	198	4
2541	6	5	1	3	193	8
2542	6	4	2	4	262	8
2543	5	5	1	4	194	8
2544	5	4	2	4	263	8
2545	3	2	3	2	209	7
2546	4	2	1	3	340	8
2547	3	2	1	3	341	7
2548	4	3	6	4	198	7
2549	3	2	1	2	341	2
2550	2	5	8	7	151	9
2551	3	3	6	6	199	8
2552	4	2	1	7	342	8
2553	5	4	2	6	264	8
2554	6	2	3	2	209	6
2555	5	2	3	2	210	6
2556	4	2	1	5	342	7
2557	4	2	1	4	343	6
2558	5	9	3	2	253	6
2559	6	3	2	2	151	2
2560	4	2	1	2	343	2
2561	3	2	5	5	126	8
2562	4	9	3	5	253	8
2563	4	3	6	5	199	7
2564	5	2	1	5	344	7
2565	5	2	1	3	345	4
2566	3	2	1	7	346	8
2567	4	4	2	6	264	8
2568	5	2	3	2	211	6
2569	4	2	3	2	212	6
2570	3	2	1	5	346	7
2571	2	5	1	7	195	9
2572	3	3	6	6	199	8
2573	4	2	1	7	347	8
2574	5	9	3	5	254	8
2575	6	2	3	2	213	6
2576	7	4	2	3	264	6
2577	7	4	2	2	265	7
2578	4	2	1	5	347	7
2579	5	4	2	4	266	7
2580	4	2	1	4	347	6
2581	5	9	3	2	254	6
2582	6	3	2	2	152	2
2583	4	2	1	2	347	2
2584	3	2	5	5	126	8
2585	4	3	6	5	199	7
2586	5	2	1	6	348	7
2587	5	2	1	4	349	4
2588	5	2	1	3	350	6
2589	3	2	1	7	351	8
2590	4	9	3	5	254	8
2591	5	2	3	2	213	6
2592	3	2	1	5	351	7
2593	2	2	3	4	214	4
2594	2	2	3	3	215	6
2595	3	2	1	5	352	8
2596	4	4	2	3	267	8
2597	3	2	1	4	352	4
2598	2	2	1	7	353	6
2599	3	2	3	2	215	7
2600	3	9	3	2	254	6
2601	4	3	6	4	199	8
2602	5	3	2	2	153	2
2603	4	3	6	3	199	4
2604	5	3	2	2	154	2
2605	4	3	2	2	155	2
2606	2	2	3	2	216	7
2607	3	2	1	3	353	8
2608	2	2	1	3	354	7
2609	3	3	6	4	199	7
2610	4	9	3	3	254	4
2611	4	9	3	2	255	5
2612	5	3	2	2	156	3
2613	6	4	2	2	268	5
2614	3	9	3	3	255	4
2615	3	9	3	2	256	5
2616	4	3	2	2	156	3
2617	5	4	2	2	269	5
2618	2	2	1	2	354	2
2619	1	2	1	7	355	1
2620	2	9	4	4	176	6
2621	3	9	3	4	256	5
2622	4	4	2	6	270	9
2623	5	2	3	3	216	9
2624	5	2	3	2	217	7
2625	5	3	6	6	199	8
2626	6	7	8	3	179	6
2627	7	3	2	4	156	5
2628	5	3	6	5	199	7
2629	3	9	3	3	256	7
2630	4	2	3	4	218	9
2631	5	3	2	5	157	7
2632	4	2	3	3	218	5
2633	4	2	3	2	219	6
2634	5	2	5	4	126	8
2635	6	3	2	5	158	5
2636	5	3	2	5	159	5
2637	4	3	6	5	200	8
2638	5	3	2	5	160	7
2639	4	3	6	4	200	7
2640	3	9	3	2	256	8
2641	4	2	3	4	219	9
2642	5	3	2	6	161	8
2643	6	5	8	6	151	9
2644	6	5	1	3	195	5
2645	6	5	1	2	196	6
2646	6	7	8	5	179	8
2647	6	7	8	4	180	7
2648	7	5	8	3	152	6
2649	6	2	5	5	126	6
2650	4	3	2	6	161	8
2651	3	2	3	3	219	6
2652	2	9	4	3	176	7
2653	3	9	3	4	256	5
2654	3	9	3	3	257	6
2655	3	9	3	2	258	8
2656	4	2	3	4	220	9
2657	3	2	3	3	221	6
2658	2	9	4	2	176	8
2659	3	8	7	5	110	8
2660	4	9	3	5	258	4
2661	5	2	3	5	222	9
2662	5	7	8	4	180	4
2663	6	3	2	6	162	4
2664	7	2	3	4	223	8
2665	8	3	6	4	201	8
2666	9	4	2	4	270	5
2667	10	5	1	2	197	8
2668	9	4	2	3	270	6
2669	9	4	2	2	271	7
2670	7	2	3	3	223	5
2671	5	3	2	6	162	4
2672	6	2	3	4	224	8
2673	7	3	6	5	201	8
2674	8	4	2	4	272	5
2675	9	5	1	2	198	8
2676	8	4	2	3	272	6
2677	8	4	2	2	273	7
2678	6	2	3	3	224	5
2679	4	9	3	4	258	5
2680	5	2	3	4	225	9
2681	5	2	3	3	226	6
2682	6	3	2	6	162	5
2683	5	2	3	2	226	7
2684	6	3	6	6	201	7
2685	7	3	2	5	163	8
2686	7	3	2	4	164	2
2687	8	2	5	5	127	8
2688	9	4	2	5	274	8
2689	9	5	1	6	199	8
2690	8	5	5	6	113	8
2691	9	4	2	5	275	3
2692	9	4	2	4	276	4
2693	9	4	2	3	277	5
2694	9	4	2	2	278	6
2695	8	5	8	6	153	8
2696	9	4	2	5	279	8
2697	8	5	1	7	200	8
2698	9	5	8	5	153	9
2699	10	4	2	4	280	3
2700	10	4	2	3	281	4
2701	10	4	2	2	282	5
2702	6	3	2	5	164	8
2703	6	3	2	4	165	2
2704	7	3	6	3	201	4
2705	7	3	6	2	202	3
2706	5	3	6	6	202	8
2707	6	2	5	5	127	9
2708	7	5	5	7	113	8
2709	8	7	1	4	97	8
2710	9	4	2	6	283	8
2711	9	5	8	5	153	9
2712	8	4	2	6	284	9
2713	9	5	8	5	154	9
2714	10	7	8	4	180	3
2715	10	7	8	3	181	4
2716	11	6	8	4	88	8
2717	11	9	2	4	86	6
2718	10	7	8	2	181	6
2719	8	5	8	5	154	9
2720	9	4	2	5	284	3
2721	9	4	2	4	285	4
2722	9	4	2	3	286	5
2723	9	4	2	2	287	6
2724	7	5	8	6	154	8
2725	8	4	2	7	288	8
2726	7	5	1	7	200	8
2727	8	4	2	6	289	9
2728	9	7	8	4	182	7
2729	8	5	8	5	154	9
2730	9	4	2	5	289	3
2731	9	4	2	4	290	4
2732	9	4	2	3	291	5
2733	9	4	2	2	292	6
2734	6	2	5	4	127	7
2735	7	3	2	5	165	7
2736	8	4	2	2	293	8
2737	7	3	2	4	165	2
2738	8	4	2	5	294	3
2739	8	4	2	4	295	4
2740	8	4	2	3	296	5
2741	8	4	2	2	297	6
2742	5	4	2	7	298	8
2743	5	4	2	6	299	9
2744	5	3	6	4	202	7
2745	4	9	3	3	258	6
2746	5	2	3	3	226	5
2747	5	2	3	2	227	7
2748	6	3	6	6	203	7
2749	7	3	2	5	165	8
2750	7	3	2	4	166	2
2751	8	2	5	5	127	8
2752	9	5	1	6	200	8
2753	10	7	8	3	183	6
2754	9	4	2	5	300	7
2755	8	4	2	5	301	3
2756	8	4	2	4	302	4
2757	8	4	2	3	303	5
2758	8	4	2	2	304	6
2759	6	3	2	5	166	8
2760	6	3	2	4	167	2
2761	7	3	6	3	203	4
2762	7	3	6	2	204	3
2763	5	3	6	6	204	8
2764	6	2	5	5	127	9
2765	7	5	5	7	113	8
2766	8	7	1	4	97	8
2767	9	4	2	6	305	8
2768	9	5	8	5	154	9
2769	10	4	2	5	306	7
2770	9	4	2	5	307	7
2771	8	4	2	6	308	9
2772	9	5	8	5	154	9
2773	10	7	8	4	184	3
2774	10	7	8	3	185	4
2775	11	6	8	4	89	8
2776	11	6	8	3	90	6
2777	10	7	8	2	185	6
2778	11	6	8	3	91	8
2779	11	6	8	2	92	4
2780	9	7	8	4	185	6
2781	10	5	8	3	154	4
2782	9	7	8	3	185	3
2783	8	5	8	5	155	9
2784	9	4	2	5	308	3
2785	9	4	2	4	309	4
2786	9	4	2	3	310	5
2787	10	3	2	3	167	2
2788	10	3	2	2	168	3
2789	9	4	2	2	310	6
2790	8	7	8	4	185	6
2791	8	7	8	3	186	3
2792	7	5	8	6	155	8
2793	8	4	2	7	311	8
2794	8	4	2	6	312	9
2795	9	7	8	4	186	7
2796	8	4	2	5	312	3
2797	8	4	2	4	313	4
2798	8	4	2	3	314	5
2799	9	3	2	3	169	2
2800	9	3	2	2	170	3
2801	8	4	2	2	314	6
2802	7	5	1	7	200	8
2803	8	4	2	6	315	9
2804	9	7	8	4	187	7
2805	8	5	8	5	155	9
2806	9	4	2	5	315	3
2807	9	4	2	4	316	4
2808	9	4	2	3	317	5
2809	10	3	2	3	171	2
2810	10	3	2	2	172	3
2811	9	4	2	2	317	6
2812	8	7	8	4	188	6
2813	8	7	8	3	189	3
2814	6	2	5	4	127	7
2815	7	3	2	5	173	7
2816	8	4	2	2	318	8
2817	7	3	2	4	173	2
2818	8	4	2	5	319	3
2819	8	4	2	4	320	4
2820	8	4	2	3	321	5
2821	8	4	2	2	322	6
2822	5	4	2	7	323	8
2823	5	4	2	6	324	9
2824	6	3	6	4	204	7
2825	5	3	6	4	205	7
2826	4	9	3	2	258	7
2827	5	2	3	4	227	9
2828	5	3	2	6	173	7
2829	6	4	2	2	324	8
2830	5	2	3	3	228	6
2831	6	4	2	3	325	6
2832	6	4	2	2	326	8
2833	5	3	6	5	206	7
2834	5	3	2	2	173	3
2835	6	4	2	4	327	4
2836	6	4	2	3	328	5
2837	6	4	2	2	329	8
2838	5	4	2	3	330	5
2839	5	4	2	2	331	8
2840	3	7	8	6	189	8
2841	4	2	5	6	127	8
2842	5	2	3	4	228	9
2843	4	2	3	4	229	9
2844	4	9	3	5	258	9
2845	5	4	2	5	332	8
2846	4	5	8	5	155	9
2847	5	2	3	3	230	5
2848	5	2	3	2	231	6
2849	6	9	3	3	258	7
2850	5	3	6	4	207	7
2851	6	9	3	3	259	4
2852	6	9	3	2	260	5
2853	6	5	1	3	200	6
2854	6	5	1	2	201	7
2855	6	5	5	5	113	6
2856	5	3	6	3	207	5
2857	4	5	1	4	202	8
2858	5	5	8	4	155	7
2859	6	2	3	3	231	7
2860	7	9	3	3	261	6
2861	5	3	6	4	208	7
2862	6	9	3	4	262	7
2863	4	5	1	3	202	6
2864	5	9	3	3	263	6
2865	4	2	3	3	231	5
2866	4	2	3	2	232	6
2867	5	9	3	3	264	7
2868	4	9	3	3	265	6
2869	3	3	2	6	173	8
2870	4	2	3	4	232	9
2871	4	2	3	3	233	5
2872	4	2	3	2	234	6
2873	5	9	3	3	266	7
2874	4	3	6	4	208	7
2875	5	9	3	3	267	4
2876	5	9	3	2	268	5
2877	5	5	8	6	155	9
2878	6	5	1	3	202	7
2879	4	5	1	4	203	7
2880	5	9	3	3	269	6
2881	2	9	3	5	270	8
2882	3	2	3	3	234	6
2883	2	4	2	4	333	6
2884	1	2	1	6	355	2
2885	2	2	3	5	235	5
2886	3	3	6	4	208	5
2887	4	2	5	3	127	9
2888	5	9	3	5	270	9
2889	4	2	5	2	127	7
2890	3	3	2	4	173	3
2891	4	3	6	3	208	8
2892	5	9	3	3	271	4
2893	5	9	3	2	272	6
2894	6	4	2	3	334	4
2895	6	4	2	2	335	5
2896	5	4	2	4	336	4
2897	5	4	2	3	337	5
2898	6	5	1	2	203	7
2899	5	4	2	2	337	7
2900	6	5	1	3	204	5
2901	6	5	1	2	205	6
2902	3	3	6	3	208	8
2903	2	2	3	4	235	6
2904	3	2	5	4	128	9
2905	4	9	3	5	272	9
2906	4	9	3	4	273	4
2907	5	3	2	5	173	4
2908	4	9	3	3	273	5
2909	5	9	4	3	176	6
2910	5	9	4	2	177	7
2911	5	5	5	6	114	8
2912	6	8	7	5	110	8
2913	6	3	6	5	209	8
2914	5	8	7	5	111	8
2915	5	3	6	5	210	8
2916	4	9	3	2	273	7
2917	5	9	4	2	178	6
2918	6	3	2	6	174	7
2919	5	3	2	6	175	7
2920	4	9	4	2	178	6
2921	5	4	2	8	337	2
2922	5	4	2	6	338	4
2923	5	4	2	5	339	5
2924	5	4	2	4	340	6
2925	5	4	2	3	341	7
2926	5	4	2	2	342	8
2927	5	5	8	6	155	9
2928	6	5	1	3	206	5
2929	6	5	1	2	207	6
2930	7	3	2	4	176	4
2931	5	7	8	4	189	8
2932	6	3	6	5	211	8
2933	3	2	5	3	128	8
2934	4	3	2	6	177	8
2935	2	2	3	3	235	7
2936	3	3	6	5	212	7
2937	4	9	3	4	273	4
2938	5	9	4	2	178	8
2939	6	2	5	5	128	9
2940	7	4	2	6	343	4
2941	7	3	2	4	178	4
2942	7	4	2	5	344	5
2943	7	4	2	4	345	6
2944	7	4	2	3	346	7
2945	8	3	2	2	179	3
2946	7	4	2	2	346	8
2947	6	2	5	4	128	8
2948	7	3	2	4	179	8
2949	4	9	3	3	273	5
2950	5	3	2	5	180	5
2951	6	4	2	4	347	6
2952	6	4	2	3	348	7
2953	7	5	1	3	207	4
2954	7	5	1	2	208	5
2955	8	2	5	5	128	9
2956	9	5	8	6	155	9
2957	10	9	4	3	178	7
2958	10	9	4	2	179	6
2959	9	9	4	3	180	6
2960	8	2	5	4	128	5
2961	8	2	5	2	129	6
2962	7	2	5	5	130	9
2963	7	2	5	4	131	5
2964	7	2	5	2	132	6
2965	6	4	2	2	348	8
2966	7	2	5	5	133	8
2967	4	9	3	2	273	6
2968	5	2	5	5	134	9
2969	6	9	4	2	181	7
2970	6	5	5	6	114	8
2971	7	3	2	5	180	8
2972	7	3	2	4	181	5
2973	6	3	2	5	182	8
2974	6	3	2	4	183	5
2975	5	2	5	4	134	8
2976	6	3	2	5	184	8
2977	6	3	2	4	185	5
2978	4	3	2	5	186	8
2979	4	3	2	2	187	3
2980	5	4	2	4	348	4
2981	6	2	5	2	134	5
2982	5	4	2	3	348	5
2983	6	5	1	2	208	7
2984	5	4	2	2	348	7
2985	6	2	5	2	135	5
2986	4	4	2	2	348	7
2987	5	2	5	2	136	5
2988	4	5	8	6	155	9
2989	4	7	8	5	189	8
2990	5	5	1	5	209	8
2991	6	9	4	2	182	6
2992	4	5	1	5	209	8
2993	5	7	8	4	189	7
2994	4	5	1	4	209	7
2995	3	2	5	5	137	9
2996	4	9	3	4	273	4
2997	5	4	2	6	348	4
2998	5	3	2	4	187	4
2999	5	4	2	5	349	5
3000	5	4	2	4	350	6
3001	5	4	2	3	351	7
3002	6	3	6	4	212	8
3003	5	4	2	2	351	8
3004	4	9	3	3	273	5
3005	5	3	6	4	213	5
3006	5	3	6	3	214	8
3007	4	9	3	2	273	6
3008	5	9	4	2	183	7
3009	5	5	5	5	114	8
3010	6	8	7	5	112	8
3011	7	3	6	4	215	8
3012	6	3	6	4	216	8
3013	7	3	2	2	188	3
3014	8	4	2	3	352	4
3015	8	4	2	2	353	5
3016	8	5	1	2	210	3
3017	7	4	2	2	354	7
3018	5	8	7	5	112	8
3019	5	3	6	4	216	8
3020	6	5	1	5	210	8
3021	6	5	1	4	211	6
3022	7	7	8	5	190	6
3023	6	5	1	3	211	3
3024	4	3	6	4	216	8
3025	5	3	2	2	188	3
3026	6	9	4	2	184	6
3027	5	4	2	2	355	7
3028	6	9	4	2	185	6
3029	5	9	4	2	186	6
3030	3	2	5	4	137	8
3031	4	3	6	3	216	5
3032	2	2	3	2	235	8
3033	3	3	6	5	217	8
3034	4	2	5	5	137	9
3035	5	9	3	5	273	9
3036	6	7	8	6	191	9
3037	7	5	1	6	212	9
3038	8	3	2	2	188	3
3039	9	4	2	3	355	4
3040	9	4	2	2	356	6
3041	8	4	2	2	357	6
3042	7	3	2	2	188	3
3043	8	4	2	3	358	4
3044	8	4	2	2	359	6
3045	8	5	8	5	156	8
3046	9	9	4	3	187	7
3047	9	5	1	3	212	6
3048	7	4	2	2	360	6
3049	8	5	1	3	213	4
3050	8	5	1	2	214	5
3051	6	5	1	6	215	9
3052	7	3	2	2	188	3
3053	8	4	2	3	360	4
3054	8	4	2	2	361	6
3055	7	4	2	2	362	6
3056	6	3	2	2	188	3
3057	7	4	2	3	363	4
3058	7	4	2	2	364	6
3059	7	7	8	5	191	8
3060	6	4	2	2	365	6
3061	7	5	1	3	215	4
3062	7	5	1	2	216	5
3063	5	9	3	4	273	4
3064	6	7	8	4	192	4
3065	7	3	2	4	188	7
3066	8	4	2	2	365	8
3067	6	3	2	4	188	7
3068	7	4	2	2	366	8
3069	5	9	3	3	273	5
3070	6	9	4	3	188	6
3071	6	9	4	2	189	7
3072	7	3	2	5	188	7
3073	7	3	2	4	189	1
3074	6	3	2	5	190	5
3075	5	9	3	2	273	6
3076	6	9	4	2	189	7
3077	6	3	2	5	191	7
3078	7	4	2	2	367	8
3079	7	5	8	6	156	9
3080	6	3	2	4	191	1
3081	5	3	2	5	192	7
3082	6	4	2	2	368	8
3083	6	9	4	2	190	6
3084	4	9	3	5	273	4
3085	5	9	4	2	191	8
3086	6	3	2	4	192	7
3087	7	4	2	2	369	8
3088	4	9	3	4	273	5
3089	5	1	2	4	96	9
3090	5	3	2	5	192	7
3091	5	3	2	4	193	1
3092	4	9	3	3	273	6
3093	5	9	4	3	191	7
3094	5	9	4	2	192	8
3095	6	3	2	5	194	7
3096	7	4	2	2	370	8
3097	7	7	8	4	192	7
3098	6	3	2	4	194	1
3099	4	9	3	2	273	7
3100	5	3	2	5	195	7
3101	6	4	2	2	371	8
3102	6	5	8	6	157	9
3103	7	9	4	2	192	6
3104	6	9	4	2	193	6
3105	3	2	5	5	137	9
3106	3	3	6	3	217	3
3107	3	3	6	2	218	4
3108	4	9	3	5	273	4
3109	4	9	3	4	274	5
3110	5	3	2	4	195	1
3111	5	3	2	3	196	3
3112	5	3	2	2	197	5
3113	4	9	3	3	274	6
3114	5	9	4	3	194	7
3115	5	9	4	2	195	8
3116	4	9	3	2	274	7
3117	5	3	2	4	198	7
3118	2	2	5	5	138	8
3119	3	3	2	6	199	8
3120	4	9	3	5	274	8
3121	5	5	8	6	157	9
3122	3	9	3	4	274	4
3123	4	9	4	2	196	8
3124	3	9	3	3	274	5
3125	4	3	6	4	218	3
3126	4	3	6	3	219	4
3127	4	3	6	2	220	5
3128	3	9	3	2	274	6
3129	4	3	2	5	199	5
3130	3	3	2	5	200	7
3131	2	3	2	6	201	8
3132	1	2	1	5	355	3
3133	2	2	3	5	235	9
3134	3	2	5	4	138	8
3135	4	3	2	6	202	8
3136	5	9	3	5	274	8
3137	6	5	8	6	158	9
3138	5	5	1	4	217	8
3139	6	7	8	4	193	8
3140	7	9	3	3	274	5
3141	7	9	3	2	275	6
3142	4	3	2	5	202	5
3143	5	3	6	3	221	7
3144	3	3	2	6	202	8
3145	2	9	3	4	276	4
3146	2	9	3	3	277	5
3147	3	2	5	4	138	9
3148	4	9	4	3	197	6
3149	4	9	4	2	198	7
3150	4	5	5	6	114	8
3151	5	8	7	5	113	8
3152	5	3	6	5	222	8
3153	4	8	7	5	114	8
3154	4	3	6	5	223	8
3155	3	2	5	3	138	8
3156	4	3	2	6	203	8
3157	4	3	2	5	204	1
3158	4	4	2	2	372	8
3159	2	9	3	2	277	7
3160	3	2	5	4	138	9
3161	4	9	4	2	198	6
3162	4	8	7	5	115	8
3163	4	5	5	6	114	8
3164	5	3	6	5	224	8
3165	4	3	6	5	225	8
3166	3	2	5	3	138	8
3167	4	3	2	6	205	8
3168	4	3	2	5	206	1
3169	4	4	2	2	373	8
3170	2	2	5	4	138	9
3171	3	9	4	2	199	6
3172	3	7	1	5	97	9
3173	4	4	2	8	374	9
3174	5	5	8	6	159	9
3175	5	7	8	4	193	8
3176	6	5	1	5	217	8
3177	7	5	8	4	160	7
3178	7	5	8	3	161	6
3179	6	3	6	5	226	8
3180	4	3	6	5	227	8
3181	3	3	6	5	228	8
3182	2	2	5	3	138	8
3183	1	2	1	4	355	5
3184	2	2	3	4	235	6
3185	3	3	6	6	229	5
3186	4	2	5	3	139	9
3187	5	9	3	5	277	9
3188	5	3	2	6	207	4
3189	6	4	2	5	374	5
3190	7	9	3	4	278	4
3191	7	9	3	3	279	5
3192	8	9	4	3	200	6
3193	8	9	4	2	201	7
3194	8	8	7	5	116	8
3195	7	9	3	2	279	7
3196	6	4	2	4	374	6
3197	7	9	3	4	280	4
3198	7	9	3	3	281	5
3199	8	9	4	3	202	6
3200	7	9	3	2	281	7
3201	6	4	2	3	374	7
3202	6	4	2	2	375	8
3203	6	9	3	3	282	4
3204	6	9	3	2	283	7
3205	5	3	2	5	207	7
3206	4	2	5	2	139	7
3207	4	3	2	6	208	8
3208	4	3	2	5	209	7
3209	3	2	5	3	140	9
3210	4	9	3	5	284	9
3211	4	3	2	6	210	4
3212	5	3	6	4	229	7
3213	4	3	6	4	230	7
3214	3	2	5	2	140	7
3215	3	3	2	6	210	8
3216	3	3	6	4	231	7
3217	2	2	3	3	235	7
3218	3	3	6	6	232	5
3219	4	3	2	5	211	8
3220	4	9	3	4	285	4
3221	5	9	4	2	203	8
3222	4	9	3	3	285	5
3223	5	2	5	4	141	8
3224	6	3	2	4	212	1
3225	6	3	2	3	213	2
3226	7	4	2	5	376	3
3227	7	4	2	4	377	4
3228	7	4	2	3	378	5
3229	8	5	1	4	217	6
3230	9	9	4	4	204	6
3231	9	9	4	3	205	7
3232	9	9	4	2	206	8
3233	8	5	1	3	217	7
3234	9	9	4	4	207	6
3235	9	9	4	3	208	7
3236	9	9	4	2	209	8
3237	8	5	1	2	217	8
3238	9	9	4	4	210	6
3239	9	9	4	3	211	7
3240	9	9	4	2	212	8
3241	8	9	4	4	213	6
3242	8	9	4	3	214	7
3243	8	9	4	2	215	8
3244	7	4	2	2	378	6
3245	7	5	1	4	217	3
3246	7	5	1	3	217	4
3247	7	5	1	2	218	7
3248	8	9	4	4	216	6
3249	8	9	4	3	217	7
3250	8	9	4	2	218	8
3251	6	3	2	2	213	3
3252	4	9	3	2	285	6
3253	5	9	4	3	219	7
3254	5	9	4	2	219	8
3255	3	3	2	5	214	8
3256	3	9	3	4	285	4
3257	4	9	4	2	220	8
3258	3	9	3	3	285	5
3259	4	2	5	4	141	8
3260	5	9	4	4	221	6
3261	5	9	4	3	222	7
3262	5	9	4	2	223	8
3263	3	9	3	2	285	6
3264	4	9	4	3	224	7
3265	4	9	4	2	224	8
3266	2	2	3	2	235	8
3267	3	3	6	6	232	8
3268	4	2	5	4	141	9
3269	5	9	3	5	285	9
3270	6	7	8	6	193	9
3271	7	5	1	5	218	9
3272	8	9	4	3	225	6
3273	9	4	2	7	379	2
3274	9	4	2	6	380	3
3275	9	4	2	5	381	4
3276	9	4	2	4	382	5
3277	10	3	2	3	215	1
3278	10	3	2	2	216	2
3279	9	4	2	3	382	6
3280	9	4	2	2	383	7
3281	10	3	2	3	217	1
3282	10	3	2	2	218	2
3283	9	5	8	6	162	8
3284	10	8	7	4	117	8
3285	9	3	2	3	219	1
3286	8	9	4	2	225	7
3287	9	3	2	4	220	7
3288	7	9	4	3	225	6
3289	8	3	2	4	221	1
3290	8	3	2	3	222	2
3291	8	3	2	2	223	3
3292	7	9	4	2	225	7
3293	8	3	2	4	224	7
3294	6	5	1	5	218	9
3295	7	9	4	3	225	6
3296	8	3	2	4	225	1
3297	8	3	2	3	226	2
3298	8	3	2	2	227	3
3299	7	9	4	2	225	7
3300	8	3	2	4	228	7
3301	6	9	4	3	225	6
3302	7	3	2	4	229	1
3303	7	3	2	3	230	2
3304	7	3	2	2	231	3
3305	6	9	4	2	225	7
3306	7	3	2	4	232	7
3307	5	3	2	5	233	4
3308	6	4	2	5	383	5
3309	6	4	2	4	384	6
3310	6	4	2	3	385	7
3311	6	4	2	2	386	8
3312	7	9	4	2	225	6
3313	8	9	3	2	285	5
3314	6	9	3	3	286	4
3315	6	9	3	2	287	6
3316	5	3	2	4	233	7
3317	4	2	5	3	141	7
3318	5	3	2	5	234	7
3319	6	4	2	2	386	8
3320	7	5	1	3	218	6
3321	8	9	3	5	288	4
3322	8	9	3	4	289	5
3323	9	9	4	4	225	6
3324	9	9	4	3	225	7
3325	9	9	4	2	226	8
3326	8	9	3	3	289	6
3327	9	9	4	3	227	7
3328	9	9	4	2	227	8
3329	8	9	3	2	289	7
3330	9	9	4	3	228	6
3331	9	9	4	2	229	8
3332	7	5	1	2	218	7
3333	8	9	3	5	289	4
3334	8	9	3	4	290	5
3335	8	9	3	3	291	6
3336	8	9	3	2	292	7
3337	9	9	4	3	230	6
3338	9	9	4	2	231	8
3339	7	9	3	5	292	4
3340	7	9	3	4	293	5
3341	8	5	8	6	162	8
3342	9	9	4	4	232	8
3343	9	9	4	3	233	7
3344	8	9	4	3	234	7
3345	7	9	3	3	293	6
3346	8	5	8	6	162	8
3347	9	9	4	3	235	8
3348	9	9	4	2	236	7
3349	8	9	4	2	236	7
3350	7	9	3	2	293	7
3351	8	5	8	6	162	8
3352	9	9	4	3	236	8
3353	8	9	4	2	237	6
3354	5	9	3	4	293	4
3355	6	9	4	2	238	8
3356	5	9	3	3	293	5
3357	6	9	4	4	239	6
3358	6	9	4	3	240	7
3359	6	9	4	2	241	8
3360	5	9	3	2	293	6
3361	6	9	4	3	242	7
3362	6	9	4	2	242	8
3363	4	3	2	2	234	3
3364	5	9	3	3	293	5
3365	6	4	2	3	386	4
3366	7	5	1	3	218	7
3367	7	5	1	2	219	8
3368	6	4	2	2	386	5
3369	7	9	4	4	243	6
3370	7	9	4	3	244	7
3371	7	9	4	2	244	8
3372	5	9	3	2	293	6
3373	6	4	2	3	386	4
3374	6	4	2	2	387	5
3375	5	4	2	4	388	4
3376	5	4	2	3	389	5
3377	5	4	2	2	390	8
3378	4	4	2	3	391	5
3379	5	9	3	4	293	4
3380	5	9	3	3	294	5
3381	6	9	4	4	245	6
3382	6	9	4	3	245	7
3383	6	9	4	2	246	8
3384	5	9	3	2	294	6
3385	5	9	4	3	247	6
3386	5	9	4	2	247	8
3387	4	4	2	2	391	8
3388	5	9	3	3	295	5
3389	5	9	3	2	296	6
3390	3	3	6	5	232	5
3391	4	3	2	5	234	7
3392	5	4	2	2	391	8
3393	6	5	8	7	162	8
3394	7	5	1	3	220	6
3395	8	2	5	4	141	9
3396	8	9	4	4	248	6
3397	8	9	4	3	249	7
3398	8	9	4	2	250	8
3399	7	5	1	2	220	7
3400	8	2	5	4	142	9
3401	8	9	4	4	251	6
3402	8	9	4	3	252	7
3403	9	9	3	2	297	5
3404	8	9	4	2	252	8
3405	7	9	4	3	253	6
3406	8	9	3	3	298	9
3407	7	9	4	2	253	7
3408	8	9	3	2	299	5
3409	6	7	8	7	193	8
3410	6	9	4	3	253	6
3411	6	9	4	2	254	7
3412	4	9	3	4	300	4
3413	5	9	4	2	255	8
3414	4	9	3	3	300	5
3415	5	2	5	4	143	9
3416	5	9	4	4	256	6
3417	5	9	4	3	257	7
3418	5	9	4	2	258	8
3419	4	9	3	2	300	6
3420	5	9	4	3	259	7
3421	5	9	4	2	259	8
3422	3	3	6	2	232	4
3423	3	3	2	2	234	3
3424	4	9	3	3	300	5
3425	5	4	2	3	391	4
3426	6	5	1	3	220	7
3427	6	5	1	2	221	8
3428	5	4	2	2	391	5
3429	6	9	4	3	260	6
3430	6	9	4	2	261	7
3431	4	9	3	2	300	6
3432	5	9	4	2	261	8
3433	4	4	2	4	391	4
3434	4	4	2	3	392	5
3435	4	4	2	2	393	8
3436	3	4	2	3	394	5
3437	4	9	3	4	300	4
3438	4	9	3	3	301	5
3439	5	2	5	3	144	9
3440	4	9	3	2	301	6
3441	4	9	4	3	262	6
3442	4	9	4	2	262	8
3443	3	4	2	2	394	8
3444	4	9	3	3	302	5
3445	4	9	3	2	303	6
3446	2	2	5	4	145	8
3447	3	3	2	6	234	8
3448	4	9	3	5	304	8
3449	5	9	4	3	263	6
3450	5	9	4	2	264	7
3451	4	5	1	3	222	8
3452	5	9	3	3	304	4
3453	5	9	3	2	305	5
3454	3	9	3	4	306	4
3455	4	9	4	2	265	8
3456	3	9	3	3	306	5
3457	4	9	4	4	266	6
3458	4	9	4	3	267	7
3459	4	9	4	2	268	8
3460	3	9	3	2	306	6
3461	4	3	2	5	234	2
3462	3	3	2	5	235	7
3463	2	3	2	6	236	8
3464	1	2	1	3	355	6
3465	2	9	4	4	269	6
3466	3	9	3	4	306	5
3467	3	9	3	3	307	7
3468	4	2	3	3	235	9
3469	5	2	5	4	145	8
3470	6	3	2	7	237	8
3471	5	3	2	7	238	8
3472	4	3	2	7	239	1
3473	4	3	2	5	240	3
3474	3	9	3	2	307	8
3475	4	3	2	7	241	8
3476	3	3	2	5	242	4
3477	4	4	2	4	394	5
3478	4	4	2	3	395	6
3479	5	7	8	6	194	9
3480	6	2	3	3	235	5
3481	6	2	3	2	236	7
3482	5	5	8	7	162	9
3483	6	2	3	3	237	5
3484	6	2	3	2	238	7
3485	5	5	1	5	222	9
3486	6	2	3	3	239	5
3487	6	2	3	2	240	7
3488	5	2	3	3	241	8
3489	4	4	2	2	395	7
3490	3	2	3	3	242	8
3491	2	9	4	3	269	7
3492	3	9	3	4	307	5
3493	3	9	3	3	308	6
3494	3	9	3	2	309	8
3495	4	2	3	3	243	9
3496	5	3	2	7	242	8
3497	4	2	3	2	243	5
3498	5	3	2	6	243	1
3499	3	3	2	5	244	4
3500	4	4	2	4	396	5
3501	4	4	2	3	397	6
3502	5	7	8	5	194	9
3503	6	2	3	3	243	5
3504	6	2	3	2	244	7
3505	5	2	3	3	245	5
3506	5	2	3	2	246	7
3507	4	4	2	2	397	7
3508	3	2	3	3	247	8
3509	2	9	4	2	269	8
3510	3	2	3	4	248	5
3511	4	9	3	4	309	9
3512	4	3	2	6	244	3
3513	3	2	3	3	248	7
3514	4	9	3	4	310	9
3515	3	2	3	2	248	8
3516	3	9	3	4	311	4
3517	4	3	2	6	245	4
3518	3	9	3	3	311	5
3519	4	3	2	7	246	5
3520	5	4	2	4	398	6
3521	5	4	2	3	399	7
3522	5	4	2	2	400	8
3523	4	3	2	6	246	4
3524	5	4	2	3	401	6
3525	5	4	2	2	402	7
3526	4	3	2	5	246	1
3527	3	9	3	2	311	6
3528	4	2	5	4	145	8
3529	5	3	2	7	247	8
3530	4	3	2	7	248	8
3531	3	2	5	4	145	8
3532	4	3	2	7	249	8
3533	3	3	2	7	250	8
3534	2	3	2	5	251	4
3535	3	2	3	3	249	8
3536	2	2	3	3	250	8
3537	1	2	1	2	355	7
3538	2	3	6	6	233	7
3539	3	9	4	4	269	6
3540	4	9	3	4	311	5
3541	4	9	3	3	312	7
3542	5	2	3	4	251	9
3543	4	9	3	2	312	8
3544	4	2	3	3	252	6
3545	5	4	2	7	403	2
3546	5	7	8	6	194	9
3547	6	4	2	5	404	4
3548	6	4	2	4	405	5
3549	6	4	2	3	406	6
3550	6	4	2	2	407	7
3551	7	3	2	2	251	3
3552	6	5	8	5	162	8
3553	7	2	5	3	145	8
3554	6	3	2	4	252	1
3555	5	4	2	5	407	4
3556	5	4	2	4	408	5
3557	5	4	2	3	409	6
3558	5	4	2	2	410	7
3559	6	3	2	2	253	3
3560	5	5	8	6	162	9
3561	6	7	8	5	194	8
3562	6	3	2	4	254	1
3563	5	5	1	4	222	9
3564	6	7	8	5	195	8
3565	3	9	4	3	269	7
3566	4	9	3	4	313	5
3567	4	9	3	3	314	6
3568	4	9	3	2	315	8
3569	4	2	3	3	252	6
3570	5	4	2	7	410	2
3571	5	7	8	6	196	9
3572	6	4	2	5	411	4
3573	6	4	2	4	412	5
3574	6	4	2	3	413	6
3575	7	5	1	3	222	3
3576	7	5	1	2	223	5
3577	7	3	2	4	255	4
3578	6	4	2	2	413	7
3579	7	3	2	2	255	3
3580	6	5	8	5	162	8
3581	7	2	5	3	146	8
3582	5	4	2	5	413	4
3583	5	4	2	4	414	5
3584	5	4	2	3	415	6
3585	6	5	8	6	162	9
3586	6	5	1	3	224	9
3587	5	4	2	2	415	7
3588	6	3	2	2	256	3
3589	5	5	8	6	163	9
3590	6	7	8	5	196	8
3591	6	3	2	4	257	1
3592	5	5	1	4	225	9
3593	3	9	4	2	269	8
3594	4	9	3	5	316	4
3595	5	3	2	4	258	4
3596	6	2	3	4	252	9
3597	5	4	2	7	415	4
3598	6	3	2	2	258	2
3599	5	3	2	3	259	3
3600	6	2	3	4	253	9
3601	4	9	3	4	316	5
3602	5	3	2	5	259	5
3603	6	2	3	3	254	9
3604	5	2	3	3	255	9
3605	4	9	3	3	316	6
3606	5	2	3	3	256	9
3607	4	9	3	2	316	7
3608	5	2	3	4	257	9
3609	4	2	3	3	258	6
3610	5	7	8	6	197	9
3611	6	5	8	6	163	8
3612	7	4	2	7	415	8
3613	8	5	1	3	226	5
3614	8	5	1	2	227	6
3615	6	2	5	3	147	8
3616	5	5	8	7	163	9
3617	6	2	5	3	148	8
3618	5	5	1	6	228	9
3619	6	7	8	5	197	8
3620	3	2	3	3	258	8
3621	3	2	3	2	259	5
3622	3	9	3	2	316	5
3623	4	4	2	3	415	6
3624	4	4	2	2	416	7
3625	3	4	2	3	417	6
3626	3	4	2	2	418	7
3627	4	5	1	2	228	6
3628	4	7	8	6	198	9
3629	5	8	7	5	118	8
3630	5	5	8	4	163	7
3631	4	8	7	4	119	7
3632	2	3	6	5	233	8
3633	3	9	3	4	316	9
3634	4	3	2	2	259	3
3635	5	4	2	3	418	4
3636	5	4	2	2	419	6
3637	5	7	8	6	198	9
3638	6	9	4	3	269	6
3639	6	9	4	2	270	7
3640	5	7	8	5	198	8
3641	4	4	2	2	420	6
3642	2	9	3	5	316	9
3643	3	2	3	2	260	5
3644	3	4	2	3	421	6
3645	4	7	8	6	199	9
3646	5	9	4	3	271	6
3647	5	9	4	2	272	7
3648	4	9	4	3	273	6
3649	4	9	4	2	274	7
3650	3	4	2	2	421	7
3651	4	7	8	5	199	9
3652	5	5	8	5	164	8
3653	5	2	5	3	149	8
3654	4	5	8	6	165	9
3655	3	7	8	6	199	9
3656	4	9	4	3	275	6
3657	4	9	4	2	276	7
3658	4	5	1	3	229	5
3659	4	5	1	2	230	6
3660	3	9	4	3	277	6
3661	3	9	4	2	278	7
3662	3	7	8	4	199	7
3663	2	2	3	2	261	5
3664	2	9	3	2	316	5
3665	3	4	2	3	421	6
3666	3	4	2	2	422	7
3667	2	4	2	3	423	6
3668	3	5	1	2	231	5
3669	3	7	8	6	200	9
3670	4	5	8	5	166	8
3671	2	4	2	2	423	7
3672	1	9	3	6	316	9
3673	2	2	3	3	262	6
3674	2	3	2	2	259	3
3675	3	4	2	3	424	5
3676	3	4	2	2	425	6
3677	1	9	3	5	316	8
3678	2	2	3	3	263	7
3679	3	3	2	2	259	3
3680	4	4	2	3	426	4
3681	2	2	3	2	263	5
3682	1	4	2	4	427	6
3683	0	9	4	4	279	6
3684	1	9	3	4	316	5
3685	2	4	2	6	428	9
3686	3	2	1	3	355	1
3687	4	5	8	8	167	9
3688	5	2	3	3	264	8
3689	6	3	2	5	259	3
3690	5	2	3	2	264	7
3691	4	2	3	3	265	7
3692	4	2	3	2	266	8
3693	5	5	8	7	167	8
3694	5	5	1	5	232	8
3695	4	5	8	7	168	8
3696	4	5	1	5	233	8
3697	3	2	1	2	355	3
3698	2	4	2	3	428	4
3699	3	2	1	4	356	5
3700	4	2	3	2	266	7
3701	3	2	1	2	356	1
3702	1	9	3	3	316	7
3703	2	4	2	8	428	2
3704	3	2	3	3	267	6
3705	3	2	3	2	268	8
3706	4	5	1	3	234	7
3707	4	5	1	2	235	8
3708	3	2	1	2	357	2
3709	2	4	2	7	428	3
3710	2	4	2	6	429	4
3711	3	3	2	3	259	1
3712	4	2	3	4	268	5
3713	5	2	5	5	150	8
3714	6	2	1	5	358	2
3715	6	2	1	3	359	3
3716	6	2	1	2	360	4
3717	5	2	1	5	361	2
3718	5	2	1	3	362	3
3719	5	2	1	2	363	4
3720	4	2	3	3	268	6
3721	5	2	5	5	150	8
3722	6	2	1	5	364	2
3723	7	5	1	4	236	6
3724	7	5	1	3	237	7
3725	7	5	1	2	238	8
3726	8	7	1	2	97	6
3727	6	2	1	4	364	3
3728	7	5	1	4	238	6
3729	7	5	1	3	239	7
3730	8	7	1	2	98	6
3731	7	5	1	2	239	8
3732	8	7	1	2	99	6
3733	6	2	1	3	364	4
3734	6	2	1	2	365	5
3735	5	2	1	5	366	2
3736	6	5	1	4	239	6
3737	6	5	1	3	240	7
3738	6	5	1	2	241	8
3739	7	5	8	7	169	9
3740	8	7	1	2	100	6
3741	7	7	8	6	200	8
3742	7	3	6	6	233	7
3743	5	2	1	4	366	3
3744	6	5	1	4	241	6
3745	6	5	1	3	242	7
3746	7	5	8	7	169	9
3747	8	3	6	6	234	6
3748	9	5	5	5	114	6
3749	10	7	1	2	101	6
3750	9	5	5	4	114	8
3751	10	7	1	2	102	6
3752	9	8	7	4	120	7
3753	10	7	1	2	103	6
3754	8	3	6	5	234	7
3755	7	3	6	6	235	6
3756	8	5	5	5	114	6
3757	9	5	8	5	169	8
3758	8	5	8	6	170	6
3759	7	3	6	5	235	7
3760	6	5	1	2	242	8
3761	7	5	8	7	171	9
3762	8	3	6	6	236	6
3763	9	5	5	5	114	6
3764	9	8	7	4	120	7
3765	10	7	1	2	104	6
3766	8	3	6	5	236	7
3767	7	3	6	6	237	6
3768	8	7	8	6	201	8
3769	7	3	6	5	237	7
3770	5	2	1	3	366	4
3771	5	2	1	2	367	5
3772	4	2	3	2	268	8
3773	5	2	5	6	150	9
3774	6	2	1	6	368	2
3775	7	3	6	5	238	8
3776	8	5	1	4	242	6
3777	8	5	1	3	243	7
3778	8	5	1	2	244	8
3779	7	5	1	4	245	6
3780	7	5	1	3	246	7
3781	7	5	1	2	247	8
3782	6	2	1	5	368	3
3783	7	5	1	4	248	6
3784	7	5	1	3	249	7
3785	8	5	8	7	171	9
3786	9	3	6	7	238	8
3787	10	5	5	6	115	6
3788	11	7	1	2	105	6
3789	10	5	5	5	115	8
3790	11	8	7	4	120	8
3791	11	8	7	3	121	7
3792	12	7	1	2	106	6
3793	9	7	1	2	107	6
3794	9	5	5	6	115	8
3795	10	8	7	5	121	8
3796	10	8	7	4	122	7
3797	11	1	2	2	97	5
3798	10	8	7	3	122	6
3799	8	3	6	7	238	8
3800	9	5	5	6	115	6
3801	10	5	8	4	171	8
3802	11	8	7	4	123	8
3803	9	5	8	5	171	6
3804	8	7	1	2	108	6
3805	8	5	8	6	172	8
3806	8	7	8	6	202	8
3807	9	8	7	3	124	6
3808	7	5	1	2	249	8
3809	8	5	8	7	173	9
3810	9	3	6	7	238	8
3811	10	5	5	6	115	6
3812	10	8	7	3	125	7
3813	11	5	5	5	116	7
3814	9	7	1	2	109	6
3815	9	1	2	2	98	5
3816	8	3	6	7	238	8
3817	9	7	8	5	202	8
3818	9	7	8	4	203	7
3819	10	5	8	4	173	6
3820	8	7	8	6	203	8
3821	9	8	7	3	125	6
3822	8	3	6	6	238	7
3823	6	2	1	4	368	4
3824	6	2	1	3	369	5
3825	7	3	6	5	239	8
3826	7	5	1	4	249	6
3827	7	5	1	3	250	7
3828	7	5	1	2	251	8
3829	5	5	1	4	252	6
3830	5	5	1	3	253	7
3831	6	2	1	5	369	2
3832	7	7	8	6	203	8
3833	8	2	5	4	150	7
3834	9	8	7	2	126	6
3835	7	5	8	6	174	8
3836	8	7	8	5	203	7
3837	6	2	1	4	369	3
3838	7	7	1	2	110	6
3839	7	5	5	7	117	9
3840	8	5	8	6	174	8
3841	9	1	2	2	99	5
3842	8	7	8	6	204	8
3843	9	8	7	3	127	6
3844	7	5	8	7	174	9
3845	8	2	5	4	150	6
3846	9	5	5	5	117	8
3847	10	1	2	2	100	5
3848	8	2	5	3	150	7
3849	7	5	8	6	174	8
3850	7	7	8	6	204	8
3851	8	2	5	4	151	6
3852	9	8	7	3	128	6
3853	6	2	1	3	369	4
3854	6	2	1	2	370	5
3855	7	7	8	6	204	8
3856	8	2	5	3	151	7
3857	5	5	1	2	253	8
3858	6	2	1	6	370	2
3859	6	2	1	5	371	3
3860	7	7	1	2	111	6
3861	7	5	5	7	117	9
3862	8	1	2	2	101	5
3863	7	5	8	7	175	9
3864	8	2	5	4	152	6
3865	9	1	2	2	102	5
3866	8	2	5	3	152	7
3867	7	7	8	6	204	8
3868	8	2	5	4	153	6
3869	9	8	7	3	129	6
3870	7	2	5	4	153	6
3871	8	1	2	2	103	5
3872	7	2	5	3	153	7
3873	6	2	1	4	371	4
3874	6	2	1	3	372	5
3875	4	2	1	4	373	2
3876	4	2	1	3	374	3
3877	4	2	1	2	375	4
3878	3	3	2	2	259	2
3879	2	4	2	5	429	5
3880	3	3	2	4	260	1
3881	4	2	3	4	268	5
3882	5	5	1	3	253	7
3883	5	5	1	2	254	8
3884	6	2	5	5	154	8
3885	7	2	1	5	376	2
3886	7	2	1	3	377	3
3887	8	3	6	4	240	4
3888	8	3	6	3	241	5
3889	9	7	1	3	112	9
3890	8	3	6	2	241	6
3891	7	2	1	2	377	4
3892	6	5	8	7	175	9
3893	7	2	1	5	378	2
3894	7	2	1	3	379	3
3895	8	3	6	2	242	6
3896	7	2	1	2	379	4
3897	6	7	8	6	204	8
3898	6	3	6	4	243	7
3899	6	3	6	3	244	6
3900	7	2	1	2	380	2
3901	4	2	3	3	268	6
3902	5	2	5	5	154	8
3903	6	2	1	5	381	2
3904	6	2	1	4	382	3
3905	7	5	1	3	254	7
3906	7	5	1	2	255	8
3907	8	7	1	3	113	9
3908	6	2	1	3	382	4
3909	6	2	1	2	383	5
3910	5	2	1	5	384	2
3911	5	2	1	4	385	3
3912	6	5	1	3	255	7
3913	6	5	1	2	256	8
3914	7	5	8	7	175	9
3915	8	3	6	6	244	6
3916	9	5	5	5	117	6
3917	9	8	7	4	130	7
3918	10	7	1	3	114	9
3919	8	3	6	5	244	7
3920	7	3	6	6	245	6
3921	8	7	8	6	205	8
3922	7	3	6	5	245	7
3923	5	2	1	3	385	4
3924	5	2	1	2	386	5
3925	4	2	3	2	268	8
3926	5	2	5	6	154	9
3927	6	2	1	6	387	2
3928	6	2	1	5	388	3
3929	7	5	1	3	256	7
3930	7	5	1	2	257	8
3931	8	5	8	7	175	9
3932	9	3	6	7	246	8
3933	9	7	1	3	115	9
3934	8	3	6	7	247	8
3935	8	7	8	6	206	8
3936	8	3	6	6	248	7
3937	6	2	1	4	388	4
3938	6	2	1	3	389	5
3939	5	2	1	6	390	2
3940	5	2	1	5	391	3
3941	6	5	1	3	257	7
3942	6	5	1	2	258	8
3943	7	7	1	3	116	9
3944	5	2	1	4	391	4
3945	5	2	1	3	392	5
3946	4	2	1	4	393	2
3947	4	2	1	3	394	3
3948	4	2	1	2	395	4
3949	3	3	2	3	260	2
3950	3	3	2	2	261	3
3951	2	4	2	4	429	6
3952	3	7	1	4	117	9
3953	4	5	5	8	118	9
3954	5	2	3	5	268	9
3955	6	2	5	6	154	8
3956	7	2	1	7	396	1
3957	7	2	1	6	397	2
3958	7	2	1	5	398	3
3959	7	2	1	4	399	4
3960	7	2	1	3	400	5
3961	7	2	1	2	401	6
3962	8	3	2	5	262	1
3963	8	3	2	4	263	2
3964	8	3	2	3	264	3
3965	8	3	2	2	265	4
3966	9	5	1	4	258	4
3967	9	5	1	3	259	5
3968	9	5	1	2	260	7
3969	9	1	2	2	104	7
3970	6	2	1	7	401	1
3971	6	2	1	6	402	2
3972	6	2	1	5	403	3
3973	6	2	1	4	404	4
3974	6	2	1	3	405	5
3975	6	2	1	2	406	6
3976	7	3	2	5	265	1
3977	7	3	2	4	266	2
3978	7	3	2	3	267	3
3979	7	3	2	2	268	4
3980	8	5	1	4	261	4
3981	8	5	1	3	262	5
3982	8	5	1	2	263	7
3983	8	1	2	2	105	7
3984	5	2	3	4	268	4
3985	6	3	2	3	268	2
3986	6	3	2	2	268	3
3987	5	2	3	3	268	5
3988	6	3	2	3	269	2
3989	6	3	2	2	270	3
3990	5	2	3	2	268	6
3991	5	2	1	6	406	1
3992	5	2	1	5	407	2
3993	5	2	1	4	408	3
3994	5	2	1	3	409	4
3995	5	2	1	2	410	5
3996	4	5	8	8	175	9
3997	5	2	1	7	411	1
3998	6	3	2	3	271	2
3999	6	3	2	2	272	3
4000	5	2	1	6	411	2
4001	6	3	2	4	273	1
4002	6	3	2	3	274	3
4003	6	3	2	2	275	4
4004	7	2	3	4	269	5
4005	7	2	3	3	270	6
4006	7	2	3	2	271	8
4007	5	2	1	5	411	3
4008	5	2	1	4	412	4
4009	5	2	1	3	413	5
4010	5	2	1	2	414	6
4011	6	2	3	4	272	4
4012	6	2	3	3	273	5
4013	7	3	2	3	275	2
4014	7	3	2	2	276	3
4015	6	2	3	2	273	8
4016	6	2	5	5	154	8
4017	7	3	2	5	277	1
4018	7	3	2	4	278	2
4019	7	3	2	3	279	3
4020	7	3	2	2	280	4
4021	8	5	1	4	264	4
4022	8	5	1	3	265	5
4023	8	5	1	2	266	7
4024	8	1	2	2	106	7
4025	6	3	2	5	280	1
4026	6	3	2	4	281	2
4027	6	3	2	3	282	3
4028	6	3	2	2	283	4
4029	7	5	1	4	267	4
4030	7	5	1	3	268	5
4031	7	5	1	2	269	7
4032	7	1	2	2	107	7
4033	4	2	1	7	414	1
4034	4	2	1	6	415	2
4035	5	3	2	4	283	1
4036	5	3	2	3	284	3
4037	5	3	2	2	285	4
4038	6	2	3	4	274	5
4039	6	2	3	3	275	6
4040	6	2	3	2	276	8
4041	4	2	1	5	415	3
4042	4	2	1	4	416	4
4043	4	2	1	3	417	5
4044	4	2	1	2	418	6
4045	5	2	3	4	277	4
4046	5	2	3	3	278	5
4047	6	3	2	3	285	2
4048	6	3	2	2	286	3
4049	5	2	3	2	278	8
4050	5	2	5	5	154	8
4051	6	3	2	5	287	1
4052	6	3	2	4	288	2
4053	6	3	2	3	289	3
4054	6	3	2	2	290	4
4055	7	5	1	4	270	4
4056	7	5	1	3	271	5
4057	7	5	1	2	272	7
4058	7	7	8	6	207	8
4059	7	3	6	6	249	9
4060	5	3	2	5	290	1
4061	5	3	2	4	291	2
4062	5	3	2	3	292	3
4063	5	3	2	2	293	4
4064	6	5	1	4	273	4
4065	6	5	1	3	274	5
4066	6	5	1	2	275	7
4067	6	7	8	6	208	8
4068	6	7	8	5	209	7
4069	7	1	2	2	108	7
4070	3	2	1	7	418	1
4071	4	3	2	3	293	2
4072	4	3	2	2	294	3
4073	3	2	1	6	418	2
4074	4	3	2	4	295	1
4075	4	3	2	3	296	3
4076	4	3	2	2	297	4
4077	3	2	1	5	418	3
4078	4	2	3	2	279	6
4079	3	2	1	4	418	4
4080	3	2	1	3	419	5
4081	3	2	1	2	420	6
4082	4	2	3	4	280	4
4083	4	2	3	3	281	5
4084	5	3	2	3	298	2
4085	5	3	2	2	299	3
4086	4	2	3	2	281	8
4087	4	2	5	5	154	8
4088	5	3	2	5	300	1
4089	5	3	2	4	301	2
4090	5	3	2	3	302	3
4091	5	3	2	2	303	4
4092	4	3	2	5	304	1
4093	4	3	2	4	305	2
4094	4	3	2	3	306	3
4095	4	3	2	2	307	4
4096	3	3	2	3	308	2
4097	3	3	2	2	309	3
4098	2	4	2	3	429	7
4099	3	7	1	4	117	9
4100	4	2	1	7	420	1
4101	5	3	2	4	310	2
4102	5	3	2	3	311	3
4103	5	3	2	2	312	4
4104	4	2	1	6	420	2
4105	5	2	3	4	282	9
4106	6	3	2	4	313	3
4107	6	3	2	3	314	4
4108	7	7	8	5	209	8
4109	8	5	8	3	175	7
4110	7	7	8	4	209	7
4111	6	3	2	2	314	5
4112	6	5	1	3	276	5
4113	6	5	1	2	277	6
4114	6	2	5	5	154	8
4115	7	3	6	3	250	5
4116	7	3	6	2	251	7
4117	6	3	6	3	252	5
4118	7	2	5	3	154	7
4119	8	5	8	7	176	7
4120	9	7	8	5	210	8
4121	10	8	7	3	130	6
4122	6	3	6	2	252	7
4123	7	7	8	6	210	7
4124	8	5	5	6	118	7
4125	8	5	8	6	176	9
4126	8	5	8	5	177	6
4127	7	5	8	7	178	7
4128	8	7	8	5	210	8
4129	9	8	7	2	131	5
4130	5	3	2	4	315	3
4131	4	2	1	5	420	3
4132	5	5	1	4	278	4
4133	5	5	1	3	279	5
4134	6	3	2	2	316	4
4135	5	5	1	2	279	6
4136	6	3	2	2	317	4
4137	7	2	3	2	282	6
4138	7	7	8	5	210	8
4139	8	5	8	3	178	7
4140	7	7	8	4	210	7
4141	5	3	2	5	317	1
4142	5	3	2	2	318	4
4143	6	2	3	2	283	6
4144	5	2	3	2	284	4
4145	5	2	5	4	154	8
4146	6	3	6	4	252	3
4147	6	3	6	3	252	5
4148	7	5	5	7	119	9
4149	8	7	8	6	211	8
4150	9	8	7	3	132	6
4151	6	3	6	2	252	7
4152	6	7	8	6	211	8
4153	7	5	8	6	179	7
4154	8	8	7	3	133	6
4155	6	8	7	2	134	6
4156	5	2	5	3	154	7
4157	6	3	6	3	253	9
4158	6	3	6	2	254	3
4159	5	3	6	3	254	7
4160	6	7	8	6	211	7
4161	7	5	5	6	119	7
4162	7	5	8	6	179	9
4163	7	5	8	5	180	6
4164	6	5	8	7	181	7
4165	7	7	8	5	211	8
4166	8	8	7	2	135	5
4167	5	3	6	2	254	3
4168	5	7	8	6	211	7
4169	6	5	8	6	181	9
4170	6	5	8	5	182	4
4171	5	7	8	5	211	8
4172	6	8	7	2	136	5
4173	4	2	1	4	420	4
4174	4	2	1	3	421	5
4175	4	2	1	2	422	6
4176	4	2	3	3	284	5
4177	5	3	2	2	318	3
4178	4	2	3	2	284	6
4179	5	5	1	2	279	5
4180	4	5	1	2	280	5
4181	3	2	1	7	423	1
4182	4	3	2	4	319	2
4183	4	3	2	3	320	3
4184	4	3	2	2	321	4
4185	3	2	1	6	423	2
4186	3	2	1	5	424	3
4187	3	2	1	4	425	4
4188	3	2	1	3	426	5
4189	3	2	1	2	427	6
4190	3	2	3	3	284	5
4191	4	3	2	2	322	3
4192	3	2	3	2	284	6
4193	2	4	2	2	429	8
4194	3	7	1	4	117	9
4195	4	3	2	6	323	7
4196	4	2	1	4	428	2
4197	4	2	1	3	429	3
4198	4	2	1	2	430	4
4199	3	2	1	6	431	1
4200	3	2	1	5	432	2
4201	4	3	2	5	324	3
4202	4	3	2	4	325	4
4203	4	3	2	3	326	5
4204	4	3	2	2	327	6
4205	3	2	1	4	432	3
4206	3	2	1	3	433	4
4207	3	2	1	2	434	5
4208	2	5	8	8	183	9
4209	3	2	1	7	435	1
4210	4	2	3	4	285	5
4211	5	5	1	3	281	4
4212	5	5	1	2	281	5
4213	4	2	3	3	285	6
4214	4	2	3	2	286	8
4215	5	2	5	6	154	9
4216	6	3	6	6	254	8
4217	7	3	2	4	328	3
4218	7	3	2	3	329	4
4219	7	3	2	2	330	5
4220	5	3	2	5	331	3
4221	5	3	2	4	332	4
4222	5	3	2	3	333	5
4223	5	3	2	2	334	6
4224	4	3	2	5	335	7
4225	3	2	1	6	435	2
4226	4	2	3	5	286	4
4227	4	2	3	4	287	5
4228	5	2	5	5	154	9
4229	6	3	2	5	336	3
4230	6	3	2	4	337	4
4231	6	3	2	3	337	6
4232	6	3	2	2	338	7
4233	5	2	5	4	154	8
4234	6	5	1	5	282	8
4235	7	3	2	5	339	3
4236	7	3	2	4	340	4
4237	7	3	2	3	340	6
4238	7	3	2	2	341	7
4239	4	2	3	3	287	6
4240	5	3	2	4	342	4
4241	6	5	1	3	282	6
4242	5	3	2	3	342	5
4243	5	3	2	2	343	7
4244	4	2	3	2	287	8
4245	5	3	2	5	344	7
4246	6	5	1	5	283	8
4247	6	2	5	6	154	9
4248	7	5	1	4	284	4
4249	7	5	1	3	285	5
4250	7	5	1	2	286	6
4251	8	8	7	4	137	7
4252	8	8	7	3	138	6
4253	9	3	6	5	254	2
4254	9	3	6	4	255	3
4255	9	3	6	3	256	4
4256	10	1	2	2	109	3
4257	9	3	6	2	256	5
4258	8	8	7	2	138	4
4259	8	1	2	3	110	6
4260	7	8	7	4	139	7
4261	8	3	6	5	257	2
4262	8	3	6	4	258	3
4263	8	3	6	3	259	4
4264	9	1	2	2	111	3
4265	8	3	6	2	259	5
4266	9	6	8	8	93	7
4267	8	6	8	8	94	7
4268	7	8	7	3	139	6
4269	8	3	6	5	259	2
4270	8	3	6	4	260	3
4271	8	3	6	3	261	4
4272	9	1	2	2	112	3
4273	8	3	6	2	261	5
4274	7	8	7	2	139	4
4275	7	3	6	5	262	2
4276	7	3	6	4	263	3
4277	7	3	6	3	264	4
4278	8	1	2	2	113	3
4279	7	3	6	2	264	5
4280	8	1	3	3	91	9
4281	6	2	5	5	154	7
4282	7	5	1	4	286	4
4283	7	5	1	3	287	5
4284	7	5	1	2	288	6
4285	8	3	6	5	264	2
4286	8	3	6	4	265	3
4287	8	3	6	3	266	4
4288	9	1	2	2	114	3
4289	8	3	6	2	266	5
4290	9	1	3	4	92	9
4291	8	1	3	4	93	9
4292	7	3	6	5	266	2
4293	7	3	6	4	267	3
4294	7	3	6	3	268	4
4295	8	1	2	2	115	3
4296	7	3	6	2	268	5
4297	8	1	3	4	94	9
4298	7	1	3	4	95	9
4299	5	3	2	2	344	4
4300	4	2	5	6	154	8
4301	5	3	2	6	345	3
4302	5	3	2	5	346	4
4303	6	5	1	5	288	3
4304	6	5	1	4	289	4
4305	6	5	1	3	290	6
4306	6	5	1	2	291	7
4307	6	1	3	2	96	6
4308	5	3	2	4	346	5
4309	5	3	2	3	347	6
4310	6	5	1	4	292	5
4311	6	5	1	3	293	6
4312	6	5	1	2	294	7
4313	7	1	2	2	116	5
4314	6	1	2	2	117	5
4315	7	3	6	4	268	2
4316	7	3	6	3	269	5
4317	7	3	6	2	270	7
4318	7	6	2	2	95	4
4319	5	3	2	2	347	7
4320	6	5	1	5	294	8
4321	4	2	5	5	154	6
4322	5	3	2	6	347	3
4323	5	3	2	5	348	4
4324	6	5	1	5	295	3
4325	6	5	1	4	296	4
4326	6	5	1	3	297	6
4327	6	5	1	2	298	7
4328	6	3	6	5	271	2
4329	6	3	6	4	272	3
4330	7	1	2	2	117	7
4331	6	3	6	3	272	5
4332	6	3	6	2	273	7
4333	7	1	2	3	118	8
4334	5	3	2	4	348	5
4335	5	3	2	3	349	6
4336	6	5	1	4	299	5
4337	6	5	1	3	300	6
4338	6	5	1	2	301	7
4339	7	1	2	2	119	5
4340	6	1	2	2	120	5
4341	7	3	6	4	273	2
4342	7	3	6	3	274	5
4343	7	3	6	2	275	7
4344	8	6	2	2	96	4
4345	5	3	2	2	349	7
4346	6	5	1	5	301	8
4347	4	2	5	4	154	7
4348	5	3	2	6	349	7
4349	6	5	1	5	302	8
4350	5	3	2	5	349	8
4351	3	2	1	5	435	3
4352	4	3	2	5	350	4
4353	5	2	3	3	287	6
4354	6	5	1	3	303	6
4355	6	5	1	2	304	7
4356	5	2	3	2	287	8
4357	5	2	5	5	154	8
4358	6	5	1	4	305	4
4359	6	5	1	3	306	6
4360	6	5	1	2	307	7
4361	6	1	2	2	120	5
4362	5	5	1	4	308	4
4363	5	5	1	3	309	6
4364	5	5	1	2	310	7
4365	5	1	2	2	121	5
4366	4	3	2	4	350	5
4367	5	2	3	3	288	6
4368	6	5	1	4	311	5
4369	6	5	1	3	312	6
4370	7	2	5	5	154	9
4371	8	1	2	2	122	4
4372	7	2	5	4	154	8
4373	6	5	1	2	312	7
4374	6	2	5	5	155	9
4375	7	1	2	2	122	4
4376	6	2	5	4	155	8
4377	5	2	3	2	288	8
4378	6	5	1	2	313	6
4379	5	5	1	4	314	5
4380	5	5	1	3	315	6
4381	6	2	5	5	156	8
4382	6	1	2	2	122	4
4383	5	5	1	2	315	7
4384	6	2	5	5	157	8
4385	7	1	2	2	122	4
4386	6	1	2	2	122	4
4387	5	2	5	5	157	8
4388	6	1	2	2	122	4
4389	5	1	2	2	122	4
4390	4	3	2	3	350	6
4391	5	5	1	4	315	5
4392	5	5	1	3	316	6
4393	5	5	1	2	317	7
4394	6	2	3	4	288	4
4395	6	2	3	3	289	5
4396	7	2	5	5	157	9
4397	8	3	6	4	275	4
4398	8	3	6	3	276	5
4399	9	1	2	2	122	4
4400	8	3	6	2	276	7
4401	7	2	5	4	157	6
4402	7	2	5	3	158	8
4403	6	2	3	2	289	8
4404	7	2	5	5	159	9
4405	8	3	6	6	277	8
4406	8	1	2	3	123	7
4407	7	2	5	4	159	6
4408	8	1	2	3	124	7
4409	7	2	5	3	159	7
4410	6	2	5	5	160	8
4411	7	1	2	4	125	7
4412	6	2	5	4	160	6
4413	7	1	2	4	126	7
4414	6	2	5	3	160	7
4415	5	2	3	4	289	4
4416	5	2	3	3	290	5
4417	6	2	5	5	161	9
4418	7	3	6	4	278	4
4419	7	3	6	3	279	5
4420	8	1	2	2	127	4
4421	7	3	6	2	279	7
4422	8	1	2	2	128	4
4423	6	2	5	4	161	6
4424	6	2	5	3	162	8
4425	7	3	6	3	279	4
4426	7	3	6	2	280	5
4427	8	1	2	2	129	4
4428	5	2	3	2	290	8
4429	6	2	5	5	162	9
4430	7	3	6	6	280	8
4431	7	3	6	5	281	7
4432	8	1	3	2	97	5
4433	6	2	5	4	162	6
4434	7	1	3	2	98	5
4435	6	2	5	3	162	7
4436	5	2	5	5	163	8
4437	6	1	3	2	99	5
4438	6	1	2	3	130	5
4439	7	3	6	4	281	3
4440	7	3	6	3	282	5
4441	7	3	6	2	283	7
4442	8	6	2	2	97	4
4443	7	6	2	2	98	4
4444	5	2	5	4	163	6
4445	6	1	3	2	100	5
4446	6	1	2	3	130	5
4447	7	3	6	4	283	3
4448	7	3	6	3	284	5
4449	8	6	2	2	99	4
4450	7	3	6	2	284	7
4451	8	6	2	2	100	4
4452	5	2	5	3	163	7
4453	4	3	2	2	350	7
4454	5	5	1	5	317	4
4455	5	5	1	4	318	5
4456	5	5	1	3	319	6
4457	6	5	5	6	120	8
4458	7	2	3	5	290	4
4459	7	2	3	4	291	5
4460	7	2	3	3	292	6
4461	7	2	3	2	293	8
4462	5	5	1	2	319	7
4463	6	5	5	6	120	8
4464	7	2	3	5	294	4
4465	7	2	3	4	295	5
4466	7	2	3	3	296	6
4467	7	2	3	2	297	8
4468	8	2	5	5	164	9
4469	9	8	7	4	140	7
4470	10	1	2	2	130	4
4471	9	8	7	3	140	6
4472	8	2	5	4	164	6
4473	3	2	1	4	435	4
4474	3	2	1	3	436	5
4475	4	3	2	2	350	4
4476	3	2	1	2	436	6
4477	4	2	3	4	297	4
4478	4	2	3	3	298	5
4479	5	3	2	4	351	3
4480	5	3	2	3	352	4
4481	5	3	2	2	352	7
4482	4	2	3	2	298	8
4483	4	2	5	5	165	8
4484	5	3	2	5	353	3
4485	5	3	2	4	354	4
4486	5	3	2	3	355	5
4487	5	3	2	2	356	7
4488	4	3	2	5	357	3
4489	4	3	2	4	358	4
4490	4	3	2	3	359	5
4491	4	3	2	2	360	7
4492	2	2	1	7	436	1
4493	3	5	8	7	183	8
4494	4	3	2	5	361	3
4495	4	3	2	4	362	4
4496	4	3	2	3	363	5
4497	4	3	2	2	364	6
4498	3	2	3	4	299	8
4499	4	3	6	5	284	8
4500	5	7	8	5	211	7
4501	6	5	1	5	319	7
4502	3	2	3	3	299	9
4503	3	5	1	5	320	7
4504	2	2	1	6	436	2
4505	3	3	2	6	365	3
4506	3	3	2	5	366	4
4507	4	2	3	3	300	6
4508	5	5	1	3	321	6
4509	4	2	3	2	300	8
4510	4	2	5	6	165	8
4511	5	5	1	5	322	3
4512	5	5	1	4	323	4
4513	5	5	1	3	324	6
4514	5	5	1	2	325	7
4515	5	7	8	6	211	8
4516	6	8	7	3	141	6
4517	7	1	2	2	131	5
4518	5	5	5	7	120	9
4519	6	3	6	6	284	9
4520	6	8	7	5	141	8
4521	5	3	6	6	285	9
4522	4	5	1	5	326	3
4523	4	5	1	4	327	4
4524	4	5	1	3	328	6
4525	4	5	1	2	329	7
4526	4	7	8	6	211	8
4527	5	8	7	3	142	6
4528	6	1	2	2	132	5
4529	4	5	5	7	120	9
4530	5	3	6	6	286	9
4531	6	2	5	5	165	6
4532	5	2	5	5	166	6
4533	6	3	6	4	286	2
4534	6	3	6	3	287	3
4535	7	8	7	5	142	8
4536	6	3	6	2	287	5
4537	5	2	5	4	166	7
4538	4	7	8	5	211	7
4539	5	2	5	5	167	6
4540	6	3	6	5	288	2
4541	6	3	6	4	289	3
4542	7	1	2	2	133	7
4543	6	3	6	3	289	5
4544	6	3	6	2	290	7
4545	5	5	8	5	183	6
4546	3	3	2	4	366	5
4547	3	3	2	3	367	6
4548	4	5	1	4	330	5
4549	4	5	1	3	331	6
4550	5	2	3	4	301	4
4551	5	2	3	3	302	5
4552	5	2	3	2	303	8
4553	4	5	1	2	331	7
4554	5	2	3	4	304	4
4555	5	2	3	3	305	5
4556	5	2	3	2	306	8
4557	5	2	5	6	167	8
4558	6	1	2	2	134	5
4559	5	1	2	2	135	5
4560	4	7	8	6	211	8
4561	5	2	3	4	307	4
4562	5	2	3	3	308	5
4563	5	2	3	2	309	8
4564	5	2	5	6	167	8
4565	6	8	7	3	143	6
4566	5	8	7	3	144	6
4567	4	2	3	4	310	4
4568	4	2	3	3	311	5
4569	4	2	3	2	312	8
4570	4	2	5	6	167	8
4571	5	1	2	2	136	5
4572	6	3	6	4	291	2
4573	6	3	6	3	292	5
4574	7	8	7	5	145	8
4575	6	3	6	2	292	7
4576	7	8	7	5	146	8
4577	6	8	7	5	147	8
4578	4	1	2	2	136	5
4579	5	8	7	5	148	8
4580	3	3	2	2	367	7
4581	4	5	1	5	331	4
4582	4	5	1	4	332	5
4583	4	5	1	3	333	6
4584	5	2	3	5	313	4
4585	5	2	3	4	314	5
4586	5	2	3	3	315	6
4587	5	2	3	2	316	8
4588	6	2	5	6	167	9
4589	6	2	5	5	168	7
4590	7	5	5	6	120	9
4591	5	2	5	6	168	8
4592	6	1	2	2	136	5
4593	5	2	5	5	168	7
4594	6	1	2	2	137	5
4595	4	5	1	2	333	7
4596	5	2	3	5	316	4
4597	5	2	3	4	317	5
4598	5	2	3	3	318	6
4599	5	2	3	2	319	8
4600	6	2	5	6	168	9
4601	6	2	5	5	169	7
4602	7	5	5	7	121	9
4603	7	5	8	5	184	6
4604	5	2	5	6	169	8
4605	6	5	5	6	122	9
4606	5	2	5	5	169	7
4607	6	5	5	7	123	9
4608	4	2	3	5	319	9
4609	5	7	8	6	211	8
4610	5	2	5	5	169	8
4611	6	1	2	3	138	8
4612	5	2	5	4	169	7
4613	6	7	8	5	212	7
4614	7	1	2	3	139	8
4615	2	2	1	5	436	3
4616	3	3	2	5	367	4
4617	4	2	3	3	319	6
4618	5	5	1	3	333	6
4619	5	5	1	2	334	7
4620	4	2	3	2	319	8
4621	4	2	5	5	169	8
4622	5	5	1	4	335	4
4623	5	5	1	3	336	6
4624	5	5	1	2	337	7
4625	5	7	8	6	212	8
4626	5	1	2	2	140	5
4627	4	5	1	4	338	4
4628	4	5	1	3	339	6
4629	4	5	1	2	340	7
4630	4	7	8	6	213	8
4631	4	1	2	2	141	5
4632	3	3	2	4	367	5
4633	4	2	3	3	320	6
4634	5	5	1	4	341	5
4635	5	5	1	3	342	6
4636	6	2	5	5	169	9
4637	7	7	8	5	214	8
4638	6	2	5	4	169	8
4639	7	7	8	5	215	8
4640	5	5	1	2	342	7
4641	5	7	8	5	216	8
4642	5	2	5	5	169	9
4643	5	2	5	4	170	8
4644	4	2	3	2	320	8
4645	5	5	1	2	343	6
4646	4	5	1	4	344	5
4647	4	5	1	3	345	6
4648	5	2	5	5	171	8
4649	6	7	8	6	217	8
4650	5	1	2	2	142	4
4651	4	5	1	2	345	7
4652	5	2	5	5	171	8
4653	6	1	2	2	142	4
4654	5	1	2	2	142	4
4655	4	7	8	6	218	8
4656	4	2	5	5	171	8
4657	5	1	2	2	142	4
4658	4	1	2	2	142	4
4659	3	3	2	3	367	6
4660	4	5	1	4	345	5
4661	4	5	1	3	346	6
4662	4	5	1	2	347	7
4663	5	2	3	4	320	4
4664	5	2	3	3	321	5
4665	6	2	5	5	171	9
4666	7	5	8	6	185	8
4667	8	3	6	4	292	4
4668	8	3	6	3	293	5
4669	9	1	2	2	142	4
4670	8	3	6	2	293	7
4671	6	2	5	4	171	8
4672	7	3	6	3	294	4
4673	7	3	6	2	295	5
4674	8	5	8	6	185	8
4675	9	1	2	2	143	4
4676	5	2	3	2	321	8
4677	6	2	5	5	171	9
4678	7	3	6	6	295	8
4679	7	5	8	6	185	8
4680	7	7	8	6	219	8
4681	6	1	2	3	144	7
4682	5	2	5	5	171	8
4683	6	1	2	4	145	7
4684	5	1	2	4	146	7
4685	4	7	8	6	220	8
4686	5	2	3	4	321	4
4687	5	2	3	3	322	5
4688	5	2	3	2	323	8
4689	6	2	5	5	171	9
4690	7	3	6	6	296	8
4691	6	8	7	3	149	6
4692	5	2	5	5	171	8
4693	6	8	7	3	150	6
4694	5	8	7	3	151	6
4695	4	2	3	4	323	4
4696	4	2	3	3	324	5
4697	5	2	5	5	171	9
4698	5	2	5	4	172	8
4699	6	3	6	3	297	4
4700	6	3	6	2	298	5
4701	7	1	2	2	147	4
4702	4	2	3	2	324	8
4703	5	2	5	5	172	9
4704	6	3	6	6	298	8
4705	5	5	5	7	124	9
4706	6	2	5	4	172	6
4707	7	1	3	2	101	5
4708	6	2	5	3	172	7
4709	5	7	8	5	220	7
4710	6	2	5	4	173	6
4711	7	1	3	2	102	5
4712	6	5	8	5	186	6
4713	4	2	5	5	173	8
4714	5	5	5	7	124	9
4715	6	3	6	6	299	9
4716	7	7	8	4	220	7
4717	6	8	7	5	152	8
4718	5	3	6	6	299	9
4719	4	5	5	7	124	9
4720	5	3	6	6	300	9
4721	6	2	5	4	173	6
4722	5	2	5	4	174	6
4723	6	8	7	5	153	8
4724	5	2	5	2	174	5
4725	4	7	8	5	221	7
4726	5	2	5	4	175	6
4727	6	1	3	2	103	5
4728	6	8	7	4	154	8
4729	5	5	8	5	187	6
4730	3	3	2	2	367	7
4731	4	5	1	5	347	4
4732	4	5	1	4	348	5
4733	4	5	1	3	349	6
4734	5	2	3	5	324	4
4735	5	2	3	4	325	5
4736	5	2	3	3	326	6
4737	5	2	3	2	327	8
4738	5	2	5	5	175	8
4739	6	5	5	6	124	9
4740	5	2	5	4	175	7
4741	6	5	5	6	125	9
4742	4	5	1	2	349	7
4743	5	2	3	5	328	4
4744	5	2	3	4	329	5
4745	5	2	3	3	330	6
4746	5	2	3	2	331	8
4747	6	2	5	5	175	9
4748	6	2	5	4	176	7
4749	7	1	2	2	148	4
4750	5	2	5	5	176	8
4751	6	5	5	6	126	9
4752	5	2	5	4	176	7
4753	6	5	5	7	127	9
4754	2	2	1	4	436	4
4755	2	2	1	3	437	5
4756	3	3	2	2	367	4
4757	2	2	1	2	437	6
4758	3	2	3	4	331	4
4759	3	2	3	3	332	5
4760	4	3	2	4	368	3
4761	4	3	2	3	369	4
4762	4	3	2	2	369	7
4763	3	2	3	2	332	8
4764	3	2	5	5	176	8
4765	4	1	2	2	149	7
4766	3	1	2	2	150	7
4767	4	3	2	3	370	4
4768	1	9	3	2	316	8
4769	2	2	3	5	333	4
4770	3	2	5	5	176	9
4771	4	2	1	6	437	1
4772	4	2	1	5	438	2
4773	5	4	2	5	429	4
4774	5	3	2	5	371	3
4775	4	2	1	4	438	3
4776	5	3	2	5	372	2
4777	6	1	2	2	150	8
4778	5	4	2	4	430	6
4779	5	4	2	3	431	7
4780	6	3	2	2	372	5
4781	6	3	6	3	300	5
4782	6	3	6	2	301	7
4783	5	4	2	2	431	8
4784	5	3	2	3	373	6
4785	5	3	2	2	374	7
4786	4	2	1	3	438	5
4787	5	5	1	4	349	4
4788	5	5	1	3	350	6
4789	5	5	1	2	351	8
4790	6	5	8	7	188	9
4791	7	1	2	2	151	7
4792	6	7	8	6	221	8
4793	7	8	7	3	155	6
4794	8	3	2	4	375	2
4795	8	3	2	3	376	3
4796	6	3	6	3	302	5
4797	7	7	8	4	221	7
4798	6	3	6	2	302	6
4799	4	2	1	2	438	6
4800	3	2	5	4	176	8
4801	4	3	6	4	303	4
4802	5	3	2	5	377	2
4803	6	2	1	5	439	7
4804	6	2	1	4	439	6
4805	4	3	6	3	303	5
4806	5	3	2	5	377	2
4807	4	3	6	2	303	6
4808	5	3	2	5	378	2
4809	6	2	1	5	439	7
4810	5	3	2	4	378	3
4811	6	2	1	4	439	1
4812	5	3	2	3	378	5
4813	6	4	2	3	432	6
4814	7	2	1	5	440	6
4815	6	4	2	2	432	7
4816	6	2	1	5	441	1
4817	5	4	2	2	433	8
4818	5	3	2	2	378	7
4819	4	3	2	5	379	2
4820	4	3	2	4	380	3
4821	5	2	1	4	442	1
4822	4	3	2	3	380	5
4823	5	4	2	3	434	6
4824	6	2	1	5	443	1
4825	6	2	1	4	444	2
4826	6	2	1	3	445	3
4827	6	2	1	2	446	6
4828	5	4	2	2	434	7
4829	5	2	1	5	447	1
4830	4	3	2	2	380	6
4831	5	4	2	3	435	7
4832	6	2	1	5	448	7
4833	5	4	2	2	435	8
4834	3	3	2	5	380	2
4835	2	2	3	4	333	5
4836	3	2	5	5	176	9
4837	4	2	1	7	449	1
4838	5	3	6	4	303	4
4839	6	3	2	5	381	2
4840	6	3	2	4	382	3
4841	6	4	2	3	436	7
4842	6	4	2	2	437	8
4843	6	3	2	3	383	8
4844	5	3	6	3	303	5
4845	6	3	2	6	384	2
4846	6	3	2	5	385	3
4847	6	3	2	4	386	4
4848	6	4	2	3	438	7
4849	6	4	2	2	439	8
4850	6	3	2	3	387	8
4851	7	5	1	3	351	5
4852	7	5	1	2	352	6
4853	8	5	8	7	188	9
4854	7	5	8	7	189	9
4855	5	3	6	2	303	6
4856	6	3	2	5	387	2
4857	6	3	2	4	388	3
4858	6	3	2	3	389	4
4859	6	4	2	2	440	8
4860	6	3	2	2	390	7
4861	6	5	1	3	352	5
4862	6	5	1	2	353	6
4863	7	5	8	7	190	9
4864	6	5	8	7	191	9
4865	5	3	2	5	391	8
4866	4	2	1	6	449	2
4867	5	5	1	4	353	5
4868	5	5	1	3	354	6
4869	6	4	2	4	441	5
4870	6	4	2	3	442	7
4871	7	3	2	2	392	4
4872	6	4	2	2	442	8
4873	6	5	8	5	192	9
4874	7	3	2	5	393	3
4875	7	3	2	3	393	6
4876	6	7	8	6	222	8
4877	7	3	2	5	394	3
4878	7	3	2	3	394	6
4879	5	5	1	2	354	8
4880	6	4	2	4	443	4
4881	6	4	2	3	444	5
4882	6	4	2	2	445	7
4883	7	3	2	3	395	3
4884	7	3	2	2	396	4
4885	6	3	2	4	397	3
4886	6	3	2	2	397	7
4887	4	2	1	5	449	3
4888	5	3	2	6	397	1
4889	5	3	2	5	398	2
4890	6	1	2	2	152	7
4891	7	3	6	3	303	5
4892	7	3	6	2	304	7
4893	5	3	2	4	398	4
4894	5	4	2	3	445	7
4895	5	4	2	2	446	8
4896	5	3	2	3	399	6
4897	6	5	8	8	192	9
4898	7	5	1	4	354	5
4899	7	5	1	3	355	6
4900	7	5	1	2	356	7
4901	6	7	8	6	222	8
4902	7	5	1	4	357	8
4903	7	5	1	3	358	7
4904	7	5	1	2	359	5
4905	5	3	2	2	399	7
4906	4	2	1	4	449	4
4907	5	1	2	2	152	6
4908	6	3	2	3	400	3
4909	5	3	2	4	401	2
4910	6	4	2	5	447	3
4911	6	4	2	4	448	4
4912	6	4	2	3	449	5
4913	6	4	2	2	450	6
4914	7	5	1	4	360	5
4915	7	5	1	3	361	7
4916	4	2	1	3	449	6
4917	5	3	2	6	401	8
4918	4	2	1	2	449	7
4919	3	2	1	7	450	1
4920	4	3	6	4	305	4
4921	5	3	2	5	402	2
4922	5	3	2	4	403	3
4923	5	4	2	3	450	7
4924	5	4	2	2	451	8
4925	5	3	2	3	404	8
4926	4	3	6	3	305	5
4927	5	3	2	6	405	2
4928	5	3	2	5	406	3
4929	5	3	2	4	407	4
4930	5	4	2	3	452	7
4931	5	4	2	2	453	8
4932	5	3	2	3	408	8
4933	6	5	1	3	362	5
4934	6	5	1	2	363	6
4935	7	5	8	7	192	8
4936	6	5	8	7	193	9
4937	6	7	8	6	222	8
4938	7	8	7	3	155	6
4939	4	3	6	2	305	6
4940	5	3	2	5	408	2
4941	5	3	2	4	409	3
4942	5	3	2	3	410	4
4943	5	4	2	2	454	8
4944	5	3	2	2	411	7
4945	5	5	1	3	363	5
4946	5	5	1	2	364	6
4947	6	5	8	7	194	8
4948	5	5	8	7	195	9
4949	5	7	8	6	222	8
4950	6	8	7	3	156	6
4951	4	3	2	5	412	8
4952	3	2	1	6	450	2
4953	4	5	1	4	364	5
4954	4	5	1	3	365	6
4955	5	4	2	4	455	5
4956	5	4	2	3	456	7
4957	6	3	2	2	413	4
4958	5	4	2	2	456	8
4959	5	5	8	5	196	9
4960	6	2	5	4	176	8
4961	5	7	8	6	222	8
4962	6	2	5	4	177	8
4963	5	5	8	4	196	8
4964	6	2	5	4	178	8
4965	7	3	2	5	414	8
4966	4	5	1	2	365	8
4967	5	4	2	4	457	4
4968	5	4	2	3	458	5
4969	5	4	2	2	459	7
4970	6	3	2	3	415	3
4971	6	3	2	2	416	4
4972	5	3	2	4	417	3
4973	5	3	2	2	417	7
4974	3	2	1	5	450	3
4975	4	2	5	4	178	8
4976	5	3	2	6	417	8
4977	5	3	2	2	418	2
4978	4	3	2	2	419	2
4979	5	3	6	3	305	5
4980	6	4	2	5	459	3
4981	6	4	2	4	460	4
4982	6	4	2	3	461	5
4983	6	4	2	2	462	6
4984	7	5	1	3	365	5
4985	7	5	1	2	366	7
4986	5	3	6	2	305	7
4987	6	4	2	5	462	3
4988	6	4	2	4	463	4
4989	6	4	2	3	464	5
4990	6	4	2	2	465	6
4991	3	2	1	4	450	4
4992	4	2	5	3	178	8
4993	5	3	2	6	419	8
4994	5	3	2	3	420	2
4995	4	3	2	4	421	2
4996	5	4	2	5	466	3
4997	5	4	2	4	467	4
4998	5	4	2	3	468	5
4999	5	4	2	2	469	6
5000	6	5	1	3	367	5
5001	6	5	1	2	368	7
5002	4	3	2	3	421	3
5003	3	2	1	3	450	6
5004	4	3	2	6	422	8
5005	3	2	1	2	450	7
5006	2	2	3	3	333	6
5007	3	2	5	5	178	9
5008	4	2	1	7	451	1
5009	5	3	2	6	423	2
5010	6	4	2	6	469	3
5011	6	4	2	5	470	4
5012	6	4	2	4	471	5
5013	7	5	1	4	369	6
5014	7	5	1	3	370	7
5015	7	5	1	2	371	8
5016	6	4	2	3	471	6
5017	6	4	2	2	472	7
5018	7	1	2	4	152	8
5019	5	3	2	5	423	3
5020	5	3	2	4	424	4
5021	6	4	2	4	472	9
5022	5	3	2	3	424	5
5023	6	4	2	4	473	6
5024	6	4	2	3	474	7
5025	6	4	2	2	475	8
5026	5	4	2	2	476	8
5027	5	3	2	2	424	7
5028	5	5	1	3	372	5
5029	5	5	1	2	373	6
5030	6	5	8	7	196	9
5031	4	2	1	6	451	2
5032	5	4	2	8	477	2
5033	5	4	2	6	478	4
5034	5	4	2	5	479	5
5035	5	4	2	4	480	6
5036	5	4	2	3	481	7
5037	6	3	2	3	425	3
5038	5	4	2	2	481	8
5039	5	5	1	3	373	5
5040	5	5	1	2	374	6
5041	6	3	2	4	426	4
5042	6	3	2	3	427	5
5043	4	2	1	5	451	3
5044	5	3	2	6	427	1
5045	5	3	2	5	428	2
5046	6	4	2	6	482	3
5047	7	5	1	3	374	6
5048	7	5	1	2	375	8
5049	6	4	2	5	482	4
5050	6	4	2	4	483	5
5051	7	5	1	4	376	6
5052	7	5	1	3	377	7
5053	7	5	1	2	378	8
5054	8	5	8	7	197	9
5055	9	1	2	3	153	8
5056	8	7	8	6	222	8
5057	9	1	2	3	154	8
5058	8	8	7	5	157	8
5059	6	4	2	3	483	6
5060	7	5	1	4	378	5
5061	7	5	1	3	379	7
5062	7	5	1	2	380	8
5063	8	5	8	7	197	9
5064	9	1	2	3	155	8
5065	8	7	8	5	222	8
5066	9	1	2	3	156	8
5067	7	7	8	5	222	8
5068	8	1	2	3	157	7
5069	8	1	2	2	158	4
5070	7	5	8	7	197	8
5071	7	1	2	3	159	7
5072	7	1	2	2	160	4
5073	6	4	2	2	483	7
5074	7	5	1	4	380	4
5075	7	5	1	3	381	6
5076	7	5	1	2	382	8
5077	5	3	2	4	428	4
5078	6	4	2	5	483	5
5079	6	4	2	4	484	6
5080	6	4	2	3	485	7
5081	6	4	2	2	486	8
5082	6	5	1	3	383	6
5083	5	3	2	3	428	5
5084	6	4	2	4	487	6
5085	6	4	2	3	488	7
5086	6	4	2	2	489	8
5087	6	3	6	6	305	6
5088	7	5	8	8	198	9
5089	8	5	1	4	384	5
5090	8	5	1	3	385	6
5091	8	5	1	2	386	7
5092	7	7	8	5	222	8
5093	8	5	1	4	387	8
5094	8	5	1	3	388	6
5095	6	3	6	5	305	8
5096	6	3	6	4	306	7
5097	7	7	8	5	222	8
5098	8	5	1	4	389	8
5099	8	5	1	3	390	5
5100	8	5	1	2	391	6
5101	5	4	2	2	490	8
5102	5	3	2	2	428	7
5103	4	2	1	4	451	4
5104	5	3	2	6	429	1
5105	5	3	2	5	430	2
5106	6	4	2	6	491	3
5107	6	4	2	5	492	4
5108	6	4	2	4	493	5
5109	6	4	2	3	494	6
5110	7	1	2	2	161	5
5111	7	5	1	4	392	5
5112	7	5	1	3	393	7
5113	6	4	2	2	494	7
5114	5	3	2	4	430	3
5115	5	3	2	3	431	5
5116	5	4	2	2	495	8
5117	5	3	2	2	432	7
5118	4	2	1	3	451	5
5119	5	3	2	5	433	2
5120	6	5	1	4	394	4
5121	6	5	1	3	395	6
5122	6	5	1	2	396	8
5123	7	5	8	7	198	9
5124	8	4	2	6	496	3
5125	8	4	2	5	497	4
5126	8	4	2	4	498	5
5127	8	4	2	3	499	6
5128	8	4	2	2	500	7
5129	7	7	8	6	222	8
5130	8	3	6	5	306	6
5131	9	4	2	6	501	3
5132	9	4	2	5	502	4
5133	9	4	2	4	503	5
5134	9	4	2	3	504	6
5135	9	4	2	2	505	7
5136	8	5	8	6	198	6
5137	9	4	2	6	506	3
5138	9	4	2	5	507	4
5139	9	4	2	4	508	5
5140	9	4	2	3	509	6
5141	9	4	2	2	510	7
5142	5	3	2	4	433	3
5143	5	3	2	3	434	4
5144	6	4	2	3	511	9
5145	5	4	2	2	512	8
5146	4	2	1	2	451	7
5147	5	3	2	3	434	2
5148	3	2	1	7	451	1
5149	4	4	2	7	513	3
5150	4	4	2	6	514	4
5151	4	4	2	5	515	5
5152	5	3	2	3	435	2
5153	6	5	1	4	396	6
5154	6	5	1	3	397	7
5155	6	5	1	2	398	8
5156	5	3	2	2	435	3
5157	4	4	2	4	515	6
5158	4	4	2	3	516	7
5159	5	3	2	4	436	2
5160	6	1	2	4	162	8
5161	5	3	2	3	436	3
5162	5	3	2	2	437	4
5163	4	4	2	2	516	8
5164	4	3	2	6	438	8
5165	5	5	1	3	399	5
5166	5	5	1	2	400	6
5167	6	5	8	7	198	8
5168	3	2	1	6	451	2
5169	4	4	2	8	517	2
5170	4	2	5	4	178	8
5171	5	3	2	6	438	8
5172	3	2	1	5	451	3
5173	4	2	5	4	178	8
5174	5	3	2	6	439	1
5175	5	3	2	5	440	2
5176	6	4	2	6	518	3
5177	6	4	2	5	519	4
5178	6	4	2	4	520	5
5179	7	5	1	4	400	6
5180	7	5	1	3	401	7
5181	7	5	1	2	402	8
5182	6	4	2	3	520	6
5183	7	5	1	4	403	5
5184	7	5	1	3	404	7
5185	7	5	1	2	405	8
5186	7	7	8	5	222	8
5187	8	1	2	3	163	7
5188	8	1	2	2	164	4
5189	7	3	6	5	306	7
5190	6	4	2	2	520	7
5191	7	5	1	4	406	4
5192	7	5	1	3	407	6
5193	7	5	1	2	408	8
5194	5	3	2	4	440	4
5195	6	4	2	5	520	5
5196	6	4	2	4	521	6
5197	6	4	2	3	522	7
5198	6	4	2	2	523	8
5199	6	5	1	3	409	6
5200	5	3	2	3	440	5
5201	5	4	2	2	524	8
5202	5	3	2	2	441	7
5203	4	3	2	4	442	2
5204	5	4	2	5	525	3
5205	5	4	2	4	526	4
5206	5	4	2	3	527	5
5207	5	4	2	2	528	6
5208	6	5	1	3	410	5
5209	6	5	1	2	411	7
5210	3	2	1	4	451	4
5211	4	2	5	3	178	8
5212	5	3	2	6	442	8
5213	5	3	2	2	443	2
5214	4	3	2	2	444	2
5215	5	4	2	5	528	3
5216	5	4	2	4	529	4
5217	5	4	2	3	530	5
5218	5	4	2	2	531	6
5219	6	5	1	3	412	5
5220	6	5	1	2	413	7
5221	3	2	1	3	451	5
5222	4	2	5	3	178	8
5223	5	3	2	5	444	8
5224	3	2	1	2	451	7
5225	4	3	2	3	445	2
5226	2	2	3	2	333	7
5227	3	2	5	6	178	9
5228	4	4	2	8	531	2
5229	4	4	2	7	532	3
5230	5	5	1	3	414	6
5231	5	5	1	2	415	8
5232	4	4	2	6	532	4
5233	5	3	2	3	446	1
5234	5	3	2	2	447	2
5235	6	5	1	4	416	6
5236	7	5	8	7	199	9
5237	8	2	1	5	451	1
5238	8	2	1	4	452	3
5239	8	2	1	3	453	4
5240	9	1	2	2	165	5
5241	8	2	1	2	453	5
5242	7	2	1	5	454	1
5243	7	2	1	4	455	3
5244	7	2	1	3	456	4
5245	8	1	2	2	166	5
5246	7	2	1	2	456	5
5247	6	5	1	3	416	7
5248	6	5	1	2	417	8
5249	7	5	8	7	199	9
5250	8	2	1	5	457	1
5251	8	2	1	4	458	3
5252	8	2	1	3	459	4
5253	8	2	1	2	460	5
5254	7	7	8	5	222	8
5255	8	2	1	5	461	1
5256	8	2	1	4	462	3
5257	8	2	1	3	463	4
5258	8	2	1	2	464	5
5259	7	2	1	5	465	1
5260	7	2	1	4	466	3
5261	7	2	1	3	467	4
5262	7	2	1	2	468	5
5263	4	4	2	5	532	5
5264	5	3	2	4	447	1
5265	6	2	1	2	469	2
5266	5	3	2	3	447	2
5267	6	5	1	4	417	6
5268	6	5	1	3	418	7
5269	7	2	1	4	470	1
5270	7	2	1	3	471	3
5271	8	5	8	7	199	9
5272	9	1	2	2	167	4
5273	8	1	2	2	167	4
5274	6	5	1	2	418	8
5275	7	5	8	7	199	9
5276	8	2	1	5	471	1
5277	8	2	1	4	472	3
5278	9	1	2	3	167	8
5279	8	2	1	3	472	4
5280	8	2	1	2	473	5
5281	7	7	8	6	222	8
5282	8	2	1	5	474	1
5283	8	2	1	4	475	3
5284	9	1	2	3	168	8
5285	8	2	1	3	475	4
5286	8	2	1	2	476	5
5287	7	2	1	5	477	1
5288	7	2	1	4	478	3
5289	8	1	2	3	169	8
5290	7	2	1	3	478	4
5291	7	2	1	2	479	5
5292	6	2	1	3	480	1
5293	6	2	1	2	481	3
5294	5	3	2	2	447	3
5295	6	5	1	2	418	8
5296	4	4	2	4	532	6
5297	5	3	2	5	447	1
5298	6	2	1	2	482	2
5299	5	3	2	4	447	2
5300	6	5	1	5	419	3
5301	6	5	1	4	420	5
5302	6	5	1	3	421	7
5303	6	5	1	2	422	8
5304	7	5	8	7	199	9
5305	8	2	1	5	483	1
5306	8	2	1	4	484	3
5307	9	1	2	3	170	8
5308	8	2	1	3	484	4
5309	8	2	1	2	485	5
5310	7	7	8	6	222	8
5311	8	2	1	5	486	1
5312	8	2	1	4	487	3
5313	9	1	2	3	171	8
5314	8	2	1	3	487	4
5315	8	2	1	2	488	5
5316	7	2	1	5	489	1
5317	7	2	1	4	490	3
5318	8	1	2	3	172	8
5319	7	2	1	3	490	4
5320	7	2	1	2	491	5
5321	6	2	1	4	492	1
5322	6	2	1	3	493	3
5323	7	7	8	5	222	8
5324	8	1	2	2	173	4
5325	7	5	8	7	199	8
5326	7	1	2	2	174	4
5327	6	2	1	2	493	4
5328	5	3	2	3	447	3
5329	5	3	2	2	448	4
5330	6	5	1	5	422	4
5331	6	5	1	4	423	5
5332	6	5	1	3	424	7
5333	6	5	1	2	425	8
5334	7	5	8	7	200	9
5335	8	2	1	5	494	1
5336	8	2	1	4	495	2
5337	8	2	1	3	496	3
5338	8	2	1	2	497	5
5339	7	7	8	5	222	8
5340	8	2	1	5	498	1
5341	8	2	1	4	499	2
5342	8	2	1	3	500	3
5343	8	2	1	2	501	5
5344	7	2	1	5	502	1
5345	7	2	1	4	503	2
5346	7	2	1	3	504	3
5347	7	2	1	2	505	5
5348	5	5	1	4	425	5
5349	5	5	1	3	426	7
5350	5	5	1	2	427	8
5351	4	4	2	3	532	7
5352	5	3	2	6	448	1
5353	5	3	2	5	449	2
5354	6	5	1	5	428	3
5355	6	5	1	4	429	4
5356	7	2	1	5	506	1
5357	7	2	1	4	507	3
5358	7	2	1	3	508	5
5359	6	5	1	3	429	6
5360	6	5	1	2	430	8
5361	7	2	1	4	509	1
5362	7	2	1	3	510	3
5363	7	2	1	2	511	4
5364	6	2	1	4	512	1
5365	6	2	1	3	513	3
5366	7	7	8	6	222	8
5367	8	1	2	2	175	4
5368	7	5	8	7	200	8
5369	8	3	6	6	307	7
5370	8	3	6	5	308	8
5371	7	1	2	2	176	4
5372	6	2	1	2	513	4
5373	5	3	2	4	449	3
5374	6	5	1	5	430	3
5375	6	5	1	4	431	5
5376	6	5	1	3	432	6
5377	6	5	1	2	433	8
5378	7	2	1	5	514	1
5379	7	2	1	4	515	2
5380	8	5	8	7	200	9
5381	9	7	8	6	222	7
5382	10	3	6	6	309	7
5383	10	3	6	5	310	8
5384	8	7	8	6	222	8
5385	9	1	2	2	177	6
5386	7	2	1	3	515	4
5387	7	2	1	2	516	5
5388	7	5	8	7	200	9
5389	8	3	6	4	311	4
5390	8	3	6	3	312	5
5391	9	5	5	5	128	7
5392	8	3	6	2	312	6
5393	9	5	5	5	129	7
5394	10	7	8	6	222	8
5395	11	8	7	3	158	6
5396	9	7	8	6	222	8
5397	8	7	8	6	223	8
5398	9	8	7	3	159	6
5399	10	5	5	4	129	7
5400	7	7	8	6	223	8
5401	8	5	8	6	200	7
5402	9	8	7	3	159	6
5403	10	3	6	4	312	6
5404	5	3	2	3	449	4
5405	5	3	2	2	450	5
5406	6	5	1	5	433	4
5407	6	5	1	4	434	5
5408	6	5	1	3	435	6
5409	6	5	1	2	436	8
5410	5	5	1	4	437	5
5411	6	2	1	5	517	1
5412	6	2	1	4	518	2
5413	6	2	1	3	519	3
5414	6	2	1	2	520	4
5415	5	5	1	3	437	6
5416	6	5	8	7	200	9
5417	7	2	1	6	521	1
5418	7	2	1	5	522	2
5419	7	2	1	4	523	3
5420	7	2	1	3	524	4
5421	8	1	2	2	178	5
5422	7	2	1	2	524	5
5423	6	7	8	6	223	8
5424	7	5	8	5	200	7
5425	8	2	1	6	525	1
5426	8	2	1	5	526	2
5427	8	2	1	4	527	3
5428	8	2	1	3	528	4
5429	9	1	2	2	179	5
5430	8	2	1	2	528	5
5431	6	2	1	5	529	1
5432	6	2	1	4	530	2
5433	5	5	1	2	437	8
5434	6	2	1	5	531	1
5435	6	2	1	4	532	2
5436	6	2	1	3	533	3
5437	6	2	1	2	534	4
5438	6	5	8	7	200	9
5439	7	1	2	2	180	8
5440	6	7	8	6	223	8
5441	7	5	8	6	200	7
5442	8	1	2	2	181	8
5443	4	4	2	2	532	8
5444	5	2	1	7	535	8
5445	5	3	2	5	450	2
5446	6	2	1	5	536	1
5447	5	3	2	4	450	3
5448	5	3	2	3	451	4
5449	5	3	2	2	452	5
5450	6	5	1	4	437	5
5451	6	5	1	3	438	6
5452	7	2	1	4	537	1
5453	6	5	1	2	438	7
5454	7	2	1	5	538	1
5455	5	2	1	5	539	1
5456	4	5	8	8	200	9
5457	5	3	2	5	452	3
5458	5	3	2	4	453	4
5459	6	2	1	5	540	1
5460	6	2	1	4	541	2
5461	6	2	1	3	542	3
5462	7	5	1	4	438	4
5463	7	5	1	3	439	6
5464	7	5	1	2	440	7
5465	7	1	2	2	182	5
5466	6	2	1	2	542	5
5467	5	3	2	3	453	5
5468	6	2	1	5	543	1
5469	6	2	1	4	544	2
5470	6	2	1	3	545	3
5471	6	2	1	2	546	4
5472	5	3	2	2	453	6
5473	6	5	1	4	441	5
5474	6	5	1	3	442	6
5475	6	5	1	2	443	7
5476	6	2	1	5	547	1
5477	6	2	1	4	548	2
5478	6	2	1	3	549	3
5479	7	1	2	3	183	8
5480	6	2	1	2	549	4
5481	5	2	1	5	550	1
5482	4	7	8	6	223	8
5483	5	5	1	6	444	8
5484	6	2	1	6	551	1
5485	6	2	1	5	552	2
5486	7	5	8	6	200	7
5487	8	3	2	5	453	3
5488	8	3	2	4	454	4
5489	8	3	2	3	455	5
5490	8	3	2	2	456	6
5491	7	3	2	5	457	3
5492	7	3	2	4	458	4
5493	7	3	2	3	459	5
5494	7	3	2	2	460	6
5495	6	2	1	4	552	3
5496	7	3	2	4	461	4
5497	8	1	2	2	184	5
5498	7	3	2	3	461	5
5499	7	3	2	2	462	6
5500	8	1	2	3	185	8
5501	6	2	1	3	552	4
5502	7	3	2	4	462	8
5503	6	2	1	2	552	5
5504	6	3	2	3	463	3
5505	6	3	2	2	464	4
5506	5	3	2	5	465	3
5507	5	3	2	4	466	4
5508	6	5	1	4	444	3
5509	6	5	1	3	444	4
5510	6	5	1	2	445	6
5511	5	3	2	3	466	5
5512	6	5	1	4	446	3
5513	6	5	1	3	446	5
5514	6	5	1	2	447	6
5515	5	3	2	2	466	6
5516	6	5	1	3	448	5
5517	6	5	1	2	449	6
5518	4	5	8	7	200	8
5519	5	3	2	5	466	3
5520	5	3	2	4	467	4
5521	6	5	1	4	450	3
5522	6	5	1	3	450	4
5523	6	5	1	2	451	6
5524	5	3	2	3	467	5
5525	6	5	1	4	452	3
5526	6	5	1	3	452	5
5527	6	5	1	2	453	6
5528	5	3	2	2	467	6
5529	6	5	1	3	454	5
5530	6	5	1	2	455	6
5531	4	5	1	6	456	8
5532	5	5	8	5	200	6
5533	4	7	8	5	223	7
5534	5	5	1	5	456	7
5535	4	5	1	4	457	6
5536	5	3	2	4	467	4
5537	5	3	2	3	468	5
5538	5	3	2	2	469	6
5539	3	2	1	7	553	1
5540	4	3	2	6	470	8
5541	5	5	1	3	457	5
5542	5	5	1	2	458	6
5543	6	5	8	7	201	8
5544	5	5	8	7	202	9
5545	5	7	8	6	223	8
5546	6	8	7	3	159	6
5547	3	2	1	6	553	2
5548	4	2	5	5	178	8
5549	5	3	2	6	470	1
5550	5	3	2	5	471	3
5551	6	4	2	5	532	9
5552	6	4	2	4	533	7
5553	7	5	1	3	458	3
5554	7	5	1	2	458	5
5555	7	3	6	4	313	2
5556	7	3	6	3	314	4
5557	8	5	5	6	130	6
5558	8	5	5	5	131	9
5559	9	7	8	6	223	8
5560	10	5	8	5	203	7
5561	7	3	6	2	314	5
5562	7	5	5	6	131	6
5563	7	5	5	5	132	9
5564	7	7	8	6	223	8
5565	8	5	8	6	204	9
5566	7	5	8	6	205	9
5567	5	3	2	4	471	4
5568	5	3	2	3	472	5
5569	6	4	2	4	533	6
5570	7	5	1	2	459	5
5571	6	4	2	3	533	7
5572	6	4	2	2	534	8
5573	5	3	2	2	472	6
5574	5	5	1	3	460	5
5575	5	5	1	2	461	6
5576	6	5	8	5	206	8
5577	4	3	2	4	473	3
5578	4	3	2	3	474	4
5579	4	3	2	2	475	5
5580	5	4	2	2	535	7
5581	3	2	1	5	553	3
5582	4	2	5	4	178	8
5583	5	3	2	6	475	1
5584	5	3	2	5	476	2
5585	6	1	2	3	186	8
5586	5	3	2	4	476	4
5587	6	4	2	5	536	5
5588	6	4	2	4	537	6
5589	6	4	2	3	538	7
5590	6	4	2	2	539	8
5591	6	5	1	4	461	4
5592	6	5	1	3	462	6
5593	6	5	1	2	463	7
5594	5	3	2	3	476	5
5595	5	3	2	2	477	6
5596	6	4	2	3	540	7
5597	7	5	1	3	464	5
5598	7	5	1	2	465	6
5599	6	4	2	2	540	8
5600	6	5	1	4	466	5
5601	6	5	1	3	467	6
5602	6	5	1	2	468	7
5603	5	5	1	3	469	5
5604	5	5	1	2	470	6
5605	5	5	8	7	207	9
5606	5	7	8	6	223	8
5607	6	1	2	2	187	4
5608	3	2	1	4	553	4
5609	4	2	5	4	178	8
5610	5	3	2	6	477	8
5611	6	5	1	2	471	6
5612	4	3	2	2	477	3
5613	4	4	2	2	541	7
5614	3	2	1	3	553	5
5615	4	3	2	5	478	2
5616	5	5	1	4	472	4
5617	5	5	1	3	473	6
5618	5	5	1	2	474	8
5619	6	4	2	5	542	3
5620	6	4	2	4	543	4
5621	6	4	2	3	544	5
5622	6	4	2	2	545	6
5623	4	3	2	4	478	3
5624	4	3	2	3	479	4
5625	5	4	2	4	546	9
5626	4	3	2	2	479	6
5627	5	4	2	3	547	7
5628	6	5	1	3	474	6
5629	6	5	1	2	475	8
5630	7	1	2	2	188	8
5631	5	4	2	2	547	8
5632	3	2	1	2	553	6
5633	4	3	2	6	479	8
5634	4	3	2	4	479	1
5635	4	3	2	3	480	3
5636	5	4	2	5	548	9
5637	5	4	2	4	549	7
5638	6	5	1	3	475	3
5639	6	5	1	2	475	5
5640	6	3	6	4	315	4
5641	6	3	6	3	316	5
5642	7	5	5	6	133	9
5643	8	7	8	6	223	8
5644	9	5	8	6	208	7
5645	10	8	7	3	160	6
5646	8	7	8	5	223	7
5647	7	7	8	6	224	8
5648	8	5	8	7	208	9
5649	9	8	7	3	161	6
5650	8	5	8	6	208	7
5651	6	3	6	2	316	6
5652	7	5	5	6	133	6
5653	7	5	5	5	134	9
5654	8	7	8	6	224	8
5655	9	5	8	6	209	7
5656	7	7	8	6	224	8
5657	8	5	8	6	210	9
5658	9	8	7	3	162	6
5659	7	7	8	5	224	7
5660	6	5	5	6	134	9
5661	7	7	8	6	225	8
5662	8	5	8	6	210	7
5663	9	8	7	3	163	6
5664	6	7	8	6	225	8
5665	7	5	8	7	210	9
5666	8	8	7	3	164	6
5667	7	5	8	6	210	7
5668	8	8	7	3	165	6
5669	6	5	8	7	210	9
5670	4	3	2	2	480	4
5671	4	4	2	2	549	6
5672	5	5	1	2	476	5
5673	2	3	2	8	481	8
5674	3	5	1	3	477	5
5675	3	5	1	2	478	6
5676	4	2	1	4	553	1
5677	3	2	1	5	554	1
5678	4	5	8	7	211	9
5679	5	7	8	6	225	8
5680	6	1	2	3	189	6
5681	5	7	8	5	225	7
5682	6	1	2	2	190	4
5683	4	7	8	6	225	8
5684	5	2	5	6	178	8
5685	6	8	7	3	166	6
5686	5	2	5	5	178	7
5687	6	8	7	3	167	6
5688	4	2	5	6	178	8
5689	4	2	5	5	179	7
5690	5	7	8	5	225	7
5691	6	8	7	3	168	8
5692	3	2	1	4	554	2
5693	3	2	1	3	555	3
5694	4	5	8	7	211	9
5695	4	7	8	6	225	8
5696	5	1	2	2	191	4
5697	4	1	2	2	192	4
5698	5	7	8	3	225	7
5699	6	5	8	2	212	4
5700	5	7	8	2	225	3
5701	3	2	1	2	555	4
5702	2	2	1	6	556	1
5703	3	3	2	4	481	2
5704	3	3	2	3	482	5
5705	4	4	2	2	549	7
5706	3	4	2	3	550	9
5707	2	2	1	5	556	2
5708	3	3	2	5	482	1
5709	3	3	2	4	483	3
5710	4	4	2	3	551	9
5711	4	4	2	2	552	6
5712	4	5	1	3	478	3
5713	4	5	1	2	478	5
5714	4	7	8	6	226	8
5715	3	3	2	3	483	4
5716	3	3	2	2	484	5
5717	4	4	2	3	553	6
5718	5	5	1	3	479	5
5719	5	5	1	2	480	7
5720	4	4	2	2	553	7
5721	4	5	8	5	213	9
5722	5	7	8	4	227	7
5723	6	3	6	3	316	7
5724	6	3	6	2	317	8
5725	6	2	5	4	179	8
5726	5	7	8	3	227	8
5727	4	7	8	4	228	8
5728	5	5	8	4	213	7
5729	6	3	6	3	318	7
5730	6	3	6	2	319	8
5731	6	2	5	4	180	6
5732	2	2	1	4	556	3
5733	3	3	2	4	484	2
5734	4	4	2	4	554	3
5735	5	5	1	2	481	6
5736	4	4	2	3	554	4
5737	4	4	2	2	555	5
5738	4	5	1	3	482	4
5739	4	5	1	2	483	6
5740	3	3	2	3	484	4
5741	3	4	2	2	556	7
5742	3	3	2	2	485	6
5743	2	2	1	3	556	5
5744	3	3	2	4	486	2
5745	4	4	2	4	557	3
5746	5	5	1	2	484	6
5747	4	4	2	3	557	4
5748	4	4	2	2	558	5
5749	4	5	1	3	485	4
5750	4	5	1	2	486	6
5751	3	3	2	3	486	4
5752	3	4	2	2	559	7
5753	3	3	2	2	487	6
5754	2	2	1	2	556	6
5755	3	3	2	5	488	1
5756	3	3	2	4	489	3
5757	4	4	2	3	560	9
5758	4	4	2	2	561	6
5759	4	5	1	3	487	3
5760	4	5	1	2	487	5
5761	4	7	8	6	228	8
5762	3	3	2	3	489	4
5763	3	3	2	2	490	5
5764	4	4	2	3	562	6
5765	5	5	1	3	488	5
5766	5	5	1	2	489	7
5767	4	4	2	2	562	7
5768	4	5	8	5	213	9
5769	5	7	8	4	229	7
5770	6	2	5	3	181	8
5771	7	3	6	3	320	6
5772	7	3	6	2	321	7
5773	6	3	6	3	322	7
5774	6	3	6	2	323	6
5775	5	7	8	3	229	8
5776	6	3	6	4	324	6
5777	6	3	6	3	325	9
5778	7	2	5	2	181	5
5779	4	7	8	4	229	8
5780	5	5	8	4	213	7
5781	6	2	5	3	182	8
5782	7	3	6	3	325	6
5783	7	3	6	2	326	7
5784	6	3	6	3	327	7
5785	6	3	6	2	328	6
5786	6	5	5	4	134	5
5787	2	3	2	4	490	2
5788	2	3	2	3	491	5
5789	3	4	2	2	563	7
5790	2	4	2	3	564	9
5791	1	7	8	7	229	9
5792	2	2	5	7	182	9
5793	3	5	1	7	490	9
5794	4	4	2	7	565	2
5795	5	2	3	3	333	6
5796	5	2	3	2	334	7
5797	6	2	1	4	556	3
5798	6	2	1	3	557	4
5799	6	2	1	2	558	5
5800	5	2	1	6	559	2
5801	5	2	1	5	560	3
5802	5	2	1	4	561	4
5803	5	2	1	3	562	5
5804	5	2	1	2	563	6
5805	4	4	2	6	565	3
5806	5	3	2	2	491	1
5807	6	2	1	6	564	2
5808	6	2	1	5	565	3
5809	7	5	5	7	135	6
5810	8	3	6	5	329	2
5811	8	3	6	4	330	3
5812	8	3	6	3	331	5
5813	9	7	1	3	117	8
5814	8	3	6	2	331	7
5815	9	7	1	3	118	8
5816	8	7	1	3	119	8
5817	6	2	1	4	565	4
5818	6	2	1	3	566	5
5819	6	2	1	2	567	6
5820	7	3	6	5	331	2
5821	7	3	6	4	331	5
5822	7	3	6	3	332	6
5823	8	5	5	7	135	6
5824	9	7	1	3	120	8
5825	7	3	6	2	332	7
5826	8	7	1	3	121	8
5827	7	7	1	3	122	8
5828	5	2	1	6	567	1
5829	5	2	1	5	568	3
5830	6	2	3	3	334	8
5831	7	3	6	4	332	3
5832	7	3	6	3	333	4
5833	7	3	6	2	334	5
5834	8	6	2	5	101	6
5835	6	2	3	2	334	4
5836	6	3	6	4	334	3
5837	6	3	6	3	335	4
5838	6	3	6	2	336	5
5839	5	2	1	4	568	4
5840	6	2	3	3	335	8
5841	5	2	1	3	568	5
5842	6	2	3	3	336	8
5843	5	2	1	2	568	6
5844	6	2	3	3	337	8
5845	7	3	6	4	337	4
5846	7	3	6	3	338	5
5847	8	6	2	5	102	6
5848	7	3	6	2	338	6
5849	8	6	2	5	103	6
5850	7	6	2	5	104	6
5851	6	2	3	2	337	4
5852	6	3	6	4	338	4
5853	6	3	6	3	339	5
5854	7	6	2	5	105	6
5855	6	3	6	2	339	6
5856	7	5	5	6	135	6
5857	8	5	8	6	213	8
5858	9	8	7	5	169	8
5859	9	6	2	5	106	6
5860	6	6	2	5	107	6
5861	4	4	2	5	565	4
5862	5	3	2	3	491	1
5863	6	2	1	6	568	2
5864	6	2	1	5	569	3
5865	6	2	1	4	570	4
5866	6	2	1	3	571	5
5867	6	2	1	2	572	6
5868	5	3	2	2	491	2
5869	5	2	1	6	573	1
5870	5	2	1	5	574	2
5871	6	2	3	4	338	8
5872	7	3	6	4	339	4
5873	7	3	6	3	340	5
5874	8	7	1	2	123	6
5875	7	3	6	2	340	6
5876	7	7	1	2	124	6
5877	5	2	1	4	574	4
5878	6	2	3	3	338	6
5879	7	3	6	3	341	4
5880	7	3	6	2	342	6
5881	8	5	5	4	135	6
5882	7	7	1	3	125	6
5883	6	2	3	2	338	7
5884	5	2	1	3	574	5
5885	6	2	3	3	339	6
5886	7	3	6	3	342	5
5887	7	3	6	2	343	6
5888	7	7	1	3	126	6
5889	6	2	3	2	339	7
5890	5	2	1	2	574	7
5891	6	2	3	4	340	8
5892	7	3	6	5	344	4
5893	7	3	6	4	345	5
5894	8	7	1	2	127	6
5895	7	3	6	3	345	6
5896	7	3	6	2	346	7
5897	8	7	1	2	128	6
5898	7	7	1	2	129	6
5899	6	2	3	3	340	4
5900	4	4	2	4	565	5
5901	5	3	2	4	492	1
5902	6	2	1	6	574	2
5903	6	2	1	5	575	3
5904	6	2	1	4	576	4
5905	6	2	1	3	577	5
5906	6	2	1	2	578	6
5907	5	3	2	3	492	2
5908	6	2	1	6	579	1
5909	6	2	1	5	580	3
5910	6	2	1	4	581	4
5911	6	2	1	3	582	5
5912	6	2	1	2	583	6
5913	5	3	2	2	492	3
5914	6	2	1	6	584	1
5915	6	2	1	5	585	2
5916	6	2	1	4	586	4
5917	7	2	3	3	341	6
5918	7	2	3	2	342	7
5919	6	2	1	3	586	5
5920	7	2	3	3	343	6
5921	7	2	3	2	344	7
5922	6	2	1	2	586	7
5923	4	4	2	3	565	6
5924	5	3	2	5	492	1
5925	6	2	3	3	345	6
5926	7	2	1	4	587	2
5927	7	2	1	3	588	4
5928	7	2	1	2	589	5
5929	6	2	3	2	345	7
5930	7	2	1	4	590	3
5931	7	2	1	3	591	4
5932	7	2	1	2	592	5
5933	6	2	1	6	593	2
5934	6	2	1	5	594	3
5935	7	3	6	5	346	2
5936	7	3	6	4	347	3
5937	7	3	6	3	348	5
5938	8	5	5	7	136	6
5939	9	7	1	3	130	8
5940	8	5	8	7	213	6
5941	9	7	1	3	131	8
5942	8	7	1	3	132	8
5943	7	3	6	2	348	7
5944	8	5	5	7	136	6
5945	9	7	1	3	133	8
5946	8	5	8	7	213	6
5947	9	8	7	4	170	6
5948	9	7	1	3	134	8
5949	7	5	5	7	136	6
5950	8	7	1	3	135	8
5951	7	5	5	6	136	8
5952	7	5	5	5	137	7
5953	6	2	1	4	594	4
5954	6	2	1	3	595	5
5955	6	2	1	2	596	6
5956	7	3	6	5	348	2
5957	7	3	6	4	348	5
5958	7	3	6	3	349	6
5959	8	5	5	7	138	6
5960	9	7	1	3	136	8
5961	8	5	8	7	213	6
5962	9	8	7	5	171	6
5963	9	7	1	3	137	8
5964	8	7	1	3	138	8
5965	7	3	6	2	349	7
5966	8	5	8	7	213	6
5967	9	8	7	4	172	6
5968	9	7	1	3	139	8
5969	7	7	1	3	140	8
5970	5	3	2	4	492	2
5971	6	2	1	6	596	1
5972	6	2	1	5	597	3
5973	7	2	3	3	345	8
5974	8	3	6	4	349	3
5975	8	3	6	3	350	4
5976	9	5	5	7	138	6
5977	10	6	2	4	108	3
5978	9	5	8	6	213	6
5979	10	6	2	4	109	3
5980	9	6	2	4	110	3
5981	8	3	6	2	350	5
5982	9	5	5	7	138	6
5983	10	6	2	4	111	3
5984	9	5	8	7	213	6
5985	10	6	2	4	112	3
5986	9	6	2	4	113	3
5987	7	2	3	2	345	5
5988	7	3	6	4	350	3
5989	7	3	6	3	351	4
5990	7	3	6	2	352	5
5991	6	2	1	4	597	4
5992	6	2	1	3	598	5
5993	6	2	1	2	599	6
5994	7	2	3	3	346	8
5995	8	3	6	4	353	4
5996	9	6	2	4	114	3
5997	8	3	6	3	353	5
5998	9	6	2	4	115	3
5999	8	3	6	2	353	6
6000	9	5	5	7	138	6
6001	10	6	2	4	116	3
6002	9	5	8	7	213	6
6003	10	8	7	5	173	6
6004	10	6	2	4	117	3
6005	9	6	2	4	118	3
6006	8	6	2	4	119	3
6007	7	2	3	2	346	5
6008	7	3	6	4	353	4
6009	7	3	6	3	354	5
6010	8	6	2	4	120	3
6011	7	3	6	2	354	6
6012	8	5	5	6	138	6
6013	9	6	2	4	121	3
6014	8	5	8	7	213	6
6015	9	8	7	5	174	6
6016	9	8	7	4	175	8
6017	9	7	1	3	141	8
6018	8	5	5	5	138	8
6019	8	5	8	6	213	8
6020	7	6	2	4	122	3
6021	5	3	2	3	492	3
6022	6	2	1	4	599	2
6023	6	2	1	3	600	4
6024	7	2	3	2	347	7
6025	6	2	1	2	600	5
6026	7	2	3	2	348	7
6027	5	3	2	2	492	4
6028	6	2	1	6	600	1
6029	6	2	1	5	601	2
6030	6	2	1	4	602	3
6031	7	2	3	3	349	5
6032	7	2	3	2	350	7
6033	6	2	1	3	602	6
6034	7	2	3	3	351	5
6035	7	2	3	2	352	7
6036	6	2	1	2	602	7
6037	5	2	1	6	603	1
6038	5	2	1	5	604	2
6039	5	2	1	4	605	3
6040	5	2	1	3	606	6
6041	5	2	1	2	607	7
6042	4	4	2	2	565	7
6043	5	3	2	6	492	1
6044	6	2	3	3	353	5
6045	7	2	1	4	608	7
6046	7	2	1	3	608	6
6047	6	2	3	2	353	7
6048	7	2	1	4	609	3
6049	7	2	1	3	610	4
6050	7	2	1	2	611	5
6051	5	3	2	5	492	2
6052	6	2	1	6	612	1
6053	6	2	1	5	613	3
6054	6	2	1	4	614	4
6055	6	2	1	3	615	5
6056	6	2	1	2	616	6
6057	5	3	2	4	492	3
6058	6	2	1	6	617	1
6059	6	2	1	5	618	2
6060	6	2	1	4	619	4
6061	7	2	3	3	353	6
6062	7	2	3	2	354	7
6063	7	3	6	4	354	4
6064	7	3	6	3	355	6
6065	8	7	1	3	142	7
6066	7	3	6	2	355	7
6067	7	7	1	3	143	7
6068	6	2	1	3	619	5
6069	7	2	3	3	355	6
6070	7	2	3	2	356	7
6071	7	3	6	4	356	5
6072	7	3	6	3	357	6
6073	8	7	1	3	144	7
6074	7	3	6	2	357	7
6075	7	7	1	3	145	7
6076	6	2	1	2	619	7
6077	5	3	2	3	492	4
6078	6	2	1	6	620	1
6079	6	2	1	5	621	2
6080	6	2	1	4	622	3
6081	6	2	1	3	623	6
6082	6	2	1	2	624	7
6083	5	3	2	2	492	5
6084	6	2	1	6	625	1
6085	6	2	1	5	626	2
6086	6	2	1	4	627	3
6087	6	2	1	3	628	6
6088	6	2	1	2	629	7
6089	5	2	1	6	630	1
6090	5	2	1	5	631	2
6091	5	2	1	4	632	4
6092	6	2	3	2	357	7
6093	7	3	6	3	358	3
6094	7	3	6	2	359	4
6095	8	7	1	3	146	7
6096	6	3	6	3	359	3
6097	6	3	6	2	360	4
6098	7	7	1	3	147	7
6099	8	5	8	6	214	8
6100	8	5	8	5	215	7
6101	9	8	7	3	176	8
6102	8	8	7	3	177	8
6103	5	2	1	3	632	5
6104	6	2	3	2	357	7
6105	7	3	6	3	360	3
6106	7	3	6	2	361	5
6107	8	7	1	3	147	7
6108	6	3	6	3	361	3
6109	6	3	6	2	362	5
6110	7	7	1	3	148	7
6111	8	5	8	7	215	8
6112	9	8	7	4	178	8
6113	8	5	8	6	215	7
6114	9	8	7	3	179	8
6115	8	8	7	3	180	8
6116	5	2	1	2	632	7
6117	4	5	8	7	215	8
6118	5	2	1	8	633	1
6119	5	2	1	7	634	2
6120	6	2	3	4	357	8
6121	7	3	2	5	492	1
6122	7	3	2	4	493	3
6123	8	3	6	4	362	2
6124	8	3	6	3	363	5
6125	9	7	1	3	148	8
6126	8	3	6	2	363	6
6127	9	7	1	3	149	8
6128	8	7	1	3	150	8
6129	7	3	2	3	493	4
6130	7	3	2	2	494	5
6131	6	2	3	3	357	4
6132	6	2	3	2	358	5
6133	6	3	6	5	363	6
6134	7	3	2	3	495	3
6135	7	3	2	2	496	4
6136	5	2	1	6	634	3
6137	6	3	2	5	497	1
6138	6	3	2	4	498	2
6139	7	2	3	4	359	8
6140	8	3	6	4	363	3
6141	8	3	6	3	364	4
6142	9	7	1	3	151	8
6143	8	3	6	2	364	5
6144	9	7	1	3	152	8
6145	7	3	6	4	364	7
6146	6	3	2	3	498	4
6147	6	3	2	2	499	5
6148	5	2	1	5	634	4
6149	6	2	3	3	359	6
6150	7	3	2	4	500	1
6151	7	3	2	3	501	2
6152	7	3	2	2	501	3
6153	8	3	6	3	365	4
6154	8	3	6	2	366	6
6155	8	8	7	5	181	8
6156	6	2	3	2	359	7
6157	7	3	2	3	501	2
6158	7	3	2	2	502	3
6159	8	8	7	4	182	8
6160	8	3	6	4	367	7
6161	7	3	6	4	368	2
6162	7	3	6	3	369	3
6163	7	3	6	2	370	4
6164	8	8	7	4	183	8
6165	8	8	7	3	184	6
6166	9	7	1	3	153	6
6167	8	8	7	2	184	4
6168	6	3	2	5	502	1
6169	6	3	2	4	503	2
6170	6	3	2	3	504	3
6171	6	3	2	2	505	6
6172	7	3	6	4	370	2
6173	7	3	6	3	371	3
6174	7	3	6	2	372	4
6175	8	7	1	3	154	8
6176	6	3	6	3	372	3
6177	6	3	6	2	373	4
6178	7	7	1	3	155	8
6179	5	2	1	4	634	5
6180	6	2	3	3	359	6
6181	7	3	2	4	505	1
6182	7	3	2	3	506	2
6183	7	3	2	2	506	3
6184	8	3	6	3	373	5
6185	8	3	6	2	374	6
6186	8	8	7	5	185	8
6187	6	2	3	2	359	7
6188	7	3	2	3	506	2
6189	7	3	2	2	507	3
6190	8	3	6	4	375	5
6191	8	3	6	3	376	6
6192	9	8	7	4	186	8
6193	8	3	6	2	376	7
6194	9	8	7	4	187	8
6195	7	3	6	4	376	2
6196	7	3	6	3	377	3
6197	7	3	6	2	378	5
6198	8	8	7	5	188	8
6199	8	7	1	3	156	8
6200	6	3	2	5	507	1
6201	6	3	2	4	508	2
6202	6	3	2	3	509	3
6203	6	3	2	2	510	6
6204	7	3	6	4	378	2
6205	7	3	6	3	379	3
6206	7	3	6	2	380	5
6207	8	7	1	3	157	8
6208	6	3	6	3	380	3
6209	6	3	6	2	381	5
6210	7	7	1	3	158	8
6211	5	2	1	3	634	6
6212	6	3	2	5	510	1
6213	6	3	2	4	511	2
6214	7	2	3	4	359	8
6215	8	3	6	4	381	4
6216	9	7	1	3	159	8
6217	8	3	6	3	381	5
6218	9	7	1	3	160	8
6219	8	3	6	2	381	6
6220	9	7	1	3	161	8
6221	7	3	6	4	381	6
6222	8	2	3	3	359	4
6223	8	2	3	2	360	5
6224	8	8	7	4	189	8
6225	8	8	7	3	190	6
6226	9	7	1	3	162	8
6227	7	3	6	3	381	7
6228	6	3	2	3	511	4
6229	6	3	2	2	512	5
6230	5	2	1	2	634	7
6231	6	2	3	4	361	8
6232	7	3	2	5	513	1
6233	7	3	2	4	514	3
6234	8	3	6	4	382	5
6235	8	3	6	3	383	6
6236	9	7	1	3	163	8
6237	8	3	6	2	383	7
6238	9	7	1	3	164	8
6239	8	8	7	5	190	8
6240	8	7	1	3	165	8
6241	7	3	2	3	514	4
6242	7	3	2	2	515	5
6243	6	2	3	3	361	4
6244	7	3	2	2	516	3
6245	6	2	3	2	361	5
6246	6	3	2	3	517	3
6247	6	3	2	2	518	4
6248	4	3	2	7	519	1
6249	5	2	1	6	634	7
6250	4	2	3	5	362	8
6251	5	3	6	7	383	8
6252	6	2	1	6	635	2
6253	7	3	2	4	519	3
6254	7	3	2	3	520	4
6255	7	3	2	2	521	5
6256	6	2	1	5	635	3
6257	6	2	1	4	636	4
6258	7	3	2	3	522	3
6259	7	3	2	2	523	6
6260	6	2	1	3	636	5
6261	7	3	2	3	524	3
6262	7	3	2	2	525	6
6263	6	2	1	2	636	6
6264	6	3	2	4	526	3
6265	6	3	2	3	527	4
6266	6	3	2	2	528	5
6267	5	2	1	6	637	2
6268	6	3	2	4	529	3
6269	6	3	2	3	530	4
6270	6	3	2	2	531	5
6271	5	2	1	5	637	3
6272	5	2	1	4	638	4
6273	6	3	2	3	532	3
6274	6	3	2	2	533	6
6275	5	2	1	3	638	5
6276	6	3	2	3	534	3
6277	6	3	2	2	535	6
6278	5	2	1	2	638	6
6279	5	3	2	4	536	3
6280	5	3	2	3	537	4
6281	5	3	2	2	538	5
6282	4	2	1	6	639	2
6283	4	2	1	5	640	3
6284	5	3	2	3	539	2
6285	4	2	1	4	640	4
6286	5	3	2	2	540	6
6287	4	2	1	3	640	5
6288	5	3	2	2	541	6
6289	4	2	1	2	640	6
6290	5	3	2	3	542	2
6291	4	3	2	4	543	3
6292	3	5	1	6	490	3
6293	4	4	2	2	565	6
6294	3	5	1	5	490	4
6295	4	4	2	4	566	5
6296	4	4	2	3	567	6
6297	5	3	2	4	544	1
6298	4	4	2	2	567	7
6299	5	3	2	5	545	1
6300	5	3	2	4	546	2
6301	6	2	1	4	640	1
6302	6	2	1	3	641	3
6303	6	2	1	2	642	6
6304	4	5	8	5	215	8
6305	5	2	1	6	643	1
6306	5	2	1	5	644	2
6307	5	2	1	4	645	3
6308	5	2	1	3	646	6
6309	5	2	1	2	647	7
6310	4	2	1	6	648	1
6311	4	2	1	5	649	2
6312	4	2	1	4	650	3
6313	4	2	1	3	651	6
6314	4	2	1	2	652	7
6315	3	5	1	4	490	5
6316	4	4	2	5	567	3
6317	4	4	2	4	568	4
6318	5	3	2	3	546	1
6319	5	3	2	2	547	2
6320	4	4	2	3	568	6
6321	5	3	2	4	548	2
6322	6	2	1	4	653	1
6323	6	2	1	3	654	3
6324	6	2	1	2	655	6
6325	5	3	2	3	548	3
6326	6	2	1	2	656	2
6327	5	3	2	2	548	4
6328	5	2	1	6	657	1
6329	5	2	1	5	658	2
6330	5	2	1	4	659	3
6331	5	2	1	3	660	6
6332	5	2	1	2	661	7
6333	4	4	2	2	568	7
6334	5	2	1	6	662	1
6335	5	2	1	5	663	2
6336	5	2	1	4	664	3
6337	5	2	1	3	665	6
6338	5	2	1	2	666	7
6339	4	2	1	6	667	1
6340	4	2	1	5	668	2
6341	5	2	3	4	362	8
6342	6	3	2	5	549	1
6343	4	2	1	4	668	3
6344	5	3	2	5	550	1
6345	5	3	2	4	551	2
6346	6	2	3	4	362	8
6347	7	3	6	3	383	3
6348	7	3	6	2	384	4
6349	8	5	8	5	215	7
6350	7	5	8	6	216	7
6351	6	2	3	3	362	4
6352	6	2	3	2	363	5
6353	5	3	2	3	551	4
6354	5	3	2	2	552	5
6355	4	2	1	3	668	6
6356	5	3	6	6	384	6
6357	6	3	2	5	553	1
6358	6	3	2	4	554	2
6359	7	2	3	4	364	8
6360	8	5	8	6	217	6
6361	7	2	3	3	364	4
6362	7	2	3	2	365	5
6363	6	3	2	3	554	4
6364	6	3	2	2	555	5
6365	5	3	2	5	556	1
6366	5	3	2	4	557	2
6367	6	2	3	4	366	8
6368	7	3	6	2	384	4
6369	8	5	8	5	218	6
6370	7	5	8	6	219	6
6371	6	3	6	3	384	4
6372	6	3	6	2	385	5
6373	5	3	2	3	557	4
6374	5	3	2	2	558	5
6375	4	2	1	2	668	7
6376	5	2	3	4	366	8
6377	6	3	2	5	559	1
6378	5	2	3	3	366	6
6379	3	5	1	3	490	6
6380	4	4	2	5	568	3
6381	5	3	2	2	560	1
6382	4	4	2	4	568	4
6383	5	3	2	3	561	1
6384	5	3	2	2	562	2
6385	4	4	2	3	568	5
6386	5	3	2	4	563	1
6387	5	3	2	3	564	2
6388	5	3	2	2	565	3
6389	4	4	2	2	568	7
6390	5	3	2	5	566	2
6391	5	3	2	4	567	3
6392	6	2	1	6	668	1
6393	6	2	1	5	669	2
6394	6	2	1	4	670	4
6395	7	2	3	3	367	6
6396	7	2	3	2	368	7
6397	7	3	6	4	386	6
6398	8	5	8	6	220	8
6399	9	8	7	5	191	8
6400	7	3	6	3	386	7
6401	6	2	1	3	670	5
6402	7	2	3	3	369	6
6403	7	2	3	2	370	7
6404	7	3	6	4	387	6
6405	8	5	8	6	220	8
6406	9	8	7	5	192	8
6407	7	3	6	3	387	7
6408	6	2	1	2	670	7
6409	5	3	2	3	567	4
6410	5	3	2	2	568	5
6411	5	2	1	6	671	1
6412	5	2	1	5	672	2
6413	6	2	3	2	371	5
6414	5	2	1	4	672	4
6415	5	2	1	3	673	5
6416	5	2	1	2	674	7
6417	6	2	3	2	372	5
6418	4	2	1	6	674	1
6419	4	2	1	5	675	2
6420	5	3	2	5	569	6
6421	5	2	3	3	373	8
6422	6	3	2	4	570	3
6423	4	2	1	4	675	4
6424	5	3	2	5	571	3
6425	6	2	3	3	373	6
6426	6	2	3	2	374	7
6427	5	2	3	3	375	8
6428	6	3	2	4	571	1
6429	6	3	2	3	572	2
6430	6	3	2	2	572	6
6431	5	2	3	2	375	6
6432	6	3	6	5	388	6
6433	7	3	2	3	573	1
6434	7	3	2	2	574	2
6435	4	2	1	3	675	5
6436	5	3	2	5	574	3
6437	6	2	3	3	375	6
6438	6	2	3	2	376	7
6439	5	2	3	3	377	8
6440	6	3	2	4	574	1
6441	6	3	2	3	575	2
6442	6	3	2	2	575	6
6443	5	2	3	2	377	6
6444	6	3	6	5	388	6
6445	7	3	2	3	576	1
6446	7	3	2	2	577	2
6447	4	2	1	2	675	7
6448	5	3	2	5	577	6
6449	5	2	3	3	377	8
6450	6	3	2	4	578	3
6451	5	2	3	2	377	5
6452	5	3	6	5	388	6
6453	6	3	2	4	579	1
6454	5	3	6	4	388	7
6455	3	5	1	2	490	7
6456	4	2	1	6	675	1
6457	4	2	1	5	676	3
6458	5	3	2	5	580	1
6459	6	4	2	4	568	2
6460	6	4	2	3	569	3
6461	6	4	2	2	570	4
6462	5	3	2	4	580	2
6463	6	2	3	4	378	8
6464	7	3	6	3	389	3
6465	7	3	6	2	390	4
6466	8	4	2	5	571	3
6467	8	4	2	4	572	4
6468	8	4	2	3	573	5
6469	8	4	2	2	574	6
6470	7	4	2	5	575	3
6471	7	4	2	4	576	4
6472	7	4	2	3	577	5
6473	7	4	2	2	578	6
6474	6	2	3	3	378	4
6475	6	2	3	2	379	5
6476	5	3	2	3	580	4
6477	5	3	2	2	581	5
6478	4	2	1	4	676	4
6479	4	2	1	3	677	5
6480	4	2	1	2	678	6
6481	5	3	6	6	390	6
6482	6	3	2	5	582	1
6483	7	4	2	4	579	2
6484	7	4	2	3	580	3
6485	7	4	2	2	581	4
6486	6	3	2	4	582	2
6487	7	2	3	4	380	8
6488	8	4	2	5	582	3
6489	8	4	2	4	583	4
6490	8	4	2	3	584	5
6491	8	4	2	2	585	6
6492	7	2	3	3	380	4
6493	7	2	3	2	381	5
6494	6	4	2	3	586	5
6495	6	4	2	2	587	6
6496	7	3	2	2	582	4
6497	6	3	2	3	583	4
6498	6	3	2	2	584	5
6499	5	3	2	5	585	1
6500	6	3	6	4	390	7
6501	5	3	2	4	585	2
6502	6	2	3	4	382	8
6503	7	3	6	2	391	4
6504	8	4	2	5	587	3
6505	8	4	2	4	588	4
6506	8	4	2	3	589	5
6507	8	4	2	2	590	6
6508	7	4	2	5	591	3
6509	7	4	2	4	592	4
6510	7	4	2	3	593	5
6511	7	4	2	2	594	6
6512	6	3	6	3	391	4
6513	6	3	6	2	392	5
6514	5	4	2	3	595	5
6515	5	4	2	2	596	6
6516	6	3	2	2	585	4
6517	5	3	2	3	586	4
6518	5	3	2	2	587	5
6519	3	2	3	5	382	8
6520	4	3	6	7	393	8
6521	5	2	1	6	678	7
6522	5	2	1	4	679	3
6523	5	2	1	3	680	4
6524	5	2	1	2	681	5
6525	5	3	2	4	588	1
6526	4	2	1	6	682	2
6527	4	2	1	5	683	3
6528	5	3	6	5	393	7
6529	4	2	1	4	683	4
6530	4	2	1	3	684	5
6531	4	2	1	2	685	6
6532	5	3	6	5	394	6
6533	6	3	2	4	589	1
6534	6	3	2	3	590	2
6535	6	3	2	2	591	4
6536	5	3	6	4	394	7
6537	3	2	1	6	685	2
6538	3	2	1	5	686	3
6539	4	3	6	5	395	7
6540	5	3	2	4	592	2
6541	3	2	1	4	686	4
6542	3	2	1	3	687	5
6543	3	2	1	2	688	6
6544	4	3	6	5	395	6
6545	5	3	2	4	593	1
6546	5	3	2	3	594	2
6547	6	2	3	3	382	4
6548	6	2	3	2	383	5
6549	5	3	2	2	594	4
6550	4	3	2	4	595	1
6551	4	3	2	3	596	2
6552	5	3	6	3	395	4
6553	5	3	6	2	396	5
6554	4	3	2	2	596	4
6555	2	2	1	8	688	1
6556	3	3	2	5	597	2
6557	4	2	3	3	384	5
6558	4	4	2	3	596	4
6559	4	4	2	2	597	5
6560	3	4	2	4	598	5
6561	3	4	2	3	599	6
6562	3	4	2	2	600	7
6563	4	3	2	3	597	3
6564	5	5	1	3	490	3
6565	5	5	1	2	491	6
6566	4	3	2	2	597	4
6567	2	2	1	7	688	2
6568	3	2	3	4	385	8
6569	4	3	2	5	598	1
6570	4	3	2	4	599	3
6571	5	4	2	5	600	4
6572	6	5	1	3	492	5
6573	6	5	1	2	493	8
6574	6	3	6	4	397	4
6575	6	3	6	3	398	5
6576	7	2	5	4	182	7
6577	8	7	1	2	166	6
6578	6	3	6	2	398	6
6579	6	7	1	2	167	6
6580	5	4	2	4	600	5
6581	5	4	2	3	601	6
6582	5	4	2	2	602	7
6583	6	5	1	5	494	3
6584	6	5	1	4	495	5
6585	6	5	1	3	496	6
6586	6	5	1	2	497	8
6587	5	5	1	4	498	3
6588	5	5	1	3	498	4
6589	5	5	1	2	499	6
6590	5	5	8	7	220	8
6591	6	3	6	4	399	2
6592	6	3	6	3	400	5
6593	7	2	5	4	182	7
6594	8	7	1	3	168	8
6595	6	3	6	2	400	6
6596	7	2	5	4	182	7
6597	8	7	1	3	169	8
6598	4	3	2	3	599	4
6599	5	4	2	3	602	5
6600	5	4	2	2	603	6
6601	4	3	2	2	599	5
6602	4	4	2	2	604	7
6603	5	5	1	3	500	5
6604	5	5	1	2	501	6
6605	3	2	3	3	385	4
6606	3	2	3	2	386	5
6607	3	4	2	7	604	2
6608	3	3	2	4	600	1
6609	4	4	2	3	605	4
6610	4	4	2	2	606	6
6611	3	3	2	3	600	3
6612	3	3	2	2	601	4
6613	2	2	1	6	688	3
6614	3	2	3	4	387	8
6615	4	3	2	5	602	1
6616	5	4	2	5	607	2
6617	5	4	2	4	608	3
6618	6	5	1	4	502	5
6619	6	5	1	3	503	7
6620	6	5	1	2	504	8
6621	6	2	5	4	182	7
6622	7	3	6	4	400	2
6623	7	3	6	3	401	3
6624	7	3	6	2	402	5
6625	8	7	1	3	170	8
6626	7	7	1	3	171	8
6627	6	3	6	5	402	7
6628	7	7	1	3	172	8
6629	6	3	6	4	402	2
6630	6	3	6	3	403	3
6631	6	3	6	2	404	5
6632	5	4	2	3	608	4
6633	5	4	2	2	609	6
6634	6	5	1	4	505	4
6635	6	5	1	3	506	7
6636	6	5	1	2	507	8
6637	6	2	5	4	182	7
6638	7	3	6	4	405	2
6639	7	3	6	3	406	3
6640	7	3	6	2	407	5
6641	8	7	1	3	173	8
6642	7	7	1	3	174	8
6643	6	3	6	5	407	7
6644	7	5	8	7	220	6
6645	8	8	7	4	193	6
6646	8	7	1	3	175	8
6647	4	3	2	4	602	2
6648	5	4	2	5	609	3
6649	6	5	1	3	508	7
6650	6	5	1	2	509	8
6651	6	3	6	4	407	3
6652	6	3	6	3	408	4
6653	6	3	6	2	409	5
6654	7	2	5	3	182	7
6655	8	6	2	5	123	6
6656	5	4	2	4	609	4
6657	5	4	2	3	610	5
6658	5	4	2	2	611	6
6659	6	5	1	4	510	5
6660	6	5	1	3	511	7
6661	6	5	1	2	512	8
6662	6	3	6	4	409	3
6663	6	3	6	3	410	4
6664	7	2	5	3	182	7
6665	8	6	2	4	124	3
6666	6	3	6	2	410	5
6667	7	2	5	3	182	7
6668	8	6	2	4	125	3
6669	7	6	2	4	126	3
6670	5	5	1	3	513	5
6671	6	5	8	6	220	8
6672	7	3	6	4	410	3
6673	7	3	6	3	411	4
6674	8	2	5	3	182	7
6675	7	3	6	2	411	5
6676	8	2	5	3	183	7
6677	8	7	1	2	176	7
6678	5	5	1	2	513	7
6679	6	5	8	2	220	6
6680	5	5	8	5	221	8
6681	6	3	6	4	411	3
6682	6	3	6	3	412	4
6683	7	2	5	3	184	7
6684	8	7	1	3	177	8
6685	6	3	6	2	412	5
6686	7	2	5	3	184	7
6687	8	7	1	3	178	8
6688	4	3	2	3	602	4
6689	5	4	2	3	611	6
6690	5	4	2	2	612	7
6691	4	3	2	2	602	5
6692	3	2	3	3	387	4
6693	4	3	2	3	603	2
6694	4	3	2	2	604	5
6695	3	2	3	2	387	5
6696	4	3	2	4	605	2
6697	3	4	2	5	613	3
6698	4	5	1	3	513	7
6699	4	5	1	2	514	8
6700	4	5	8	7	221	8
6701	5	3	6	4	412	3
6702	5	3	6	3	413	4
6703	5	3	6	2	414	5
6704	6	8	7	5	194	8
6705	6	5	5	5	139	6
6706	3	4	2	4	613	4
6707	3	4	2	3	614	5
6708	3	4	2	2	615	6
6709	4	5	1	4	515	5
6710	4	5	1	3	516	7
6711	4	5	1	2	517	8
6712	4	3	6	4	414	3
6713	4	3	6	3	415	4
6714	5	6	2	4	127	3
6715	4	3	6	2	415	5
6716	5	6	2	4	128	3
6717	3	5	1	3	518	5
6718	4	5	8	6	221	8
6719	5	3	6	4	415	3
6720	5	3	6	3	416	4
6721	6	8	7	5	195	8
6722	6	7	1	2	179	7
6723	5	3	6	2	416	5
6724	6	8	7	5	196	8
6725	6	7	1	2	180	7
6726	3	5	1	2	518	7
6727	2	2	1	5	688	4
6728	3	2	3	3	387	8
6729	4	3	2	5	606	1
6730	4	3	2	4	607	2
6731	5	5	1	3	519	6
6732	5	5	1	2	520	7
6733	5	4	2	4	615	3
6734	5	4	2	3	616	4
6735	5	4	2	2	617	7
6736	4	3	2	3	607	3
6737	5	4	2	4	618	4
6738	6	5	1	3	521	7
6739	6	5	1	2	522	8
6740	5	4	2	3	618	6
6741	5	4	2	2	619	7
6742	6	5	1	4	523	3
6743	6	5	1	3	524	6
6744	7	3	6	4	416	4
6745	7	3	6	3	417	6
6746	8	2	5	3	184	7
6747	9	7	1	2	181	7
6748	7	3	6	2	417	7
6749	7	2	5	3	184	7
6750	8	7	1	2	182	7
6751	6	5	1	2	524	8
6752	6	3	6	4	418	4
6753	6	3	6	3	419	6
6754	7	2	5	3	184	7
6755	8	7	1	3	183	7
6756	6	3	6	2	419	7
6757	6	2	5	4	184	7
6758	7	7	1	3	184	7
6759	5	5	1	4	525	3
6760	5	5	1	3	525	6
6761	5	5	1	2	526	7
6762	4	4	2	2	619	7
6763	5	5	1	3	527	6
6764	5	5	1	2	528	8
6765	5	3	6	3	420	3
6766	5	3	6	2	421	4
6767	6	7	1	3	185	7
6768	7	5	8	6	221	8
6769	8	8	7	4	197	8
6770	7	5	8	5	221	7
6771	8	8	7	3	198	8
6772	8	8	7	2	199	5
6773	7	8	7	3	200	8
6774	4	3	2	2	607	6
6775	5	5	1	3	529	6
6776	5	5	1	2	530	7
6777	5	5	8	7	221	8
6778	6	3	6	4	421	2
6779	6	3	6	3	422	3
6780	6	3	6	2	423	4
6781	7	7	1	3	185	8
6782	4	5	1	3	531	6
6783	4	5	1	2	532	7
6784	4	3	6	3	423	3
6785	4	3	6	2	424	4
6786	5	5	8	6	221	8
6787	6	7	1	3	186	8
6788	3	2	3	2	387	6
6789	4	3	2	4	607	1
6790	4	3	2	3	608	2
6791	4	3	2	2	609	3
6792	5	4	2	4	619	4
6793	6	5	1	3	533	7
6794	6	5	1	2	534	8
6795	6	3	6	3	424	4
6796	6	3	6	2	425	6
6797	7	5	8	6	221	8
6798	6	5	8	7	222	8
6799	7	8	7	5	201	8
6800	7	7	1	3	187	6
6801	5	4	2	3	619	6
6802	5	4	2	2	620	7
6803	5	3	6	3	425	4
6804	6	5	1	3	535	9
6805	5	3	6	2	425	6
6806	6	5	1	4	536	3
6807	6	5	1	3	536	6
6808	6	5	1	2	537	7
6809	5	5	1	4	538	3
6810	5	5	1	3	538	6
6811	5	5	1	2	539	7
6812	5	5	8	7	222	8
6813	6	8	7	5	202	8
6814	3	3	2	4	609	1
6815	4	4	2	2	621	3
6816	3	3	2	3	609	2
6817	3	3	2	2	610	3
6818	4	4	2	4	622	5
6819	5	5	1	2	540	7
6820	4	4	2	3	622	6
6821	4	4	2	2	623	7
6822	5	5	1	4	541	3
6823	5	5	1	3	542	6
6824	4	5	1	4	543	3
6825	4	5	1	3	543	6
6826	4	5	1	2	544	7
6827	4	3	6	4	425	2
6828	4	3	6	3	426	4
6829	4	3	6	2	427	6
6830	5	8	7	4	203	8
6831	4	8	7	4	204	8
6832	3	4	2	2	623	7
6833	4	5	1	3	545	6
6834	4	5	1	2	546	8
6835	4	3	6	3	427	3
6836	4	3	6	2	428	4
6837	5	5	8	6	222	8
6838	6	8	7	4	205	8
6839	6	8	7	3	206	6
6840	7	7	1	3	188	6
6841	3	5	1	3	547	6
6842	3	5	1	2	548	7
6843	3	5	8	7	222	8
6844	4	3	6	4	428	2
6845	4	3	6	3	429	3
6846	4	3	6	2	430	4
6847	5	8	7	4	206	8
6848	5	8	7	3	207	6
6849	6	7	1	3	189	6
6850	5	8	7	2	207	4
6851	2	2	1	4	688	5
6852	3	2	3	3	387	8
6853	4	3	2	5	610	1
6854	4	3	2	4	611	2
6855	5	5	1	3	549	6
6856	5	5	1	2	550	7
6857	5	4	2	4	623	3
6858	5	4	2	3	624	4
6859	5	4	2	2	625	7
6860	4	3	2	3	611	3
6861	5	4	2	4	626	4
6862	6	5	1	3	551	7
6863	6	5	1	2	552	8
6864	5	4	2	3	626	6
6865	5	4	2	2	627	7
6866	6	5	1	4	553	3
6867	6	5	1	3	554	6
6868	7	3	6	4	430	5
6869	7	3	6	3	431	6
6870	8	7	1	2	190	7
6871	7	3	6	2	431	7
6872	7	7	1	2	191	7
6873	6	5	1	2	554	8
6874	6	3	6	4	432	5
6875	6	3	6	3	433	6
6876	7	7	1	3	192	7
6877	6	3	6	2	433	7
6878	6	7	1	3	193	7
6879	5	5	1	4	555	3
6880	5	5	1	3	555	6
6881	5	5	1	2	556	7
6882	4	4	2	2	627	7
6883	5	5	1	3	557	6
6884	5	5	1	2	558	8
6885	5	3	6	3	434	3
6886	5	3	6	2	435	5
6887	6	7	1	3	194	7
6888	7	5	8	7	222	8
6889	8	8	7	4	208	8
6890	8	8	7	2	209	5
6891	7	5	8	6	222	7
6892	8	8	7	3	210	8
6893	7	8	7	3	211	8
6894	4	3	2	2	611	6
6895	5	5	1	3	559	6
6896	5	5	1	2	560	7
6897	5	5	8	7	222	8
6898	6	3	6	4	435	2
6899	6	3	6	3	436	3
6900	6	3	6	2	437	5
6901	7	7	1	3	194	8
6902	4	5	1	3	561	6
6903	4	5	1	2	562	7
6904	4	3	6	3	437	3
6905	4	3	6	2	438	5
6906	5	5	8	7	222	8
6907	6	7	1	3	195	8
6908	3	2	3	2	387	6
6909	4	3	2	4	611	1
6910	4	3	2	3	612	2
6911	4	3	2	2	613	3
6912	3	3	2	4	614	1
6913	3	3	2	3	615	2
6914	3	3	2	2	616	3
6915	3	4	2	2	627	7
6916	4	5	1	3	563	6
6917	4	5	1	2	564	8
6918	4	3	6	3	438	3
6919	4	3	6	2	439	5
6920	5	5	8	7	222	8
6921	6	8	7	5	212	8
6922	6	7	1	3	196	7
6923	3	5	1	3	565	6
6924	3	5	1	2	566	7
6925	3	5	8	7	222	8
6926	4	3	6	4	439	2
6927	4	3	6	3	440	3
6928	4	3	6	2	441	5
6929	5	8	7	5	213	8
6930	5	7	1	3	197	8
6931	2	2	1	3	688	6
6932	3	2	3	4	387	8
6933	4	3	2	5	617	1
6934	5	4	2	5	627	2
6935	5	4	2	4	628	3
6936	6	5	1	4	567	5
6937	6	5	1	3	568	7
6938	6	5	1	2	569	8
6939	6	7	1	3	198	8
6940	5	4	2	3	628	4
6941	5	4	2	2	629	6
6942	6	5	1	4	570	4
6943	6	5	1	3	571	7
6944	6	5	1	2	572	8
6945	6	7	1	3	199	8
6946	4	3	2	4	617	2
6947	5	4	2	5	629	3
6948	6	5	1	3	573	7
6949	6	5	1	2	574	8
6950	6	3	6	4	441	4
6951	6	3	6	3	442	5
6952	7	2	5	3	184	7
6953	8	7	1	3	200	5
6954	8	7	1	2	201	7
6955	6	3	6	2	442	6
6956	7	2	5	4	184	7
6957	8	7	1	3	202	5
6958	8	7	1	2	203	7
6959	7	7	1	3	204	5
6960	7	7	1	2	205	7
6961	6	7	1	3	206	5
6962	6	7	1	2	207	7
6963	5	4	2	4	629	4
6964	5	4	2	3	630	5
6965	5	4	2	2	631	6
6966	6	5	1	4	575	5
6967	6	5	1	3	576	7
6968	6	5	1	2	577	8
6969	6	3	6	4	442	4
6970	7	2	5	3	184	7
6971	8	7	1	3	208	5
6972	8	7	1	2	209	7
6973	7	2	5	2	184	3
6974	6	3	6	3	442	5
6975	7	2	5	3	185	7
6976	8	7	1	3	210	5
6977	8	7	1	2	211	7
6978	7	2	5	2	185	3
6979	6	3	6	2	442	6
6980	7	2	5	4	186	7
6981	8	7	1	3	212	5
6982	8	7	1	2	213	7
6983	7	7	1	3	214	5
6984	7	7	1	2	215	7
6985	6	7	1	3	216	5
6986	6	7	1	2	217	7
6987	5	5	1	3	578	5
6988	6	5	8	6	222	8
6989	7	3	6	4	442	4
6990	8	7	1	2	218	7
6991	7	3	6	3	442	5
6992	8	7	1	2	219	7
6993	7	3	6	2	442	6
6994	8	7	1	2	220	7
6995	5	5	1	2	578	7
6996	6	5	8	2	222	6
6997	5	5	8	5	223	8
6998	6	3	6	4	442	4
6999	7	7	1	3	221	8
7000	6	3	6	3	442	5
7001	7	7	1	3	222	8
7002	6	3	6	2	442	6
7003	7	7	1	3	223	8
7004	6	7	1	3	224	8
7005	4	3	2	3	617	4
7006	5	4	2	3	631	6
7007	5	4	2	2	632	7
7008	4	3	2	2	617	5
7009	3	2	3	3	387	4
7010	4	3	2	3	618	2
7011	5	4	2	4	633	3
7012	5	4	2	3	634	4
7013	5	4	2	2	635	5
7014	5	5	1	3	578	5
7015	5	5	1	2	579	7
7016	4	3	2	2	618	5
7017	3	2	3	2	387	5
7018	4	3	2	4	619	2
7019	3	4	2	5	636	3
7020	4	5	1	3	580	7
7021	4	5	1	2	581	8
7022	4	5	8	7	223	8
7023	5	3	6	4	442	4
7024	5	3	6	3	443	5
7025	6	8	7	5	214	8
7026	6	7	1	3	225	5
7027	6	7	1	2	226	7
7028	5	3	6	2	443	6
7029	6	8	7	5	215	8
7030	6	7	1	3	227	5
7031	6	7	1	2	228	7
7032	5	8	7	5	216	8
7033	5	7	1	3	229	5
7034	5	7	1	2	230	7
7035	3	4	2	4	636	4
7036	3	4	2	3	637	5
7037	3	4	2	2	638	6
7038	4	5	1	4	582	5
7039	4	5	1	3	583	7
7040	4	5	1	2	584	8
7041	4	3	6	4	443	4
7042	5	7	1	3	231	5
7043	5	7	1	2	232	7
7044	4	3	6	3	443	5
7045	5	7	1	3	233	5
7046	5	7	1	2	234	7
7047	4	3	6	2	443	6
7048	5	7	1	3	235	5
7049	5	7	1	2	236	7
7050	4	7	1	3	237	5
7051	4	7	1	2	238	7
7052	3	5	1	3	585	5
7053	4	7	1	2	239	7
7054	3	5	1	2	585	7
7055	3	3	6	4	443	6
7056	4	7	1	3	240	8
7057	2	2	1	2	688	7
7058	3	2	3	4	387	8
7059	4	3	2	5	620	1
7060	4	3	2	4	621	3
7061	5	4	2	5	638	4
7062	6	5	1	3	586	5
7063	6	5	1	2	587	8
7064	6	7	1	2	241	6
7065	5	4	2	4	638	5
7066	5	4	2	3	639	6
7067	5	4	2	2	640	7
7068	6	5	1	5	588	3
7069	6	5	1	4	589	5
7070	6	5	1	3	590	6
7071	6	5	1	2	591	8
7072	5	5	1	4	592	3
7073	5	5	1	3	592	4
7074	5	5	1	2	593	6
7075	5	7	1	3	242	8
7076	4	3	2	3	621	4
7077	5	4	2	3	640	5
7078	5	4	2	2	641	6
7079	4	3	2	2	621	5
7080	4	4	2	2	642	7
7081	5	5	1	3	594	5
7082	5	5	1	2	595	6
7083	3	2	3	3	387	4
7084	4	3	6	2	443	6
7085	4	3	2	3	622	3
7086	4	3	2	2	623	5
7087	3	2	3	2	387	5
7088	3	4	2	7	642	2
7089	3	3	2	4	624	1
7090	3	3	2	3	625	3
7091	4	4	2	3	643	4
7092	4	4	2	2	644	6
7093	4	5	1	2	596	3
7094	3	3	2	2	625	4
7095	2	2	3	3	388	5
7096	3	3	2	3	626	3
7097	4	3	6	2	444	6
7098	3	3	2	2	626	4
7099	2	2	3	2	388	6
7100	3	3	2	4	627	2
7101	4	4	2	3	645	4
7102	4	4	2	2	646	5
7103	3	3	2	3	627	3
7104	4	5	1	2	596	6
7105	3	3	2	2	627	4
7106	2	4	2	5	647	4
7107	2	4	2	4	648	5
7108	2	4	2	3	649	6
7109	2	4	2	2	650	7
7110	3	3	2	4	628	2
7111	3	3	2	3	629	3
7112	4	5	1	2	597	3
7113	3	3	2	2	629	4
7114	1	5	8	8	223	9
7115	2	5	1	6	597	3
7116	3	4	2	2	650	6
7117	2	5	1	5	597	4
7118	3	4	2	4	651	5
7119	3	4	2	3	652	6
7120	4	3	2	4	630	1
7121	3	4	2	2	652	7
7122	4	3	2	5	631	1
7123	4	3	2	4	632	2
7124	5	2	1	4	688	1
7125	5	2	1	3	689	3
7126	5	2	1	2	690	6
7127	3	7	1	4	243	8
7128	4	2	1	4	691	2
7129	4	2	1	3	692	3
7130	4	2	1	2	693	6
7131	2	5	1	4	597	5
7132	3	4	2	5	652	3
7133	3	4	2	4	653	4
7134	4	3	2	3	632	1
7135	4	3	2	2	633	2
7136	3	4	2	3	653	6
7137	4	3	2	4	634	2
7138	5	2	1	4	694	1
7139	5	2	1	3	695	3
7140	5	2	1	2	696	6
7141	4	3	2	3	634	3
7142	5	2	1	2	697	2
7143	4	3	2	2	634	4
7144	4	2	1	6	698	1
7145	4	2	1	5	699	2
7146	4	2	1	4	700	3
7147	4	2	1	3	701	6
7148	4	2	1	2	702	7
7149	3	4	2	2	653	7
7150	4	2	1	6	703	1
7151	4	2	1	5	704	2
7152	4	2	1	4	705	3
7153	4	2	1	3	706	6
7154	4	2	1	2	707	7
7155	3	7	1	3	243	8
7156	4	2	1	4	708	2
7157	4	2	1	3	709	3
7158	4	2	1	2	710	6
7159	2	5	1	3	597	6
7160	3	4	2	5	653	3
7161	4	3	2	2	635	1
7162	3	4	2	4	653	4
7163	4	3	2	3	636	1
7164	4	3	2	2	637	2
7165	3	4	2	3	653	5
7166	4	3	2	4	638	1
7167	4	3	2	3	639	2
7168	4	3	2	2	640	3
7169	3	4	2	2	653	7
7170	4	3	2	5	641	2
7171	4	3	2	4	642	3
7172	5	2	1	6	711	1
7173	5	2	1	5	712	2
7174	5	2	1	4	713	4
7175	6	2	3	3	388	6
7176	6	2	3	2	389	7
7177	6	3	6	4	445	6
7178	7	7	1	2	243	7
7179	6	3	6	3	445	7
7180	7	7	1	2	244	7
7181	5	2	1	3	713	5
7182	6	2	3	3	390	6
7183	6	2	3	2	391	7
7184	6	3	6	4	445	6
7185	7	7	1	2	245	7
7186	6	3	6	3	445	7
7187	5	2	1	2	713	7
7188	4	3	2	3	642	4
7189	4	3	2	2	643	5
7190	4	2	1	6	714	1
7191	4	2	1	5	715	2
7192	4	2	1	4	716	4
7193	4	2	1	3	717	5
7194	4	2	1	2	718	7
7195	5	2	3	2	392	5
7196	3	7	1	3	246	8
7197	4	2	1	4	718	2
7198	4	2	1	3	719	4
7199	5	3	2	4	644	3
7200	4	2	1	2	719	5
7201	5	3	2	4	645	3
7202	4	3	2	5	646	6
7203	4	3	2	4	647	1
7204	2	5	1	2	597	7
7205	3	2	1	6	719	1
7206	3	2	1	5	720	3
7207	4	3	2	5	648	1
7208	5	4	2	4	653	2
7209	5	4	2	3	654	3
7210	5	4	2	2	655	4
7211	4	3	2	4	648	2
7212	5	4	2	5	656	3
7213	5	4	2	4	657	4
7214	5	4	2	3	658	5
7215	5	4	2	2	659	6
7216	5	7	1	2	246	5
7217	5	3	6	5	446	5
7218	6	2	3	2	393	7
7219	5	3	6	4	446	3
7220	4	4	2	3	660	5
7221	4	4	2	2	661	6
7222	5	3	2	2	648	4
7223	4	3	2	3	649	4
7224	4	3	2	2	650	5
7225	3	2	1	4	720	4
7226	3	2	1	3	721	5
7227	3	2	1	2	722	6
7228	4	3	6	6	446	6
7229	5	3	2	5	651	1
7230	6	4	2	4	661	2
7231	6	4	2	3	662	3
7232	6	4	2	2	663	4
7233	5	3	2	4	651	2
7234	6	4	2	5	664	3
7235	6	4	2	4	665	4
7236	6	4	2	3	666	5
7237	6	4	2	2	667	6
7238	6	7	1	2	247	5
7239	5	4	2	3	668	5
7240	5	4	2	2	669	6
7241	6	3	2	2	651	4
7242	5	3	2	3	652	4
7243	5	3	2	2	653	5
7244	4	3	2	5	654	1
7245	5	3	6	4	446	7
7246	4	3	2	4	654	2
7247	5	4	2	5	669	3
7248	5	4	2	4	670	4
7249	5	4	2	3	671	5
7250	5	4	2	2	672	6
7251	5	7	1	2	248	5
7252	4	4	2	3	673	5
7253	4	4	2	2	674	6
7254	5	3	2	2	654	4
7255	4	3	2	3	655	4
7256	4	3	2	2	656	5
7257	2	2	1	6	722	2
7258	2	2	1	5	723	3
7259	3	3	2	4	657	1
7260	4	4	2	5	674	2
7261	4	4	2	4	675	3
7262	4	4	2	3	676	4
7263	4	4	2	2	677	6
7264	3	3	2	3	657	2
7265	4	4	2	5	678	3
7266	4	4	2	4	679	4
7267	4	4	2	3	680	5
7268	4	4	2	2	681	6
7269	5	2	3	3	394	5
7270	5	2	3	2	395	7
7271	3	3	2	2	657	4
7272	2	2	1	4	723	4
7273	2	2	1	3	724	5
7274	2	2	1	2	725	6
7275	3	3	6	6	447	6
7276	4	3	2	4	658	1
7277	5	4	2	5	681	2
7278	5	4	2	4	682	3
7279	5	4	2	3	683	4
7280	5	4	2	2	684	6
7281	4	3	2	3	658	2
7282	5	4	2	5	685	3
7283	5	4	2	4	686	4
7284	5	4	2	3	687	5
7285	5	4	2	2	688	6
7286	6	2	3	3	396	5
7287	6	2	3	2	397	7
7288	4	3	2	2	658	4
7289	3	3	2	4	659	1
7290	4	3	6	4	447	7
7291	3	3	2	3	659	2
7292	4	4	2	5	688	3
7293	4	4	2	4	689	4
7294	4	4	2	3	690	5
7295	4	4	2	2	691	6
7296	5	2	3	3	398	5
7297	5	2	3	2	399	7
7298	3	3	2	2	659	4
7299	1	5	1	7	597	9
7300	2	4	2	7	691	2
7301	3	2	3	3	400	6
7302	3	2	3	2	401	7
7303	4	2	1	4	725	3
7304	4	2	1	3	726	4
7305	4	2	1	2	727	5
7306	3	7	1	3	249	8
7307	4	2	1	6	728	2
7308	4	2	1	5	729	3
7309	4	2	1	4	730	4
7310	4	2	1	3	731	5
7311	4	2	1	2	732	6
7312	2	4	2	6	691	3
7313	3	3	2	2	660	1
7314	4	2	1	6	733	2
7315	4	2	1	5	734	3
7316	5	7	1	3	249	8
7317	4	2	1	4	734	4
7318	4	2	1	3	735	5
7319	4	2	1	2	736	6
7320	5	3	6	5	448	6
7321	6	7	1	3	250	8
7322	5	3	6	4	448	7
7323	3	2	1	6	736	1
7324	3	2	1	5	737	3
7325	4	2	3	3	401	4
7326	4	2	3	2	402	7
7327	4	3	6	3	449	3
7328	4	3	6	2	450	4
7329	4	5	8	7	223	8
7330	4	7	8	6	229	8
7331	3	2	1	4	737	4
7332	4	3	6	4	451	6
7333	5	2	3	3	403	8
7334	4	3	6	3	451	7
7335	5	2	3	3	404	8
7336	3	2	1	3	737	5
7337	4	3	6	4	451	6
7338	5	2	3	3	405	8
7339	4	3	6	3	451	7
7340	5	2	3	3	406	8
7341	3	2	1	2	737	6
7342	4	3	6	5	451	6
7343	5	2	3	3	407	4
7344	5	2	3	2	408	7
7345	5	5	8	7	224	8
7346	5	7	8	6	230	8
7347	4	2	3	3	409	4
7348	4	2	3	2	410	7
7349	2	4	2	5	691	4
7350	3	3	2	3	660	1
7351	4	2	1	6	737	2
7352	4	2	1	5	738	3
7353	4	2	1	4	739	4
7354	4	2	1	3	740	5
7355	4	2	1	2	741	6
7356	3	3	2	2	660	2
7357	3	2	1	6	742	1
7358	3	2	1	5	743	2
7359	4	3	6	3	451	4
7360	4	3	6	2	452	5
7361	5	7	1	2	251	6
7362	3	2	1	4	743	4
7363	4	2	3	3	411	6
7364	4	2	3	2	412	7
7365	3	2	1	3	743	5
7366	4	2	3	3	413	6
7367	4	2	3	2	414	7
7368	3	2	1	2	743	7
7369	4	2	3	4	415	8
7370	5	7	1	2	252	6
7371	2	4	2	4	691	5
7372	3	3	2	4	661	1
7373	4	2	1	6	743	2
7374	4	2	1	5	744	3
7375	4	2	1	4	745	4
7376	4	2	1	3	746	5
7377	4	2	1	2	747	6
7378	3	3	2	3	661	2
7379	4	2	1	6	748	1
7380	4	2	1	5	749	3
7381	4	2	1	4	750	4
7382	4	2	1	3	751	5
7383	4	2	1	2	752	6
7384	3	3	2	2	661	3
7385	4	2	1	6	753	1
7386	4	2	1	5	754	2
7387	4	2	1	4	755	4
7388	5	2	3	3	415	6
7389	5	2	3	2	416	7
7390	4	2	1	3	755	5
7391	5	2	3	3	417	6
7392	5	2	3	2	418	7
7393	4	2	1	2	755	7
7394	2	4	2	3	691	6
7395	3	3	2	5	661	1
7396	4	2	3	3	419	6
7397	5	3	6	7	452	6
7398	6	2	1	4	756	2
7399	6	2	1	3	757	4
7400	6	2	1	2	758	5
7401	5	2	1	4	759	2
7402	5	2	1	3	760	4
7403	5	2	1	2	761	5
7404	4	2	3	2	419	7
7405	5	2	1	4	762	3
7406	5	2	1	3	763	4
7407	5	2	1	2	764	5
7408	4	2	1	6	765	2
7409	4	2	1	5	766	3
7410	5	7	1	3	253	8
7411	4	2	1	4	766	4
7412	4	2	1	3	767	5
7413	4	2	1	2	768	6
7414	5	3	6	5	452	6
7415	6	7	1	3	254	8
7416	5	3	6	4	452	7
7417	3	3	2	4	661	2
7418	4	2	1	6	768	1
7419	4	2	1	5	769	3
7420	5	2	3	3	419	5
7421	5	2	3	2	420	7
7422	5	3	6	3	453	3
7423	5	3	6	2	454	4
7424	6	5	8	6	225	8
7425	6	7	8	6	231	8
7426	6	7	1	3	255	8
7427	5	5	8	7	226	8
7428	5	7	8	6	232	8
7429	5	7	1	3	256	8
7430	4	2	1	4	769	4
7431	4	2	1	3	770	5
7432	4	2	1	2	771	6
7433	5	3	6	5	454	6
7434	6	2	3	3	421	5
7435	6	2	3	2	422	7
7436	6	5	8	7	227	8
7437	6	7	8	6	233	8
7438	6	7	1	3	257	8
7439	5	2	3	3	423	5
7440	5	2	3	2	424	7
7441	5	3	6	2	454	4
7442	6	5	8	6	228	8
7443	6	7	8	6	234	8
7444	6	7	1	3	258	8
7445	5	5	8	7	229	8
7446	5	7	8	6	235	8
7447	5	7	1	3	259	8
7448	3	3	2	3	661	3
7449	4	3	6	6	454	6
7450	5	2	1	4	771	2
7451	5	2	1	3	772	4
7452	6	2	3	2	425	7
7453	5	2	1	2	772	5
7454	6	2	3	2	426	7
7455	4	2	1	4	772	2
7456	4	2	1	3	773	4
7457	5	2	3	2	427	7
7458	4	2	1	2	773	5
7459	5	2	3	2	428	7
7460	3	3	2	2	661	4
7461	4	2	1	6	773	1
7462	4	2	1	5	774	2
7463	4	2	1	4	775	3
7464	5	2	3	3	429	5
7465	5	2	3	2	430	7
7466	4	2	1	3	775	6
7467	5	3	6	5	454	6
7468	6	2	3	3	431	5
7469	6	2	3	2	432	7
7470	5	2	3	3	433	5
7471	5	2	3	2	434	7
7472	4	2	1	2	775	7
7473	3	2	1	6	776	1
7474	3	2	1	5	777	2
7475	3	2	1	4	778	3
7476	3	2	1	3	779	6
7477	3	2	1	2	780	7
7478	2	4	2	2	691	7
7479	3	3	2	6	661	1
7480	4	2	3	3	435	5
7481	5	2	1	4	781	2
7482	5	2	1	2	782	3
7483	4	2	3	2	435	7
7484	5	2	1	4	783	3
7485	5	2	1	3	784	4
7486	5	2	1	2	785	5
7487	3	3	2	5	661	2
7488	4	2	1	6	786	1
7489	4	2	1	5	787	3
7490	4	2	1	4	788	4
7491	4	2	1	3	789	5
7492	4	2	1	2	790	6
7493	3	3	2	4	661	3
7494	4	2	1	6	791	1
7495	4	2	1	5	792	2
7496	4	2	1	4	793	4
7497	5	2	3	3	435	6
7498	5	2	3	2	436	7
7499	5	3	6	4	454	6
7500	6	7	1	3	260	7
7501	5	3	6	3	454	7
7502	4	2	1	3	793	5
7503	5	2	3	3	437	6
7504	5	2	3	2	438	7
7505	5	3	6	4	455	6
7506	6	7	1	3	261	7
7507	5	3	6	3	455	7
7508	4	2	1	2	793	7
7509	3	3	2	3	661	4
7510	4	2	1	6	794	1
7511	4	2	1	5	795	2
7512	4	2	1	4	796	3
7513	4	2	1	3	797	6
7514	4	2	1	2	798	7
7515	3	3	2	2	661	5
7516	4	2	1	6	799	1
7517	4	2	1	5	800	2
7518	4	2	1	4	801	3
7519	4	2	1	3	802	6
7520	4	2	1	2	803	7
7521	3	2	1	6	804	1
7522	3	2	1	5	805	2
7523	3	2	1	4	806	4
7524	4	2	3	2	439	7
7525	4	3	6	2	456	3
7526	4	7	1	3	262	7
7527	5	5	8	4	230	7
7528	3	2	1	3	806	5
7529	4	2	3	2	440	7
7530	5	3	6	2	457	3
7531	5	7	1	3	262	7
7532	4	3	6	2	458	3
7533	4	7	1	3	263	7
7534	5	5	8	6	231	7
7535	6	8	7	2	217	5
7536	3	2	1	2	806	7
7537	2	7	1	4	263	8
7538	3	3	2	7	661	1
7539	4	2	1	6	807	7
7540	3	2	1	6	808	2
7541	3	2	1	5	809	3
7542	4	3	2	3	661	2
7543	3	2	1	4	809	4
7544	3	2	1	3	810	5
7545	4	3	2	3	662	3
7546	4	3	2	2	663	6
7547	3	2	1	2	810	6
7548	4	3	2	3	664	2
7549	3	2	3	2	440	6
7550	3	3	2	4	665	3
7551	3	3	2	3	666	4
7552	3	3	2	2	667	5
7553	1	2	1	8	810	1
7554	1	2	1	7	811	2
7555	2	5	1	5	597	8
7556	1	2	1	6	811	3
7557	2	2	3	4	441	8
7558	3	5	1	4	598	4
7559	4	4	2	3	691	6
7560	3	5	1	3	598	5
7561	4	4	2	5	692	3
7562	4	4	2	4	693	4
7563	5	3	2	2	668	1
7564	4	4	2	3	693	6
7565	5	3	2	3	669	2
7566	5	3	2	2	670	4
7567	4	4	2	2	693	7
7568	4	3	2	5	671	1
7569	4	3	2	4	672	2
7570	4	3	2	3	673	4
7571	4	3	2	2	674	5
7572	3	5	1	2	598	7
7573	4	3	2	5	675	1
7574	5	4	2	4	694	2
7575	5	4	2	3	695	3
7576	5	4	2	2	696	4
7577	4	3	2	4	675	2
7578	4	4	2	3	697	5
7579	4	4	2	2	698	6
7580	5	3	2	2	676	4
7581	4	3	2	3	677	4
7582	4	3	2	2	678	5
7583	3	3	2	4	679	1
7584	4	4	2	5	698	2
7585	4	4	2	4	699	3
7586	4	4	2	3	700	4
7587	4	4	2	2	701	6
7588	3	3	2	3	679	2
7589	3	3	2	2	680	4
7590	2	5	1	4	598	4
7591	3	4	2	3	702	6
7592	2	5	1	3	598	5
7593	3	2	3	3	441	4
7594	3	2	3	2	442	5
7595	2	5	1	2	598	7
7596	3	2	3	3	443	4
7597	3	2	3	2	444	5
7598	2	3	2	4	681	1
7599	2	3	2	3	682	2
7600	2	3	2	2	683	4
7601	1	2	1	5	811	4
7602	2	2	3	3	445	8
7603	3	5	1	4	598	3
7604	3	5	1	3	599	6
7605	4	4	2	5	703	3
7606	4	3	2	5	684	3
7607	5	4	2	3	704	4
7608	5	4	2	2	705	7
7609	4	4	2	4	706	8
7610	5	3	2	4	684	1
7611	3	5	1	2	599	7
7612	2	2	3	2	445	6
7613	3	3	6	5	459	6
7614	4	3	2	4	685	1
7615	4	3	2	3	686	2
7616	4	3	2	2	687	3
7617	3	3	6	4	459	4
7618	2	3	2	4	688	1
7619	2	3	2	3	689	2
7620	2	3	2	2	690	3
7621	1	2	1	4	811	5
7622	2	2	3	3	445	8
7623	3	5	1	4	600	3
7624	3	5	1	3	601	6
7625	4	4	2	5	706	3
7626	4	3	2	5	691	3
7627	5	4	2	3	707	4
7628	5	4	2	2	708	7
7629	4	4	2	4	709	8
7630	5	3	2	4	691	1
7631	3	5	1	2	601	7
7632	2	2	3	2	445	6
7633	3	3	6	5	460	6
7634	4	3	2	4	692	1
7635	4	3	2	3	693	2
7636	4	3	2	2	694	3
7637	3	3	6	4	460	5
7638	4	3	2	4	695	1
7639	4	3	2	3	696	2
7640	4	3	2	2	697	3
7641	2	3	2	4	698	1
7642	2	3	2	3	699	2
7643	2	3	2	2	700	3
7644	1	2	1	3	811	6
7645	2	3	6	6	460	6
7646	3	2	3	4	445	8
7647	4	5	1	4	602	4
7648	4	5	1	3	603	5
7649	5	4	2	5	709	3
7650	5	4	2	4	710	4
7651	6	3	2	2	701	1
7652	5	4	2	3	710	6
7653	6	3	2	3	702	2
7654	6	3	2	2	703	4
7655	5	4	2	2	710	7
7656	5	3	2	5	704	1
7657	5	3	2	4	705	2
7658	5	3	2	3	706	4
7659	5	3	2	2	707	5
7660	4	5	1	2	603	7
7661	5	3	2	5	708	1
7662	6	4	2	4	711	2
7663	6	4	2	3	712	3
7664	6	4	2	2	713	4
7665	5	3	2	4	708	2
7666	5	4	2	3	714	5
7667	5	4	2	2	715	6
7668	6	3	2	2	709	4
7669	5	3	2	3	710	4
7670	5	3	2	2	711	5
7671	4	3	2	4	712	1
7672	5	4	2	5	715	6
7673	4	3	2	3	712	2
7674	4	3	2	2	713	4
7675	3	5	1	4	603	4
7676	3	5	1	3	604	5
7677	4	4	2	5	716	6
7678	5	3	2	3	714	2
7679	5	3	2	2	715	4
7680	4	3	2	2	716	1
7681	3	5	1	2	604	7
7682	4	2	3	3	445	4
7683	4	2	3	2	446	5
7684	3	4	2	6	716	6
7685	4	3	2	4	717	1
7686	4	3	2	3	718	2
7687	4	3	2	2	719	4
7688	3	3	2	4	720	1
7689	2	2	3	4	447	8
7690	3	3	6	5	460	8
7691	4	3	2	4	721	1
7692	3	5	1	4	604	8
7693	4	3	6	4	460	7
7694	2	5	1	4	604	4
7695	2	5	1	3	605	5
7696	3	2	3	3	447	4
7697	3	2	3	2	448	5
7698	2	5	1	2	605	7
7699	3	2	3	3	449	4
7700	3	2	3	2	450	5
7701	2	3	2	4	722	1
7702	2	3	2	3	723	2
7703	2	3	2	2	724	4
7704	1	2	1	2	811	7
7705	2	2	3	4	451	8
7706	3	3	2	5	725	1
7707	3	3	2	4	726	3
7708	4	4	2	5	716	4
7709	5	5	1	2	605	5
7710	4	4	2	4	716	5
7711	4	4	2	3	717	6
7712	4	4	2	2	718	7
7713	5	5	1	4	606	3
7714	5	5	1	3	607	5
7715	5	5	1	2	608	6
7716	3	3	2	3	726	4
7717	4	4	2	3	718	5
7718	4	4	2	2	719	6
7719	3	3	2	2	726	5
7720	3	4	2	2	720	7
7721	4	5	1	3	609	5
7722	4	5	1	2	610	6
7723	2	2	3	3	451	6
7724	3	4	2	7	720	2
7725	3	3	6	5	461	6
7726	4	4	2	5	721	6
7727	4	4	2	4	722	8
7728	3	3	6	4	461	7
7729	0	2	1	8	811	1
7730	1	3	2	7	727	2
7731	2	4	2	7	723	3
7732	3	5	1	4	611	6
7733	4	9	4	3	279	7
7734	4	9	4	2	280	8
7735	5	7	1	3	263	9
7736	6	8	7	2	218	7
7737	6	9	3	3	316	4
7738	6	9	3	2	317	5
7739	6	2	3	2	451	7
7740	6	3	6	4	462	3
7741	6	3	6	3	463	5
7742	6	3	6	2	464	6
7743	4	2	3	5	452	9
7744	4	2	3	4	453	8
7745	5	3	6	4	465	3
7746	5	3	6	3	466	5
7747	5	3	6	2	467	6
7748	4	2	3	3	453	4
7749	4	2	3	2	454	6
7750	4	3	6	4	468	3
7751	4	3	6	3	469	5
7752	5	5	8	5	231	8
7753	6	9	3	4	318	8
7754	6	7	1	3	263	7
7755	5	9	3	4	319	8
7756	5	7	1	3	264	7
7757	4	3	6	2	469	6
7758	5	5	8	5	231	8
7759	6	9	3	4	320	8
7760	6	7	1	3	265	7
7761	5	9	3	4	321	8
7762	5	7	1	3	266	7
7763	4	5	8	5	231	8
7764	5	9	3	4	322	8
7765	4	9	3	4	323	8
7766	4	7	1	3	267	7
7767	3	5	1	3	611	7
7768	4	9	4	3	280	7
7769	4	9	4	2	281	8
7770	5	7	1	3	268	9
7771	6	2	3	5	455	8
7772	7	9	3	3	324	4
7773	7	9	3	2	325	5
7774	6	2	3	4	455	7
7775	7	3	6	4	469	3
7776	7	3	6	3	470	5
7777	7	3	6	2	471	6
7778	8	5	8	5	231	8
7779	9	9	3	3	326	4
7780	9	9	3	2	327	5
7781	4	2	3	5	455	9
7782	5	3	6	4	471	9
7783	5	3	6	2	472	3
7784	4	2	3	4	455	8
7785	5	7	1	5	268	8
7786	5	5	8	4	231	8
7787	6	9	3	3	328	4
7788	6	9	3	2	329	5
7789	7	1	2	2	192	4
7790	5	7	8	6	236	7
7791	6	9	3	3	329	4
7792	6	9	3	2	330	5
7793	7	5	8	2	231	3
7794	7	1	2	2	193	4
7795	4	2	3	3	455	4
7796	4	2	3	2	456	6
7797	4	7	1	5	269	9
7798	5	3	6	4	473	3
7799	5	3	6	3	474	5
7800	5	3	6	2	475	6
7801	6	7	8	6	236	7
7802	7	5	8	4	232	6
7803	8	9	3	3	330	4
7804	8	9	3	2	331	5
7805	7	9	3	3	332	4
7806	7	9	3	2	333	5
7807	5	7	8	6	236	7
7808	6	5	8	4	232	6
7809	7	9	3	3	334	4
7810	7	9	3	2	335	5
7811	6	9	3	3	336	4
7812	6	9	3	2	337	5
7813	3	5	1	2	611	8
7814	4	1	2	4	194	8
7815	5	3	6	2	475	5
7816	3	1	2	6	194	9
7817	4	9	3	2	338	8
7818	3	1	2	5	194	8
7819	4	2	3	2	457	4
7820	4	3	6	2	476	5
7821	3	9	4	3	281	7
7822	3	9	4	2	282	8
7823	4	5	8	7	232	8
7824	4	2	3	5	458	8
7825	5	3	6	6	477	8
7826	6	9	3	4	339	7
7827	5	9	3	4	340	7
7828	5	9	3	3	341	6
7829	5	9	3	2	342	4
7830	4	2	3	4	458	9
7831	5	9	3	4	343	7
7832	5	9	3	3	344	6
7833	5	9	3	2	345	4
7834	4	9	3	4	346	7
7835	4	9	3	3	347	6
7836	4	9	3	2	348	4
7837	3	2	3	5	458	9
7838	4	3	6	7	477	9
7839	5	5	8	6	233	8
7840	5	2	5	6	186	8
7841	5	9	3	4	349	4
7842	5	9	3	3	350	5
7843	5	9	3	2	351	6
7844	4	5	8	7	234	8
7845	5	2	5	6	187	8
7846	6	3	6	5	477	7
7847	6	3	6	4	478	3
7848	6	3	6	3	479	4
7849	7	1	2	3	194	7
7850	6	3	6	2	479	5
7851	7	9	3	4	352	4
7852	7	9	3	3	353	5
7853	7	9	3	2	354	6
7854	5	3	6	5	479	7
7855	5	9	3	4	355	7
7856	4	2	5	6	187	8
7857	5	3	6	5	480	7
7858	5	3	6	4	481	3
7859	5	3	6	3	482	4
7860	5	3	6	2	483	5
7861	6	9	3	4	356	4
7862	6	9	3	3	357	5
7863	6	9	3	2	358	6
7864	4	3	6	5	483	3
7865	4	3	6	4	484	4
7866	5	1	2	3	195	7
7867	4	3	6	3	484	5
7868	5	2	5	4	187	7
7869	6	9	3	4	359	4
7870	6	9	3	3	360	5
7871	6	9	3	2	361	6
7872	4	3	6	2	484	6
7873	3	2	3	4	458	8
7874	4	5	8	7	234	8
7875	5	2	5	5	187	7
7876	6	3	6	5	485	3
7877	6	3	6	4	486	4
7878	6	3	6	3	487	5
7879	7	9	3	4	362	7
7880	6	3	6	2	487	6
7881	6	9	3	4	363	4
7882	6	9	3	3	364	5
7883	6	9	3	2	365	6
7884	7	1	2	4	196	6
7885	5	3	6	5	488	7
7886	5	9	3	4	365	7
7887	4	2	5	5	187	7
7888	5	3	6	5	489	3
7889	5	3	6	4	490	4
7890	6	1	2	3	197	7
7891	5	3	6	3	490	5
7892	6	9	3	4	366	4
7893	6	9	3	3	367	5
7894	6	9	3	2	368	6
7895	5	3	6	2	490	6
7896	6	9	3	4	369	4
7897	6	9	3	3	370	5
7898	6	9	3	2	371	6
7899	7	1	2	3	198	6
7900	5	9	3	4	371	4
7901	5	9	3	3	372	5
7902	5	9	3	2	373	6
7903	6	1	2	4	199	6
7904	4	1	2	4	200	7
7905	4	3	6	4	490	6
7906	3	3	6	5	491	7
7907	4	2	3	3	458	7
7908	5	9	3	3	373	4
7909	5	9	3	2	374	5
7910	5	5	8	7	234	8
7911	6	7	8	6	236	7
7912	3	2	3	3	458	7
7913	4	9	3	3	375	4
7914	4	9	3	2	376	5
7915	4	3	6	4	491	3
7916	4	3	6	3	492	4
7917	4	3	6	2	493	5
7918	4	5	8	7	234	8
7919	5	1	2	3	201	6
7920	4	7	8	6	237	7
7921	2	4	2	6	723	4
7922	3	5	1	4	611	6
7923	4	9	4	3	282	7
7924	5	9	3	3	377	9
7925	4	9	4	2	282	8
7926	5	8	7	6	219	8
7927	6	2	3	6	458	4
7928	6	2	3	5	459	5
7929	6	2	3	4	460	6
7930	7	9	3	4	378	4
7931	7	9	3	3	379	5
7932	7	9	3	2	380	7
7933	6	2	3	3	460	7
7934	7	9	3	4	381	4
7935	7	9	3	3	382	5
7936	7	9	3	2	383	6
7937	6	2	3	2	460	8
7938	7	7	1	4	269	8
7939	7	9	3	3	384	4
7940	6	7	1	4	270	9
7941	7	1	2	3	202	8
7942	5	1	2	4	203	8
7943	6	2	3	3	460	4
7944	6	2	3	2	461	5
7945	4	2	3	6	462	9
7946	5	3	6	7	494	9
7947	6	7	1	5	270	9
7948	7	1	2	3	203	8
7949	6	5	8	6	234	9
7950	7	7	1	4	270	8
7951	8	1	2	3	204	6
7952	6	7	1	4	270	8
7953	7	5	8	5	234	8
7954	7	1	2	3	205	6
7955	5	7	1	5	270	9
7956	6	5	8	6	235	8
7957	7	9	3	5	385	8
7958	7	1	2	3	206	8
7959	6	9	3	5	386	8
7960	6	1	2	3	207	8
7961	5	5	8	7	235	9
7962	6	7	1	4	270	8
7963	7	1	2	3	208	6
7964	5	7	1	4	270	8
7965	6	5	8	6	235	8
7966	7	1	2	3	209	6
7967	6	1	2	3	210	6
7968	4	2	3	5	462	8
7969	5	7	1	5	270	8
7970	5	9	3	3	387	4
7971	4	2	3	4	462	4
7972	4	2	3	3	463	5
7973	4	2	3	2	464	6
7974	5	8	7	7	219	9
7975	6	7	1	5	271	9
7976	7	5	8	6	235	8
7977	8	9	3	4	388	8
7978	8	9	3	3	389	4
7979	8	9	3	2	390	5
7980	7	9	3	4	391	8
7981	7	9	3	3	392	4
7982	7	9	3	2	393	5
7983	6	5	8	7	235	9
7984	7	9	3	4	394	8
7985	6	7	1	4	271	8
7986	4	8	7	7	219	9
7987	5	7	1	5	272	9
7988	6	9	3	3	395	4
7989	3	5	1	3	611	7
7990	4	9	4	3	282	7
7991	5	9	3	3	396	9
7992	4	9	4	2	282	8
7993	5	8	7	6	219	8
7994	6	7	1	3	272	5
7995	6	7	1	2	273	8
7996	7	5	8	7	235	8
7997	7	2	3	4	464	8
7998	8	3	6	4	494	8
7999	9	9	3	3	397	4
8000	8	3	6	3	494	7
8001	9	9	3	3	398	4
8002	8	3	6	2	494	4
8003	7	2	3	3	464	9
8004	6	1	2	3	211	7
8005	6	9	3	3	399	4
8006	7	2	3	2	465	7
8007	8	3	6	4	495	3
8008	8	3	6	3	496	5
8009	9	5	8	5	236	8
8010	10	2	5	3	187	8
8011	7	3	6	4	496	3
8012	7	3	6	3	497	5
8013	8	2	5	3	188	9
8014	8	2	5	2	189	6
8015	8	5	5	5	140	9
8016	7	3	6	2	497	6
8017	6	9	3	2	399	5
8018	6	2	3	2	465	7
8019	6	3	6	4	498	3
8020	6	3	6	3	499	5
8021	6	3	6	2	500	6
8022	4	2	3	6	466	9
8023	5	3	6	7	501	9
8024	6	7	1	5	273	9
8025	7	5	8	5	236	8
8026	7	7	8	6	238	7
8027	8	9	3	4	400	7
8028	8	9	3	3	401	4
8029	8	9	3	2	402	5
8030	5	7	1	5	273	9
8031	6	5	8	6	237	8
8032	7	1	2	3	212	7
8033	7	9	3	3	403	4
8034	7	9	3	2	404	5
8035	6	1	2	3	213	7
8036	6	9	3	3	405	4
8037	6	9	3	2	406	5
8038	4	2	3	5	466	8
8039	5	7	1	5	273	8
8040	6	9	3	3	407	4
8041	5	5	8	6	237	8
8042	6	1	2	3	214	7
8043	6	9	3	3	408	4
8044	7	3	6	4	501	3
8045	7	3	6	3	502	5
8046	8	7	8	5	238	7
8047	9	6	8	3	95	2
8048	7	3	6	2	502	6
8049	6	9	3	2	408	5
8050	5	1	2	3	215	7
8051	5	9	3	3	409	4
8052	5	9	3	2	410	5
8053	5	3	6	4	503	3
8054	5	3	6	3	504	5
8055	5	3	6	2	505	6
8056	4	2	3	4	466	4
8057	4	2	3	3	467	5
8058	4	2	3	2	468	6
8059	5	5	8	6	237	8
8060	6	9	3	4	411	8
8061	6	9	3	3	412	4
8062	6	9	3	2	413	5
8063	5	9	3	4	414	8
8064	5	9	3	3	415	4
8065	5	9	3	2	416	5
8066	4	8	7	7	219	9
8067	5	7	1	5	273	9
8068	6	9	3	3	417	4
8069	7	3	6	3	506	5
8070	8	7	8	6	238	7
8071	9	5	8	4	237	8
8072	7	3	6	2	506	3
8073	6	9	3	2	417	5
8074	3	5	1	2	611	8
8075	4	1	2	4	216	8
8076	5	2	3	3	468	4
8077	6	3	6	2	507	4
8078	6	9	3	3	418	8
8079	7	9	4	2	282	7
8080	5	2	3	2	468	5
8081	6	3	6	2	508	5
8082	5	3	6	2	509	5
8083	4	9	3	4	418	4
8084	5	9	4	2	283	8
8085	6	1	2	2	216	5
8086	6	2	3	2	468	8
8087	6	3	6	5	510	3
8088	6	3	6	4	511	4
8089	7	7	8	4	238	7
8090	6	3	6	3	511	6
8091	7	7	8	5	239	7
8092	8	5	8	3	238	9
8093	8	5	8	2	239	4
8094	8	2	5	3	190	7
8095	9	5	5	2	141	4
8096	6	3	6	2	511	7
8097	5	2	3	5	469	9
8098	6	3	6	5	512	9
8099	6	3	6	3	513	3
8100	6	3	6	2	514	4
8101	6	5	8	2	240	4
8102	5	2	3	4	469	8
8103	6	7	8	4	239	7
8104	7	1	2	2	217	5
8105	7	3	6	4	515	3
8106	7	3	6	3	516	4
8107	7	3	6	2	517	6
8108	5	2	3	3	469	7
8109	6	1	2	2	218	5
8110	4	9	3	3	418	5
8111	5	9	4	3	283	7
8112	5	9	4	2	284	8
8113	6	2	3	5	469	4
8114	6	2	3	4	470	6
8115	6	2	3	3	471	7
8116	7	1	2	2	219	5
8117	6	2	3	2	471	8
8118	7	2	5	6	190	9
8119	8	3	6	6	518	8
8120	9	5	8	7	241	9
8121	8	3	6	5	518	7
8122	7	2	5	5	190	7
8123	8	3	6	5	519	3
8124	8	3	6	4	520	4
8125	8	3	6	3	521	5
8126	9	1	2	2	220	5
8127	8	3	6	2	521	6
8128	9	1	2	2	221	5
8129	8	5	8	7	242	9
8130	8	1	2	3	222	5
8131	8	1	2	2	223	6
8132	7	5	8	5	243	9
8133	7	1	2	3	224	7
8134	6	1	2	3	225	6
8135	5	2	3	5	471	9
8136	6	3	6	7	521	9
8137	7	1	2	3	226	6
8138	6	1	2	3	227	6
8139	5	2	3	4	471	8
8140	6	2	5	5	190	7
8141	7	3	6	5	521	3
8142	7	3	6	4	522	4
8143	7	3	6	3	523	5
8144	8	1	2	2	228	5
8145	7	3	6	2	523	6
8146	8	1	2	2	229	5
8147	7	1	2	3	230	5
8148	7	1	2	2	231	6
8149	6	1	2	3	232	7
8150	6	3	6	4	523	6
8151	5	2	3	3	471	4
8152	5	2	3	2	472	6
8153	5	1	2	2	233	5
8154	4	9	3	2	418	6
8155	5	2	3	2	473	7
8156	6	9	4	2	284	8
8157	7	3	6	4	524	3
8158	7	3	6	3	525	5
8159	8	5	8	3	244	9
8160	8	5	8	2	245	4
8161	7	3	6	2	525	6
8162	5	9	4	2	284	8
8163	6	3	6	4	526	3
8164	6	3	6	3	527	5
8165	7	2	5	4	190	9
8166	7	2	5	3	191	7
8167	6	3	6	2	527	6
8168	7	2	5	5	192	9
8169	7	2	5	4	193	7
8170	8	5	8	3	246	4
8171	8	5	8	2	247	6
8172	5	3	6	4	527	3
8173	5	3	6	3	528	5
8174	5	3	6	2	529	6
8175	6	5	8	2	248	4
8176	7	7	8	2	239	6
8177	6	7	8	4	240	7
8178	7	2	5	2	193	5
8179	3	1	2	5	234	9
8180	4	2	3	2	473	5
8181	4	9	3	3	418	9
8182	5	3	6	4	529	7
8183	4	3	6	4	530	4
8184	5	9	3	2	418	4
8185	4	3	6	3	530	7
8186	3	9	4	3	284	7
8187	4	9	3	2	418	6
8188	3	9	4	2	284	8
8189	4	7	1	3	273	8
8190	5	5	8	7	248	8
8191	5	9	3	4	419	7
8192	6	1	2	4	234	7
8193	5	9	3	3	419	6
8194	5	9	3	2	420	4
8195	3	2	3	6	474	9
8196	4	3	6	7	531	9
8197	5	2	5	6	194	8
8198	6	9	3	5	421	4
8199	7	7	1	2	273	7
8200	6	9	3	4	421	5
8201	7	7	1	2	274	7
8202	7	5	8	6	249	8
8203	7	1	2	4	235	5
8204	7	1	2	3	236	6
8205	7	1	2	2	237	7
8206	6	9	3	3	421	6
8207	6	9	3	2	422	7
8208	5	9	3	5	423	4
8209	6	7	1	2	275	7
8210	5	9	3	4	423	5
8211	6	7	1	2	276	7
8212	6	5	8	6	250	8
8213	6	5	5	6	142	8
8214	6	1	2	4	238	5
8215	6	1	2	3	239	6
8216	6	1	2	2	240	7
8217	5	9	3	3	423	6
8218	5	9	3	2	424	7
8219	4	2	5	6	194	8
8220	5	9	3	5	425	8
8221	5	5	8	7	251	8
8222	5	9	3	4	426	4
8223	5	9	3	3	427	5
8224	6	3	6	5	531	3
8225	6	3	6	4	532	4
8226	6	3	6	3	533	5
8227	7	1	2	3	241	5
8228	7	1	2	2	242	7
8229	6	3	6	2	533	6
8230	5	9	3	2	427	6
8231	4	3	6	5	534	3
8232	4	3	6	4	535	4
8233	4	3	6	3	536	5
8234	5	2	5	4	194	7
8235	6	9	3	5	428	4
8236	7	7	1	2	277	7
8237	6	9	3	4	428	5
8238	7	7	1	2	278	7
8239	7	5	8	7	252	8
8240	7	1	2	3	243	5
8241	7	1	2	2	244	7
8242	6	9	3	3	428	6
8243	6	9	3	2	429	7
8244	4	3	6	2	536	6
8245	3	2	3	5	474	8
8246	4	5	8	7	253	8
8247	4	9	3	4	430	4
8248	4	9	3	3	431	5
8249	5	2	5	5	194	7
8250	6	3	6	5	537	3
8251	6	3	6	4	538	4
8252	6	3	6	3	539	5
8253	7	1	2	2	245	5
8254	6	3	6	2	539	6
8255	7	1	2	2	246	5
8256	6	1	2	3	247	5
8257	6	1	2	2	248	6
8258	5	1	2	3	249	7
8259	5	3	6	4	539	6
8260	4	9	3	2	431	6
8261	3	9	3	5	432	8
8262	3	3	6	5	540	7
8263	4	2	3	4	474	7
8264	5	9	3	3	433	4
8265	5	9	3	2	434	5
8266	6	5	8	7	254	8
8267	6	1	2	2	250	5
8268	3	2	3	4	474	7
8269	4	9	3	3	434	4
8270	4	9	3	2	435	5
8271	5	3	6	4	540	3
8272	5	3	6	3	541	4
8273	5	3	6	2	542	5
8274	5	5	8	7	255	8
8275	5	1	2	2	251	5
8276	3	9	3	4	435	7
8277	4	2	3	3	474	4
8278	4	2	3	2	475	5
8279	2	4	2	5	723	5
8280	3	5	1	4	611	6
8281	4	9	4	3	284	7
8282	4	9	4	2	285	8
8283	5	2	3	2	476	8
8284	5	5	8	4	256	8
8285	6	7	8	5	240	7
8286	7	3	6	5	543	3
8287	7	3	6	4	544	4
8288	7	3	6	3	545	6
8289	8	2	5	3	194	8
8290	8	2	5	2	195	5
8291	8	5	5	3	143	9
8292	7	3	6	2	545	7
8293	5	3	6	5	546	7
8294	4	2	3	6	477	9
8295	5	3	6	7	547	9
8296	6	7	1	4	279	9
8297	6	5	8	4	256	9
8298	7	7	1	3	280	8
8299	6	7	1	3	281	8
8300	5	7	1	4	282	9
8301	6	3	6	3	547	3
8302	6	3	6	2	548	4
8303	6	5	8	3	256	8
8304	7	7	8	4	240	7
8305	8	2	5	3	196	7
8306	9	9	6	2	86	1
8307	5	5	8	4	256	9
8308	6	7	1	3	282	8
8309	5	7	1	3	283	8
8310	4	2	3	5	477	8
8311	5	3	6	3	549	3
8312	5	3	6	2	549	4
8313	4	2	3	4	477	4
8314	4	2	3	3	478	5
8315	4	2	3	2	479	6
8316	5	9	3	3	435	4
8317	4	9	3	3	436	5
8318	5	3	6	4	550	3
8319	5	3	6	3	551	5
8320	5	3	6	2	552	6
8321	6	1	2	2	252	6
8322	5	1	2	2	253	6
8323	4	9	3	2	436	6
8324	3	5	1	3	611	7
8325	4	9	4	3	285	7
8326	5	9	3	3	437	6
8327	5	9	3	2	438	8
8328	4	9	4	2	285	8
8329	5	8	7	6	219	8
8330	6	9	3	5	439	4
8331	6	9	3	4	440	5
8332	7	7	1	3	284	9
8333	8	1	2	3	254	7
8334	6	9	3	3	440	6
8335	6	9	3	2	441	7
8336	7	7	1	3	284	9
8337	4	2	3	6	479	9
8338	5	3	6	7	552	9
8339	6	7	1	5	285	9
8340	7	5	8	5	256	8
8341	7	1	2	3	255	7
8342	5	7	1	5	285	9
8343	6	5	8	6	257	8
8344	7	1	2	3	256	7
8345	6	1	2	3	257	7
8346	4	2	3	5	479	8
8347	5	7	1	5	285	8
8348	5	1	2	3	258	7
8349	4	2	3	4	479	4
8350	4	2	3	3	480	5
8351	4	2	3	2	481	6
8352	5	1	2	2	259	4
8353	4	3	6	5	552	3
8354	4	3	6	4	553	4
8355	5	9	3	4	441	4
8356	5	9	3	3	442	5
8357	6	8	7	7	219	9
8358	7	7	1	3	286	9
8359	5	9	3	2	442	6
8360	4	3	6	3	553	5
8361	5	9	3	2	443	4
8362	4	3	6	2	553	6
8363	5	9	3	4	444	4
8364	5	9	3	3	445	5
8365	6	8	7	7	219	9
8366	7	7	1	3	287	9
8367	5	9	3	2	445	6
8368	4	9	3	4	446	4
8369	4	9	3	3	447	5
8370	5	8	7	7	219	9
8371	6	7	1	3	288	9
8372	4	9	3	2	447	6
8373	3	5	1	2	611	8
8374	4	1	2	4	259	8
8375	5	2	3	3	481	4
8376	5	2	3	2	482	5
8377	6	3	6	2	553	5
8378	4	9	3	4	448	4
8379	4	9	3	3	449	5
8380	5	2	3	5	482	4
8381	5	2	3	4	483	6
8382	5	2	3	3	484	7
8383	6	1	2	2	259	4
8384	5	2	3	2	484	8
8385	6	2	5	6	196	9
8386	7	3	6	6	554	8
8387	8	9	4	2	285	7
8388	8	5	8	7	257	9
8389	7	3	6	5	554	7
8390	7	9	4	2	286	7
8391	6	2	5	5	196	7
8392	7	3	6	5	555	3
8393	7	3	6	4	556	4
8394	8	9	4	3	287	7
8395	8	9	4	2	288	8
8396	9	1	2	3	260	4
8397	9	1	2	2	261	6
8398	8	1	2	3	262	4
8399	8	1	2	2	263	6
8400	7	3	6	3	556	5
8401	7	3	6	2	557	6
8402	8	1	2	2	264	4
8403	7	9	4	3	288	7
8404	7	9	4	2	289	8
8405	8	5	8	7	258	9
8406	8	1	2	3	265	4
8407	8	1	2	2	266	6
8408	7	1	2	3	267	4
8409	7	1	2	2	268	6
8410	6	1	2	3	269	7
8411	6	3	6	5	557	6
8412	5	2	5	6	196	8
8413	6	9	4	3	289	7
8414	6	9	4	2	290	8
8415	7	3	6	6	558	3
8416	7	3	6	5	559	4
8417	7	3	6	4	560	5
8418	7	3	6	3	561	6
8419	7	3	6	2	562	7
8420	7	1	2	3	270	4
8421	7	1	2	2	270	6
8422	6	3	6	6	563	9
8423	7	1	2	3	271	4
8424	7	1	2	2	271	6
8425	6	3	6	5	563	3
8426	7	1	2	2	272	6
8427	6	3	6	4	563	4
8428	7	1	2	3	273	4
8429	7	1	2	2	273	6
8430	6	3	6	3	563	5
8431	6	3	6	2	564	6
8432	5	2	5	5	196	7
8433	6	3	6	5	565	3
8434	7	1	2	2	274	6
8435	6	3	6	4	565	4
8436	7	9	4	3	290	7
8437	7	9	4	2	291	8
8438	8	5	8	6	259	9
8439	8	1	2	3	275	4
8440	8	1	2	2	275	6
8441	7	1	2	3	276	4
8442	7	1	2	2	276	6
8443	6	3	6	3	565	5
8444	6	3	6	2	566	6
8445	6	9	4	3	291	7
8446	6	9	4	2	292	8
8447	7	5	8	6	260	9
8448	8	1	2	3	277	6
8449	7	1	2	3	278	4
8450	7	1	2	2	278	6
8451	6	1	2	3	279	4
8452	6	1	2	2	279	6
8453	5	3	6	4	567	3
8454	6	1	2	2	280	6
8455	5	3	6	3	567	4
8456	5	3	6	2	568	5
8457	5	1	2	3	281	7
8458	4	9	3	2	449	6
8459	3	1	2	5	282	9
8460	4	2	3	3	484	5
8461	5	3	6	2	569	4
8462	6	9	3	3	450	9
8463	4	9	3	3	451	9
8464	5	9	4	2	292	7
8465	5	3	6	4	569	7
8466	4	9	3	2	451	4
8467	4	3	6	4	570	3
8468	4	3	6	3	571	4
8469	5	7	8	8	240	9
8470	6	5	8	6	260	8
8471	6	8	7	6	219	8
8472	7	5	8	4	261	7
8473	4	3	6	2	571	6
8474	5	7	8	8	240	9
8475	6	5	8	7	262	8
8476	6	8	7	6	219	8
8477	3	9	4	3	293	7
8478	4	9	3	2	452	6
8479	3	9	4	2	293	8
8480	4	7	1	4	289	8
8481	5	5	8	7	263	8
8482	5	9	3	4	453	7
8483	6	1	2	4	282	7
8484	5	9	3	3	453	6
8485	5	9	3	2	454	4
8486	3	2	3	6	484	9
8487	4	3	6	7	571	9
8488	5	2	5	6	196	8
8489	6	9	3	5	455	4
8490	6	9	3	4	456	5
8491	7	7	1	3	289	8
8492	8	5	8	6	264	8
8493	8	1	2	4	283	4
8494	8	1	2	3	283	6
8495	6	9	3	3	456	6
8496	7	7	1	3	289	8
8497	8	1	2	4	284	6
8498	6	9	3	2	456	7
8499	5	9	3	5	457	4
8500	5	9	3	4	458	5
8501	6	7	1	3	289	8
8502	7	5	8	6	265	8
8503	7	5	5	6	144	8
8504	7	1	2	4	285	4
8505	7	1	2	3	285	6
8506	5	9	3	3	458	6
8507	6	7	1	3	289	8
8508	7	1	2	4	286	6
8509	5	9	3	2	458	7
8510	4	2	5	6	196	8
8511	5	9	3	5	459	8
8512	5	5	8	7	266	8
8513	5	9	3	4	460	4
8514	5	9	3	3	461	5
8515	6	3	6	5	571	3
8516	7	1	2	3	287	6
8517	6	3	6	4	571	4
8518	7	1	2	4	288	4
8519	7	1	2	3	288	6
8520	6	3	6	3	571	5
8521	6	3	6	2	572	6
8522	5	9	3	2	461	6
8523	6	1	2	4	289	6
8524	4	3	6	5	573	3
8525	5	2	5	3	196	7
8526	6	1	2	3	290	6
8527	6	1	2	2	291	7
8528	4	3	6	4	573	4
8529	5	2	5	4	196	7
8530	6	9	3	5	461	4
8531	6	9	3	4	462	5
8532	7	7	1	3	289	8
8533	8	5	8	6	267	8
8534	8	1	2	4	292	4
8535	8	1	2	3	292	6
8536	6	9	3	3	462	6
8537	7	1	2	4	293	6
8538	6	9	3	2	462	7
8539	4	3	6	3	573	5
8540	4	3	6	2	574	6
8541	3	2	3	5	484	8
8542	4	5	8	7	268	8
8543	4	9	3	4	463	4
8544	4	9	3	3	464	5
8545	5	1	2	3	294	4
8546	5	1	2	2	295	6
8547	4	9	3	2	464	6
8548	5	1	2	3	296	4
8549	5	1	2	2	297	6
8550	3	9	3	5	464	8
8551	3	3	6	5	575	7
8552	4	2	3	4	484	7
8553	5	9	3	3	465	4
8554	5	9	3	2	466	5
8555	6	1	2	2	298	4
8556	5	1	2	2	299	4
8557	3	2	3	4	484	7
8558	4	9	3	3	466	4
8559	4	9	3	2	467	5
8560	5	1	2	2	300	4
8561	4	1	2	2	301	4
8562	3	2	3	3	484	5
8563	2	4	2	4	723	6
8564	3	5	1	5	611	3
8565	4	2	3	3	485	7
8566	4	2	3	2	486	8
8567	4	9	3	3	467	6
8568	4	9	3	2	468	7
8569	3	5	1	4	611	5
8570	4	9	4	3	293	7
8571	4	9	4	2	294	8
8572	4	2	3	5	487	9
8573	5	3	6	7	575	9
8574	6	7	1	5	289	9
8575	6	1	2	4	302	8
8576	5	7	1	5	290	9
8577	5	1	2	4	303	8
8578	4	2	3	4	487	8
8579	5	9	3	3	469	5
8580	5	9	3	2	470	6
8581	4	2	3	3	487	5
8582	4	2	3	2	488	6
8583	5	9	3	3	471	5
8584	5	9	3	2	472	7
8585	3	5	1	3	611	7
8586	4	1	2	3	304	9
8587	5	2	3	2	488	5
8588	3	5	1	2	611	8
8589	4	1	2	4	304	8
8590	5	2	3	2	489	5
8591	5	3	6	2	575	5
8592	4	9	3	3	473	5
8593	5	2	3	4	490	6
8594	5	2	3	3	491	7
8595	6	1	2	2	304	4
8596	5	2	3	2	491	8
8597	6	1	2	3	305	4
8598	6	1	2	2	306	5
8599	5	1	2	3	307	4
8600	5	1	2	2	308	5
8601	4	9	3	2	473	6
8602	5	2	3	4	491	5
8603	5	2	3	3	492	7
8604	5	2	3	2	493	8
8605	6	1	2	3	309	4
8606	6	1	2	2	310	5
8607	3	1	2	5	311	9
8608	4	2	3	2	493	5
8609	5	3	6	2	576	4
8610	6	9	3	2	473	8
8611	5	9	3	2	474	8
8612	4	9	3	2	475	8
8613	5	7	1	4	291	6
8614	6	3	6	4	576	3
8615	6	3	6	3	577	4
8616	7	7	8	7	240	9
8617	8	5	8	6	269	8
8618	8	8	7	6	220	8
8619	9	5	8	4	270	7
8620	6	3	6	2	577	6
8621	7	7	8	7	240	9
8622	8	5	8	7	271	8
8623	4	9	4	2	295	7
8624	4	3	6	4	577	7
8625	3	9	3	4	475	5
8626	4	7	1	3	291	8
8627	3	9	3	3	475	6
8628	4	7	1	3	292	8
8629	5	2	3	4	493	5
8630	5	2	3	3	494	7
8631	5	2	3	2	495	8
8632	6	1	2	3	311	4
8633	6	1	2	2	312	5
8634	3	9	3	2	475	7
8635	4	1	2	4	313	7
8636	5	2	3	3	495	5
8637	5	2	3	2	496	8
8638	4	2	3	2	497	5
8639	4	3	6	2	578	5
8640	2	4	2	3	723	7
8641	3	5	1	5	611	3
8642	4	7	1	5	292	7
8643	5	9	3	3	475	6
8644	5	9	3	2	476	8
8645	3	5	1	4	611	4
8646	4	2	3	5	498	4
8647	4	2	3	4	499	6
8648	5	3	6	3	579	6
8649	5	3	6	2	580	7
8650	4	2	3	3	499	7
8651	5	9	3	4	477	4
8652	5	9	3	3	478	6
8653	6	7	1	4	292	7
8654	7	1	2	3	313	9
8655	5	9	3	2	478	8
8656	4	2	3	2	499	8
8657	5	1	2	2	314	4
8658	4	1	2	3	315	6
8659	4	9	3	3	479	4
8660	4	9	3	2	480	7
8661	3	5	1	3	611	6
8662	4	2	3	5	499	4
8663	5	3	6	3	581	6
8664	5	3	6	2	582	7
8665	4	2	3	4	499	6
8666	5	9	3	4	481	4
8667	5	9	3	3	482	7
8668	5	9	3	2	483	8
8669	6	1	2	3	316	8
8670	4	2	3	3	499	7
8671	5	9	3	4	483	4
8672	5	9	3	3	484	6
8673	5	9	3	2	485	8
8674	4	2	3	2	499	8
8675	5	1	2	2	317	5
8676	4	1	2	3	318	6
8677	4	9	3	3	486	4
8678	4	9	3	2	487	7
8679	3	5	1	2	611	8
8680	3	1	2	5	319	9
8681	3	9	3	4	488	4
8682	3	9	3	3	489	6
8683	4	7	1	3	292	8
8684	5	2	3	4	499	4
8685	5	2	3	3	500	7
8686	5	2	3	2	501	8
8687	3	9	3	2	489	7
8688	4	2	3	2	502	4
8689	4	3	6	2	583	5
8690	2	4	2	2	723	8
8691	3	5	1	5	612	3
8692	4	9	3	2	489	5
8693	3	5	1	4	612	4
8694	4	2	3	4	503	4
8695	4	2	3	3	504	7
8696	5	9	3	4	490	4
8697	5	9	3	3	491	5
8698	5	9	3	2	492	8
8699	4	2	3	2	504	8
8700	5	7	1	5	292	8
8701	6	9	3	3	493	4
8702	6	9	3	2	494	5
8703	4	1	2	3	320	6
8704	3	5	1	3	612	5
8705	4	2	3	5	504	4
8706	5	1	2	2	321	7
8707	4	2	3	4	504	5
8708	5	1	2	3	322	9
8709	4	2	3	3	504	7
8710	5	9	3	4	495	4
8711	5	9	3	3	496	5
8712	6	1	2	3	323	5
8713	5	9	3	2	496	8
8714	4	2	3	2	504	8
8715	5	7	1	5	292	8
8716	6	9	3	3	497	4
8717	6	9	3	2	498	5
8718	7	1	2	3	324	5
8719	6	3	6	4	584	8
8720	7	2	5	4	196	9
8721	4	9	3	2	498	5
8722	5	7	1	3	292	9
8723	3	5	1	2	612	7
8724	4	7	1	5	293	8
8725	3	1	2	5	325	9
8726	3	9	3	3	498	4
8727	3	9	3	2	499	5
8728	4	9	4	2	296	7
8729	4	2	3	4	504	9
8730	5	3	6	7	584	9
8731	5	1	2	4	326	6
8732	4	2	3	3	504	8
8733	5	7	8	5	240	6
8734	4	3	6	5	585	7
8735	4	2	3	2	504	4
8736	4	3	6	4	586	3
8737	4	3	6	3	587	4
8738	5	1	2	2	327	4
8739	4	3	6	2	587	5
8740	5	1	2	2	328	4
8741	4	7	8	5	241	6
8742	2	1	2	5	329	7
8743	2	9	3	4	499	8
8744	3	2	3	3	505	4
8745	3	2	3	2	506	5
8746	2	2	3	3	507	4
8747	2	2	3	2	508	5
8748	1	3	2	6	727	3
8749	2	4	2	6	723	4
8750	3	5	1	4	612	5
8751	4	3	6	2	587	8
8752	4	7	1	4	294	9
8753	5	1	2	3	330	7
8754	3	5	1	3	612	7
8755	4	9	4	3	297	7
8756	4	9	4	2	298	8
8757	5	7	1	4	294	9
8758	6	9	3	4	499	4
8759	6	9	3	3	500	5
8760	6	9	3	2	501	6
8761	5	1	2	3	331	7
8762	5	2	3	4	509	8
8763	6	3	6	5	588	8
8764	7	1	2	2	332	5
8765	6	3	6	4	588	7
8766	7	1	2	2	333	5
8767	6	3	6	3	588	6
8768	5	2	3	3	509	4
8769	4	2	3	6	510	9
8770	5	3	6	6	589	9
8771	6	7	1	5	294	9
8772	7	1	2	3	334	7
8773	7	1	2	2	335	5
8774	5	7	1	5	294	9
8775	6	1	2	3	336	7
8776	6	1	2	2	337	5
8777	4	2	3	5	510	8
8778	5	7	1	5	294	8
8779	6	1	2	3	338	6
8780	5	1	2	3	339	6
8781	4	3	6	4	589	4
8782	5	2	3	4	510	4
8783	5	2	3	3	511	5
8784	5	2	3	2	512	6
8785	5	1	2	2	340	6
8786	4	3	6	3	589	5
8787	5	5	8	7	272	8
8788	6	9	3	5	502	8
8789	6	2	3	4	513	4
8790	6	2	3	3	514	5
8791	6	2	3	2	515	6
8792	7	1	2	2	341	5
8793	6	1	2	2	342	5
8794	5	9	3	5	503	8
8795	5	5	8	6	272	9
8796	6	9	3	4	504	7
8797	5	5	8	5	272	6
8798	6	2	3	4	515	4
8799	6	2	3	3	516	5
8800	6	2	3	2	517	6
8801	6	1	2	2	343	5
8802	4	3	6	2	589	6
8803	5	5	8	7	272	8
8804	6	9	3	5	505	8
8805	6	2	3	4	518	4
8806	7	1	2	2	344	6
8807	6	2	3	3	518	5
8808	6	2	3	2	519	6
8809	7	1	2	2	345	5
8810	6	9	3	3	506	4
8811	6	9	3	2	507	5
8812	6	7	8	7	242	9
8813	6	7	1	3	294	9
8814	5	9	3	5	508	8
8815	5	5	8	6	272	9
8816	6	9	3	4	509	7
8817	5	5	8	5	272	6
8818	6	2	3	4	519	4
8819	6	2	3	3	520	5
8820	6	2	3	2	521	6
8821	7	1	2	2	346	5
8822	6	9	3	3	510	4
8823	6	9	3	2	511	5
8824	6	7	8	6	243	9
8825	6	7	1	3	295	9
8826	5	2	3	4	521	4
8827	5	2	3	3	522	5
8828	5	2	3	2	523	6
8829	6	1	2	2	347	5
8830	4	5	8	7	272	8
8831	5	9	3	5	512	8
8832	5	1	2	4	348	9
8833	5	2	3	4	523	7
8834	5	2	3	3	524	4
8835	4	9	3	5	513	8
8836	4	1	2	4	349	9
8837	4	2	3	4	525	7
8838	4	2	3	3	526	4
8839	3	5	1	2	612	8
8840	4	1	2	4	350	8
8841	5	7	1	4	296	9
8842	5	9	3	5	514	7
8843	6	9	4	2	298	8
8844	5	2	3	4	527	9
8845	5	3	6	3	589	4
8846	6	2	3	3	528	4
8847	5	3	6	2	589	5
8848	6	2	3	3	529	4
8849	6	2	3	2	530	5
8850	5	2	3	3	531	6
8851	4	9	3	4	514	4
8852	5	9	4	2	299	8
8853	6	1	2	3	350	5
8854	7	2	3	4	532	6
8855	7	2	3	3	533	7
8856	7	2	3	2	534	8
8857	7	3	6	3	589	5
8858	7	3	6	2	590	6
8859	6	2	3	5	535	8
8860	7	1	2	2	350	6
8861	5	2	3	5	535	9
8862	6	3	6	6	591	9
8863	7	1	2	2	351	5
8864	6	1	2	2	352	5
8865	7	3	6	2	591	5
8866	8	5	8	2	272	4
8867	8	7	8	4	244	4
8868	7	5	8	3	273	7
8869	8	7	8	4	245	4
8870	5	2	3	4	535	8
8871	6	1	2	2	352	5
8872	5	2	3	3	535	5
8873	5	2	3	2	536	6
8874	5	1	2	2	353	5
8875	4	9	3	3	514	5
8876	4	9	3	2	515	6
8877	5	1	2	2	354	5
8878	6	2	3	2	537	7
8879	6	3	6	3	591	6
8880	7	9	4	2	299	8
8881	7	5	8	3	273	7
8882	8	7	8	5	246	2
8883	8	2	5	3	197	8
8884	9	7	8	4	247	3
8885	9	7	8	3	248	4
8886	9	7	8	2	249	5
8887	7	5	8	2	273	4
8888	6	3	6	2	591	8
8889	4	2	3	2	538	4
8890	4	3	6	3	592	6
8891	5	9	4	2	300	8
8892	6	2	5	3	197	9
8893	6	2	5	2	198	3
8894	6	5	5	3	145	9
8895	5	5	8	3	274	7
8896	6	2	5	2	198	3
8897	6	7	8	5	250	5
8898	7	2	4	2	85	2
8899	6	7	8	4	250	2
8900	6	7	8	3	251	3
8901	6	7	8	2	252	4
8902	7	6	8	3	96	1
8903	5	5	8	2	274	4
8904	5	7	8	4	252	7
8905	6	2	5	2	198	3
8906	4	3	6	2	592	7
8907	5	9	4	2	300	8
8908	6	2	5	4	198	9
8909	6	2	5	3	199	6
8910	5	5	8	3	275	7
8911	6	2	5	3	200	6
8912	7	7	8	5	252	2
8913	7	7	8	4	253	3
8914	7	7	8	3	254	4
8915	7	7	8	2	255	5
8916	5	5	8	2	275	4
8917	6	7	8	3	256	7
8918	5	7	8	4	257	4
8919	4	9	4	2	300	8
8920	5	5	8	4	275	9
8921	5	7	8	5	258	7
8922	4	5	8	3	276	7
8923	5	2	5	3	200	6
8924	6	7	8	3	259	3
8925	6	7	8	2	260	4
8926	4	5	8	2	276	4
8927	3	1	2	5	354	9
8928	4	9	3	6	515	8
8929	5	2	3	4	539	4
8930	5	3	6	3	592	5
8931	6	7	1	4	297	4
8932	6	7	1	2	298	5
8933	5	3	6	2	592	6
8934	6	7	1	4	299	4
8935	6	7	1	2	300	5
8936	3	1	2	4	354	8
8937	4	9	3	5	515	7
8938	5	7	1	4	301	8
8939	6	9	4	2	300	8
8940	6	3	6	4	592	9
8941	6	3	6	2	593	4
8942	4	9	3	4	515	8
8943	5	2	3	4	540	9
8944	3	9	3	4	515	4
8945	4	1	2	3	354	5
8946	5	9	4	2	301	8
8947	6	5	8	7	277	8
8948	6	2	3	4	541	8
8949	6	2	3	3	542	9
8950	5	2	3	4	543	9
8951	5	2	3	3	544	8
8952	6	3	6	3	594	5
8953	7	5	8	7	278	8
8954	6	3	6	2	594	7
8955	7	5	8	7	279	8
8956	6	5	8	7	280	8
8957	5	3	6	3	594	7
8958	6	2	3	2	544	6
8959	5	3	6	2	594	5
8960	5	2	3	2	545	6
8961	3	9	3	3	515	5
8962	4	1	2	3	354	5
8963	3	9	3	2	515	6
8964	4	1	2	3	355	5
8965	4	1	2	2	356	6
8966	2	4	2	5	723	5
8967	3	5	1	4	612	4
8968	4	3	6	3	595	6
8969	4	3	6	2	596	7
8970	4	1	2	2	357	6
8971	5	9	3	3	515	5
8972	5	9	3	2	516	6
8973	3	5	1	3	612	7
8974	4	1	2	3	357	6
8975	5	2	3	2	546	4
8976	6	9	3	2	517	5
8977	5	9	3	2	518	5
8978	4	1	2	2	357	7
8979	4	9	3	6	519	8
8980	5	7	1	3	301	4
8981	3	5	1	2	612	8
8982	4	1	2	3	358	8
8983	5	7	1	4	302	9
8984	6	2	3	4	546	4
8985	6	2	3	3	547	5
8986	6	2	3	2	548	6
8987	6	9	3	3	519	4
8988	6	9	3	2	520	7
8989	6	3	6	3	597	9
8990	6	5	8	4	281	6
8991	5	9	3	5	521	8
8992	6	2	3	4	549	9
8993	7	3	6	4	598	9
8994	8	7	1	3	302	5
8995	7	3	6	2	598	4
8996	8	7	1	3	303	5
8997	7	7	1	3	304	5
8998	6	3	6	3	598	4
8999	6	3	6	2	599	5
9000	7	2	3	3	549	5
9001	6	2	3	3	550	6
9002	5	9	4	2	301	8
9003	6	2	3	2	551	5
9004	6	3	6	4	599	4
9005	6	3	6	3	600	6
9006	7	8	7	2	220	6
9007	7	2	5	2	200	7
9008	6	3	6	2	600	8
9009	5	3	6	2	601	6
9010	6	7	8	4	261	7
9011	7	7	1	3	305	6
9012	7	7	1	2	306	4
9013	7	5	8	4	282	6
9014	4	1	2	2	358	6
9015	3	1	2	4	359	9
9016	4	9	3	6	521	9
9017	5	9	4	2	301	7
9018	5	3	6	4	601	4
9019	6	2	3	2	552	6
9020	6	7	1	3	306	5
9021	6	7	1	2	307	6
9022	5	3	6	3	601	5
9023	6	2	3	4	553	5
9024	5	3	6	2	601	6
9025	6	2	3	4	554	6
9026	6	2	3	3	555	5
9027	6	7	1	3	308	5
9028	6	7	1	2	309	6
9029	5	7	1	3	310	7
9030	4	9	3	5	521	8
9031	5	2	3	4	556	4
9032	5	2	3	3	557	5
9033	5	2	3	2	558	6
9034	5	7	1	4	311	5
9035	6	3	6	4	601	2
9036	6	3	6	3	602	4
9037	7	7	8	7	261	9
9038	8	5	8	6	283	8
9039	6	3	6	2	602	6
9040	7	7	8	7	261	9
9041	8	5	8	7	284	8
9042	8	8	7	6	221	8
9043	9	5	5	5	146	6
9044	10	5	8	3	285	7
9045	11	6	2	3	129	7
9046	9	5	8	3	285	6
9047	10	6	2	3	130	6
9048	10	6	2	2	131	4
9049	8	5	5	5	146	6
9050	9	5	8	5	285	7
9051	10	8	7	4	221	7
9052	8	5	8	5	285	6
9053	9	6	2	3	132	6
9054	9	6	2	2	133	4
9055	8	5	8	4	285	2
9056	8	5	8	3	286	3
9057	8	5	8	2	287	4
9058	9	6	2	3	134	6
9059	9	6	2	2	135	4
9060	3	1	2	3	359	6
9061	4	2	3	3	559	4
9062	4	3	6	3	602	6
9063	5	9	3	3	521	5
9064	6	7	8	6	261	7
9065	7	9	4	3	301	7
9066	6	9	4	3	301	7
9067	5	9	3	2	521	6
9068	4	3	6	2	602	7
9069	5	9	3	3	522	5
9070	6	7	8	6	261	7
9071	7	9	4	3	301	7
9072	6	9	4	3	301	7
9073	5	9	3	2	522	6
9074	4	9	3	3	523	5
9075	5	7	8	6	261	7
9076	6	9	4	3	301	7
9077	5	9	4	3	301	7
9078	4	9	3	2	523	6
9079	3	1	2	2	359	7
9080	3	9	3	5	524	7
9081	4	7	1	4	311	8
9082	5	9	4	2	301	8
9083	6	2	3	3	560	5
9084	6	2	3	2	561	6
9085	5	2	3	4	562	9
9086	3	9	3	4	524	8
9087	3	9	3	3	525	4
9088	3	9	3	2	526	5
9089	2	4	2	4	723	6
9090	3	5	1	4	612	5
9091	4	9	4	3	301	7
9092	4	9	4	2	302	8
9093	5	8	7	6	222	8
9094	6	9	3	5	527	4
9095	7	7	1	3	311	9
9096	8	1	2	3	360	8
9097	8	1	2	2	361	5
9098	9	2	3	2	563	7
9099	9	3	6	3	602	5
9100	9	3	6	2	603	6
9101	6	9	3	4	527	5
9102	7	1	2	4	361	5
9103	7	7	1	4	311	9
9104	6	9	3	3	527	6
9105	6	9	3	2	528	7
9106	7	7	1	3	312	9
9107	7	1	2	3	362	8
9108	7	1	2	2	363	5
9109	5	1	2	4	364	8
9110	4	2	3	6	564	9
9111	5	3	6	7	604	9
9112	6	7	1	5	313	9
9113	7	1	2	3	365	8
9114	7	1	2	2	366	5
9115	6	1	2	3	367	8
9116	7	9	3	3	528	8
9117	7	9	3	2	529	4
9118	7	7	1	3	313	8
9119	6	1	2	2	367	5
9120	5	7	1	5	314	9
9121	6	1	2	3	368	8
9122	6	1	2	2	369	5
9123	7	3	6	2	604	5
9124	7	5	8	2	287	7
9125	7	7	8	5	261	2
9126	5	1	2	3	369	8
9127	6	9	3	3	530	7
9128	7	3	6	3	605	2
9129	7	3	6	2	606	4
9130	8	7	1	3	314	8
9131	7	7	1	3	315	8
9132	6	9	3	2	530	4
9133	5	1	2	2	369	5
9134	4	2	3	5	564	8
9135	5	1	2	2	370	5
9136	6	9	3	3	531	4
9137	6	9	3	2	532	5
9138	5	7	1	3	316	9
9139	4	2	3	4	564	4
9140	5	1	2	2	370	7
9141	4	2	3	3	564	5
9142	5	3	6	4	606	4
9143	6	1	2	3	371	9
9144	5	3	6	3	606	5
9145	6	9	3	4	533	4
9146	6	9	3	3	534	6
9147	6	9	3	2	535	7
9148	7	1	2	3	372	7
9149	7	1	2	2	373	8
9150	6	1	2	3	374	8
9151	5	3	6	2	606	6
9152	6	1	2	2	375	8
9153	5	1	2	2	376	7
9154	4	2	3	2	564	6
9155	5	9	3	4	535	4
9156	5	9	3	3	536	5
9157	6	1	2	3	377	5
9158	6	1	2	2	378	8
9159	5	9	3	2	536	7
9160	6	1	2	2	379	5
9161	5	1	2	3	380	8
9162	4	1	2	2	381	5
9163	4	3	6	4	606	2
9164	4	3	6	3	607	4
9165	5	5	8	6	288	8
9166	6	7	8	7	261	9
9167	7	8	7	6	222	8
9168	8	7	1	3	317	4
9169	8	7	1	2	318	6
9170	7	7	1	3	319	4
9171	7	7	1	2	320	6
9172	4	3	6	2	607	6
9173	5	5	8	7	288	8
9174	6	7	8	7	261	9
9175	7	8	7	6	222	8
9176	8	7	1	3	321	4
9177	8	7	1	2	322	6
9178	7	7	1	3	323	4
9179	7	7	1	2	324	6
9180	3	5	1	3	612	7
9181	4	1	2	3	382	9
9182	5	9	3	6	536	8
9183	3	5	1	2	612	8
9184	4	1	2	3	382	8
9185	5	7	1	4	325	9
9186	5	9	3	5	537	8
9187	4	1	2	2	382	5
9188	3	1	2	4	383	9
9189	4	9	3	6	538	9
9190	4	9	3	5	539	8
9191	5	2	3	4	564	4
9192	5	2	3	3	565	5
9193	5	2	3	2	566	6
9194	6	3	6	4	607	2
9195	6	3	6	3	608	5
9196	7	7	8	8	261	9
9197	8	5	8	7	288	8
9198	9	7	1	3	326	6
9199	8	8	7	6	222	8
9200	9	7	1	4	327	6
9201	6	3	6	2	608	6
9202	7	7	8	8	261	9
9203	8	5	8	7	288	8
9204	9	7	1	3	328	6
9205	5	3	6	4	608	2
9206	5	3	6	3	609	4
9207	6	7	8	8	261	9
9208	7	5	8	6	288	8
9209	7	8	7	6	222	8
9210	8	7	1	4	329	6
9211	7	7	1	4	330	4
9212	7	7	1	3	331	5
9213	7	7	1	2	332	6
9214	5	3	6	2	609	6
9215	6	7	8	8	261	9
9216	7	5	8	7	289	8
9217	7	7	1	4	333	6
9218	5	7	1	2	334	6
9219	3	1	2	3	383	5
9220	4	2	3	4	566	6
9221	4	2	3	3	567	7
9222	4	2	3	2	568	8
9223	3	1	2	2	383	7
9224	4	3	6	4	609	4
9225	5	9	3	4	539	4
9226	5	9	3	3	540	5
9227	5	9	3	2	541	6
9228	4	3	6	3	609	5
9229	5	9	3	4	542	4
9230	5	9	3	3	543	5
9231	5	9	3	2	544	6
9232	4	3	6	2	609	7
9233	5	9	3	4	545	4
9234	5	9	3	3	546	5
9235	5	9	3	2	547	6
9236	4	9	3	4	548	4
9237	4	9	3	3	549	5
9238	4	9	3	2	550	6
9239	3	9	3	5	551	7
9240	4	7	1	4	335	8
9241	5	9	4	2	302	8
9242	6	2	3	3	569	5
9243	6	2	3	2	570	6
9244	6	3	6	4	609	2
9245	6	3	6	3	610	4
9246	7	2	5	4	201	7
9247	8	7	8	5	261	7
9248	9	5	8	3	290	6
9249	10	5	5	5	146	8
9250	8	5	8	4	290	7
9251	6	3	6	2	610	6
9252	6	5	8	6	291	8
9253	6	7	8	5	261	7
9254	7	5	8	4	292	6
9255	8	5	5	4	147	8
9256	6	7	8	4	261	6
9257	5	2	3	4	571	9
9258	6	3	6	5	611	9
9259	7	2	5	6	201	8
9260	8	7	8	6	262	7
9261	9	5	8	4	292	6
9262	10	5	5	5	148	7
9263	11	9	2	2	87	2
9264	8	7	8	5	262	6
9265	9	5	5	5	148	6
9266	10	6	8	4	97	3
9267	7	7	8	6	262	7
9268	8	5	8	4	292	6
9269	7	7	8	5	262	6
9270	6	3	6	3	611	2
9271	6	3	6	2	612	4
9272	7	5	8	6	293	8
9273	7	2	5	5	201	8
9274	8	7	8	6	263	7
9275	9	5	8	4	294	2
9276	9	5	8	3	295	4
9277	10	6	2	3	136	7
9278	9	5	8	2	295	5
9279	10	6	2	3	137	7
9280	9	6	2	3	138	7
9281	10	9	2	2	88	2
9282	8	5	8	5	295	7
9283	9	7	8	5	263	2
9284	9	7	8	4	264	3
9285	9	7	8	3	265	4
9286	10	6	8	5	98	1
9287	9	7	8	2	265	5
9288	10	6	8	5	99	1
9289	7	2	5	4	201	7
9290	8	7	8	6	265	7
9291	9	5	5	6	148	8
9292	9	5	8	4	295	2
9293	9	5	8	3	296	4
9294	10	6	2	2	138	5
9295	9	5	8	2	296	5
9296	8	5	5	6	149	8
9297	8	7	8	5	265	2
9298	8	7	8	4	265	3
9299	8	7	8	3	266	4
9300	9	5	5	5	150	4
9301	8	7	8	2	266	5
9302	6	5	8	7	297	8
9303	6	2	5	5	201	8
9304	7	7	8	6	267	7
9305	8	6	2	3	139	7
9306	9	5	8	5	298	2
9307	9	5	8	4	299	3
9308	10	6	8	2	100	1
9309	9	5	8	3	299	4
9310	9	5	8	2	300	5
9311	9	9	2	2	89	2
9312	7	5	8	6	301	7
9313	8	7	8	5	267	2
9314	8	7	8	4	268	3
9315	8	7	8	3	269	4
9316	9	6	8	5	101	1
9317	8	7	8	2	269	5
9318	9	6	8	5	102	1
9319	6	2	5	4	201	7
9320	7	7	8	6	269	7
9321	8	5	5	6	151	8
9322	8	5	5	5	152	6
9323	9	5	8	4	301	2
9324	9	5	8	3	302	3
9325	10	6	2	3	139	7
9326	11	6	8	2	103	1
9327	9	5	8	2	302	4
9328	10	6	2	3	139	7
9329	9	6	2	3	140	7
9330	7	5	5	6	152	8
9331	7	5	5	5	153	6
9332	8	7	8	5	269	2
9333	8	7	8	4	270	3
9334	8	7	8	3	271	4
9335	9	6	8	5	104	6
9336	8	7	8	2	271	5
9337	9	6	8	5	105	6
9338	3	9	3	4	551	8
9339	2	4	2	3	723	7
9340	3	5	1	5	612	3
9341	4	1	2	3	383	8
9342	4	9	3	2	552	6
9343	3	5	1	4	612	5
9344	4	1	2	3	384	5
9345	4	1	2	2	385	8
9346	5	2	3	3	571	5
9347	5	2	3	2	572	6
9348	5	9	3	2	553	7
9349	3	5	1	3	612	6
9350	4	2	3	5	573	5
9351	5	1	2	2	385	8
9352	5	9	3	2	554	8
9353	4	2	3	4	573	6
9354	5	9	3	4	555	5
9355	5	9	3	3	556	7
9356	6	1	2	2	386	5
9357	6	3	6	2	612	5
9358	5	9	3	2	556	8
9359	6	1	2	3	387	8
9360	7	3	6	2	613	5
9361	4	2	3	3	573	7
9362	5	9	3	4	556	5
9363	6	1	2	2	387	6
9364	5	9	3	3	556	6
9365	6	1	2	3	388	6
9366	5	9	3	2	556	8
9367	6	3	6	3	614	4
9368	6	3	6	2	615	6
9369	7	7	1	3	335	5
9370	4	2	3	2	573	8
9371	5	1	2	2	389	5
9372	4	7	1	5	336	9
9373	5	1	2	3	390	8
9374	5	9	3	2	556	5
9375	4	1	2	3	391	8
9376	3	5	1	2	612	8
9377	4	1	2	3	392	8
9378	5	2	3	3	573	5
9379	5	2	3	2	574	6
9380	4	1	2	2	392	5
9381	3	1	2	4	393	9
9382	4	9	3	5	557	9
9383	5	2	3	3	575	5
9384	6	3	6	3	615	4
9385	6	3	6	2	616	5
9386	5	2	3	2	575	6
9387	5	3	6	3	617	4
9388	6	7	1	3	336	7
9389	7	9	4	2	302	7
9390	5	3	6	2	617	6
9391	6	7	1	3	336	7
9392	7	9	4	2	303	7
9393	7	5	5	5	153	7
9394	8	6	2	2	141	5
9395	5	7	1	3	336	7
9396	6	9	4	2	304	7
9397	4	9	3	4	557	8
9398	5	2	3	3	576	5
9399	5	2	3	2	577	6
9400	5	7	1	4	336	7
9401	6	3	6	4	617	2
9402	6	3	6	3	618	4
9403	7	7	8	7	271	9
9404	8	5	8	6	302	8
9405	6	3	6	2	618	6
9406	7	7	8	7	271	9
9407	8	5	8	7	303	8
9408	6	5	8	5	304	8
9409	5	7	1	2	336	5
9410	3	9	3	4	557	5
9411	4	7	1	3	337	8
9412	5	2	3	4	578	6
9413	6	1	2	2	393	5
9414	5	2	3	3	578	7
9415	5	2	3	2	579	8
9416	6	1	2	2	394	5
9417	5	1	2	3	395	5
9418	5	1	2	2	396	6
9419	3	9	3	3	557	6
9420	4	7	1	3	337	8
9421	5	2	3	4	579	5
9422	5	2	3	3	580	7
9423	5	2	3	2	581	8
9424	3	9	3	2	557	7
9425	4	7	1	4	337	8
9426	5	9	4	2	305	8
9427	6	5	8	7	305	8
9428	6	2	3	4	582	5
9429	6	2	3	3	583	6
9430	7	1	2	2	397	5
9431	6	2	3	2	583	8
9432	6	3	6	4	618	2
9433	6	3	6	3	619	4
9434	7	2	5	4	201	7
9435	8	7	8	5	271	7
9436	9	5	8	3	306	6
9437	8	7	8	4	271	6
9438	9	5	5	6	153	8
9439	6	3	6	2	619	6
9440	6	5	8	5	307	7
9441	6	5	8	4	308	6
9442	5	2	3	4	584	9
9443	6	3	6	5	620	9
9444	7	2	5	6	201	8
9445	8	7	8	6	271	7
9446	9	5	8	4	309	6
9447	7	5	8	5	310	7
9448	7	5	8	4	311	6
9449	6	3	6	3	620	2
9450	6	3	6	2	621	4
9451	7	5	8	6	312	8
9452	7	2	5	5	201	8
9453	8	7	8	6	271	7
9454	9	5	8	4	313	2
9455	9	5	8	3	314	4
9456	9	5	8	2	315	5
9457	10	6	2	2	142	5
9458	9	6	2	2	143	5
9459	8	7	8	5	271	6
9460	7	2	5	4	201	7
9461	8	7	8	6	272	7
9462	9	5	8	4	315	2
9463	9	5	8	3	316	4
9464	9	5	8	2	317	5
9465	9	6	2	2	144	5
9466	8	5	5	6	154	8
9467	8	7	8	5	272	6
9468	6	5	8	7	318	8
9469	6	2	5	5	201	8
9470	7	7	8	6	273	7
9471	8	6	2	2	145	5
9472	7	7	8	5	273	6
9473	6	2	5	4	201	7
9474	7	7	8	6	274	7
9475	8	5	5	6	155	8
9476	8	5	8	5	319	6
9477	7	5	5	6	156	8
9478	7	7	8	5	274	6
9479	5	2	3	3	584	8
9480	5	3	6	5	621	7
9481	2	4	2	2	723	8
9482	3	5	1	5	612	3
9483	4	9	3	2	557	6
9484	3	5	1	4	612	4
9485	4	7	1	5	337	8
9486	5	9	3	2	558	6
9487	5	1	2	2	398	6
9488	4	9	3	4	559	8
9489	5	2	3	3	585	4
9490	4	2	3	3	586	4
9491	3	5	1	3	612	6
9492	4	7	1	5	337	8
9493	5	1	2	2	399	5
9494	6	9	3	2	559	6
9495	5	2	3	3	587	8
9496	4	9	3	5	560	8
9497	5	2	3	3	588	4
9498	5	2	3	2	589	6
9499	3	5	1	2	612	7
9500	4	2	3	5	590	4
9501	5	1	2	3	399	9
9502	6	3	6	2	622	4
9503	6	9	3	2	560	8
9504	4	2	3	4	590	6
9505	5	1	2	2	399	5
9506	5	9	3	2	561	8
9507	6	5	8	7	320	8
9508	7	3	6	4	623	2
9509	7	3	6	3	624	5
9510	8	7	8	6	275	9
9511	9	7	1	3	337	4
9512	9	7	1	2	338	5
9513	7	3	6	2	624	6
9514	8	7	8	6	275	9
9515	9	7	1	3	339	4
9516	9	7	1	2	340	5
9517	4	2	3	3	590	7
9518	5	9	3	4	561	4
9519	5	9	3	3	562	6
9520	6	1	2	3	400	5
9521	6	1	2	2	401	6
9522	5	9	3	2	562	8
9523	4	2	3	2	590	8
9524	5	7	1	5	341	8
9525	6	9	3	3	563	7
9526	7	1	2	3	402	7
9527	6	9	3	2	563	4
9528	4	7	1	5	341	9
9529	5	3	6	5	624	9
9530	6	9	3	2	564	6
9531	5	3	6	4	624	6
9532	3	1	2	4	403	9
9533	4	9	3	5	565	8
9534	5	2	3	3	590	4
9535	5	2	3	2	591	6
9536	6	3	6	4	625	7
9537	6	3	6	3	626	2
9538	6	3	6	2	627	5
9539	7	7	1	3	341	6
9540	6	7	1	3	342	6
9541	7	8	7	5	222	7
9542	3	9	3	3	565	4
9543	3	9	3	2	566	6
9544	4	9	4	2	305	7
9545	4	2	3	4	591	9
9546	5	3	6	7	627	9
9547	5	7	8	5	275	6
9548	4	2	3	3	591	8
9549	5	1	2	3	403	6
9550	4	3	6	5	628	7
9551	4	3	6	4	629	6
9552	5	2	3	2	591	4
9553	5	1	2	2	404	5
9554	2	5	8	8	320	9
9555	3	9	4	3	306	9
9556	4	2	3	5	592	9
9557	5	3	6	7	629	9
9558	6	9	3	4	566	4
9559	6	9	3	3	567	5
9560	7	5	1	5	612	3
9561	7	5	1	4	613	4
9562	7	5	1	3	614	5
9563	8	1	2	3	405	5
9564	7	5	1	2	614	7
9565	7	1	2	4	406	8
9566	7	1	2	3	407	5
9567	6	9	3	2	567	7
9568	5	9	3	4	568	4
9569	5	9	3	3	569	5
9570	6	5	1	5	615	3
9571	6	5	1	4	616	4
9572	6	5	1	3	617	5
9573	7	1	2	3	408	5
9574	6	5	1	2	617	7
9575	6	1	2	4	409	8
9576	6	1	2	3	410	5
9577	5	9	3	2	569	7
9578	4	2	3	4	592	8
9579	5	1	2	3	411	6
9580	6	5	1	3	618	3
9581	6	5	1	2	619	7
9582	5	9	3	2	570	5
9583	4	5	1	5	620	8
9584	5	9	3	4	571	8
9585	5	3	6	5	629	7
9586	6	2	3	3	592	4
9587	6	2	3	2	593	5
9588	6	9	3	2	572	4
9589	6	1	2	2	411	5
9590	5	1	2	2	412	5
9591	4	9	3	4	573	8
9592	4	3	6	5	629	7
9593	4	1	2	2	413	5
9594	3	9	4	2	306	7
9595	4	9	3	2	574	5
9596	3	9	3	3	575	4
9597	3	9	3	2	576	5
9598	4	2	3	3	594	7
9599	5	1	2	2	414	5
9600	4	2	3	2	594	8
9601	5	3	6	6	630	8
9602	6	5	1	5	620	8
9603	7	1	2	2	415	6
9604	6	1	2	2	416	6
9605	5	5	1	5	620	8
9606	6	1	2	3	417	6
9607	5	1	2	3	418	6
9608	4	5	1	5	620	3
9609	4	5	1	4	621	4
9610	4	5	1	3	622	5
9611	5	1	2	3	419	5
9612	4	5	1	2	622	7
9613	4	1	2	4	420	8
9614	4	1	2	3	421	5
9615	3	2	3	3	594	5
9616	3	2	3	2	595	8
9617	4	3	6	6	630	8
9618	5	5	1	5	623	8
9619	6	1	2	2	422	6
9620	5	1	2	2	423	6
9621	4	3	6	5	630	7
9622	5	5	1	5	623	8
9623	6	1	2	3	424	6
9624	5	1	2	3	425	6
9625	4	3	6	4	630	6
9626	2	9	4	2	306	7
9627	3	9	3	2	576	5
9628	2	9	3	3	577	4
9629	2	9	3	2	578	5
9630	3	2	3	4	595	4
9631	3	2	3	3	596	7
9632	4	1	2	2	426	5
9633	3	2	3	2	596	8
9634	4	1	2	3	427	6
9635	3	5	1	5	623	3
9636	3	5	1	4	624	4
9637	3	5	1	3	625	5
9638	4	1	2	3	428	5
9639	3	5	1	2	625	7
9640	3	1	2	4	429	8
9641	3	1	2	3	430	5
9642	2	2	3	4	596	4
9643	2	2	3	3	597	5
9644	2	2	3	2	598	8
9645	3	1	2	3	431	6
9646	1	3	2	5	727	4
9647	2	4	2	5	723	5
9648	3	5	1	4	626	6
9649	4	2	3	5	598	5
9650	5	1	2	3	432	9
9651	4	2	3	4	598	6
9652	5	1	2	3	433	9
9653	4	2	3	3	598	7
9654	5	1	2	3	434	3
9655	5	1	2	2	434	6
9656	4	2	3	2	598	8
9657	4	1	2	2	435	6
9658	3	5	1	3	626	7
9659	4	1	2	3	436	6
9660	4	1	2	2	437	7
9661	4	2	3	3	599	6
9662	3	5	1	2	626	8
9663	4	1	2	4	438	8
9664	5	2	3	3	600	5
9665	5	2	3	2	601	6
9666	5	9	3	3	578	4
9667	5	9	3	2	579	7
9668	6	7	1	2	342	5
9669	5	3	6	4	631	9
9670	5	3	6	2	632	3
9671	5	5	8	4	320	9
9672	5	5	8	3	321	7
9673	4	1	2	3	438	3
9674	4	1	2	2	438	6
9675	5	3	6	3	633	6
9676	6	7	8	5	276	3
9677	6	2	5	3	201	4
9678	6	2	5	2	202	3
9679	5	3	6	2	633	7
9680	6	2	5	4	202	6
9681	5	2	5	4	203	6
9682	4	2	3	3	602	9
9683	5	9	3	3	579	4
9684	5	9	3	2	580	5
9685	4	2	3	2	602	5
9686	3	1	2	5	438	9
9687	4	2	3	3	603	6
9688	5	9	3	5	581	8
9689	6	7	1	4	343	4
9690	6	5	8	7	322	8
9691	7	3	6	4	633	3
9692	7	3	6	3	634	5
9693	8	7	8	7	277	9
9694	9	7	1	3	344	5
9695	7	3	6	2	634	6
9696	8	7	8	7	277	9
9697	9	7	1	3	345	5
9698	4	2	3	2	603	5
9699	4	9	3	3	581	8
9700	5	3	6	3	634	3
9701	5	3	6	2	635	5
9702	6	7	1	4	346	4
9703	6	7	1	3	347	5
9704	3	1	2	4	438	8
9705	4	9	3	5	581	7
9706	5	2	3	3	604	5
9707	5	2	3	2	605	6
9708	5	7	1	4	348	8
9709	5	3	6	4	635	3
9710	5	3	6	3	636	5
9711	6	7	8	4	277	8
9712	7	8	7	3	223	7
9713	7	8	7	2	224	5
9714	7	2	5	4	204	7
9715	8	5	5	6	157	8
9716	9	5	8	6	322	5
9717	10	6	2	2	146	6
9718	9	5	8	5	322	4
9719	6	5	8	7	323	8
9720	6	5	8	6	324	5
9721	7	7	8	3	277	7
9722	8	2	5	4	204	7
9723	5	3	6	2	636	8
9724	4	9	3	4	581	8
9725	5	2	3	3	606	9
9726	6	3	6	4	637	9
9727	6	3	6	2	638	3
9728	6	7	8	7	277	8
9729	7	7	1	3	349	4
9730	7	7	1	2	350	5
9731	3	1	2	3	438	3
9732	3	1	2	2	438	6
9733	4	3	6	3	639	6
9734	5	9	3	4	581	4
9735	5	9	3	3	582	5
9736	6	2	5	5	205	9
9737	6	9	4	3	306	7
9738	6	9	4	2	306	8
9739	6	5	8	7	324	8
9740	7	2	5	4	206	3
9741	7	2	5	3	206	4
9742	7	2	5	2	207	5
9743	8	7	8	6	277	2
9744	8	7	8	5	278	3
9745	9	5	5	3	157	4
9746	9	5	5	2	158	6
9747	8	7	8	4	278	4
9748	9	6	8	6	106	5
9749	8	7	8	3	278	5
9750	8	7	8	2	279	6
9751	6	5	5	7	159	8
9752	7	2	5	3	207	3
9753	7	2	5	2	207	4
9754	7	5	8	6	324	2
9755	7	5	8	5	324	3
9756	7	5	8	4	325	4
9757	8	7	8	3	280	5
9758	8	7	8	2	281	6
9759	7	5	8	3	325	5
9760	8	7	8	4	282	3
9761	8	7	8	3	283	4
9762	9	6	8	2	107	2
9763	8	7	8	2	283	6
9764	7	5	8	2	325	6
9765	5	9	3	2	582	6
9766	4	3	6	2	639	7
9767	5	9	3	4	583	4
9768	5	9	3	3	584	5
9769	6	2	5	5	208	9
9770	6	2	5	4	209	6
9771	7	9	4	3	307	7
9772	7	9	4	2	307	8
9773	7	5	8	7	326	8
9774	8	5	5	5	159	7
9775	7	5	5	6	160	8
9776	7	5	8	4	326	6
9777	6	9	4	3	308	7
9778	6	9	4	2	308	8
9779	6	5	8	7	327	8
9780	6	5	5	6	161	8
9781	7	2	5	3	209	3
9782	7	2	5	2	209	4
9783	7	5	8	6	328	2
9784	7	5	8	5	328	3
9785	7	5	8	4	329	4
9786	8	7	8	3	284	5
9787	9	9	2	3	90	7
9788	8	7	8	2	284	6
9789	7	5	8	3	329	5
9790	8	7	8	4	285	3
9791	8	7	8	3	286	4
9792	9	6	8	2	108	2
9793	8	7	8	2	286	6
9794	7	5	8	2	329	6
9795	5	9	3	2	584	6
9796	4	9	3	4	585	4
9797	4	9	3	3	586	5
9798	5	2	5	6	210	9
9799	5	9	4	3	309	7
9800	5	9	4	2	309	8
9801	5	5	8	7	330	8
9802	6	2	5	5	211	7
9803	6	2	5	4	212	6
9804	7	5	5	5	161	7
9805	5	2	5	5	212	7
9806	4	9	3	2	586	6
9807	3	2	3	3	606	9
9808	4	9	3	4	587	4
9809	4	9	3	3	588	5
9810	5	3	6	5	639	3
9811	5	3	6	4	640	5
9812	6	2	5	3	213	8
9813	6	2	5	2	214	6
9814	7	9	4	3	310	7
9815	7	9	4	2	311	8
9816	6	9	4	3	312	7
9817	6	9	4	2	313	8
9818	5	3	6	3	640	7
9819	6	2	5	3	214	8
9820	6	9	4	3	314	7
9821	6	9	4	2	315	8
9822	5	3	6	2	640	8
9823	5	2	5	4	215	8
9824	6	5	8	6	330	8
9825	7	9	4	3	316	8
9826	7	9	4	2	317	7
9827	7	7	8	4	287	2
9828	7	7	8	3	288	4
9829	7	7	8	2	289	5
9830	5	9	4	3	318	7
9831	5	9	4	2	319	8
9832	5	5	8	6	330	8
9833	6	7	8	4	290	2
9834	6	7	8	3	291	4
9835	6	7	8	2	292	5
9836	4	9	3	2	588	6
9837	5	3	6	5	641	3
9838	6	5	8	3	330	8
9839	7	9	4	2	320	7
9840	5	3	6	4	641	5
9841	6	2	5	5	215	8
9842	7	5	8	5	330	8
9843	8	9	4	2	321	7
9844	7	9	4	2	322	7
9845	6	9	4	3	323	7
9846	6	9	4	2	324	8
9847	6	5	8	5	330	8
9848	6	2	5	4	215	7
9849	7	5	5	4	162	8
9850	8	7	8	5	293	2
9851	8	7	8	4	293	3
9852	9	6	8	2	109	1
9853	8	7	8	3	293	4
9854	9	6	8	5	110	5
9855	8	7	8	2	293	5
9856	5	3	6	3	641	7
9857	6	9	4	3	325	7
9858	6	9	4	2	326	8
9859	5	3	6	2	641	8
9860	5	9	4	3	327	7
9861	5	9	4	2	328	8
9862	5	5	8	4	331	8
9863	3	2	3	2	606	5
9864	3	9	3	3	588	4
9865	3	9	3	2	589	6
9866	4	3	6	4	642	3
9867	4	3	6	3	643	5
9868	5	9	4	3	329	7
9869	5	9	4	2	330	8
9870	5	5	8	4	332	8
9871	4	3	6	2	643	7
9872	2	4	2	4	723	6
9873	3	5	1	5	626	4
9874	4	1	2	4	438	8
9875	4	9	3	6	589	4
9876	4	9	3	5	590	6
9877	4	9	3	4	591	8
9878	3	5	1	4	626	5
9879	4	1	2	4	439	8
9880	5	2	3	3	607	5
9881	5	2	3	2	608	6
9882	6	9	3	2	592	7
9883	5	9	3	2	593	7
9884	4	1	2	3	439	9
9885	4	9	3	2	594	6
9886	3	5	1	3	626	7
9887	4	1	2	2	440	7
9888	4	2	3	3	608	6
9889	5	9	3	3	595	8
9890	6	7	1	3	351	4
9891	3	5	1	2	626	8
9892	4	1	2	3	441	8
9893	5	2	3	3	608	5
9894	5	2	3	2	609	6
9895	6	9	3	3	595	4
9896	6	9	3	2	596	7
9897	7	7	1	4	352	9
9898	7	7	1	3	353	6
9899	8	9	4	2	331	8
9900	6	7	1	4	353	9
9901	7	3	6	3	644	3
9902	7	3	6	2	644	5
9903	8	9	4	2	332	7
9904	7	9	4	2	333	7
9905	6	7	1	3	353	6
9906	7	9	4	2	334	7
9907	5	9	3	3	596	4
9908	5	9	3	2	597	7
9909	6	7	1	4	353	9
9910	6	7	1	3	354	6
9911	7	9	4	2	335	8
9912	7	3	6	2	644	5
9913	6	3	6	4	645	8
9914	6	3	6	3	646	3
9915	6	3	6	2	647	5
9916	7	9	4	2	336	8
9917	8	7	8	3	294	8
9918	9	2	5	4	215	7
9919	8	5	8	4	333	9
9920	5	7	1	4	354	9
9921	6	9	4	2	336	7
9922	7	3	6	4	647	3
9923	7	3	6	3	648	5
9924	7	3	6	2	649	8
9925	6	3	6	4	650	9
9926	6	3	6	2	651	3
9927	7	5	8	3	334	6
9928	8	7	8	3	294	8
9929	9	2	5	4	216	8
9930	10	6	8	4	111	1
9931	9	2	5	2	216	6
9932	6	5	8	5	334	5
9933	7	7	8	5	294	8
9934	8	2	5	5	217	8
9935	9	7	2	2	91	5
9936	9	9	2	2	90	3
9937	8	2	5	4	217	7
9938	9	7	2	2	92	5
9939	9	9	2	2	91	3
9940	7	2	5	4	217	7
9941	8	7	8	4	294	7
9942	8	7	8	3	295	4
9943	6	5	8	4	334	6
9944	7	7	8	6	296	8
9945	8	2	5	5	217	8
9946	9	7	2	2	93	5
9947	9	9	2	2	92	3
9948	8	2	5	4	217	7
9949	9	7	2	2	94	5
9950	9	9	2	2	93	3
9951	7	2	5	4	217	7
9952	8	7	8	4	296	7
9953	8	7	8	3	297	5
9954	5	7	1	3	354	6
9955	6	9	4	2	336	7
9956	6	3	6	5	651	9
9957	6	3	6	3	652	2
9958	6	3	6	2	653	3
9959	7	5	8	5	334	9
9960	8	2	5	4	217	8
9961	9	5	5	5	162	7
9962	7	7	8	4	298	8
9963	8	2	5	4	217	8
9964	9	5	8	4	334	4
9965	9	5	8	3	335	5
9966	9	5	8	2	336	6
9967	8	2	5	3	217	7
9968	9	5	8	2	337	6
9969	6	5	8	7	338	9
9970	7	2	5	5	217	8
9971	8	6	2	3	147	7
9972	7	2	5	4	217	7
9973	8	6	2	3	148	7
9974	6	7	8	6	298	8
9975	7	2	5	5	217	8
9976	8	6	2	3	149	7
9977	7	2	5	4	217	7
9978	8	5	8	4	338	7
9979	5	3	6	4	653	9
9980	5	3	6	2	654	3
9981	5	5	8	5	339	9
9982	4	1	2	2	441	3
9983	4	2	3	3	609	9
9984	5	9	3	4	597	4
9985	5	9	3	3	598	5
9986	5	9	3	2	599	6
9987	6	9	4	3	337	7
9988	6	9	4	2	338	8
9989	7	3	6	6	655	2
9990	7	3	6	5	656	3
9991	8	2	5	4	217	8
9992	8	5	8	5	340	9
9993	7	3	6	4	656	5
9994	8	2	5	5	218	8
9995	8	5	8	7	341	9
9996	7	3	6	3	656	7
9997	7	3	6	2	657	8
9998	7	2	5	6	219	8
9999	8	5	5	7	163	9
10000	4	2	3	2	609	5
10001	4	9	3	3	599	4
10002	4	9	3	2	600	6
10003	5	3	6	5	658	2
10004	5	3	6	4	659	3
10005	5	3	6	3	660	5
10006	6	9	4	3	338	7
10007	6	9	4	2	339	8
10008	7	5	8	6	342	9
10009	5	3	6	2	660	7
10010	3	1	2	4	442	9
10011	4	2	3	3	610	6
10012	5	9	3	5	600	9
10013	6	7	1	3	354	6
10014	6	9	4	2	339	7
10015	7	3	6	4	661	3
10016	7	3	6	3	662	5
10017	7	3	6	2	663	6
10018	8	5	8	5	343	6
10019	9	7	8	4	298	9
10020	10	8	7	4	225	6
10021	8	7	8	5	298	9
10022	9	8	7	4	226	6
10023	6	3	6	4	663	7
10024	5	9	3	4	600	8
10025	6	7	8	8	298	9
10026	7	5	8	7	343	8
10027	8	7	1	4	355	4
10028	8	7	1	3	356	6
10029	7	3	6	4	664	3
10030	7	3	6	3	665	5
10031	8	8	7	6	227	8
10032	9	7	1	4	357	6
10033	10	5	8	4	343	4
10034	10	5	8	3	344	5
10035	10	5	8	2	345	6
10036	8	7	1	4	357	4
10037	8	7	1	3	358	5
10038	8	7	1	2	359	6
10039	9	5	5	5	164	5
10040	7	3	6	2	665	6
10041	4	2	3	2	610	5
10042	4	9	3	3	600	9
10043	5	3	6	3	666	3
10044	5	3	6	2	667	5
10045	6	7	1	3	359	6
10046	6	9	4	2	339	7
10047	7	5	8	4	346	6
10048	8	7	8	4	298	9
10049	9	2	5	4	219	8
10050	7	7	8	5	298	9
10051	8	5	8	3	346	2
10052	8	5	8	2	347	3
10053	5	7	1	3	360	7
10054	6	9	4	2	339	7
10055	7	5	8	4	348	6
10056	8	8	7	3	227	6
10057	4	9	3	2	600	4
10058	4	3	6	4	667	2
10059	4	3	6	3	668	3
10060	4	3	6	2	669	5
10061	5	7	8	8	298	9
10062	6	5	8	7	348	8
10063	6	8	7	6	228	8
10064	7	7	1	4	360	6
10065	8	5	8	4	349	4
10066	8	5	8	3	350	5
10067	8	5	8	2	351	6
10068	6	7	1	4	360	4
10069	6	7	1	3	360	5
10070	6	7	1	2	361	6
10071	7	5	5	5	165	5
10072	3	1	2	3	442	3
10073	3	1	2	2	443	7
10074	4	2	3	3	611	9
10075	5	9	3	5	600	4
10076	5	9	3	4	601	5
10077	5	9	3	3	602	6
10078	6	7	1	3	361	8
10079	7	9	4	3	339	7
10080	7	9	4	2	340	8
10081	8	5	8	7	352	8
10082	8	3	6	6	669	2
10083	8	3	6	5	670	3
10084	9	2	5	4	220	8
10085	9	2	5	3	221	7
10086	10	7	8	3	298	3
10087	10	7	8	2	299	5
10088	11	5	5	5	166	3
10089	8	3	6	4	670	5
10090	9	2	5	5	221	8
10091	9	2	5	4	222	7
10092	10	5	5	6	167	8
10093	8	3	6	3	670	7
10094	8	3	6	2	671	8
10095	7	3	6	6	672	9
10096	8	5	8	6	353	8
10097	7	5	8	7	354	8
10098	7	3	6	5	672	2
10099	7	3	6	4	673	3
10100	7	3	6	3	674	5
10101	8	2	5	5	222	8
10102	8	2	5	4	223	7
10103	9	5	5	6	168	8
10104	7	3	6	2	674	7
10105	5	9	3	2	602	7
10106	6	7	1	3	361	8
10107	4	2	3	2	611	5
10108	4	9	3	3	602	4
10109	4	9	3	2	603	6
10110	5	3	6	5	675	2
10111	5	3	6	4	676	3
10112	5	3	6	3	677	5
10113	6	9	4	3	340	7
10114	6	9	4	2	341	8
10115	7	2	5	5	223	9
10116	6	5	8	6	355	8
10117	5	3	6	2	677	7
10118	3	9	3	5	603	7
10119	4	2	3	3	612	5
10120	4	2	3	2	613	6
10121	5	7	1	4	362	8
10122	4	7	1	4	363	8
10123	5	9	4	2	341	8
10124	6	5	8	6	356	8
10125	6	3	6	4	678	2
10126	6	3	6	3	679	3
10127	6	3	6	2	680	5
10128	7	2	5	4	224	7
10129	8	7	8	5	299	7
10130	9	5	8	4	357	3
10131	9	5	8	3	358	4
10132	9	5	8	2	359	5
10133	8	5	8	5	360	7
10134	5	3	6	5	680	9
10135	5	3	6	3	681	2
10136	5	3	6	2	682	3
10137	5	5	8	7	361	8
10138	5	2	5	5	224	8
10139	6	7	8	6	299	7
10140	7	5	8	5	362	2
10141	7	5	8	4	363	3
10142	7	5	8	3	364	4
10143	7	5	8	2	365	5
10144	7	9	1	5	86	6
10145	6	5	8	6	366	7
10146	5	2	5	4	224	7
10147	6	7	8	6	299	7
10148	7	5	5	6	169	8
10149	7	5	8	5	367	2
10150	7	5	8	4	368	3
10151	7	5	8	3	369	4
10152	7	5	8	2	370	5
10153	6	5	5	6	170	8
10154	6	7	8	5	299	2
10155	6	7	8	4	300	3
10156	6	7	8	3	301	4
10157	6	7	8	2	302	5
10158	7	6	8	5	112	1
10159	3	9	3	4	603	8
10160	3	2	3	3	613	5
10161	3	2	3	2	614	6
10162	2	4	2	3	723	7
10163	3	5	1	4	626	5
10164	4	1	2	3	443	3
10165	4	1	2	2	443	8
10166	5	2	3	3	615	5
10167	5	2	3	2	616	6
10168	6	9	3	2	604	7
10169	7	3	6	3	683	3
10170	7	3	6	2	683	5
10171	6	3	6	3	684	3
10172	6	3	6	2	684	5
10173	5	9	3	2	604	7
10174	6	7	1	3	363	9
10175	5	7	1	2	364	6
10176	3	5	1	3	626	6
10177	4	2	3	5	616	5
10178	5	3	6	4	685	5
10179	6	1	2	3	443	3
10180	6	1	2	2	443	8
10181	5	3	6	3	685	6
10182	5	3	6	2	686	7
10183	4	2	3	4	616	6
10184	5	1	2	3	444	3
10185	5	1	2	2	445	8
10186	6	9	3	3	604	4
10187	6	9	3	2	605	7
10188	7	7	1	4	365	9
10189	6	7	1	3	366	9
10190	5	9	3	5	605	8
10191	6	5	8	7	371	8
10192	7	7	1	3	367	7
10193	4	2	3	3	616	7
10194	5	1	2	3	445	3
10195	5	1	2	2	446	6
10196	5	9	3	3	605	8
10197	6	5	8	7	371	8
10198	7	7	1	3	368	7
10199	4	2	3	2	616	8
10200	5	1	2	2	447	3
10201	4	1	2	2	448	6
10202	4	9	3	3	605	4
10203	4	9	3	2	606	7
10204	5	7	1	4	369	9
10205	4	7	1	3	370	9
10206	3	5	1	2	626	8
10207	4	1	2	3	449	8
10208	5	2	3	3	616	5
10209	5	2	3	2	617	6
10210	4	1	2	2	449	3
10211	3	1	2	4	450	9
10212	4	2	3	3	618	6
10213	5	9	3	5	606	9
10214	6	7	1	3	371	7
10215	7	3	6	4	687	3
10216	7	3	6	3	688	5
10217	8	9	4	2	341	7
10218	7	3	6	2	688	6
10219	8	9	4	2	342	7
10220	5	9	3	4	606	8
10221	6	7	1	4	371	7
10222	7	7	8	7	302	9
10223	8	5	8	7	371	8
10224	6	7	1	2	371	5
10225	4	2	3	2	618	5
10226	4	9	3	3	606	9
10227	5	3	6	3	688	3
10228	5	3	6	2	689	5
10229	6	7	1	3	372	7
10230	7	9	4	2	343	7
10231	5	7	1	3	372	7
10232	6	9	4	2	344	7
10233	4	9	3	2	606	4
10234	4	7	1	4	372	7
10235	5	3	6	4	689	2
10236	5	3	6	3	690	3
10237	6	7	8	6	302	9
10238	7	5	8	5	372	8
10239	5	3	6	2	690	5
10240	6	7	8	7	302	9
10241	7	5	8	7	373	8
10242	4	7	1	2	372	5
10243	3	1	2	3	450	3
10244	3	1	2	2	451	6
10245	3	9	3	5	607	7
10246	4	2	3	3	619	5
10247	5	3	6	2	690	5
10248	4	2	3	2	619	6
10249	5	7	1	4	373	8
10250	6	3	6	3	691	3
10251	6	3	6	2	691	5
10252	7	9	4	2	345	8
10253	6	9	4	2	346	8
10254	4	7	1	4	373	8
10255	5	9	4	2	347	8
10256	6	5	8	6	374	8
10257	6	3	6	4	691	2
10258	6	3	6	3	692	3
10259	6	3	6	2	693	5
10260	7	2	5	4	224	7
10261	8	7	8	5	302	7
10262	9	5	8	4	375	3
10263	9	5	8	3	376	4
10264	9	5	8	2	377	5
10265	10	6	2	2	150	5
10266	8	7	8	4	302	6
10267	9	5	5	6	171	8
10268	5	3	6	5	693	9
10269	5	3	6	3	694	2
10270	5	3	6	2	695	3
10271	6	7	8	4	302	7
10272	7	5	8	3	377	4
10273	8	2	5	4	224	8
10274	8	2	5	3	225	7
10275	7	5	8	2	377	5
10276	5	5	8	7	378	8
10277	5	2	5	5	226	8
10278	6	7	8	6	302	7
10279	7	5	8	5	379	2
10280	7	5	8	4	380	3
10281	7	5	8	3	381	4
10282	7	5	8	2	382	5
10283	8	6	2	2	151	5
10284	7	6	2	2	152	5
10285	7	9	1	5	87	6
10286	5	2	5	4	226	7
10287	6	7	8	6	302	7
10288	7	5	5	6	172	8
10289	7	6	2	2	153	5
10290	7	5	8	5	382	2
10291	7	5	8	4	383	3
10292	7	5	8	3	384	4
10293	7	5	8	2	385	5
10294	7	6	8	5	113	1
10295	6	5	5	6	173	8
10296	6	7	8	5	302	6
10297	3	9	3	4	607	8
10298	3	2	3	3	619	5
10299	3	2	3	2	620	6
10300	2	4	2	2	723	8
10301	3	5	1	5	626	3
10302	4	9	3	2	608	6
10303	3	5	1	4	626	5
10304	4	7	1	5	373	8
10305	5	2	3	5	621	9
10306	6	3	6	6	695	9
10307	7	9	3	3	609	6
10308	6	9	3	3	610	6
10309	5	2	3	4	621	8
10310	6	1	2	2	452	3
10311	5	1	2	2	452	3
10312	4	2	3	3	621	6
10313	5	9	3	4	611	8
10314	6	5	8	6	386	8
10315	7	7	1	3	373	4
10316	4	2	3	2	621	5
10317	4	9	3	2	611	8
10318	5	5	8	6	386	8
10319	6	7	1	3	374	4
10320	3	5	1	3	626	6
10321	4	1	2	3	452	3
10322	4	1	2	2	453	6
10323	5	9	3	3	611	5
10324	5	9	3	2	612	6
10325	6	7	1	2	375	8
10326	5	7	1	3	376	9
10327	4	2	3	3	622	6
10328	5	9	3	4	612	8
10329	6	5	8	7	386	8
10330	7	7	1	3	377	4
10331	7	7	1	2	378	5
10332	5	3	6	3	695	5
10333	6	7	1	2	379	5
10334	5	3	6	2	695	6
10335	6	7	1	2	380	5
10336	4	2	3	2	622	5
10337	4	9	3	2	612	8
10338	5	3	6	3	695	3
10339	5	3	6	2	696	5
10340	6	5	8	6	386	8
10341	7	7	1	3	381	4
10342	7	7	1	2	382	5
10343	3	5	1	2	626	7
10344	4	2	3	5	623	5
10345	5	7	1	5	383	8
10346	4	2	3	4	623	6
10347	5	1	2	2	453	3
10348	5	9	3	4	612	8
10349	6	5	8	7	386	8
10350	7	7	1	3	384	4
10351	7	7	1	2	385	5
10352	4	2	3	3	623	7
10353	5	9	3	4	612	5
10354	6	1	2	3	454	3
10355	6	1	2	2	455	6
10356	5	9	3	3	612	6
10357	6	1	2	3	456	3
10358	6	1	2	2	457	6
10359	5	9	3	2	612	8
10360	6	5	8	7	386	8
10361	7	7	1	3	386	4
10362	7	7	1	2	387	5
10363	4	2	3	2	623	8
10364	5	7	1	5	388	8
10365	6	9	3	3	612	7
10366	6	9	3	2	613	5
10367	4	1	2	2	458	6
10368	4	7	1	4	388	9
10369	4	9	3	3	614	7
10370	4	9	3	2	615	5
10371	3	1	2	4	459	9
10372	4	2	3	3	623	6
10373	5	9	3	4	616	8
10374	6	7	1	4	389	4
10375	6	5	8	6	386	8
10376	7	3	6	5	696	2
10377	7	3	6	4	697	3
10378	7	3	6	3	698	5
10379	8	7	1	3	390	5
10380	7	3	6	2	698	6
10381	8	7	1	3	391	5
10382	4	2	3	2	623	5
10383	4	9	3	2	616	8
10384	5	7	1	4	392	4
10385	5	5	8	6	386	8
10386	6	3	6	4	698	2
10387	6	3	6	3	699	3
10388	7	7	1	3	393	5
10389	6	3	6	2	699	5
10390	7	7	1	3	394	5
10391	3	2	3	5	624	9
10392	4	3	6	7	699	9
10393	4	1	2	2	459	6
10394	4	9	3	3	616	7
10395	3	2	3	4	624	8
10396	4	9	3	3	617	5
10397	3	3	6	5	700	7
10398	4	2	3	3	624	7
10399	3	1	2	2	460	3
10400	2	5	8	8	386	9
10401	3	9	4	3	347	9
10402	4	2	3	4	625	9
10403	5	3	6	7	700	9
10404	6	9	3	4	618	4
10405	6	9	3	3	619	6
10406	7	1	2	3	461	6
10407	7	1	2	2	462	7
10408	6	9	3	2	619	7
10409	5	9	3	4	620	4
10410	5	9	3	3	621	6
10411	6	1	2	3	463	6
10412	6	1	2	2	464	7
10413	5	9	3	2	621	7
10414	4	2	3	3	625	8
10415	5	9	3	3	622	4
10416	5	9	3	2	623	6
10417	6	1	2	3	465	3
10418	6	1	2	2	466	6
10419	5	3	6	4	700	2
10420	5	3	6	3	701	6
10421	6	5	1	5	626	3
10422	6	5	1	4	627	4
10423	6	5	1	3	628	6
10424	6	5	1	2	629	7
10425	6	6	2	2	154	3
10426	5	3	6	2	701	7
10427	6	5	1	5	630	3
10428	6	5	1	4	631	4
10429	6	5	1	3	632	6
10430	6	5	1	2	633	7
10431	6	2	5	4	226	6
10432	7	5	5	5	174	7
10433	5	5	1	5	634	3
10434	5	5	1	4	635	4
10435	5	5	1	3	636	6
10436	5	5	1	2	637	7
10437	5	2	5	5	226	7
10438	4	5	1	5	638	8
10439	5	2	3	2	625	6
10440	6	9	3	3	623	8
10441	5	3	6	5	701	7
10442	6	9	3	2	624	4
10443	6	1	2	2	467	3
10444	5	9	3	2	625	4
10445	5	1	2	2	468	3
10446	4	9	3	4	626	8
10447	4	3	6	5	701	7
10448	4	2	3	2	625	6
10449	4	9	3	2	627	4
10450	4	1	2	2	469	3
10451	3	9	4	2	347	7
10452	4	9	3	2	628	6
10453	3	9	3	3	629	4
10454	3	9	3	2	630	6
10455	4	2	3	3	626	7
10456	5	1	2	2	470	3
10457	4	2	3	2	626	8
10458	5	3	6	6	702	8
10459	5	5	1	5	638	8
10460	6	1	2	3	471	3
10461	6	1	2	2	472	6
10462	5	5	1	4	638	3
10463	5	5	1	3	639	4
10464	5	5	1	2	640	6
10465	4	1	2	3	473	6
10466	4	1	2	2	474	7
10467	3	2	3	3	626	6
10468	4	1	2	2	475	3
10469	3	2	3	2	626	8
10470	4	3	6	3	703	6
10471	4	3	6	2	704	7
10472	2	9	4	2	347	7
10473	3	9	3	2	630	6
10474	2	9	3	3	631	4
10475	2	9	3	2	632	6
10476	3	2	3	3	626	7
10477	4	1	2	2	476	3
10478	3	2	3	2	626	8
10479	4	5	8	7	386	8
10480	5	5	1	4	641	3
10481	6	1	2	3	477	3
10482	5	5	1	3	641	4
10483	5	5	1	2	642	6
10484	4	5	1	5	643	8
10485	5	1	2	3	478	3
10486	5	1	2	2	479	6
10487	4	3	6	6	705	8
10488	4	5	1	4	643	3
10489	4	5	1	3	644	4
10490	4	5	1	2	645	6
10491	3	1	2	3	480	6
10492	3	1	2	2	481	7
10493	2	2	3	3	626	6
10494	3	1	2	2	482	3
10495	2	2	3	2	626	8
10496	3	3	6	3	706	6
10497	4	5	8	5	386	8
10498	5	5	1	4	646	3
10499	5	5	1	3	647	4
10500	5	5	1	2	648	6
10501	4	5	1	5	649	8
10502	5	2	5	4	227	9
10503	5	2	5	2	228	4
10504	3	3	6	2	706	7
10505	1	3	2	4	727	5
10506	2	4	2	4	723	6
10507	3	5	1	4	649	5
10508	4	2	3	5	626	4
10509	5	1	2	4	483	9
10510	5	1	2	3	484	8
10511	5	3	6	2	707	6
10512	4	2	3	4	626	6
10513	5	3	6	5	708	3
10514	5	3	6	4	709	4
10515	6	9	3	5	632	4
10516	6	9	3	4	633	5
10517	7	7	1	4	395	6
10518	7	7	1	3	396	7
10519	8	1	2	3	485	9
10520	7	1	2	4	486	4
10521	6	9	3	3	633	7
10522	6	9	3	2	634	8
10523	7	1	2	4	487	8
10524	5	3	6	3	709	6
10525	6	9	3	5	634	4
10526	6	9	3	4	635	5
10527	7	7	1	4	396	6
10528	7	7	1	3	397	7
10529	8	1	2	3	488	9
10530	7	7	1	2	397	8
10531	6	9	3	3	635	7
10532	7	1	2	3	489	4
10533	6	9	3	2	635	8
10534	7	1	2	4	490	8
10535	5	3	6	2	709	7
10536	6	1	2	3	491	3
10537	6	1	2	2	492	4
10538	7	9	3	2	635	5
10539	4	2	3	3	626	7
10540	5	1	2	3	492	3
10541	5	1	2	2	493	4
10542	4	2	3	2	626	8
10543	5	7	1	5	398	8
10544	6	1	2	3	494	3
10545	6	1	2	2	495	4
10546	7	9	3	2	636	5
10547	5	1	2	3	495	4
10548	6	9	3	2	637	5
10549	4	7	1	5	398	9
10550	5	1	2	3	495	8
10551	5	1	2	2	496	4
10552	6	3	6	4	709	9
10553	4	1	2	3	496	8
10554	5	9	3	4	638	7
10555	6	7	1	3	398	8
10556	5	9	3	3	638	5
10557	5	9	3	2	639	4
10558	4	1	2	2	496	4
10559	3	5	1	3	649	7
10560	4	2	3	5	626	4
10561	5	1	2	3	497	9
10562	5	3	6	2	710	6
10563	4	2	3	4	626	6
10564	5	1	2	3	498	3
10565	5	1	2	2	499	4
10566	6	9	3	2	640	5
10567	6	3	6	3	711	4
10568	7	7	1	4	399	9
10569	6	3	6	2	711	6
10570	7	7	1	4	400	9
10571	6	7	1	4	401	9
10572	5	9	3	4	641	8
10573	6	7	1	3	402	6
10574	6	7	1	2	403	4
10575	4	2	3	3	626	7
10576	5	1	2	3	499	3
10577	5	1	2	2	500	4
10578	5	9	3	4	641	8
10579	6	3	6	3	711	4
10580	7	7	1	3	404	6
10581	6	3	6	2	711	6
10582	7	7	1	3	405	6
10583	4	2	3	2	626	8
10584	5	7	1	5	406	8
10585	6	1	2	3	501	7
10586	6	9	3	2	641	5
10587	5	1	2	3	502	3
10588	5	1	2	2	503	4
10589	4	1	2	2	504	4
10590	5	3	6	4	711	9
10591	5	3	6	2	712	4
10592	6	5	8	3	386	8
10593	5	5	8	3	387	8
10594	3	5	1	2	649	8
10595	4	1	2	3	504	8
10596	5	9	3	3	642	4
10597	5	9	3	2	643	7
10598	6	7	1	3	406	6
10599	6	3	6	4	712	4
10600	7	9	4	2	347	8
10601	6	3	6	3	712	6
10602	7	9	4	2	348	8
10603	8	2	5	4	229	8
10604	8	7	8	3	303	8
10605	9	2	5	3	230	7
10606	8	5	8	4	388	9
10607	6	3	6	2	712	8
10608	4	1	2	2	504	4
10609	5	2	3	2	626	7
10610	5	3	6	4	713	9
10611	5	3	6	2	714	4
10612	6	5	8	2	389	4
10613	5	5	8	2	390	4
10614	3	1	2	5	504	9
10615	4	9	3	6	643	8
10616	5	2	3	3	627	4
10617	5	2	3	2	628	6
10618	5	3	6	3	714	4
10619	6	5	8	6	391	8
10620	7	7	8	7	303	9
10621	8	8	7	6	228	8
10622	8	7	1	4	407	4
10623	8	7	1	3	408	5
10624	8	7	1	2	409	6
10625	5	3	6	2	714	6
10626	6	5	8	7	391	8
10627	7	7	8	7	303	9
10628	8	8	7	6	229	8
10629	9	7	1	4	410	4
10630	9	7	1	3	411	5
10631	9	7	1	2	412	6
10632	8	7	1	4	413	4
10633	8	7	1	3	414	5
10634	8	7	1	2	415	6
10635	3	1	2	4	504	8
10636	4	9	3	5	643	7
10637	5	2	3	3	629	4
10638	5	2	3	2	630	6
10639	5	7	1	4	416	8
10640	4	9	3	4	643	8
10641	5	2	3	3	631	9
10642	6	3	6	4	714	9
10643	6	3	6	2	715	4
10644	7	7	1	3	417	6
10645	6	7	1	3	418	6
10646	3	1	2	3	504	3
10647	3	1	2	2	505	4
10648	4	9	3	3	643	5
10649	2	4	2	3	723	7
10650	3	5	1	5	649	4
10651	4	1	2	2	505	3
10652	4	9	3	2	644	5
10653	3	5	1	4	649	5
10654	4	1	2	4	505	3
10655	4	1	2	3	506	4
10656	5	7	1	4	419	9
10657	5	2	3	2	631	6
10658	6	3	6	3	715	4
10659	6	3	6	2	716	6
10660	7	9	4	2	348	8
10661	5	3	6	3	716	4
10662	5	3	6	2	717	7
10663	6	9	4	2	349	8
10664	5	9	4	2	350	8
10665	6	5	8	4	391	9
10666	4	1	2	2	506	8
10667	5	2	3	3	631	4
10668	5	2	3	2	632	6
10669	5	7	1	4	420	9
10670	6	9	3	4	645	4
10671	6	9	3	3	646	5
10672	7	3	6	5	717	2
10673	7	3	6	4	718	4
10674	8	9	4	3	350	7
10675	8	9	4	2	351	8
10676	9	2	5	5	231	8
10677	9	2	5	4	232	7
10678	10	8	7	6	229	8
10679	8	5	8	5	392	8
10680	9	2	5	5	232	8
10681	10	7	8	5	303	2
10682	10	7	8	4	304	3
10683	11	6	8	2	114	2
10684	10	7	8	3	304	4
10685	11	7	2	2	95	2
10686	10	7	8	2	304	5
10687	11	6	8	4	115	4
10688	9	2	5	4	232	7
10689	7	3	6	3	718	6
10690	8	9	4	3	351	7
10691	8	9	4	2	352	8
10692	9	2	5	5	233	8
10693	9	2	5	4	234	7
10694	10	8	7	6	230	8
10695	8	5	8	6	392	6
10696	7	3	6	2	718	8
10697	7	9	4	3	352	8
10698	8	7	8	6	304	8
10699	7	5	8	5	393	9
10700	7	5	8	4	394	6
10701	7	9	4	2	352	7
10702	7	7	8	4	305	6
10703	6	9	3	2	646	7
10704	5	9	3	4	647	7
10705	6	7	1	3	420	8
10706	6	7	1	2	421	4
10707	5	9	3	3	647	5
10708	4	9	3	6	648	8
10709	5	2	3	3	633	4
10710	5	2	3	2	634	6
10711	3	5	1	3	649	6
10712	4	1	2	4	506	9
10713	5	9	3	3	648	8
10714	4	1	2	3	506	8
10715	4	9	3	2	649	6
10716	3	5	1	2	649	8
10717	4	1	2	2	507	4
10718	3	1	2	4	508	9
10719	4	9	3	6	650	9
10720	5	2	3	3	635	4
10721	5	2	3	2	636	6
10722	5	3	6	3	719	4
10723	5	3	6	2	720	6
10724	6	7	1	3	421	7
10725	7	9	4	2	353	7
10726	5	7	1	3	421	7
10727	6	9	4	2	354	7
10728	4	9	3	5	650	8
10729	5	2	3	3	637	4
10730	5	2	3	2	638	6
10731	5	7	1	4	421	7
10732	6	3	6	4	720	2
10733	6	3	6	3	721	4
10734	7	7	8	7	306	9
10735	8	5	8	6	395	8
10736	6	3	6	2	721	6
10737	7	7	8	7	306	9
10738	8	5	8	7	396	8
10739	5	7	1	2	421	5
10740	3	1	2	3	508	3
10741	3	1	2	2	509	4
10742	4	9	3	4	650	5
10743	5	7	1	3	422	8
10744	6	2	3	4	639	6
10745	6	2	3	3	640	7
10746	6	2	3	2	641	8
10747	4	9	3	3	650	6
10748	5	2	3	3	642	7
10749	5	2	3	2	643	8
10750	4	9	3	2	650	7
10751	5	2	3	2	644	6
10752	3	9	3	5	650	7
10753	4	2	3	3	645	4
10754	4	2	3	2	646	6
10755	4	7	1	4	422	8
10756	5	9	4	2	355	8
10757	6	5	8	6	397	8
10758	6	3	6	4	721	2
10759	6	3	6	3	722	4
10760	7	2	5	4	234	7
10761	8	7	8	5	306	7
10762	9	5	8	3	398	6
10763	10	5	5	5	175	8
10764	8	7	8	4	306	6
10765	6	3	6	2	722	6
10766	6	5	8	5	398	7
10767	6	5	8	4	399	6
10768	7	5	5	4	176	8
10769	5	3	6	5	723	9
10770	6	2	5	6	234	8
10771	7	7	8	6	307	7
10772	8	5	8	4	399	6
10773	9	5	5	5	177	7
10774	10	6	2	3	155	3
10775	10	6	2	2	156	4
10776	10	9	2	2	94	2
10777	6	5	8	5	399	7
10778	6	5	8	4	400	6
10779	7	5	5	4	177	8
10780	7	6	2	3	157	6
10781	8	5	5	3	178	3
10782	8	5	5	2	179	4
10783	5	3	6	3	723	2
10784	5	3	6	2	724	4
10785	6	5	8	6	400	8
10786	6	2	5	5	234	8
10787	7	7	8	6	307	7
10788	8	5	8	4	401	2
10789	8	5	8	3	402	4
10790	8	5	8	2	403	5
10791	9	5	5	2	180	6
10792	9	6	2	3	157	6
10793	8	6	2	3	158	3
10794	8	6	2	2	159	4
10795	8	9	2	2	95	2
10796	7	7	8	5	307	6
10797	6	2	5	4	234	7
10798	7	7	8	6	308	7
10799	8	5	8	4	403	2
10800	8	5	8	3	404	4
10801	8	5	8	2	405	5
10802	8	5	5	5	181	8
10803	8	6	2	2	160	3
10804	8	6	8	5	116	1
10805	7	5	5	6	182	8
10806	7	7	8	5	308	6
10807	5	5	8	7	406	8
10808	5	2	5	5	234	8
10809	6	7	8	6	309	7
10810	7	5	8	5	407	2
10811	7	5	8	4	408	3
10812	7	5	8	3	409	4
10813	8	5	5	4	183	6
10814	7	5	8	2	409	5
10815	8	5	5	3	184	6
10816	7	6	2	3	161	3
10817	7	6	2	2	162	4
10818	7	9	2	2	96	2
10819	6	7	8	5	309	6
10820	5	2	5	4	234	7
10821	6	7	8	6	310	7
10822	7	5	5	6	185	8
10823	7	5	8	5	409	6
10824	6	5	5	6	186	8
10825	6	7	8	5	310	6
10826	3	9	3	4	650	8
10827	3	9	3	3	651	4
10828	3	9	3	2	652	5
10829	4	2	3	3	647	4
10830	4	2	3	2	648	6
10831	2	4	2	2	723	8
10832	3	5	1	4	649	5
10833	4	2	3	5	649	4
10834	4	2	3	4	650	6
10835	5	1	2	3	509	3
10836	5	1	2	2	510	4
10837	6	3	6	3	724	4
10838	7	9	4	2	355	8
10839	8	5	8	4	410	8
10840	9	2	5	4	234	8
10841	7	5	8	4	410	8
10842	7	5	8	3	411	6
10843	6	3	6	2	724	6
10844	7	9	4	2	355	8
10845	5	9	3	4	652	8
10846	6	5	8	7	412	8
10847	7	3	6	4	724	3
10848	7	3	6	3	725	4
10849	8	7	8	6	311	9
10850	9	7	1	3	422	4
10851	9	7	1	2	423	6
10852	7	3	6	2	725	6
10853	8	7	8	6	311	9
10854	9	7	1	3	424	4
10855	9	7	1	2	425	6
10856	4	2	3	3	650	7
10857	5	1	2	3	510	3
10858	5	1	2	2	511	4
10859	4	2	3	2	650	8
10860	5	7	1	5	426	8
10861	6	1	2	3	512	3
10862	6	1	2	2	513	4
10863	7	3	6	3	725	4
10864	8	9	4	2	356	8
10865	9	5	8	4	412	8
10866	10	2	5	5	235	9
10867	10	5	5	4	187	9
10868	11	6	2	2	163	6
10869	8	5	8	4	412	9
10870	9	5	5	4	187	8
10871	10	2	5	3	236	6
10872	9	7	8	6	311	7
10873	10	5	5	3	187	6
10874	11	6	2	2	164	6
10875	9	5	5	3	187	6
10876	10	6	2	2	165	6
10877	8	5	8	3	412	8
10878	9	6	2	2	166	6
10879	10	2	5	3	237	3
10880	10	2	5	2	237	5
10881	8	5	8	2	412	2
10882	8	6	2	2	166	6
10883	9	2	5	3	238	6
10884	7	3	6	2	725	7
10885	8	9	4	2	356	8
10886	9	5	8	3	412	8
10887	10	2	5	5	239	9
10888	10	2	5	4	240	6
10889	8	5	8	5	412	9
10890	9	5	5	4	187	8
10891	10	6	2	2	166	6
10892	11	7	8	5	311	3
10893	11	7	8	4	312	4
10894	11	7	8	3	313	5
10895	11	7	8	2	314	6
10896	11	2	5	4	241	3
10897	11	2	5	3	242	4
10898	11	2	5	2	243	5
10899	8	5	8	4	412	8
10900	9	6	2	2	166	6
10901	10	7	8	4	315	7
10902	8	5	8	3	412	2
10903	8	5	8	2	413	3
10904	8	6	2	2	166	6
10905	7	9	4	2	356	8
10906	8	5	8	5	414	8
10907	9	2	5	6	244	9
10908	9	5	5	4	187	9
10909	10	6	2	2	167	6
10910	7	5	8	5	414	9
10911	8	2	5	5	245	7
10912	9	7	8	6	316	7
10913	10	5	5	4	187	8
10914	11	6	8	4	117	8
10915	9	7	8	5	316	6
10916	10	5	5	3	187	8
10917	11	6	8	2	118	5
10918	8	2	5	4	245	6
10919	8	5	5	4	187	8
10920	9	7	8	5	316	3
10921	9	7	8	4	317	4
10922	9	7	8	3	318	5
10923	9	7	8	2	319	6
10924	7	5	8	4	414	8
10925	8	2	5	5	246	7
10926	7	7	8	6	320	7
10927	8	5	8	3	414	2
10928	8	5	8	2	415	3
10929	8	2	5	5	247	7
10930	4	1	2	2	513	4
10931	3	5	1	3	649	6
10932	4	1	2	3	514	3
10933	4	1	2	2	515	4
10934	5	7	1	4	426	9
10935	5	9	3	3	652	5
10936	5	9	3	2	653	6
10937	4	9	3	6	654	8
10938	5	2	3	3	650	4
10939	5	2	3	2	651	6
10940	6	5	8	7	416	8
10941	7	3	6	4	725	3
10942	7	3	6	3	726	4
10943	8	7	8	7	320	9
10944	9	7	1	3	427	4
10945	9	7	1	2	428	5
10946	10	8	7	6	231	8
10947	11	5	5	5	187	7
10948	10	5	5	5	188	7
10949	7	3	6	2	726	6
10950	8	7	8	7	320	9
10951	9	7	1	3	428	4
10952	9	7	1	2	429	5
10953	10	8	7	6	231	8
10954	10	5	5	5	189	7
10955	4	2	3	3	651	4
10956	4	2	3	2	652	6
10957	3	5	1	2	649	7
10958	4	2	3	5	653	4
10959	5	1	2	3	515	9
10960	5	3	6	2	726	6
10961	4	2	3	4	653	6
10962	5	1	2	3	516	3
10963	5	1	2	2	517	4
10964	6	9	3	2	654	5
10965	6	7	1	4	429	9
10966	5	9	3	4	655	8
10967	6	5	8	7	416	8
10968	7	3	6	4	727	3
10969	7	3	6	3	728	4
10970	8	7	8	6	320	9
10971	9	7	1	3	430	4
10972	9	7	1	2	431	5
10973	10	8	7	6	232	8
10974	11	5	5	5	190	4
10975	10	5	5	5	191	9
10976	11	6	2	2	168	4
10977	7	3	6	2	728	6
10978	8	7	8	6	320	9
10979	9	7	1	3	431	4
10980	9	7	1	2	432	5
10981	10	8	7	6	232	8
10982	10	5	5	5	191	9
10983	11	6	2	2	169	4
10984	4	2	3	3	653	7
10985	5	1	2	3	517	3
10986	5	1	2	2	518	4
10987	6	9	3	2	655	5
10988	7	7	1	3	432	9
10989	6	7	1	3	433	9
10990	4	2	3	2	653	8
10991	5	7	1	5	434	8
10992	6	9	3	4	655	7
10993	7	1	2	3	518	7
10994	6	1	2	3	519	7
10995	5	3	6	4	728	8
10996	6	9	3	3	655	5
10997	7	5	8	4	416	8
10998	6	9	3	2	655	6
10999	5	3	6	3	728	6
11000	5	9	3	3	656	6
11001	4	1	2	2	520	4
11002	5	9	3	2	657	5
11003	6	7	1	3	434	9
11004	5	7	1	3	435	9
11005	3	1	2	4	520	9
11006	4	9	3	6	657	8
11007	5	2	3	3	653	4
11008	5	2	3	2	654	6
11009	3	9	4	2	356	7
11010	3	2	3	5	655	9
11011	4	3	6	7	729	9
11012	4	1	2	2	520	4
11013	3	2	3	4	655	8
11014	4	1	2	3	521	3
11015	4	1	2	2	522	4
11016	5	9	3	2	657	5
11017	3	3	6	5	730	7
11018	4	9	3	4	658	7
11019	3	1	2	2	522	3
11020	3	2	3	2	655	6
11021	2	5	8	8	417	9
11022	3	9	4	3	357	9
11023	4	2	3	4	656	9
11024	5	3	6	7	730	9
11025	6	1	2	3	523	4
11026	6	1	2	2	524	7
11027	6	5	1	3	649	3
11028	6	5	1	2	649	6
11029	6	2	5	6	248	8
11030	7	6	2	2	170	3
11031	7	6	8	3	119	7
11032	7	5	5	5	191	6
11033	6	5	5	4	192	6
11034	7	6	2	2	171	3
11035	7	6	8	3	120	7
11036	7	6	8	2	121	4
11037	5	1	2	3	525	4
11038	6	9	3	2	659	5
11039	7	3	6	3	730	2
11040	8	5	1	2	650	5
11041	7	3	6	2	730	4
11042	8	5	1	3	651	5
11043	9	2	5	5	248	8
11044	8	5	1	2	651	7
11045	8	2	5	5	249	8
11046	9	6	2	3	172	3
11047	8	2	5	4	249	7
11048	9	5	5	5	192	4
11049	10	6	2	3	173	3
11050	7	5	1	3	652	5
11051	8	2	5	5	249	8
11052	7	5	1	2	652	7
11053	7	2	5	5	250	8
11054	8	6	2	3	174	3
11055	7	2	5	4	250	7
11056	8	6	2	3	175	3
11057	5	1	2	2	525	7
11058	5	9	3	3	659	8
11059	6	3	6	2	730	4
11060	7	5	1	2	653	6
11061	7	7	8	7	320	8
11062	8	2	5	5	250	8
11063	9	6	2	2	176	3
11064	9	9	2	4	97	3
11065	8	6	2	2	177	3
11066	8	9	2	4	98	3
11067	7	2	5	5	250	8
11068	8	6	2	2	178	3
11069	8	7	8	5	320	3
11070	8	7	8	4	321	4
11071	8	7	8	3	322	5
11072	8	7	8	2	323	6
11073	9	6	8	6	122	8
11074	9	5	5	5	192	4
11075	10	6	8	5	123	7
11076	7	6	2	2	179	3
11077	7	7	8	5	323	3
11078	7	7	8	4	324	4
11079	7	7	8	3	325	5
11080	7	7	8	2	326	6
11081	8	6	8	6	124	8
11082	8	5	5	5	192	4
11083	9	6	8	5	125	7
11084	6	5	1	3	654	3
11085	6	5	1	2	654	6
11086	6	7	8	7	326	8
11087	7	2	5	5	250	8
11088	8	5	5	5	192	6
11089	9	6	2	2	180	3
11090	8	6	2	2	181	3
11091	7	5	5	5	192	6
11092	8	6	2	2	182	3
11093	7	6	2	2	183	3
11094	6	2	5	5	250	8
11095	7	5	5	5	192	6
11096	8	6	2	2	184	3
11097	7	6	2	2	185	3
11098	7	7	8	5	326	6
11099	6	5	5	5	192	6
11100	7	6	2	2	186	3
11101	6	6	2	2	187	3
11102	6	7	8	5	327	6
11103	4	2	3	3	656	8
11104	5	9	3	3	659	5
11105	6	1	2	3	526	3
11106	6	1	2	2	527	4
11107	7	5	1	3	655	5
11108	7	5	1	2	656	7
11109	7	3	6	4	730	2
11110	7	3	6	3	731	4
11111	8	6	2	3	188	3
11112	7	3	6	2	731	7
11113	7	7	8	6	328	7
11114	5	9	3	2	659	6
11115	6	1	2	3	527	3
11116	6	1	2	2	528	4
11117	5	1	2	3	529	3
11118	5	1	2	2	530	4
11119	4	9	3	4	659	8
11120	4	3	6	5	732	7
11121	5	5	1	5	657	8
11122	6	2	3	2	656	6
11123	6	9	3	2	660	5
11124	7	1	2	2	531	3
11125	4	2	3	2	657	6
11126	5	3	6	3	732	4
11127	6	9	3	2	660	5
11128	5	3	6	2	732	2
11129	4	9	3	2	661	5
11130	5	5	1	4	657	8
11131	6	1	2	2	532	3
11132	5	1	2	2	533	3
11133	3	9	4	2	357	7
11134	4	9	3	3	661	8
11135	3	9	3	3	662	5
11136	4	2	3	4	657	6
11137	5	3	6	6	733	4
11138	6	1	2	3	534	8
11139	5	3	6	5	733	6
11140	6	1	2	3	535	8
11141	4	2	3	3	657	7
11142	5	1	2	2	536	3
11143	4	2	3	2	657	8
11144	5	3	6	6	733	8
11145	5	5	1	4	657	8
11146	6	1	2	3	537	3
11147	6	1	2	2	538	4
11148	5	5	1	3	657	3
11149	5	5	1	2	657	5
11150	5	1	2	3	539	3
11151	5	1	2	2	540	4
11152	4	1	2	3	541	4
11153	4	1	2	2	542	7
11154	3	9	3	2	662	6
11155	4	2	3	3	657	7
11156	4	2	3	2	658	8
11157	5	3	6	6	734	8
11158	5	5	1	5	658	8
11159	6	1	2	3	543	3
11160	6	1	2	2	544	4
11161	5	1	2	3	545	3
11162	5	1	2	2	546	4
11163	4	1	2	3	547	4
11164	4	1	2	2	548	7
11165	3	2	3	3	658	6
11166	3	2	3	2	659	8
11167	4	3	6	6	735	8
11168	4	5	1	5	658	8
11169	5	1	2	3	549	3
11170	5	1	2	2	550	4
11171	4	1	2	3	551	3
11172	4	1	2	2	552	4
11173	3	1	2	3	553	7
11174	3	3	6	4	736	2
11175	3	3	6	3	737	4
11176	4	5	1	3	658	8
11177	5	2	5	4	250	7
11178	6	8	7	5	233	7
11179	7	5	5	4	192	4
11180	8	6	2	3	189	7
11181	3	3	6	2	737	6
11182	3	5	1	4	658	3
11183	3	5	1	3	658	5
11184	3	5	1	2	659	6
11185	3	8	7	4	233	7
11186	2	9	4	2	357	7
11187	3	9	3	3	662	8
11188	2	9	3	3	663	5
11189	3	5	1	4	660	3
11190	3	5	1	3	660	5
11191	3	5	1	2	661	7
11192	4	1	2	3	554	3
11193	4	1	2	2	555	4
11194	3	1	2	4	556	8
11195	3	1	2	3	557	3
11196	3	1	2	2	558	4
11197	2	9	3	2	663	6
11198	3	2	3	3	659	7
11199	3	2	3	2	660	8
11200	4	5	8	7	417	8
11201	5	1	2	3	559	3
11202	5	1	2	2	560	4
11203	4	5	1	5	661	8
11204	5	1	2	3	561	3
11205	5	1	2	2	562	4
11206	4	3	6	6	738	8
11207	4	1	2	3	563	3
11208	4	1	2	2	564	4
11209	3	1	2	3	565	4
11210	3	1	2	2	566	7
11211	2	2	3	3	660	6
11212	2	2	3	2	661	8
11213	3	5	8	7	417	8
11214	4	1	2	3	567	3
11215	4	1	2	2	568	4
11216	3	5	1	5	661	8
11217	4	1	2	3	569	3
11218	4	1	2	2	570	4
11219	3	3	6	6	739	8
11220	3	1	2	3	571	3
11221	3	1	2	2	572	4
11222	2	1	2	3	573	7
11223	2	5	1	4	661	3
11224	2	5	1	3	661	5
11225	2	5	1	2	662	6
11226	2	7	8	6	329	8
11227	3	3	6	5	740	2
11228	3	3	6	4	741	4
11229	4	2	5	5	250	8
11230	4	2	5	4	251	7
11231	5	8	7	5	234	7
11232	6	5	8	4	417	4
11233	6	5	8	3	418	5
11234	7	5	5	4	192	9
11235	6	5	8	2	418	6
11236	7	5	5	4	193	9
11237	5	5	5	6	194	9
11238	3	3	6	3	741	6
11239	4	2	5	5	251	8
11240	4	2	5	4	252	7
11241	5	8	7	5	234	7
11242	6	5	8	4	418	4
11243	6	5	8	3	419	5
11244	7	5	5	4	195	9
11245	6	5	8	2	419	6
11246	5	5	5	6	196	9
11247	3	3	6	2	741	8
11248	3	5	8	5	420	7
11249	3	5	8	4	421	6
11250	4	2	5	6	252	8
11251	1	3	2	3	727	6
11252	2	4	2	3	723	7
11253	3	5	1	4	663	5
11254	4	2	3	5	661	4
11255	5	1	2	3	574	9
11256	4	2	3	4	661	5
11257	5	3	6	4	742	4
11258	5	3	6	3	743	5
11259	6	1	2	4	575	3
11260	6	1	2	3	576	4
11261	6	1	2	2	577	8
11262	5	3	6	2	743	7
11263	6	1	2	3	578	9
11264	4	2	3	3	661	7
11265	5	3	6	5	743	3
11266	5	3	6	4	744	4
11267	6	1	2	3	579	3
11268	6	1	2	2	580	4
11269	5	3	6	3	744	5
11270	6	1	2	4	581	3
11271	6	1	2	3	582	4
11272	6	1	2	2	583	5
11273	6	9	3	3	663	8
11274	5	3	6	2	744	7
11275	6	1	2	4	584	3
11276	6	1	2	3	585	4
11277	6	1	2	2	586	5
11278	6	9	3	3	664	8
11279	4	2	3	2	661	8
11280	5	7	1	5	436	8
11281	6	1	2	3	587	3
11282	6	1	2	2	588	4
11283	7	9	3	3	665	5
11284	7	9	3	2	666	6
11285	5	9	3	3	667	4
11286	5	9	3	2	668	5
11287	4	7	1	5	436	9
11288	5	1	2	3	588	8
11289	4	1	2	3	589	8
11290	5	9	3	3	669	7
11291	6	7	1	3	436	8
11292	4	3	6	6	744	9
11293	5	9	3	2	669	5
11294	5	1	2	2	589	4
11295	4	3	6	5	744	7
11296	3	5	1	3	663	6
11297	4	2	3	5	661	4
11298	5	3	6	2	745	7
11299	4	2	3	4	661	5
11300	5	3	6	4	746	4
11301	5	3	6	3	747	5
11302	6	1	2	4	590	3
11303	6	1	2	3	591	4
11304	6	1	2	2	592	8
11305	5	3	6	2	747	7
11306	6	1	2	3	593	9
11307	4	2	3	3	661	7
11308	5	3	6	5	747	3
11309	5	3	6	4	748	4
11310	6	1	2	3	594	3
11311	7	9	3	3	670	4
11312	7	9	3	2	671	5
11313	8	7	1	3	437	9
11314	7	7	1	4	438	9
11315	6	1	2	2	594	4
11316	5	3	6	3	748	5
11317	6	1	2	4	595	3
11318	7	9	3	3	671	4
11319	7	9	3	2	672	5
11320	8	7	1	3	439	9
11321	7	7	1	4	440	9
11322	6	1	2	3	595	4
11323	6	1	2	2	596	5
11324	5	3	6	2	748	7
11325	6	1	2	4	597	3
11326	7	9	3	3	672	4
11327	7	9	3	2	673	5
11328	8	7	1	3	441	9
11329	7	7	1	4	442	9
11330	6	1	2	3	597	4
11331	6	1	2	2	598	5
11332	4	2	3	2	661	8
11333	5	7	1	5	443	8
11334	6	1	2	3	599	3
11335	6	1	2	2	600	4
11336	5	1	2	3	601	3
11337	6	9	3	2	673	4
11338	4	7	1	5	443	9
11339	5	1	2	2	601	5
11340	4	1	2	3	602	8
11341	4	3	6	6	748	9
11342	5	9	3	2	674	5
11343	4	3	6	5	748	7
11344	3	5	1	2	663	8
11345	4	1	2	4	603	8
11346	5	7	1	4	443	9
11347	6	2	3	3	661	4
11348	6	2	3	2	662	5
11349	6	9	3	2	675	6
11350	5	9	3	5	676	7
11351	6	7	1	3	443	6
11352	5	2	3	3	663	9
11353	5	2	3	2	664	4
11354	4	1	2	3	603	3
11355	4	1	2	2	604	4
11356	5	2	3	4	665	8
11357	6	9	3	3	676	5
11358	6	9	3	2	677	6
11359	5	2	3	3	665	9
11360	3	1	2	5	604	9
11361	4	9	3	6	678	8
11362	5	2	3	3	666	4
11363	5	2	3	2	667	5
11364	3	1	2	4	604	8
11365	4	9	3	5	678	7
11366	5	2	3	3	668	4
11367	5	2	3	2	669	5
11368	4	9	3	4	678	8
11369	5	2	3	3	670	9
11370	3	1	2	3	604	3
11371	3	1	2	2	605	4
11372	4	2	3	4	671	8
11373	5	9	3	3	678	5
11374	6	3	6	4	749	4
11375	7	2	5	5	253	9
11376	7	2	5	4	254	7
11377	8	9	4	3	357	7
11378	8	9	4	2	357	8
11379	8	5	8	6	421	8
11380	8	5	5	6	197	8
11381	9	7	8	5	329	2
11382	9	7	8	4	330	3
11383	10	6	8	2	126	1
11384	9	7	8	3	330	4
11385	10	1	3	2	104	7
11386	9	7	8	2	330	5
11387	10	6	8	5	127	4
11388	10	1	3	2	105	7
11389	9	1	3	2	106	7
11390	6	3	6	3	749	5
11391	7	2	5	5	254	9
11392	7	2	5	4	255	7
11393	8	9	4	3	358	7
11394	8	9	4	2	358	8
11395	8	5	8	7	422	8
11396	8	5	5	6	197	8
11397	9	7	8	5	330	2
11398	9	7	8	4	331	3
11399	10	6	8	2	128	1
11400	9	7	8	3	331	4
11401	10	1	3	2	107	7
11402	9	7	8	2	331	5
11403	10	1	3	2	108	7
11404	9	1	3	2	109	7
11405	6	3	6	2	749	7
11406	6	2	5	6	255	9
11407	6	2	5	5	256	7
11408	7	9	4	3	359	7
11409	7	9	4	2	359	8
11410	7	5	8	7	423	8
11411	5	9	3	2	678	6
11412	4	2	3	3	671	9
11413	3	3	6	3	750	8
11414	4	5	8	3	424	7
11415	4	5	8	2	425	2
11416	2	4	2	2	723	8
11417	3	1	2	4	605	3
11418	4	2	3	4	672	7
11419	5	9	3	3	679	4
11420	5	9	3	2	680	5
11421	6	7	1	4	444	9
11422	6	3	6	4	750	3
11423	6	3	6	3	751	4
11424	7	5	1	5	663	4
11425	7	5	1	4	664	5
11426	7	5	1	3	665	6
11427	7	5	1	2	666	7
11428	6	3	6	2	751	5
11429	7	5	1	5	667	4
11430	7	5	1	4	668	5
11431	7	5	1	3	669	6
11432	7	5	1	2	670	7
11433	6	9	4	3	360	9
11434	5	7	1	4	445	9
11435	5	5	1	2	671	6
11436	4	9	3	3	680	4
11437	4	9	3	2	681	5
11438	5	7	1	4	446	9
11439	5	3	6	4	751	3
11440	5	3	6	3	752	4
11441	6	5	1	5	672	4
11442	6	5	1	4	673	5
11443	6	5	1	3	674	6
11444	6	5	1	2	675	7
11445	5	3	6	2	752	5
11446	6	5	1	5	676	4
11447	6	5	1	4	677	5
11448	6	5	1	3	678	6
11449	6	5	1	2	679	7
11450	5	9	4	3	361	9
11451	4	7	1	4	447	9
11452	4	5	1	2	680	6
11453	3	1	2	3	605	4
11454	4	2	3	4	672	8
11455	5	9	3	3	681	5
11456	6	7	1	4	448	9
11457	6	3	6	5	752	2
11458	6	3	6	4	753	4
11459	7	5	1	5	681	4
11460	7	5	1	4	682	5
11461	7	5	1	3	683	6
11462	7	5	1	2	684	7
11463	7	9	4	2	362	7
11464	7	7	8	5	331	7
11465	6	3	6	3	753	5
11466	7	5	1	5	685	4
11467	7	5	1	4	686	5
11468	7	5	1	3	687	6
11469	7	5	1	2	688	7
11470	7	9	4	2	362	7
11471	7	7	8	5	332	7
11472	6	3	6	2	753	7
11473	6	5	1	5	689	4
11474	6	5	1	4	690	5
11475	6	5	1	3	691	6
11476	6	5	1	2	692	7
11477	6	9	4	2	362	7
11478	6	7	8	5	333	7
11479	5	9	3	2	681	6
11480	6	7	1	4	449	9
11481	6	3	6	5	754	2
11482	6	3	6	4	755	4
11483	7	5	1	5	693	4
11484	7	5	1	4	694	5
11485	7	5	1	3	695	6
11486	8	2	5	5	256	9
11487	8	9	4	3	362	7
11488	8	9	4	2	363	8
11489	8	5	8	6	426	9
11490	9	6	2	3	190	3
11491	8	5	8	5	426	8
11492	9	6	2	3	191	3
11493	8	5	8	4	426	2
11494	8	5	8	3	427	4
11495	9	7	8	3	334	5
11496	10	6	2	3	192	3
11497	9	7	8	2	334	6
11498	10	6	2	3	193	3
11499	8	5	8	2	427	5
11500	8	6	2	3	194	3
11501	7	5	1	2	695	7
11502	6	3	6	3	755	5
11503	7	5	1	5	696	4
11504	7	5	1	4	697	5
11505	7	5	1	3	698	6
11506	8	2	5	5	257	9
11507	8	9	4	3	364	7
11508	8	9	4	2	365	8
11509	8	5	8	7	428	9
11510	9	6	2	3	195	3
11511	8	5	8	6	428	8
11512	9	6	2	3	196	3
11513	8	6	2	3	197	3
11514	7	5	1	2	698	7
11515	6	3	6	2	755	7
11516	7	5	1	5	699	4
11517	7	5	1	4	700	5
11518	7	5	1	3	701	6
11519	8	2	5	5	258	9
11520	8	9	4	3	366	7
11521	8	9	4	2	367	8
11522	8	5	8	7	428	9
11523	9	6	2	3	198	3
11524	8	5	8	6	428	8
11525	8	6	2	3	199	3
11526	7	5	1	2	701	7
11527	6	5	1	5	702	4
11528	6	5	1	4	703	5
11529	6	5	1	3	704	6
11530	7	2	5	6	259	9
11531	7	9	4	3	368	7
11532	7	9	4	2	369	8
11533	7	5	8	7	429	9
11534	8	2	5	5	260	7
11535	9	6	2	3	200	3
11536	7	5	8	6	429	8
11537	8	2	5	5	260	7
11538	9	6	2	3	201	3
11539	7	2	5	5	260	7
11540	8	7	8	6	334	7
11541	6	5	1	2	704	7
11542	5	7	1	4	450	9
11543	5	3	6	4	755	2
11544	5	3	6	3	756	4
11545	6	9	4	2	370	8
11546	7	5	8	7	429	8
11547	8	5	1	5	705	4
11548	8	5	1	4	706	5
11549	8	5	1	3	707	6
11550	8	5	1	2	708	7
11551	9	2	5	4	260	9
11552	9	6	2	2	202	3
11553	9	5	5	6	197	9
11554	10	2	5	3	261	3
11555	10	2	5	2	261	5
11556	6	5	8	7	429	9
11557	7	5	1	4	708	4
11558	7	5	1	3	709	5
11559	7	5	1	2	710	6
11560	7	6	2	2	203	3
11561	7	2	5	3	262	3
11562	7	2	5	2	262	5
11563	6	5	1	5	711	9
11564	6	5	8	6	429	8
11565	7	5	1	4	712	4
11566	7	5	1	3	713	5
11567	7	5	1	2	714	6
11568	7	6	2	2	204	3
11569	7	2	5	3	263	3
11570	7	2	5	2	263	5
11571	6	5	1	4	715	4
11572	6	5	1	3	716	5
11573	6	5	1	2	717	6
11574	6	7	8	6	335	7
11575	7	5	8	4	429	2
11576	7	5	8	3	429	4
11577	7	5	8	2	430	5
11578	8	6	2	2	205	3
11579	8	2	5	3	264	3
11580	8	2	5	2	264	5
11581	5	3	6	2	756	7
11582	6	9	4	2	370	8
11583	7	5	8	7	430	8
11584	8	5	1	5	718	4
11585	8	5	1	4	719	5
11586	8	5	1	3	720	6
11587	8	5	1	2	721	7
11588	9	2	5	5	265	9
11589	10	7	8	5	335	7
11590	11	6	2	2	206	3
11591	11	5	5	5	197	6
11592	9	2	5	4	265	6
11593	7	5	1	4	721	4
11594	7	5	1	3	722	5
11595	7	5	1	2	723	6
11596	6	5	8	8	430	9
11597	7	5	1	4	724	4
11598	7	5	1	3	725	5
11599	7	5	1	2	726	6
11600	7	6	2	2	207	3
11601	7	5	5	6	198	8
11602	8	7	8	5	335	3
11603	8	7	8	4	336	4
11604	8	7	8	3	337	5
11605	9	2	5	4	266	3
11606	9	2	5	3	267	4
11607	9	2	5	2	268	5
11608	8	7	8	2	337	6
11609	9	2	5	4	269	6
11610	8	2	5	4	270	3
11611	8	2	5	3	271	4
11612	8	2	5	2	272	5
11613	9	6	8	4	129	8
11614	6	5	1	5	727	9
11615	6	5	8	7	430	8
11616	7	5	1	4	728	4
11617	7	5	1	3	729	5
11618	7	5	1	2	730	6
11619	7	6	2	2	208	3
11620	7	2	5	4	272	3
11621	7	2	5	3	273	4
11622	7	2	5	2	274	5
11623	8	7	8	5	337	3
11624	8	7	8	4	338	4
11625	8	7	8	3	339	5
11626	8	7	8	2	340	6
11627	8	9	2	2	99	2
11628	6	5	1	4	731	4
11629	6	5	1	3	732	5
11630	6	5	1	2	733	6
11631	6	7	8	6	341	7
11632	7	6	2	2	209	3
11633	7	5	8	5	430	2
11634	7	5	8	4	431	3
11635	7	5	8	3	432	4
11636	7	5	8	2	433	5
11637	8	2	5	4	274	3
11638	8	2	5	3	275	4
11639	8	2	5	2	276	5
11640	5	9	4	2	370	8
11641	6	5	8	8	433	8
11642	7	5	1	5	734	4
11643	7	5	1	4	735	5
11644	7	5	1	3	736	6
11645	7	5	1	2	737	7
11646	8	2	5	5	277	9
11647	9	6	2	2	210	3
11648	9	5	5	5	198	5
11649	8	6	2	2	211	3
11650	8	5	5	6	199	9
11651	9	2	5	4	277	3
11652	9	2	5	3	278	4
11653	9	2	5	2	279	5
11654	10	7	8	5	341	3
11655	11	9	2	2	100	2
11656	10	7	8	4	341	4
11657	10	7	8	3	342	5
11658	11	9	2	2	101	2
11659	10	7	8	2	342	6
11660	10	9	2	2	102	2
11661	9	7	8	4	343	7
11662	10	9	2	2	103	2
11663	6	5	1	4	737	4
11664	6	5	1	3	738	5
11665	6	5	1	2	739	6
11666	5	5	8	8	433	9
11667	6	5	1	4	740	4
11668	6	5	1	3	741	5
11669	6	5	1	2	742	6
11670	6	6	2	2	212	3
11671	6	5	5	6	199	8
11672	7	2	5	4	279	3
11673	7	2	5	3	280	4
11674	7	2	5	2	281	5
11675	8	7	8	5	343	3
11676	8	7	8	4	344	4
11677	8	7	8	3	345	5
11678	9	6	8	5	130	8
11679	9	9	2	2	104	2
11680	8	7	8	2	345	6
11681	9	6	8	3	131	8
11682	9	6	8	2	132	4
11683	8	6	8	4	133	8
11684	8	9	2	2	105	2
11685	5	5	1	5	743	9
11686	5	5	8	7	433	8
11687	6	5	1	4	744	4
11688	6	5	1	3	745	5
11689	6	5	1	2	746	6
11690	6	6	2	2	213	3
11691	6	2	5	4	281	3
11692	6	2	5	3	282	4
11693	6	2	5	2	283	5
11694	7	7	8	5	345	3
11695	7	7	8	4	346	4
11696	7	7	8	3	347	5
11697	8	6	8	5	134	7
11698	7	7	8	2	347	6
11699	8	6	8	3	135	7
11700	7	9	2	2	106	2
11701	5	5	1	4	747	4
11702	5	5	1	3	748	5
11703	5	5	1	2	749	6
11704	5	7	8	6	347	7
11705	6	6	2	2	214	3
11706	6	5	8	5	433	2
11707	6	5	8	4	434	3
11708	6	5	8	3	435	4
11709	6	5	8	2	436	5
11710	4	2	3	3	672	9
11711	5	9	3	2	681	5
11712	6	7	1	4	451	9
11713	6	3	6	5	756	2
11714	6	3	6	4	757	4
11715	7	5	1	5	750	4
11716	7	5	1	4	751	5
11717	7	5	1	3	752	6
11718	7	5	1	2	753	7
11719	7	9	4	2	370	7
11720	7	7	8	5	347	7
11721	6	3	6	3	757	5
11722	7	5	1	5	754	4
11723	7	5	1	4	755	5
11724	7	5	1	3	756	6
11725	7	5	1	2	757	7
11726	7	9	4	2	370	7
11727	7	7	8	5	348	7
11728	6	3	6	2	757	7
11729	5	7	1	4	452	9
11730	5	3	6	5	758	2
11731	5	3	6	4	759	4
11732	6	5	1	5	758	4
11733	6	5	1	4	759	5
11734	6	5	1	3	760	6
11735	7	2	5	5	283	8
11736	8	9	4	3	370	7
11737	8	9	4	2	371	8
11738	8	5	8	6	437	9
11739	9	7	8	6	349	7
11740	8	5	8	5	437	8
11741	9	6	2	3	215	3
11742	8	5	8	4	437	2
11743	8	5	8	3	438	4
11744	9	7	8	3	350	7
11745	8	5	8	2	438	5
11746	8	6	2	3	216	3
11747	7	2	5	4	283	7
11748	8	9	4	3	372	7
11749	8	9	4	2	373	8
11750	8	5	8	6	439	9
11751	9	7	8	6	351	7
11752	8	5	8	5	439	8
11753	9	7	8	6	352	7
11754	8	7	8	6	353	7
11755	6	5	1	2	760	7
11756	5	3	6	3	759	5
11757	6	5	1	5	761	4
11758	6	5	1	4	762	5
11759	6	5	1	3	763	6
11760	7	2	5	5	283	8
11761	8	9	4	3	374	7
11762	8	9	4	2	375	8
11763	8	5	8	7	439	9
11764	9	7	8	6	354	7
11765	8	5	8	6	439	8
11766	9	6	2	3	217	3
11767	8	6	2	3	218	3
11768	7	2	5	4	283	7
11769	8	9	4	3	376	7
11770	8	9	4	2	377	8
11771	8	5	8	7	439	9
11772	9	7	8	6	355	7
11773	8	5	8	6	439	8
11774	9	7	8	6	356	7
11775	8	7	8	6	357	7
11776	6	5	1	2	763	7
11777	5	3	6	2	759	7
11778	4	9	3	2	681	6
11779	5	3	6	3	760	4
11780	5	3	6	2	761	5
11781	6	5	1	5	764	4
11782	6	5	1	4	765	5
11783	6	5	1	3	766	6
11784	5	5	1	4	767	5
11785	5	5	1	3	768	6
11786	4	3	6	3	761	4
11787	4	3	6	2	762	5
11788	5	9	4	2	378	8
11789	6	5	8	8	439	8
11790	7	5	1	5	769	4
11791	7	5	1	4	770	5
11792	7	5	1	3	771	6
11793	7	5	1	2	772	7
11794	8	2	5	3	283	8
11795	5	5	8	8	439	9
11796	5	5	1	5	772	9
11797	5	5	8	7	440	8
11798	6	5	1	4	773	4
11799	6	5	1	3	774	5
11800	6	5	1	2	775	6
11801	5	5	1	4	776	4
11802	5	5	1	3	777	5
11803	5	5	1	2	778	6
11804	4	9	4	2	378	8
11805	3	1	2	2	605	5
11806	4	7	1	5	453	9
11807	4	5	1	4	779	5
11808	5	3	6	4	762	2
11809	5	3	6	3	763	5
11810	6	9	3	4	681	4
11811	6	9	3	3	682	5
11812	7	2	5	5	284	9
11813	7	9	4	3	379	7
11814	7	9	4	2	379	8
11815	7	5	8	7	440	9
11816	8	6	2	3	219	3
11817	7	5	8	6	440	8
11818	8	6	2	3	220	3
11819	7	6	2	3	221	3
11820	6	9	3	2	682	6
11821	5	3	6	2	763	7
11822	6	9	3	4	683	4
11823	6	9	3	3	684	5
11824	7	2	5	5	285	9
11825	7	9	4	3	380	7
11826	7	9	4	2	380	8
11827	7	5	8	7	440	9
11828	8	6	2	3	222	3
11829	7	5	8	6	440	8
11830	8	6	2	3	223	3
11831	7	6	2	3	224	3
11832	6	9	3	2	684	6
11833	5	9	3	4	685	4
11834	5	9	3	3	686	5
11835	6	2	5	6	286	9
11836	6	9	4	3	381	7
11837	6	9	4	2	381	8
11838	6	5	8	7	440	9
11839	7	2	5	5	287	7
11840	6	5	8	6	440	8
11841	7	2	5	5	288	7
11842	6	2	5	5	289	7
11843	5	9	3	2	686	6
11844	4	5	1	3	779	6
11845	4	5	1	2	780	7
11846	3	9	3	6	687	8
11847	4	2	3	3	672	4
11848	4	2	3	2	673	5
11849	4	5	8	8	440	8
11850	5	3	6	4	763	2
11851	5	3	6	3	764	3
11852	5	3	6	2	765	5
11853	6	7	8	7	358	9
11854	7	5	1	5	781	4
11855	7	5	1	4	782	5
11856	7	5	1	3	783	6
11857	7	5	1	2	784	7
11858	8	7	1	3	454	6
11859	9	8	7	6	234	8
11860	10	5	5	5	199	5
11861	9	5	5	5	200	9
11862	10	6	2	3	225	3
11863	10	6	2	2	226	4
11864	3	7	1	2	454	5
11865	2	5	8	8	440	9
11866	3	5	1	4	784	5
11867	4	9	4	3	382	9
11868	5	2	3	5	674	9
11869	6	3	6	7	765	9
11870	7	1	2	3	605	4
11871	7	1	2	2	606	5
11872	6	1	2	3	607	4
11873	6	1	2	2	608	5
11874	5	2	3	4	674	8
11875	6	1	2	3	609	3
11876	6	1	2	2	610	4
11877	7	9	3	3	687	5
11878	7	9	3	2	688	6
11879	7	3	6	3	765	7
11880	7	3	6	2	766	4
11881	7	9	2	2	107	3
11882	5	9	3	5	689	8
11883	5	3	6	5	767	7
11884	5	2	3	3	674	4
11885	5	2	3	2	675	5
11886	5	9	3	3	690	4
11887	5	9	3	2	691	5
11888	6	1	2	3	610	5
11889	6	1	2	2	611	3
11890	4	9	4	2	382	7
11891	5	9	3	2	691	5
11892	4	9	3	4	692	4
11893	4	9	3	3	693	5
11894	4	9	3	2	694	6
11895	4	2	3	3	676	5
11896	4	2	3	2	677	8
11897	5	3	6	6	768	8
11898	6	1	2	2	612	3
11899	5	1	2	3	613	3
11900	5	1	2	2	614	4
11901	6	3	6	2	768	4
11902	6	7	8	4	358	7
11903	7	2	5	4	290	9
11904	3	5	1	3	784	6
11905	4	9	4	3	382	9
11906	5	2	3	5	677	9
11907	6	3	6	7	769	9
11908	7	1	2	3	614	4
11909	7	1	2	2	615	5
11910	6	1	2	3	616	4
11911	6	1	2	2	617	5
11912	6	9	3	3	695	7
11913	5	2	3	4	677	8
11914	6	1	2	3	618	3
11915	7	9	3	2	696	4
11916	6	1	2	2	618	4
11917	5	9	3	5	697	8
11918	5	3	6	5	769	7
11919	5	2	3	3	677	4
11920	5	2	3	2	678	5
11921	5	9	3	3	698	4
11922	5	9	3	2	699	5
11923	6	1	2	3	619	3
11924	4	9	3	5	699	6
11925	4	9	3	4	700	8
11926	4	9	3	3	701	7
11927	5	2	3	2	679	8
11928	4	9	3	2	701	4
11929	3	5	1	2	784	7
11930	4	1	2	3	620	3
11931	4	1	2	2	621	4
11932	5	2	3	4	680	8
11933	3	1	2	4	621	8
11934	4	9	3	5	702	8
11935	5	2	3	3	681	4
11936	5	2	3	2	682	5
11937	5	3	6	4	770	3
11938	5	3	6	3	771	5
11939	6	9	4	2	382	7
11940	6	7	8	6	358	8
11941	7	2	5	5	291	8
11942	8	6	2	2	227	4
11943	7	6	2	2	228	4
11944	6	2	5	5	291	8
11945	5	3	6	2	771	8
11946	5	9	4	2	383	7
11947	4	9	3	4	702	7
11948	5	2	3	2	683	5
11949	5	3	6	4	772	2
11950	5	3	6	3	773	3
11951	6	2	5	3	292	7
11952	5	3	6	2	773	5
11953	6	2	5	4	293	7
11954	7	8	7	5	234	7
11955	7	6	2	3	229	7
11956	3	1	2	3	621	3
11957	4	2	3	4	684	8
11958	5	9	3	2	702	4
11959	4	9	3	2	703	4
11960	3	1	2	2	621	4
11961	4	2	3	4	684	8
11962	5	9	3	3	704	5
11963	6	9	4	3	384	9
11964	7	3	6	5	773	2
11965	7	3	6	4	774	4
11966	8	6	2	2	230	5
11967	7	3	6	3	774	5
11968	8	6	2	2	231	5
11969	7	3	6	2	774	7
11970	8	6	2	2	232	5
11971	7	2	5	5	293	7
11972	8	6	2	2	233	5
11973	5	9	3	2	704	6
11974	5	3	6	4	774	2
11975	5	3	6	3	775	4
11976	6	9	4	2	384	8
11977	6	6	2	2	234	5
11978	5	3	6	2	775	7
11979	6	9	4	2	385	8
11980	7	2	5	5	293	9
11981	8	6	2	2	235	5
11982	5	9	4	2	385	8
11983	6	7	8	5	358	7
11984	7	2	5	6	293	9
11985	8	6	2	2	236	5
11986	7	2	5	5	293	5
11987	5	7	8	6	358	7
11988	6	2	5	5	294	7
11989	5	2	5	5	295	7
11990	4	2	3	3	684	9
11991	5	9	3	2	705	5
11992	6	9	4	3	385	9
11993	7	3	6	5	775	9
11994	7	3	6	3	776	2
11995	7	3	6	2	777	4
11996	8	7	8	6	358	7
11997	7	7	8	6	359	7
11998	4	9	3	2	705	6
11999	4	3	6	3	777	4
12000	4	3	6	2	778	5
12001	5	9	4	2	385	8
12002	2	5	1	4	784	5
12003	3	9	4	2	386	7
12004	4	9	3	2	706	5
12005	3	9	3	4	707	4
12006	3	9	3	3	708	5
12007	3	9	3	2	709	6
12008	3	2	3	4	684	4
12009	3	2	3	3	685	5
12010	3	2	3	2	686	8
12011	4	5	8	6	440	8
12012	5	1	2	3	621	3
12013	5	1	2	2	622	4
12014	6	3	6	2	778	4
12015	6	2	5	4	296	9
12016	4	3	6	6	779	8
12017	5	1	2	2	622	3
12018	4	5	8	4	440	7
12019	5	1	2	3	623	3
12020	5	1	2	2	624	4
12021	2	5	1	3	784	6
12022	3	9	3	5	710	6
12023	3	9	3	4	711	8
12024	3	9	3	3	712	7
12025	4	2	3	3	686	4
12026	4	2	3	2	687	8
12027	3	9	3	2	712	4
12028	2	5	1	2	784	7
12029	3	1	2	3	625	3
12030	3	1	2	2	626	4
12031	4	2	3	4	688	8
12032	2	1	2	4	626	8
12033	3	9	3	5	713	8
12034	3	9	3	4	714	7
12035	4	2	3	3	689	4
12036	4	2	3	2	690	5
12037	4	7	8	6	360	8
12038	5	3	6	5	779	2
12039	5	3	6	4	780	3
12040	6	2	5	4	297	8
12041	6	2	5	3	298	7
12042	7	6	2	3	237	7
12043	5	3	6	3	780	5
12044	6	2	5	5	298	8
12045	6	2	5	4	299	7
12046	7	6	2	3	238	7
12047	5	3	6	2	780	8
12048	2	1	2	3	626	3
12049	3	9	3	3	714	4
12050	2	1	2	2	626	4
12051	3	2	3	4	691	8
12052	4	9	3	3	715	5
12053	4	9	3	2	716	6
12054	4	3	6	4	781	2
12055	4	3	6	3	782	4
12056	5	2	5	3	299	9
12057	5	2	5	2	300	6
12058	6	7	8	5	360	7
12059	7	5	8	3	440	4
12060	7	5	8	2	441	5
12061	8	6	2	2	239	5
12062	6	5	8	4	441	7
12063	4	3	6	2	782	7
12064	5	2	5	5	300	9
12065	6	7	8	5	360	7
12066	7	6	2	2	240	5
12067	6	5	8	5	442	7
12068	5	2	5	4	300	6
12069	6	6	2	2	241	5
12070	4	7	8	5	360	7
12071	5	2	5	6	300	9
12072	6	6	2	2	242	5
12073	5	2	5	5	300	5
12074	3	2	3	3	691	9
12075	4	9	3	2	717	5
12076	1	3	2	2	727	7
12077	2	4	2	2	723	8
12078	3	5	1	4	784	5
12079	4	1	2	4	626	3
12080	4	1	2	3	627	4
12081	5	2	3	3	691	9
12082	6	9	3	2	718	6
12083	6	7	1	3	455	9
12084	7	3	6	2	782	4
12085	7	5	8	5	443	6
12086	4	1	2	2	627	5
12087	5	2	3	3	691	6
12088	5	2	3	2	692	8
12089	4	9	3	6	719	7
12090	3	5	1	3	784	6
12091	4	2	3	5	693	4
12092	4	2	3	4	694	5
12093	5	7	1	5	455	8
12094	6	1	2	2	627	3
12095	5	9	3	4	720	7
12096	4	2	3	3	694	6
12097	5	1	2	4	628	3
12098	6	9	3	3	721	4
12099	6	9	3	2	722	5
12100	7	7	1	3	455	9
12101	5	1	2	3	628	4
12102	5	1	2	2	629	5
12103	4	2	3	2	694	8
12104	5	7	1	5	456	8
12105	6	9	3	4	722	4
12106	6	9	3	3	723	5
12107	7	1	2	4	630	3
12108	7	1	2	3	631	4
12109	7	1	2	2	632	5
12110	6	9	3	2	723	6
12111	7	1	2	4	633	6
12112	5	3	6	5	783	8
12113	5	9	3	3	723	7
12114	6	1	2	4	634	6
12115	5	9	3	2	723	5
12116	4	7	1	5	456	9
12117	5	3	6	5	784	9
12118	5	9	3	3	724	7
12119	6	5	8	5	444	7
12120	5	9	3	2	724	5
12121	4	1	2	3	635	4
12122	4	1	2	2	636	5
12123	3	5	1	2	784	7
12124	4	2	3	5	694	4
12125	5	1	2	3	637	9
12126	4	2	3	4	694	5
12127	5	7	1	5	456	8
12128	6	9	3	3	725	7
12129	7	1	2	2	638	3
12130	6	9	3	2	725	4
12131	5	9	3	4	726	7
12132	4	2	3	3	694	6
12133	5	1	2	4	639	3
12134	6	9	3	3	727	4
12135	6	9	3	2	728	5
12136	7	7	1	3	456	9
12137	6	7	1	5	457	9
12138	6	5	8	4	445	9
12139	5	1	2	3	639	4
12140	5	1	2	2	640	5
12141	5	9	3	3	728	7
12142	4	2	3	2	694	8
12143	5	7	1	5	458	8
12144	6	9	3	4	729	7
12145	7	9	4	2	386	8
12146	8	5	8	7	446	8
12147	9	1	2	4	641	3
12148	10	3	6	4	785	3
12149	10	3	6	3	786	4
12150	10	3	6	2	787	5
12151	9	1	2	3	641	4
12152	9	1	2	2	642	5
12153	8	3	6	3	788	4
12154	8	3	6	2	789	5
12155	9	1	2	3	643	3
12156	9	1	2	2	644	4
12157	8	7	8	4	360	7
12158	9	1	2	4	645	3
12159	9	1	2	3	646	4
12160	9	1	2	2	647	5
12161	8	7	8	3	360	5
12162	7	5	8	7	446	9
12163	8	1	2	4	648	3
12164	9	3	6	4	789	3
12165	9	3	6	3	790	4
12166	9	3	6	2	791	5
12167	10	2	5	3	301	7
12168	8	1	2	3	648	4
12169	8	1	2	2	649	5
12170	7	5	8	6	446	8
12171	7	5	8	2	447	3
12172	7	3	6	4	791	3
12173	7	3	6	3	791	4
12174	7	3	6	2	792	5
12175	6	9	3	3	729	4
12176	6	9	3	2	730	5
12177	7	5	8	6	448	9
12178	7	3	6	3	793	4
12179	7	3	6	2	794	5
12180	5	3	6	5	795	8
12181	5	9	3	3	730	7
12182	6	5	8	5	449	6
12183	5	9	3	2	730	5
12184	4	7	1	5	458	9
12185	5	3	6	5	796	9
12186	5	3	6	4	797	6
12187	6	9	3	3	731	7
12188	7	5	8	5	450	6
12189	6	9	3	2	731	5
12190	5	3	6	2	797	4
12191	4	9	3	4	732	7
12192	5	1	2	3	650	4
12193	5	1	2	2	651	5
12194	4	9	3	3	732	4
12195	4	9	3	2	733	5
12196	5	3	6	6	798	9
12197	5	1	2	2	652	4
12198	3	1	2	5	653	9
12199	4	9	3	6	733	9
12200	3	5	8	7	451	8
12201	4	9	4	3	386	8
12202	5	9	3	4	734	7
12203	6	2	3	5	694	8
12204	7	1	2	3	653	6
12205	6	1	2	3	654	6
12206	4	2	3	5	694	9
12207	5	1	2	3	655	4
12208	6	3	6	2	799	4
12209	7	9	3	2	734	6
12210	8	9	4	2	386	7
12211	6	9	3	2	734	6
12212	7	9	4	2	387	7
12213	5	1	2	2	655	5
12214	6	3	6	2	799	5
12215	7	9	4	2	388	7
12216	7	9	3	4	734	7
12217	6	9	4	2	389	7
12218	6	9	3	4	735	7
12219	4	2	3	4	694	8
12220	5	9	4	2	390	7
12221	5	9	3	4	736	7
12222	4	9	3	3	737	4
12223	4	9	3	2	738	5
12224	5	3	6	4	799	3
12225	5	3	6	3	800	4
12226	6	9	4	2	391	7
12227	5	3	6	2	800	5
12228	6	9	4	2	392	7
12229	3	9	4	2	393	7
12230	3	9	3	4	738	7
12231	4	2	3	5	694	9
12232	5	1	2	3	655	6
12233	3	2	3	3	694	8
12234	4	3	6	4	800	6
12235	2	5	8	8	451	9
12236	3	9	4	3	394	9
12237	4	2	3	5	694	9
12238	5	3	6	7	801	9
12239	6	9	3	4	738	7
12240	7	1	2	3	656	4
12241	7	1	2	2	657	5
12242	8	5	1	4	784	5
12243	8	5	1	3	785	6
12244	8	5	1	2	786	7
12245	9	2	5	6	302	8
12246	9	7	8	6	361	7
12247	10	5	5	6	200	8
12248	11	6	2	3	243	3
12249	11	6	2	2	244	4
12250	9	7	8	5	361	6
12251	10	5	5	6	200	8
12252	11	6	2	3	245	3
12253	11	6	2	2	246	4
12254	9	7	8	3	361	2
12255	9	7	8	2	361	4
12256	5	1	2	3	657	4
12257	6	9	3	2	738	6
12258	7	3	6	3	801	2
12259	7	3	6	2	802	4
12260	8	5	1	5	786	4
12261	8	5	1	4	787	5
12262	8	5	1	3	788	6
12263	8	5	1	2	789	7
12264	8	2	5	5	303	8
12265	9	6	2	3	247	3
12266	8	2	5	4	303	7
12267	9	6	2	3	248	3
12268	7	5	1	5	790	4
12269	7	5	1	4	791	5
12270	7	5	1	3	792	6
12271	7	5	1	2	793	7
12272	7	2	5	5	303	8
12273	8	6	2	3	249	3
12274	7	2	5	4	303	7
12275	6	3	6	3	802	2
12276	6	3	6	2	803	4
12277	7	5	1	5	794	4
12278	7	5	1	4	795	5
12279	7	5	1	3	796	6
12280	7	5	1	2	797	7
12281	8	2	5	5	304	8
12282	9	6	2	3	250	3
12283	9	6	2	2	251	5
12284	8	2	5	4	304	7
12285	9	5	5	6	200	8
12286	10	6	2	3	252	3
12287	10	6	2	2	253	5
12288	9	6	2	3	254	3
12289	9	6	2	2	255	5
12290	6	5	1	5	797	4
12291	6	5	1	4	798	5
12292	7	2	5	5	304	8
12293	7	2	5	4	305	7
12294	8	6	2	2	256	3
12295	6	5	1	3	798	6
12296	6	5	1	2	799	7
12297	7	2	5	5	305	8
12298	8	6	2	3	257	3
12299	8	6	2	2	258	5
12300	7	2	5	4	305	7
12301	8	5	5	6	200	8
12302	9	6	2	3	259	3
12303	9	6	2	2	260	5
12304	8	6	2	3	261	3
12305	8	6	2	2	262	5
12306	5	1	2	2	657	5
12307	6	3	6	3	803	2
12308	6	3	6	2	804	5
12309	7	5	1	4	799	5
12310	8	9	3	4	738	4
12311	8	9	3	3	739	5
12312	8	9	3	2	740	6
12313	7	5	1	3	799	6
12314	7	5	1	2	800	7
12315	8	9	3	4	741	7
12316	9	2	5	5	305	8
12317	9	2	5	4	306	7
12318	10	5	5	6	200	8
12319	11	6	2	3	263	3
12320	11	6	2	2	264	4
12321	10	5	5	5	200	5
12322	11	6	2	3	265	3
12323	11	6	2	2	266	4
12324	7	9	3	4	741	4
12325	7	9	3	3	742	5
12326	7	9	3	2	743	6
12327	6	5	1	4	800	5
12328	7	9	3	4	744	4
12329	7	9	3	3	745	5
12330	7	9	3	2	746	6
12331	6	5	1	3	800	6
12332	6	5	1	2	801	7
12333	7	9	3	4	747	7
12334	8	2	5	5	306	8
12335	8	2	5	4	307	7
12336	9	5	5	6	200	8
12337	10	6	2	3	267	3
12338	10	6	2	2	268	4
12339	9	6	2	3	269	3
12340	9	6	2	2	270	4
12341	6	9	3	4	747	4
12342	6	9	3	3	748	5
12343	6	9	3	2	749	6
12344	4	2	3	4	694	8
12345	5	9	3	4	750	4
12346	5	9	3	3	751	5
12347	6	1	2	4	657	3
12348	7	3	6	4	804	3
12349	8	5	1	3	801	6
12350	8	5	1	2	802	7
12351	8	7	8	4	362	7
12352	7	3	6	3	804	4
12353	8	5	1	5	803	4
12354	8	5	1	4	804	5
12355	8	5	1	3	805	6
12356	8	5	1	2	806	7
12357	8	2	5	4	307	7
12358	7	3	6	2	804	5
12359	8	5	1	5	807	4
12360	8	5	1	4	808	5
12361	8	5	1	3	809	6
12362	8	5	1	2	810	7
12363	6	1	2	3	657	4
12364	6	1	2	2	658	5
12365	5	9	3	2	751	6
12366	6	1	2	4	659	3
12367	6	1	2	3	660	4
12368	6	1	2	2	661	5
12369	5	1	2	4	662	3
12370	5	1	2	3	663	4
12371	5	1	2	2	664	5
12372	4	5	1	5	811	8
12373	3	2	3	4	694	8
12374	4	5	1	5	812	8
12375	5	9	4	2	394	7
12376	5	9	3	4	751	7
12377	4	5	1	4	812	4
12378	4	5	1	3	813	5
12379	5	1	2	3	665	3
12380	6	3	6	3	804	3
12381	6	3	6	2	805	4
12382	7	9	3	3	752	4
12383	7	9	3	2	753	5
12384	6	9	3	3	754	4
12385	6	9	3	2	755	5
12386	5	1	2	2	665	4
12387	4	5	1	2	813	6
12388	5	9	4	2	395	7
12389	5	9	3	4	756	7
12390	6	3	6	4	805	4
12391	4	9	3	4	756	7
12392	5	1	2	4	666	3
12393	5	1	2	3	667	4
12394	5	1	2	2	668	5
12395	4	9	3	3	756	4
12396	4	9	3	2	757	5
12397	5	9	4	2	396	7
12398	3	2	3	3	694	9
12399	4	1	2	3	669	4
12400	5	9	3	2	757	6
12401	6	3	6	4	806	2
12402	6	3	6	3	807	4
12403	7	5	1	5	813	8
12404	8	9	4	2	397	7
12405	7	5	1	4	813	4
12406	7	5	1	3	814	5
12407	7	5	1	2	815	6
12408	6	3	6	2	807	6
12409	7	5	1	5	816	8
12410	8	9	4	2	398	7
12411	7	5	1	4	816	4
12412	7	5	1	3	817	5
12413	7	5	1	2	818	6
12414	5	5	1	5	819	8
12415	5	5	1	4	820	4
12416	5	5	1	3	821	5
12417	6	3	6	3	807	4
12418	6	3	6	2	808	6
12419	5	5	1	2	821	6
12420	5	3	6	4	809	2
12421	5	3	6	3	810	4
12422	6	2	5	4	308	7
12423	7	6	2	3	271	3
12424	7	6	2	2	272	5
12425	5	3	6	2	810	6
12426	6	2	5	4	308	7
12427	7	6	2	3	273	3
12428	7	6	2	2	274	5
12429	4	1	2	2	669	5
12430	5	5	1	4	822	5
12431	6	3	6	4	810	2
12432	6	3	6	3	810	5
12433	7	9	4	2	399	7
12434	7	9	3	4	757	7
12435	6	3	6	2	810	6
12436	7	9	4	2	400	7
12437	7	9	3	4	758	7
12438	6	9	4	2	401	7
12439	6	9	3	4	759	7
12440	5	5	1	3	822	6
12441	5	5	1	2	823	7
12442	6	9	3	4	760	7
12443	7	3	6	4	810	2
12444	7	3	6	3	810	5
12445	8	2	5	4	308	7
12446	9	6	2	3	275	3
12447	9	6	2	2	276	4
12448	7	3	6	2	810	6
12449	8	2	5	4	308	7
12450	9	6	2	3	277	3
12451	9	6	2	2	278	4
12452	7	7	8	5	363	7
12453	8	6	2	3	279	3
12454	8	6	2	2	280	4
12455	6	9	3	3	760	4
12456	6	9	3	2	761	5
12457	5	3	6	4	810	2
12458	5	3	6	3	810	5
12459	6	9	4	2	402	7
12460	6	9	3	4	762	7
12461	5	3	6	2	810	6
12462	6	9	4	2	403	7
12463	6	9	3	4	763	7
12464	5	9	4	2	404	7
12465	5	9	3	4	764	7
12466	3	5	1	5	823	8
12467	4	2	3	2	694	5
12468	2	9	4	2	405	7
12469	3	9	3	3	765	8
12470	2	9	3	4	766	7
12471	3	1	2	4	669	3
12472	3	1	2	3	670	4
12473	4	2	3	3	695	9
12474	5	5	8	6	451	8
12475	6	5	1	4	823	4
12476	6	5	1	3	824	5
12477	7	3	6	3	810	4
12478	7	3	6	2	811	6
12479	8	2	5	4	308	7
12480	6	5	1	2	824	6
12481	6	3	6	4	811	2
12482	6	3	6	3	812	4
12483	7	2	5	5	309	8
12484	7	2	5	4	310	7
12485	8	7	8	5	363	7
12486	9	6	2	3	281	5
12487	9	6	2	2	282	3
12488	8	6	2	3	283	5
12489	8	6	2	2	284	3
12490	6	3	6	2	812	6
12491	7	2	5	5	310	8
12492	7	2	5	4	311	7
12493	8	7	8	5	363	7
12494	9	6	2	3	285	5
12495	9	6	2	2	286	3
12496	8	6	2	3	287	5
12497	8	6	2	2	288	3
12498	5	5	1	5	825	8
12499	5	5	1	4	826	7
12500	6	3	6	4	812	2
12501	6	3	6	3	813	4
12502	7	2	5	4	311	7
12503	8	7	8	5	363	7
12504	9	5	8	3	451	4
12505	10	6	2	3	289	3
12506	9	5	8	2	451	5
12507	10	6	2	3	289	5
12508	10	6	2	2	290	3
12509	6	3	6	2	813	6
12510	7	2	5	4	311	7
12511	8	7	8	5	363	7
12512	9	6	2	3	291	5
12513	9	6	2	2	292	3
12514	5	5	1	3	826	4
12515	5	5	1	2	827	5
12516	6	3	6	3	813	4
12517	6	3	6	2	814	6
12518	3	1	2	2	670	5
12519	4	2	3	3	695	6
12520	4	2	3	2	696	8
12521	4	5	8	6	451	8
12522	5	5	1	3	827	5
12523	5	5	1	2	828	6
12524	5	3	6	4	815	2
12525	5	3	6	3	815	5
12526	6	2	5	5	311	8
12527	6	2	5	4	312	7
12528	7	7	8	5	363	7
12529	8	5	5	6	200	9
12530	9	6	2	3	293	3
12531	9	6	2	2	294	4
12532	8	5	5	5	200	5
12533	9	6	2	3	295	3
12534	9	6	2	2	296	4
12535	7	5	5	6	200	9
12536	8	6	2	3	297	3
12537	8	6	2	2	298	4
12538	5	3	6	2	815	6
12539	6	2	5	5	312	8
12540	6	2	5	4	313	7
12541	7	7	8	5	363	7
12542	8	5	5	6	200	9
12543	7	5	5	6	201	9
12544	8	6	2	3	299	3
12545	8	6	2	2	300	4
12546	5	7	8	5	363	7
12547	6	2	5	6	313	8
12548	7	5	5	6	201	9
12549	8	6	2	3	301	3
12550	8	6	2	2	302	4
12551	6	6	2	3	303	3
12552	6	6	2	2	304	4
12553	4	5	1	4	829	8
12554	4	5	1	3	830	7
12555	5	3	6	4	815	2
12556	5	3	6	3	815	5
12557	6	5	8	4	451	5
12558	7	2	5	4	313	7
12559	8	7	8	4	363	7
12560	9	6	2	3	305	3
12561	9	6	2	2	306	4
12562	5	3	6	2	815	6
12563	6	2	5	4	313	7
12564	7	7	8	5	363	7
12565	8	5	8	4	451	3
12566	8	5	8	3	452	4
12567	9	6	2	3	307	3
12568	8	5	8	2	452	5
12569	9	6	2	3	307	3
12570	9	6	2	2	308	4
12571	5	5	8	4	452	6
12572	2	9	3	3	766	6
12573	3	2	3	4	697	4
12574	3	2	3	3	698	5
12575	4	1	2	2	670	3
12576	3	2	3	2	698	8
12577	4	3	6	5	815	8
12578	3	1	2	3	670	4
12579	4	3	6	3	816	4
12580	4	3	6	2	817	6
12581	3	1	2	2	670	5
12582	1	9	3	5	766	8
12583	2	2	3	5	698	9
12584	3	3	6	6	818	9
12585	3	5	1	3	830	5
12586	4	1	2	2	671	4
12587	3	5	1	2	830	6
12588	4	1	2	3	672	4
12589	4	1	2	2	673	5
12590	3	1	2	3	674	4
12591	4	3	6	2	819	4
12592	5	2	5	5	313	8
12593	6	5	5	6	201	7
12594	7	7	8	7	363	2
12595	7	7	8	6	364	3
12596	7	7	8	5	365	4
12597	7	7	8	4	366	5
12598	7	7	8	3	367	6
12599	7	7	8	2	368	7
12600	8	6	8	7	136	8
12601	8	1	1	2	85	2
12602	8	4	6	2	85	2
12603	7	1	1	2	86	2
12604	7	4	6	2	86	2
12605	6	7	8	7	368	7
12606	7	5	5	5	201	4
12607	8	6	8	7	137	8
12608	8	1	1	2	87	2
12609	8	4	6	2	87	2
12610	5	7	8	7	368	7
12611	6	5	5	5	201	4
12612	7	1	1	2	88	2
12613	7	4	6	2	88	2
12614	4	2	5	5	313	8
12615	5	5	5	6	201	7
12616	6	7	8	7	368	2
12617	6	7	8	6	369	3
12618	6	7	8	5	370	4
12619	6	7	8	4	371	5
12620	6	7	8	3	372	6
12621	6	7	8	2	373	7
12622	7	6	8	7	138	8
12623	8	7	2	3	95	6
12624	7	1	1	2	89	2
12625	6	1	1	2	90	2
12626	6	2	4	2	86	6
12627	5	7	8	7	373	7
12628	6	6	8	7	138	8
12629	6	1	1	2	91	2
12630	4	7	8	7	373	7
12631	5	5	5	5	201	5
12632	3	1	2	2	674	5
12633	2	5	1	3	830	8
12634	3	2	3	4	698	7
12635	4	1	2	4	675	3
12636	4	1	2	3	676	4
12637	4	1	2	2	677	5
12638	3	2	3	2	698	5
12639	2	2	3	4	699	7
12640	3	1	2	4	678	3
12641	4	3	6	4	819	7
12642	3	1	2	3	678	4
12643	3	1	2	2	679	5
12644	1	5	8	8	453	9
12645	2	5	1	4	830	7
12646	3	2	3	4	699	9
12647	4	9	3	4	766	7
12648	4	1	2	3	680	6
12649	4	9	3	2	767	4
12650	3	9	3	4	768	7
12651	3	9	3	3	769	4
12652	3	9	3	2	770	5
12653	2	5	1	3	830	8
12654	3	2	3	4	699	9
12655	3	9	3	4	771	7
12656	3	9	3	3	772	4
12657	3	9	3	2	773	5
12658	3	3	6	4	820	6
12659	4	1	2	3	681	3
12660	3	3	6	3	820	5
12661	2	5	1	2	830	5
12662	2	2	3	4	700	9
12663	1	5	1	4	831	5
12664	2	9	3	3	774	4
12665	2	9	3	2	775	5
12666	1	5	1	3	831	6
12667	2	9	3	3	776	4
12668	2	9	3	2	777	5
12669	1	5	1	2	831	7
12670	2	9	4	2	405	7
12671	2	9	3	4	778	4
12672	2	9	3	3	779	5
12673	2	9	3	2	780	6
12674	3	1	2	2	682	4
12675	1	9	4	2	406	7
12676	1	9	3	4	780	4
12677	1	9	3	3	781	5
12678	1	9	3	2	782	6
12679	2	7	8	6	373	8
12680	3	2	3	4	701	4
12681	3	2	3	3	702	5
12682	3	2	3	2	703	7
12683	4	1	2	3	683	3
12684	4	1	2	2	684	4
12685	0	9	4	3	407	7
12686	1	9	3	4	782	5
12687	2	7	1	2	458	7
12688	2	4	2	6	723	9
12689	3	1	2	2	685	6
12690	4	2	1	2	811	2
12691	5	3	2	3	727	3
12692	5	3	2	2	728	5
12693	4	3	2	3	729	3
12694	4	3	2	2	730	5
12695	2	1	2	2	685	6
12696	3	2	1	2	811	2
12697	4	3	2	3	731	1
12698	5	4	2	3	723	5
12699	5	4	2	2	724	4
12700	6	5	1	2	831	6
12701	6	2	3	2	703	7
12702	7	7	8	5	373	8
12703	8	3	6	5	821	2
12704	8	3	6	4	822	3
12705	8	3	6	3	823	5
12706	8	3	6	2	824	6
12707	6	7	8	5	373	8
12708	7	2	5	5	313	7
12709	8	3	6	5	825	6
12710	8	3	6	4	826	2
12711	8	3	6	3	827	3
12712	8	3	6	2	828	5
12713	4	3	2	2	731	3
12714	3	3	2	3	732	1
12715	4	4	2	3	724	5
12716	4	4	2	2	725	4
12717	5	5	1	2	832	6
12718	5	2	3	2	703	7
12719	6	7	8	5	373	8
12720	7	3	6	5	829	3
12721	7	3	6	4	829	4
12722	7	3	6	3	830	5
12723	7	3	6	2	831	6
12724	5	7	8	5	373	8
12725	6	2	5	4	313	7
12726	3	3	2	2	732	3
12727	2	2	1	2	811	2
12728	3	4	2	4	725	5
12729	4	2	3	3	703	8
12730	5	3	2	2	733	1
12731	3	3	2	3	734	1
12732	2	4	2	4	725	5
12733	3	2	3	3	703	8
12734	4	3	2	2	735	1
12735	2	3	2	3	736	1
12736	1	9	3	3	782	6
12737	2	2	3	2	703	7
12738	1	9	3	2	782	8
12739	2	7	1	5	459	9
12740	3	4	2	8	725	9
12741	4	5	8	8	453	9
12742	5	2	3	5	704	4
12743	5	2	3	4	705	5
12744	6	5	1	5	833	4
12745	6	5	1	4	834	5
12746	7	3	6	5	832	4
12747	8	2	1	5	811	2
12748	9	1	2	2	685	3
12749	8	2	1	4	811	3
12750	8	2	1	3	812	4
12751	8	2	1	2	813	6
12752	7	3	6	4	832	5
12753	8	2	1	5	814	2
12754	9	1	2	3	686	3
12755	9	1	2	2	687	6
12756	8	2	1	4	814	3
12757	8	2	1	3	815	4
12758	9	1	2	2	688	6
12759	8	2	1	2	815	6
12760	7	3	6	3	832	6
12761	8	2	1	5	816	2
12762	9	1	2	2	689	3
12763	8	2	1	4	816	3
12764	8	2	1	3	817	4
12765	9	1	2	2	690	6
12766	8	2	1	2	817	6
12767	7	3	6	2	832	7
12768	6	5	1	3	834	6
12769	7	2	1	4	818	2
12770	7	2	1	3	819	3
12771	7	2	1	2	820	4
12772	6	5	1	2	834	7
12773	7	2	1	4	821	2
12774	8	3	2	5	737	7
12775	8	1	2	3	691	3
12776	8	1	2	2	692	6
12777	7	2	1	3	821	3
12778	8	1	2	2	693	4
12779	7	2	1	2	821	4
12780	8	1	2	2	694	6
12781	7	3	2	4	738	8
12782	6	3	6	5	833	4
12783	7	2	1	5	821	2
12784	8	1	2	2	695	3
12785	7	2	1	4	821	3
12786	7	2	1	3	822	4
12787	7	2	1	2	823	6
12788	8	3	2	4	739	8
12789	6	3	6	4	833	5
12790	7	2	1	5	823	2
12791	8	1	2	3	696	3
12792	8	1	2	2	697	6
12793	7	2	1	4	823	3
12794	8	3	2	5	740	8
12795	7	2	1	3	823	4
12796	8	3	2	5	741	8
12797	7	2	1	2	823	6
12798	8	3	2	5	742	8
12799	6	3	6	3	833	6
12800	7	2	1	5	823	2
12801	8	3	2	4	743	8
12802	7	2	1	4	823	3
12803	8	3	2	4	744	8
12804	7	2	1	3	823	4
12805	8	3	2	4	745	8
12806	7	2	1	2	823	6
12807	8	3	2	5	746	8
12808	6	3	6	2	833	7
12809	7	1	2	5	698	8
12810	8	2	1	3	823	2
12811	8	2	1	2	824	6
12812	5	2	3	3	705	6
12813	6	2	1	5	825	2
12814	7	1	2	3	698	3
12815	7	1	2	2	699	5
12816	7	3	2	2	747	4
12817	8	3	6	4	833	6
12818	9	5	1	5	834	3
12819	9	5	1	4	834	4
12820	9	5	1	3	834	6
12821	9	5	1	2	835	7
12822	8	3	6	3	833	7
12823	6	2	1	4	825	3
12824	7	1	2	4	700	4
12825	7	1	2	3	701	5
12826	7	1	2	2	702	7
12827	6	2	1	3	825	4
12828	7	1	2	2	703	5
12829	6	2	1	2	825	5
12830	7	1	2	2	704	7
12831	8	3	2	3	747	3
12832	8	3	2	2	747	4
12833	6	3	2	4	748	2
12834	6	3	2	3	749	3
12835	6	3	2	2	749	4
12836	5	2	3	2	705	7
12837	6	5	1	5	836	4
12838	7	2	1	4	825	2
12839	7	2	1	3	826	3
12840	7	2	1	2	827	5
12841	8	3	2	2	750	3
12842	6	5	1	4	836	5
12843	7	2	1	4	827	2
12844	8	1	2	4	704	3
12845	8	1	2	3	705	5
12846	8	1	2	2	706	6
12847	7	2	1	3	827	3
12848	7	2	1	2	828	4
12849	8	1	2	2	707	5
12850	6	5	1	3	836	6
12851	7	2	1	4	828	2
12852	7	2	1	3	829	3
12853	7	2	1	2	830	4
12854	6	5	1	2	836	7
12855	7	2	1	5	831	2
12856	8	1	2	4	708	3
12857	8	1	2	3	709	5
12858	8	1	2	2	710	6
12859	7	2	1	4	831	3
12860	8	1	2	3	711	4
12861	8	1	2	2	712	5
12862	7	2	1	3	831	4
12863	8	1	2	2	713	5
12864	7	2	1	2	831	5
12865	8	1	2	2	714	6
12866	6	2	1	5	831	2
12867	6	3	2	5	751	4
12868	6	3	2	4	752	8
12869	5	3	2	7	753	8
12870	5	2	1	5	832	2
12871	6	3	2	4	754	3
12872	6	3	2	3	755	4
12873	6	3	2	2	756	5
12874	5	2	1	4	832	3
12875	6	5	1	2	836	7
12876	7	3	2	3	757	7
12877	7	3	2	2	758	4
12878	6	3	2	3	759	4
12879	6	3	2	2	760	6
12880	5	2	1	3	832	5
12881	6	5	1	2	836	7
12882	7	3	2	3	761	7
12883	7	3	2	2	762	4
12884	6	3	2	3	763	4
12885	6	3	2	2	764	6
12886	5	2	1	2	832	6
12887	6	3	2	4	765	3
12888	6	3	2	3	766	4
12889	6	3	2	2	767	5
12890	5	5	1	5	836	3
12891	5	5	1	4	836	4
12892	6	3	2	3	768	2
12893	5	5	1	3	836	5
12894	5	5	1	2	837	6
12895	5	3	2	4	769	3
12896	5	3	2	3	770	4
12897	5	3	2	2	771	5
12898	4	2	3	5	705	4
12899	5	1	2	3	715	5
12900	5	1	2	2	716	7
12901	5	2	1	4	832	2
12902	5	2	1	3	833	3
12903	5	2	1	2	834	5
12904	4	2	3	4	705	5
12905	5	7	8	6	373	8
12906	6	5	1	5	838	4
12907	6	5	1	4	839	5
12908	7	2	1	5	835	2
12909	8	1	2	3	717	3
12910	8	1	2	2	718	6
12911	7	2	1	4	835	3
12912	7	2	1	3	836	4
12913	8	1	2	2	719	6
12914	7	2	1	2	836	6
12915	6	5	1	3	839	6
12916	7	2	1	4	837	2
12917	7	2	1	3	838	3
12918	7	2	1	2	839	4
12919	6	5	1	2	839	7
12920	7	2	1	4	840	2
12921	8	3	2	5	772	7
12922	8	1	2	3	720	3
12923	8	1	2	2	721	6
12924	7	2	1	3	840	3
12925	8	1	2	2	722	4
12926	7	2	1	2	840	4
12927	8	1	2	2	723	6
12928	7	3	2	4	773	8
12929	6	2	1	5	840	2
12930	7	1	2	3	724	3
12931	7	1	2	2	725	6
12932	6	2	1	4	840	3
12933	7	3	2	5	774	8
12934	6	2	1	3	840	4
12935	7	3	2	5	775	8
12936	6	2	1	2	840	6
12937	7	3	2	5	776	8
12938	6	3	6	3	834	6
12939	6	3	6	2	835	7
12940	7	3	2	3	777	3
12941	7	3	2	2	778	4
12942	5	5	8	7	453	8
12943	6	5	1	4	839	4
12944	6	5	1	3	840	5
12945	7	2	1	5	840	2
12946	8	1	2	3	726	3
12947	8	1	2	2	727	6
12948	7	2	1	4	840	3
12949	7	2	1	3	841	4
12950	8	1	2	2	728	6
12951	7	2	1	2	841	6
12952	6	5	1	2	840	6
12953	7	2	1	4	842	2
12954	7	2	1	3	843	3
12955	7	2	1	2	844	4
12956	6	2	1	4	845	2
12957	7	3	2	5	778	7
12958	7	1	2	3	729	3
12959	7	1	2	2	730	6
12960	6	2	1	3	845	3
12961	7	1	2	2	731	4
12962	6	2	1	2	845	4
12963	7	1	2	2	732	6
12964	6	3	2	4	779	8
12965	5	5	1	5	840	8
12966	6	7	8	5	373	7
12967	6	5	8	6	453	7
12968	5	5	1	4	840	7
12969	5	3	6	4	835	5
12970	6	5	1	3	841	6
12971	7	3	2	5	780	8
12972	5	5	1	3	841	4
12973	5	5	1	2	842	5
12974	6	3	6	3	835	4
12975	6	3	6	2	836	6
12976	5	3	6	3	837	4
12977	6	3	2	4	781	6
12978	5	3	6	2	837	6
12979	6	3	2	4	782	8
12980	4	2	3	3	705	6
12981	5	2	1	5	845	2
12982	6	1	2	3	733	3
12983	6	1	2	2	734	5
12984	6	3	2	2	783	4
12985	7	3	6	4	837	6
12986	8	5	1	5	842	3
12987	8	5	1	4	842	4
12988	8	5	1	3	842	6
12989	8	5	1	2	843	7
12990	7	3	6	3	837	7
12991	8	7	8	6	374	8
12992	5	2	1	4	845	3
12993	6	1	2	4	735	4
12994	6	1	2	3	736	5
12995	6	1	2	2	737	7
12996	5	2	1	3	845	4
12997	6	1	2	2	738	5
12998	5	2	1	2	845	5
12999	6	1	2	2	739	7
13000	7	3	2	3	783	3
13001	7	3	2	2	783	4
13002	5	3	2	4	784	2
13003	5	3	2	3	785	3
13004	5	3	2	2	785	4
13005	4	2	3	2	705	7
13006	5	2	1	5	845	2
13007	6	1	2	4	739	3
13008	6	1	2	3	740	5
13009	6	1	2	2	741	6
13010	5	2	1	4	845	3
13011	6	1	2	3	742	4
13012	6	1	2	2	743	5
13013	5	2	1	3	845	4
13014	6	1	2	2	744	5
13015	5	2	1	2	845	5
13016	6	1	2	2	745	6
13017	5	3	2	3	786	4
13018	4	3	2	7	787	8
13019	4	2	1	5	845	2
13020	5	3	2	4	788	3
13021	5	3	2	3	789	4
13022	5	3	2	2	790	5
13023	4	2	1	4	845	3
13024	5	5	1	2	844	7
13025	6	3	2	3	791	7
13026	6	3	2	2	792	4
13027	5	3	2	3	793	4
13028	5	3	2	2	794	6
13029	4	2	1	3	845	5
13030	5	5	1	2	844	7
13031	6	3	2	3	795	7
13032	6	3	2	2	796	4
13033	5	3	2	3	797	4
13034	5	3	2	2	798	6
13035	4	2	1	2	845	6
13036	5	3	2	4	799	3
13037	5	3	2	3	800	4
13038	5	3	2	2	801	5
13039	4	5	1	5	844	3
13040	4	5	1	4	844	4
13041	5	3	2	3	802	2
13042	4	5	1	3	844	5
13043	4	5	1	2	845	6
13044	4	3	2	4	803	3
13045	4	3	2	3	804	4
13046	4	3	2	2	805	5
13047	3	2	3	5	705	4
13048	4	1	2	3	746	5
13049	4	1	2	2	747	7
13050	5	2	1	2	845	2
13051	6	3	2	2	806	3
13052	7	4	2	4	725	8
13053	5	3	2	2	806	3
13054	6	4	2	4	726	8
13055	4	2	1	4	845	2
13056	4	2	1	3	846	3
13057	4	2	1	2	847	5
13058	3	2	3	4	705	5
13059	4	2	1	5	848	2
13060	5	1	2	3	747	3
13061	5	1	2	2	748	6
13062	4	2	1	4	848	3
13063	5	1	2	2	749	4
13064	4	2	1	3	848	4
13065	5	1	2	2	750	6
13066	4	2	1	2	848	6
13067	4	3	2	2	806	3
13068	3	2	3	3	705	6
13069	4	2	1	5	849	2
13070	5	4	2	7	727	8
13071	6	3	2	4	807	4
13072	6	3	2	3	808	3
13073	7	5	1	3	846	3
13074	7	5	1	2	846	6
13075	4	2	1	4	849	3
13076	5	1	2	4	751	4
13077	5	1	2	3	752	5
13078	5	1	2	2	753	7
13079	4	2	1	3	849	4
13080	5	1	2	2	754	5
13081	4	2	1	2	849	5
13082	5	1	2	2	755	7
13083	6	4	2	6	727	8
13084	7	3	2	2	808	3
13085	4	4	2	4	727	7
13086	5	5	1	4	847	3
13087	5	5	1	3	847	4
13088	5	5	1	2	848	5
13089	6	3	2	2	809	4
13090	4	3	2	3	810	2
13091	4	3	2	2	811	3
13092	3	2	3	2	705	7
13093	4	2	1	5	849	2
13094	5	1	2	4	755	3
13095	5	1	2	3	756	5
13096	5	1	2	2	757	6
13097	4	2	1	4	849	3
13098	5	1	2	3	758	4
13099	5	1	2	2	759	5
13100	4	2	1	3	849	4
13101	5	1	2	2	760	5
13102	4	2	1	2	849	5
13103	5	1	2	2	761	6
13104	3	2	1	5	849	2
13105	4	3	2	4	812	1
13106	4	3	2	3	813	3
13107	4	3	2	2	814	4
13108	3	2	1	4	849	3
13109	4	5	1	2	848	7
13110	5	3	2	2	815	1
13111	6	4	2	2	727	3
13112	6	2	5	4	314	8
13113	6	3	6	5	837	2
13114	6	3	6	4	838	3
13115	6	3	6	3	839	4
13116	7	2	5	3	315	7
13117	8	5	8	4	454	2
13118	8	5	8	3	454	6
13119	8	5	8	2	455	8
13120	6	3	6	2	839	6
13121	4	3	2	3	815	1
13122	3	2	1	3	849	5
13123	4	5	1	2	848	7
13124	5	3	2	2	816	1
13125	6	4	2	2	728	3
13126	6	2	5	4	315	8
13127	7	3	6	5	840	2
13128	7	3	6	4	841	4
13129	8	5	8	4	456	8
13130	9	8	7	3	235	8
13131	7	3	6	3	841	5
13132	7	3	6	2	842	6
13133	6	3	6	5	843	2
13134	6	3	6	4	844	4
13135	7	2	5	3	315	7
13136	8	5	8	4	456	2
13137	8	5	8	3	456	6
13138	8	5	8	2	457	8
13139	6	3	6	3	844	5
13140	7	2	5	3	315	7
13141	8	8	7	2	236	7
13142	6	3	6	2	844	6
13143	4	3	2	3	816	1
13144	3	2	1	2	849	6
13145	4	3	2	4	817	1
13146	4	3	2	3	818	3
13147	4	3	2	2	819	4
13148	3	4	2	4	729	7
13149	4	5	1	4	848	3
13150	4	5	1	3	848	4
13151	4	5	1	2	849	5
13152	5	3	2	2	820	4
13153	3	3	2	3	821	2
13154	3	3	2	2	822	3
13155	3	3	6	5	845	3
13156	3	3	6	4	846	5
13157	3	3	6	3	847	7
13158	4	2	5	4	315	8
13159	5	5	5	5	202	9
13160	6	7	8	5	375	8
13161	6	7	8	3	376	4
13162	7	5	8	2	458	5
13163	7	8	7	3	237	8
13164	6	7	8	2	376	5
13165	7	5	8	3	459	2
13166	7	5	8	2	460	4
13167	8	8	7	2	238	7
13168	4	2	5	3	315	4
13169	4	2	5	2	316	5
13170	4	5	5	4	202	9
13171	5	7	8	5	376	8
13172	3	3	6	2	847	8
13173	3	2	5	4	317	8
13174	4	5	5	5	202	9
13175	5	7	8	5	377	8
13176	3	2	5	3	317	6
13177	4	5	5	4	202	9
13178	5	7	8	5	378	8
13179	2	2	1	6	849	2
13180	3	7	1	3	459	4
13181	4	3	2	4	823	4
13182	5	5	1	2	849	7
13183	6	4	2	3	729	5
13184	5	1	2	2	762	5
13185	6	2	3	2	705	6
13186	5	4	2	3	730	5
13187	5	3	6	4	848	2
13188	5	3	6	3	849	6
13189	5	3	6	2	850	7
13190	4	3	2	3	823	5
13191	4	3	2	2	824	6
13192	3	7	1	2	459	6
13193	3	1	2	5	762	3
13194	3	1	2	4	763	5
13195	4	3	2	4	825	1
13196	4	3	2	3	826	4
13197	5	4	2	3	731	6
13198	5	4	2	2	732	7
13199	6	2	3	3	706	6
13200	7	3	6	4	851	2
13201	7	3	6	3	852	5
13202	8	5	1	4	849	5
13203	8	5	1	3	850	6
13204	8	5	1	2	851	8
13205	7	3	6	2	852	6
13206	8	5	1	4	852	5
13207	8	5	1	3	853	6
13208	8	5	1	2	854	8
13209	6	2	3	2	706	7
13210	7	5	1	4	855	5
13211	7	5	1	3	856	6
13212	7	5	1	2	857	8
13213	5	2	3	2	706	6
13214	6	5	8	7	460	8
13215	5	5	8	7	461	8
13216	5	3	6	3	852	7
13217	6	2	5	5	317	8
13218	7	6	2	2	309	6
13219	6	6	2	2	310	6
13220	4	3	2	2	826	6
13221	3	1	2	3	763	6
13222	3	1	2	2	764	7
13223	4	2	3	3	706	4
13224	4	2	3	2	707	6
13225	5	3	2	3	827	1
13226	5	3	2	2	828	3
13227	5	4	2	3	732	5
13228	5	4	2	2	733	6
13229	6	5	1	2	858	8
13230	7	3	6	2	852	6
13231	3	4	2	6	733	2
13232	4	5	1	2	858	8
13233	4	2	3	2	707	7
13234	5	3	6	4	853	7
13235	6	5	8	6	462	8
13236	4	3	6	2	853	4
13237	4	5	8	6	463	7
13238	3	3	2	4	829	1
13239	4	4	2	4	733	7
13240	5	5	1	2	859	3
13241	4	4	2	3	733	4
13242	4	4	2	2	734	5
13243	3	4	2	4	735	7
13244	4	3	2	3	829	4
13245	3	3	2	3	830	4
13246	3	5	1	2	860	5
13247	2	2	1	5	849	3
13248	3	1	2	4	764	4
13249	3	1	2	3	765	5
13250	4	7	1	2	460	4
13251	5	3	2	3	831	4
13252	6	5	1	2	861	7
13253	6	2	3	2	707	6
13254	5	3	2	2	831	6
13255	4	3	2	4	832	1
13256	4	3	2	3	833	4
13257	5	4	2	3	735	6
13258	5	4	2	2	736	7
13259	6	2	3	3	708	6
13260	7	5	1	4	862	5
13261	7	5	1	3	863	6
13262	7	5	1	2	864	8
13263	6	2	3	2	708	7
13264	7	5	1	4	865	5
13265	7	5	1	3	866	6
13266	7	5	1	2	867	8
13267	5	2	3	2	708	6
13268	6	5	8	7	464	8
13269	5	5	8	7	465	8
13270	4	3	2	2	833	6
13271	3	1	2	2	765	7
13272	4	3	2	4	834	2
13273	4	2	3	3	708	9
13274	4	3	2	3	835	5
13275	5	4	2	2	736	6
13276	5	7	1	2	460	5
13277	3	3	2	3	835	1
13278	4	5	1	3	868	7
13279	4	5	1	2	869	8
13280	5	2	3	3	709	6
13281	5	2	3	2	710	7
13282	4	2	3	3	711	6
13283	4	2	3	2	712	7
13284	4	4	2	2	737	5
13285	5	7	8	5	379	8
13286	6	2	5	4	317	7
13287	7	3	6	5	854	2
13288	7	3	6	4	855	3
13289	7	3	6	3	856	4
13290	7	3	6	2	857	6
13291	3	3	2	2	835	4
13292	4	4	2	3	737	5
13293	4	4	2	2	738	6
13294	2	2	1	4	849	4
13295	3	1	2	3	765	5
13296	3	1	2	2	766	6
13297	3	3	2	4	835	2
13298	3	2	3	3	713	9
13299	3	3	2	2	836	5
13300	4	4	2	2	739	6
13301	2	2	1	3	849	5
13302	3	1	2	3	767	6
13303	3	1	2	2	768	7
13304	4	2	3	3	714	4
13305	5	3	2	2	836	3
13306	4	2	3	2	714	6
13307	5	3	2	3	837	1
13308	5	3	2	2	838	3
13309	5	4	2	3	740	5
13310	5	4	2	2	741	6
13311	6	5	1	2	869	8
13312	6	7	1	2	461	4
13313	3	3	2	3	839	1
13314	4	5	1	3	870	7
13315	4	5	1	2	871	8
13316	5	2	3	3	714	6
13317	5	2	3	2	715	7
13318	4	2	3	3	716	6
13319	4	2	3	2	717	7
13320	4	4	2	2	741	5
13321	5	7	8	5	379	8
13322	6	2	5	4	317	7
13323	7	3	6	5	858	2
13324	7	3	6	4	859	4
13325	7	3	6	3	860	5
13326	7	3	6	2	861	6
13327	6	3	6	4	862	2
13328	6	3	6	3	863	4
13329	6	3	6	2	864	6
13330	3	3	2	2	839	4
13331	4	4	2	3	741	5
13332	4	4	2	2	742	6
13333	2	2	1	2	849	6
13334	3	4	2	6	743	2
13335	4	5	1	2	871	8
13336	4	2	3	2	718	7
13337	3	3	2	4	839	1
13338	4	4	2	4	743	7
13339	5	5	1	2	872	3
13340	4	4	2	3	743	4
13341	4	4	2	2	744	5
13342	3	4	2	4	745	7
13343	4	3	2	3	839	4
13344	3	3	2	3	840	4
13345	3	5	1	2	873	5
13346	1	7	8	7	379	9
13347	2	2	5	7	317	9
13348	3	5	1	7	874	9
13349	4	2	3	5	719	4
13350	5	3	6	4	865	4
13351	6	3	2	4	841	2
13352	7	2	1	2	849	3
13353	5	3	6	3	865	5
13354	6	2	1	4	850	2
13355	6	2	1	3	851	3
13356	7	3	2	2	841	2
13357	6	2	1	2	851	6
13358	7	3	2	2	842	2
13359	5	3	6	2	865	6
13360	6	2	1	4	851	2
13361	6	2	1	3	852	3
13362	6	2	1	2	852	6
13363	7	3	2	3	843	2
13364	7	3	2	2	844	5
13365	5	2	1	4	852	2
13366	5	2	1	3	852	3
13367	6	3	2	2	845	2
13368	7	4	2	4	745	3
13369	7	4	2	3	746	4
13370	7	4	2	2	747	5
13371	5	2	1	2	852	6
13372	6	3	2	2	845	2
13373	7	4	2	4	748	3
13374	7	4	2	3	749	4
13375	7	4	2	2	750	5
13376	5	4	2	3	751	8
13377	6	3	2	3	845	3
13378	5	3	2	2	846	3
13379	4	2	3	4	719	5
13380	5	2	1	5	852	8
13381	5	3	6	4	865	4
13382	6	2	1	4	853	2
13383	6	2	1	3	854	3
13384	6	2	1	2	855	6
13385	5	3	6	3	865	5
13386	6	2	1	4	856	2
13387	6	2	1	3	857	3
13388	7	3	2	4	847	2
13389	6	2	1	2	857	6
13390	7	3	2	4	848	2
13391	5	3	6	2	865	6
13392	6	2	1	4	857	2
13393	6	2	1	3	858	3
13394	6	2	1	2	858	6
13395	7	3	2	4	849	2
13396	5	2	1	4	858	2
13397	5	2	1	3	858	3
13398	6	3	2	3	850	2
13399	7	4	2	4	751	3
13400	7	4	2	3	752	4
13401	7	4	2	2	753	5
13402	8	6	2	4	311	6
13403	5	2	1	2	858	6
13404	6	3	2	3	850	2
13405	7	4	2	4	753	3
13406	7	4	2	3	754	4
13407	7	4	2	2	755	5
13408	8	6	2	4	312	6
13409	4	2	3	3	719	6
13410	5	2	1	5	858	8
13411	6	3	6	6	865	8
13412	7	3	2	4	850	2
13413	7	3	2	3	851	4
13414	8	4	2	2	755	6
13415	9	5	8	5	466	6
13416	10	8	7	4	239	5
13417	10	8	7	3	240	6
13418	10	8	7	2	241	7
13419	9	5	8	4	466	2
13420	8	5	8	5	467	7
13421	6	3	6	5	865	7
13422	7	3	2	4	851	2
13423	6	3	2	4	852	2
13424	6	3	2	3	853	4
13425	7	4	2	2	755	6
13426	8	3	6	3	865	3
13427	8	3	6	2	865	5
13428	8	5	8	5	468	6
13429	9	8	7	4	242	6
13430	9	8	7	3	243	5
13431	9	8	7	2	244	7
13432	8	8	7	4	245	6
13433	7	3	6	3	866	6
13434	5	2	1	4	858	2
13435	6	3	6	5	867	6
13436	7	4	2	7	755	2
13437	7	4	2	4	756	8
13438	8	3	2	3	853	3
13439	8	3	2	2	854	4
13440	7	4	2	3	756	6
13441	8	7	1	3	462	8
13442	6	4	2	7	756	2
13443	6	4	2	4	757	8
13444	7	3	2	3	855	3
13445	7	3	2	2	856	4
13446	6	4	2	3	757	6
13447	7	7	1	3	463	8
13448	5	2	1	3	858	4
13449	6	3	2	4	857	1
13450	6	3	2	3	858	2
13451	7	3	6	3	867	4
13452	7	3	6	2	868	6
13453	7	4	2	4	757	3
13454	8	6	2	4	313	8
13455	9	7	1	3	464	8
13456	7	4	2	3	757	4
13457	7	4	2	2	758	6
13458	6	3	2	2	858	3
13459	7	3	6	3	869	4
13460	7	3	6	2	870	6
13461	7	4	2	3	759	4
13462	7	4	2	2	760	6
13463	7	5	8	5	468	8
13464	5	2	1	2	858	5
13465	6	3	2	4	858	1
13466	6	3	2	3	859	2
13467	7	3	6	3	871	5
13468	7	3	6	2	872	6
13469	7	4	2	4	761	3
13470	8	6	2	4	313	8
13471	9	7	1	3	465	8
13472	7	4	2	3	761	4
13473	7	4	2	2	762	6
13474	6	3	2	2	859	3
13475	7	3	6	3	873	5
13476	7	3	6	2	874	6
13477	7	4	2	3	763	4
13478	7	4	2	2	764	6
13479	7	5	8	5	469	8
13480	5	4	2	7	765	2
13481	5	4	2	4	766	8
13482	6	3	2	3	859	3
13483	6	3	2	2	860	4
13484	5	4	2	3	766	6
13485	6	7	1	3	466	8
13486	4	2	3	2	719	7
13487	5	7	1	5	467	7
13488	6	2	1	5	858	3
13489	7	3	6	4	875	3
13490	7	3	6	3	876	4
13491	8	6	2	6	313	7
13492	7	3	6	2	876	5
13493	8	6	2	6	314	7
13494	6	2	1	4	858	4
13495	7	3	2	4	861	1
13496	8	3	6	4	876	2
13497	8	3	6	3	877	4
13498	8	3	6	2	878	6
13499	9	6	2	5	315	4
13500	8	6	2	5	316	4
13501	8	4	2	2	766	3
13502	7	3	2	3	861	2
13503	7	3	2	2	862	3
13504	6	2	1	3	858	5
13505	7	3	2	4	863	1
13506	8	3	6	3	878	5
13507	8	3	6	2	879	6
13508	8	6	2	5	317	4
13509	7	3	2	3	863	2
13510	7	3	2	2	864	3
13511	6	2	1	2	858	6
13512	7	3	6	4	880	4
13513	7	3	6	3	881	5
13514	8	6	2	6	318	7
13515	7	3	6	2	881	6
13516	8	6	2	6	319	7
13517	7	6	2	6	320	7
13518	8	4	2	5	767	3
13519	8	4	2	4	768	4
13520	8	4	2	3	769	5
13521	8	4	2	2	770	6
13522	6	3	6	6	881	7
13523	7	3	2	4	865	2
13524	7	4	2	3	771	7
13525	8	3	2	3	866	3
13526	8	3	2	2	867	4
13527	9	5	5	4	202	7
13528	10	5	8	4	470	2
13529	10	5	8	3	471	3
13530	10	5	8	2	472	4
13531	11	6	8	2	139	1
13532	10	8	7	4	246	5
13533	10	8	7	3	247	6
13534	7	3	2	2	867	3
13535	6	3	2	4	868	2
13536	6	4	2	3	771	7
13537	7	3	2	3	869	3
13538	7	3	2	2	870	4
13539	8	5	8	5	472	7
13540	6	3	2	2	870	3
13541	5	2	1	5	858	3
13542	6	7	1	3	467	8
13543	5	2	1	4	858	4
13544	6	7	1	2	468	6
13545	6	3	2	4	871	1
13546	7	4	2	4	771	2
13547	6	3	2	3	871	2
13548	5	2	1	3	858	5
13549	6	7	1	2	469	6
13550	6	3	2	4	872	1
13551	7	4	2	4	772	2
13552	6	3	2	3	872	2
13553	5	2	1	2	858	6
13554	6	7	1	3	470	8
13555	4	2	1	6	858	2
13556	5	3	2	5	873	1
13557	5	3	2	4	874	3
13558	6	7	1	2	471	6
13559	5	3	2	3	874	4
13560	6	4	2	3	773	5
13561	6	4	2	2	774	6
13562	5	3	2	2	874	5
13563	5	4	2	2	775	7
13564	4	2	1	5	858	3
13565	5	3	2	5	875	1
13566	5	3	2	4	876	2
13567	6	7	1	4	472	7
13568	7	3	6	4	881	3
13569	7	3	6	3	882	4
13570	8	6	2	6	320	7
13571	9	4	2	5	776	3
13572	9	4	2	4	777	4
13573	9	4	2	3	778	5
13574	9	4	2	2	779	6
13575	7	3	6	2	882	5
13576	8	6	2	6	320	7
13577	9	4	2	5	780	3
13578	9	4	2	4	781	4
13579	9	4	2	3	782	5
13580	9	4	2	2	783	6
13581	6	7	1	3	472	8
13582	5	3	2	3	876	4
13583	5	3	2	2	877	5
13584	4	2	1	4	858	4
13585	5	3	2	5	878	1
13586	5	3	2	4	879	2
13587	6	7	1	3	473	7
13588	7	3	6	4	882	4
13589	7	3	6	3	883	6
13590	8	4	2	5	784	3
13591	8	4	2	4	785	4
13592	9	5	8	6	473	2
13593	9	5	8	5	474	3
13594	9	5	8	4	475	4
13595	9	5	8	3	476	5
13596	10	8	7	5	248	4
13597	10	8	7	4	249	5
13598	10	8	7	3	250	6
13599	10	8	7	2	251	7
13600	9	5	8	2	476	6
13601	8	4	2	3	785	6
13602	8	4	2	2	786	7
13603	9	6	2	4	320	4
13604	7	3	6	2	883	7
13605	8	4	2	4	786	3
13606	8	4	2	3	787	4
13607	8	4	2	2	788	7
13608	7	4	2	5	789	3
13609	7	4	2	4	790	4
13610	8	5	5	7	202	7
13611	9	5	8	6	477	2
13612	9	5	8	5	478	3
13613	9	5	8	4	479	4
13614	10	6	8	3	140	2
13615	9	5	8	3	479	5
13616	10	8	7	5	252	4
13617	10	8	7	4	253	5
13618	10	8	7	3	254	6
13619	10	8	7	2	255	7
13620	9	5	8	2	479	6
13621	7	4	2	3	790	6
13622	7	4	2	2	791	7
13623	8	6	2	4	321	4
13624	6	7	1	2	473	6
13625	6	3	6	4	883	8
13626	7	4	2	4	791	3
13627	7	4	2	3	792	4
13628	7	4	2	2	793	6
13629	6	3	6	3	883	4
13630	6	3	6	2	884	6
13631	5	3	2	3	879	3
13632	5	3	2	2	880	6
13633	6	4	2	2	794	7
13634	6	5	8	7	480	8
13635	7	7	1	3	474	8
13636	5	3	6	3	885	3
13637	5	3	6	2	886	4
13638	6	5	8	6	480	8
13639	7	7	1	3	475	8
13640	4	2	1	3	858	5
13641	5	3	2	5	880	1
13642	5	3	2	4	881	2
13643	6	7	1	3	476	7
13644	7	3	6	4	886	5
13645	7	3	6	3	887	6
13646	8	4	2	5	795	3
13647	8	4	2	4	796	4
13648	9	5	8	6	480	2
13649	9	5	8	5	481	3
13650	9	5	8	4	482	4
13651	10	8	7	5	256	4
13652	10	8	7	4	257	5
13653	10	8	7	3	258	6
13654	10	8	7	2	259	7
13655	9	5	8	3	482	5
13656	9	5	8	2	483	6
13657	8	4	2	3	796	6
13658	8	4	2	2	797	7
13659	9	6	2	4	322	4
13660	7	3	6	2	887	7
13661	7	4	2	5	797	3
13662	7	4	2	4	798	4
13663	8	5	5	7	202	7
13664	9	5	8	6	484	2
13665	9	5	8	5	485	3
13666	9	5	8	4	486	4
13667	10	8	7	5	260	4
13668	10	8	7	4	261	5
13669	10	8	7	3	262	6
13670	10	8	7	2	263	7
13671	9	5	8	3	486	5
13672	10	8	7	5	264	4
13673	10	8	7	4	265	5
13674	10	8	7	3	266	6
13675	10	8	7	2	267	7
13676	9	5	8	2	486	6
13677	7	4	2	3	798	6
13678	7	4	2	2	799	7
13679	8	6	2	4	323	4
13680	6	7	1	2	476	6
13681	6	3	6	4	888	8
13682	7	4	2	4	799	3
13683	7	4	2	3	800	4
13684	7	4	2	2	801	6
13685	6	3	6	3	888	5
13686	6	3	6	2	889	6
13687	5	3	2	3	881	3
13688	5	3	2	2	882	6
13689	6	4	2	2	802	7
13690	6	5	8	7	487	8
13691	7	7	1	3	477	8
13692	5	3	6	3	890	3
13693	5	3	6	2	891	5
13694	6	5	8	7	487	8
13695	7	7	1	3	478	8
13696	4	2	1	2	858	6
13697	5	3	2	5	882	1
13698	5	3	2	4	883	2
13699	6	7	1	4	479	7
13700	7	3	6	4	891	4
13701	8	6	2	6	324	7
13702	9	4	2	5	803	3
13703	9	4	2	4	804	4
13704	9	4	2	3	805	5
13705	9	4	2	2	806	6
13706	7	3	6	3	891	5
13707	8	6	2	6	324	7
13708	9	4	2	5	807	3
13709	9	4	2	4	808	4
13710	9	4	2	3	809	5
13711	9	4	2	2	810	6
13712	7	3	6	2	891	6
13713	8	4	2	5	811	3
13714	9	6	2	5	324	7
13715	8	4	2	4	811	4
13716	8	4	2	3	812	5
13717	8	4	2	2	813	6
13718	9	6	2	4	325	7
13719	7	6	2	6	326	7
13720	8	4	2	5	813	3
13721	8	4	2	4	814	4
13722	8	4	2	3	815	5
13723	8	4	2	2	816	6
13724	6	7	1	3	479	8
13725	5	3	2	3	883	4
13726	5	3	2	2	884	5
13727	4	3	2	5	885	1
13728	4	3	2	4	886	3
13729	5	7	1	2	480	6
13730	4	3	2	3	886	4
13731	5	4	2	3	817	5
13732	5	4	2	2	818	6
13733	4	3	2	2	886	5
13734	4	4	2	2	819	7
13735	3	5	1	6	874	3
13736	4	3	2	2	887	1
13737	3	5	1	5	874	4
13738	4	3	2	6	888	2
13739	5	4	2	2	820	7
13740	6	2	1	3	858	3
13741	6	2	1	2	859	6
13742	5	2	1	3	860	3
13743	5	2	1	2	861	6
13744	4	2	1	3	862	3
13745	4	2	1	2	863	6
13746	3	5	1	4	874	5
13747	4	5	8	6	487	8
13748	5	2	1	5	864	2
13749	5	2	1	4	865	3
13750	5	2	1	3	866	6
13751	5	2	1	2	867	7
13752	6	2	3	4	719	8
13753	7	3	2	5	888	1
13754	7	3	2	4	889	3
13755	8	4	2	3	820	4
13756	8	4	2	2	821	6
13757	7	3	2	3	889	4
13758	7	3	2	2	890	5
13759	7	4	2	2	822	7
13760	6	3	6	5	891	7
13761	4	5	8	5	487	7
13762	5	2	1	5	867	2
13763	6	4	2	5	823	7
13764	7	2	3	4	719	8
13765	8	3	6	5	892	2
13766	8	3	6	4	893	3
13767	8	3	6	3	894	4
13768	9	3	2	4	891	1
13769	9	3	2	3	892	3
13770	9	3	2	2	893	5
13771	8	3	6	2	894	5
13772	9	3	2	4	894	1
13773	9	3	2	3	895	3
13774	9	3	2	2	896	4
13775	5	2	1	4	867	3
13776	5	2	1	3	868	6
13777	5	2	1	2	869	7
13778	6	2	3	4	719	8
13779	7	3	6	6	894	8
13780	8	3	2	5	897	1
13781	8	4	2	4	823	7
13782	7	3	6	5	894	7
13783	8	4	2	5	824	7
13784	9	3	2	5	898	1
13785	9	3	2	4	899	3
13786	9	3	2	3	900	4
13787	9	3	2	2	901	5
13788	6	4	2	5	824	7
13789	7	2	3	3	719	4
13790	7	2	3	2	720	5
13791	3	5	1	3	874	6
13792	4	5	8	6	487	8
13793	5	2	1	5	869	2
13794	5	2	1	4	870	4
13795	6	7	1	2	481	7
13796	7	2	3	3	721	6
13797	8	3	6	5	894	6
13798	9	3	2	4	902	1
13799	8	3	6	3	894	7
13800	8	3	6	2	895	2
13801	7	2	3	2	721	7
13802	8	4	2	5	824	7
13803	9	3	6	6	896	7
13804	9	3	2	3	903	2
13805	9	3	2	2	904	3
13806	8	4	2	4	824	8
13807	7	3	2	5	905	1
13808	7	3	2	4	906	2
13809	7	3	2	3	907	3
13810	7	3	2	2	908	6
13811	5	2	1	3	870	5
13812	6	7	1	2	481	7
13813	7	2	3	3	721	6
13814	8	3	6	5	897	6
13815	7	2	3	2	721	7
13816	8	4	2	5	825	7
13817	9	3	6	6	898	7
13818	9	3	6	5	899	5
13819	8	4	2	4	825	8
13820	7	3	2	5	909	1
13821	7	3	2	4	910	2
13822	7	3	2	3	911	3
13823	7	3	2	2	912	6
13824	5	2	1	2	870	7
13825	6	2	3	4	721	8
13826	7	7	1	2	481	4
13827	6	3	6	5	900	7
13828	4	5	8	5	487	7
13829	5	2	1	5	870	2
13830	6	4	2	5	826	7
13831	7	2	3	4	721	8
13832	8	7	1	2	482	4
13833	8	3	2	4	913	3
13834	8	3	2	3	914	4
13835	8	3	2	2	915	5
13836	5	2	1	4	870	4
13837	6	7	1	2	483	7
13838	7	2	3	3	721	6
13839	7	2	3	2	722	7
13840	8	4	2	5	826	7
13841	9	3	2	3	916	2
13842	9	3	2	2	917	3
13843	7	3	6	6	901	8
13844	7	4	2	5	826	7
13845	8	3	2	3	918	2
13846	8	3	2	2	919	3
13847	5	2	1	3	870	5
13848	6	7	1	2	483	7
13849	7	2	3	3	722	6
13850	7	2	3	2	723	7
13851	8	4	2	5	826	7
13852	9	3	2	3	920	2
13853	9	3	2	2	921	3
13854	7	3	6	6	902	8
13855	7	4	2	5	826	7
13856	8	3	2	3	922	2
13857	8	3	2	2	923	3
13858	5	2	1	2	870	7
13859	6	2	3	4	723	8
13860	7	3	6	6	903	8
13861	8	7	1	2	483	4
13862	8	4	2	5	826	8
13863	7	3	6	5	903	7
13864	8	4	2	5	827	7
13865	9	7	1	2	484	4
13866	9	3	2	4	924	3
13867	9	3	2	3	925	4
13868	9	3	2	2	926	5
13869	6	4	2	5	827	7
13870	7	7	1	2	485	4
13871	7	2	3	3	723	4
13872	7	2	3	2	724	5
13873	3	5	1	2	874	7
13874	4	5	8	6	487	8
13875	5	2	1	5	870	3
13876	6	3	2	5	927	1
13877	6	3	2	4	928	2
13878	7	2	3	4	725	8
13879	6	3	2	3	928	4
13880	6	3	2	2	929	5
13881	5	2	1	4	870	4
13882	6	7	1	2	486	6
13883	6	3	6	4	903	8
13884	5	2	1	3	870	5
13885	6	7	1	2	487	6
13886	6	3	6	5	904	8
13887	7	3	2	4	930	2
13888	5	2	1	2	870	6
13889	6	3	6	6	904	6
13890	7	3	2	5	931	1
13891	7	3	2	4	932	2
13892	8	2	3	4	726	8
13893	7	3	2	3	932	4
13894	7	3	2	2	933	5
13895	6	3	2	5	934	1
13896	6	3	2	4	935	2
13897	7	2	3	4	727	8
13898	6	3	2	3	935	4
13899	6	3	2	2	936	5
13900	4	2	1	5	870	3
13901	5	3	2	5	937	1
13902	5	3	2	4	938	2
13903	6	2	3	4	728	8
13904	7	4	2	5	827	8
13905	7	3	6	3	904	3
13906	7	3	6	2	905	4
13907	8	7	1	3	488	8
13908	7	7	1	3	489	8
13909	6	2	3	3	728	4
13910	6	2	3	2	729	5
13911	5	3	2	3	938	4
13912	5	3	2	2	939	5
13913	4	2	1	4	870	4
13914	5	7	1	2	490	6
13915	5	4	2	6	828	8
13916	6	2	3	3	730	8
13917	7	3	2	4	940	7
13918	7	3	6	5	905	8
13919	6	2	3	2	730	6
13920	7	3	2	2	941	3
13921	6	3	2	3	942	2
13922	6	3	2	2	943	3
13923	5	2	3	3	730	8
13924	5	2	3	2	731	6
13925	6	3	6	5	906	6
13926	7	3	2	3	944	1
13927	7	3	2	2	945	2
13928	6	3	6	4	906	4
13929	6	3	6	3	907	7
13930	4	2	1	3	870	5
13931	5	7	1	2	491	6
13932	5	4	2	6	828	8
13933	6	2	3	3	731	8
13934	7	3	2	4	946	7
13935	7	3	6	5	908	8
13936	8	3	2	3	947	2
13937	6	2	3	2	731	6
13938	7	3	2	2	948	3
13939	6	3	2	3	949	2
13940	6	3	2	2	950	3
13941	5	2	3	3	731	8
13942	5	2	3	2	732	6
13943	6	3	6	5	908	6
13944	7	3	2	3	951	1
13945	7	3	2	2	952	2
13946	6	3	6	4	908	5
13947	4	2	1	2	870	6
13948	5	3	6	6	909	6
13949	6	3	2	5	953	1
13950	6	3	2	4	954	2
13951	7	2	3	4	732	8
13952	8	4	2	5	828	8
13953	8	7	1	3	492	8
13954	7	2	3	3	732	4
13955	7	2	3	2	733	5
13956	6	3	2	3	954	4
13957	6	3	2	2	955	5
13958	5	3	2	5	956	1
13959	5	3	2	4	957	2
13960	6	2	3	4	734	8
13961	7	3	6	2	909	4
13962	6	3	6	3	910	4
13963	6	3	6	2	911	5
13964	5	3	2	3	957	4
13965	5	3	2	2	958	5
13966	3	2	3	5	734	8
13967	4	3	6	7	912	8
13968	5	2	1	4	870	3
13969	5	2	1	3	871	4
13970	5	2	1	2	872	5
13971	6	3	2	4	959	2
13972	4	3	6	6	912	7
13973	5	2	1	6	872	7
13974	6	4	2	5	829	7
13975	6	4	2	4	830	2
13976	4	7	1	4	493	7
13977	5	2	1	4	872	3
13978	5	2	1	3	873	4
13979	5	2	1	2	874	5
13980	4	4	2	5	831	7
13981	4	4	2	4	832	2
13982	3	3	6	6	912	7
13983	4	7	1	4	493	7
13984	5	2	3	4	734	7
13985	6	3	2	6	960	1
13986	7	2	1	4	875	3
13987	7	2	1	3	876	4
13988	7	2	1	2	877	5
13989	5	4	2	3	833	4
13990	5	4	2	2	834	5
13991	4	2	3	3	734	4
13992	4	2	3	2	735	5
13993	5	3	2	5	960	4
13994	6	4	2	3	835	5
13995	6	4	2	2	836	6
13996	5	7	1	3	493	4
13997	4	2	1	4	878	2
13998	4	2	1	3	878	4
13999	4	2	1	2	879	5
14000	3	7	1	4	494	7
14001	4	2	1	4	880	3
14002	4	2	1	3	881	4
14003	5	4	2	6	837	4
14004	5	3	6	4	912	6
14005	5	2	3	2	735	6
14006	4	2	1	2	881	5
14007	5	4	2	6	838	4
14008	5	3	6	4	913	6
14009	5	2	3	2	736	6
14010	3	3	2	5	960	1
14011	2	2	3	5	737	4
14012	3	3	6	4	914	4
14013	4	3	2	4	961	2
14014	5	2	1	2	881	3
14015	3	3	6	3	914	5
14016	4	3	2	4	961	2
14017	5	2	1	2	882	3
14018	4	3	2	3	961	3
14019	5	2	1	2	883	2
14020	4	3	2	2	961	6
14021	5	2	1	2	884	2
14022	3	3	6	2	914	6
14023	4	3	2	4	961	2
14024	5	4	2	3	839	4
14025	5	4	2	2	840	5
14026	4	3	2	3	961	3
14027	5	2	1	2	885	2
14028	4	3	2	2	961	5
14029	5	4	2	3	841	6
14030	6	2	1	4	886	6
14031	5	4	2	2	841	7
14032	5	2	1	4	887	3
14033	3	3	2	4	961	2
14034	4	2	1	2	887	3
14035	5	4	2	4	842	3
14036	5	4	2	3	843	4
14037	5	4	2	2	844	5
14038	6	5	1	3	874	7
14039	7	7	1	2	494	5
14040	6	5	1	2	874	8
14041	5	7	1	4	495	8
14042	4	4	2	4	844	3
14043	4	4	2	3	845	4
14044	4	4	2	2	846	5
14045	5	5	1	3	875	7
14046	6	7	1	2	496	5
14047	5	5	1	2	875	8
14048	4	7	1	4	497	8
14049	3	3	2	3	961	3
14050	3	3	2	2	962	5
14051	4	4	2	3	846	6
14052	5	5	1	3	876	5
14053	5	5	1	2	877	7
14054	5	5	8	7	487	8
14055	6	2	1	4	887	2
14056	6	2	1	3	887	3
14057	6	2	1	2	888	6
14058	4	4	2	2	846	7
14059	4	2	1	4	889	3
14060	2	2	3	4	737	5
14061	3	2	1	5	890	8
14062	3	3	6	4	914	4
14063	4	2	1	4	891	2
14064	4	2	1	3	892	3
14065	4	2	1	2	893	6
14066	3	3	6	3	914	5
14067	4	2	1	4	894	2
14068	4	2	1	3	895	3
14069	5	3	2	4	962	2
14070	4	2	1	2	895	6
14071	5	3	2	4	963	2
14072	3	3	6	2	914	6
14073	4	2	1	4	895	2
14074	4	2	1	3	896	3
14075	4	2	1	2	896	6
14076	5	3	2	4	964	2
14077	3	2	1	4	896	2
14078	3	2	1	3	896	3
14079	4	3	2	3	965	2
14080	5	4	2	4	847	3
14081	5	4	2	3	848	4
14082	5	4	2	2	849	5
14083	6	5	1	3	878	7
14084	7	7	1	2	498	5
14085	6	5	1	2	878	8
14086	6	6	2	4	326	6
14087	5	7	1	4	499	8
14088	6	5	1	3	879	4
14089	3	2	1	2	896	6
14090	4	3	2	3	965	2
14091	2	2	3	3	737	6
14092	3	2	1	5	896	8
14093	4	3	2	4	966	2
14094	5	3	6	3	914	7
14095	4	3	2	3	966	4
14096	5	4	2	3	849	6
14097	6	3	6	5	915	6
14098	6	3	6	4	916	7
14099	6	3	6	3	917	5
14100	5	4	2	2	849	7
14101	3	2	1	4	896	2
14102	4	3	6	5	918	6
14103	5	4	2	7	850	2
14104	5	5	8	6	487	8
14105	6	3	2	4	966	1
14106	6	3	2	3	967	3
14107	6	3	2	2	968	4
14108	4	4	2	7	851	2
14109	4	5	8	6	487	8
14110	5	3	2	4	969	1
14111	5	3	2	3	970	3
14112	5	3	2	2	971	4
14113	3	2	1	3	896	4
14114	4	3	2	4	972	1
14115	4	3	2	3	973	2
14116	5	3	6	3	918	4
14117	5	3	6	2	919	6
14118	6	5	1	4	879	3
14119	6	5	1	3	880	6
14120	6	5	1	2	881	7
14121	5	4	2	4	852	3
14122	6	5	1	4	882	6
14123	6	5	1	3	883	7
14124	6	5	1	2	884	8
14125	6	5	8	7	487	8
14126	7	7	1	3	499	6
14127	7	7	1	2	500	7
14128	5	4	2	3	852	4
14129	6	7	1	2	501	7
14130	5	4	2	2	852	6
14131	6	5	1	3	885	7
14132	6	5	1	2	886	8
14133	5	5	1	3	887	9
14134	4	3	2	2	973	3
14135	5	3	6	3	919	4
14136	5	3	6	2	920	6
14137	5	7	1	2	502	7
14138	3	2	1	2	896	5
14139	4	3	2	4	973	1
14140	4	3	2	3	974	2
14141	4	3	2	2	975	3
14142	3	4	2	7	852	2
14143	3	3	2	4	976	1
14144	3	3	2	3	977	3
14145	4	4	2	3	853	4
14146	4	4	2	2	854	6
14147	3	3	2	2	977	4
14148	2	2	3	2	737	7
14149	3	2	1	5	896	8
14150	4	3	2	5	978	2
14151	4	7	1	2	503	5
14152	4	4	2	4	855	7
14153	5	3	2	3	979	3
14154	5	3	2	2	980	4
14155	6	3	6	4	921	7
14156	7	2	5	4	317	6
14157	8	5	5	4	202	7
14158	9	5	8	4	487	2
14159	9	5	8	3	488	3
14160	9	5	8	2	489	4
14161	10	6	8	2	141	1
14162	9	8	7	4	268	5
14163	9	8	7	3	269	6
14164	7	5	8	5	489	7
14165	6	3	6	3	921	8
14166	7	5	8	5	490	7
14167	4	3	6	6	921	7
14168	5	5	1	5	888	9
14169	6	3	2	2	980	3
14170	6	2	5	4	317	5
14171	7	5	8	4	491	2
14172	7	5	8	3	492	3
14173	7	5	8	2	493	4
14174	7	8	7	4	270	7
14175	7	8	7	3	271	6
14176	6	5	8	4	494	2
14177	6	5	8	3	495	3
14178	6	5	8	2	496	4
14179	6	2	5	3	317	3
14180	6	2	5	2	317	4
14181	4	5	1	5	888	9
14182	5	3	2	2	981	3
14183	5	3	6	3	921	8
14184	6	2	5	4	318	5
14185	6	2	5	3	319	6
14186	3	7	1	5	504	7
14187	4	2	1	4	896	3
14188	5	3	6	4	921	3
14189	5	3	6	3	922	4
14190	6	5	1	4	888	4
14191	6	5	1	3	889	5
14192	6	5	1	2	890	8
14193	6	4	2	5	855	3
14194	6	4	2	4	856	4
14195	6	4	2	3	857	5
14196	6	4	2	2	858	6
14197	7	6	2	4	327	7
14198	5	3	6	2	922	5
14199	6	5	1	4	891	4
14200	6	5	1	3	892	5
14201	6	5	1	2	893	8
14202	6	4	2	5	858	3
14203	7	5	8	7	497	8
14204	8	6	2	5	328	7
14205	6	4	2	4	858	4
14206	6	4	2	3	859	5
14207	6	4	2	2	860	6
14208	7	6	2	4	329	7
14209	4	2	1	3	896	4
14210	5	3	2	4	982	1
14211	6	3	6	4	922	2
14212	6	3	6	3	923	4
14213	6	3	6	2	924	6
14214	7	5	1	4	894	3
14215	7	5	1	3	895	6
14216	7	5	1	2	896	8
14217	6	5	1	4	897	3
14218	6	5	1	3	898	6
14219	6	5	1	2	899	8
14220	6	5	8	7	497	8
14221	7	4	2	5	860	2
14222	7	4	2	4	861	3
14223	7	4	2	3	862	5
14224	7	4	2	2	863	6
14225	6	4	2	5	864	2
14226	6	4	2	4	865	3
14227	6	4	2	3	866	5
14228	6	4	2	2	867	6
14229	5	3	2	3	982	2
14230	5	3	2	2	983	3
14231	6	3	6	4	924	2
14232	6	3	6	3	925	4
14233	6	3	6	2	926	6
14234	7	5	1	4	900	3
14235	7	5	1	3	901	6
14236	6	5	1	4	902	3
14237	6	5	1	3	903	6
14238	5	4	2	2	868	7
14239	4	2	1	2	896	5
14240	5	3	2	4	983	1
14241	5	3	2	3	984	2
14242	5	3	2	2	985	3
14243	5	4	2	2	869	7
14244	4	3	6	4	926	4
14245	5	5	1	4	904	9
14246	6	4	2	5	870	3
14247	6	4	2	4	871	4
14248	6	4	2	3	872	5
14249	6	4	2	2	873	6
14250	7	6	2	4	330	7
14251	5	5	1	3	904	4
14252	5	5	1	2	905	5
14253	4	3	6	3	926	5
14254	5	5	1	4	906	4
14255	5	5	1	3	907	5
14256	5	5	1	2	908	8
14257	4	3	6	2	926	6
14258	5	5	1	4	909	4
14259	5	5	1	3	910	5
14260	5	5	1	2	911	8
14261	5	4	2	5	873	3
14262	6	5	8	7	497	8
14263	7	6	2	5	331	7
14264	5	4	2	4	873	4
14265	5	4	2	3	874	5
14266	5	4	2	2	875	6
14267	6	6	2	4	332	7
14268	4	5	1	4	912	9
14269	5	4	2	5	875	3
14270	6	5	8	7	497	8
14271	7	6	2	5	333	7
14272	5	4	2	4	875	4
14273	5	4	2	3	876	5
14274	5	4	2	2	877	6
14275	6	6	2	4	334	7
14276	3	2	1	4	896	3
14277	4	7	1	3	504	8
14278	5	5	1	2	912	7
14279	6	4	2	3	877	8
14280	7	5	8	6	497	8
14281	7	3	6	4	926	5
14282	4	5	1	2	912	7
14283	5	4	2	3	877	8
14284	3	2	1	3	896	4
14285	4	7	1	2	504	6
14286	4	5	1	3	912	6
14287	4	5	1	2	913	7
14288	5	4	2	6	878	8
14289	6	3	2	3	986	2
14290	6	3	2	2	987	3
14291	4	3	6	5	927	7
14292	5	3	2	4	988	1
14293	6	4	2	4	878	2
14294	5	3	2	3	988	2
14295	3	2	1	2	896	5
14296	4	7	1	2	505	6
14297	4	5	1	3	913	6
14298	4	5	1	2	914	7
14299	5	4	2	6	879	8
14300	6	3	2	3	989	2
14301	6	3	2	2	990	3
14302	4	3	6	5	927	7
14303	5	3	2	4	991	1
14304	5	3	2	3	992	2
14305	3	7	1	3	506	8
14306	4	5	1	2	914	7
14307	5	4	2	3	879	8
14308	6	5	8	6	498	8
14309	7	3	6	4	927	4
14310	7	3	6	3	928	5
14311	7	3	6	2	929	6
14312	3	5	1	2	914	7
14313	4	4	2	3	879	8
14314	2	2	1	6	896	2
14315	3	3	2	5	993	1
14316	3	3	2	4	994	3
14317	4	7	1	2	506	6
14318	3	3	2	3	994	4
14319	4	4	2	3	880	5
14320	4	4	2	2	881	6
14321	3	3	2	2	994	5
14322	3	4	2	2	882	7
14323	4	5	1	3	914	5
14324	4	5	1	2	915	6
14325	2	2	1	5	896	3
14326	3	3	2	5	995	1
14327	3	3	2	4	996	2
14328	4	7	1	4	507	7
14329	5	3	6	4	930	3
14330	5	3	6	3	931	4
14331	6	5	1	4	916	4
14332	6	5	1	3	917	5
14333	6	5	1	2	918	8
14334	6	4	2	5	882	3
14335	6	4	2	4	883	4
14336	6	4	2	3	884	5
14337	6	4	2	2	885	6
14338	7	6	2	4	335	7
14339	5	3	6	2	931	5
14340	6	5	1	4	919	4
14341	6	5	1	3	920	5
14342	6	5	1	2	921	8
14343	6	4	2	5	885	3
14344	7	6	2	5	336	7
14345	6	4	2	4	885	4
14346	6	4	2	3	886	5
14347	6	4	2	2	887	6
14348	7	6	2	4	337	7
14349	4	7	1	3	507	8
14350	5	5	1	2	922	7
14351	6	4	2	3	887	8
14352	7	5	8	6	498	8
14353	7	3	6	4	931	3
14354	7	3	6	3	932	4
14355	7	3	6	2	933	5
14356	4	5	1	2	922	7
14357	5	4	2	2	887	5
14358	3	3	2	3	996	4
14359	3	3	2	2	997	5
14360	2	2	1	4	896	4
14361	3	3	2	5	998	1
14362	3	3	2	4	999	2
14363	4	7	1	3	507	7
14364	5	3	6	4	934	4
14365	5	3	6	3	935	6
14366	6	4	2	5	888	7
14367	7	5	8	7	499	7
14368	8	5	1	4	922	3
14369	8	5	1	3	923	6
14370	8	5	1	2	924	8
14371	6	5	1	2	925	8
14372	5	3	6	2	935	7
14373	6	5	1	4	926	3
14374	6	5	1	3	927	6
14375	6	5	1	2	928	8
14376	6	4	2	4	888	3
14377	6	4	2	3	889	4
14378	6	4	2	2	890	7
14379	5	5	1	4	929	3
14380	5	5	1	3	930	6
14381	5	5	1	2	931	8
14382	6	4	2	4	891	4
14383	7	6	2	3	338	7
14384	5	4	2	5	891	3
14385	5	4	2	4	892	4
14386	5	4	2	3	893	6
14387	5	4	2	2	894	7
14388	4	7	1	2	507	6
14389	4	5	1	3	931	6
14390	4	5	1	2	932	7
14391	5	4	2	4	895	8
14392	4	3	6	4	935	4
14393	4	3	6	3	936	6
14394	4	3	6	2	937	7
14395	4	4	2	4	896	3
14396	4	4	2	3	897	4
14397	4	4	2	2	898	6
14398	3	3	2	3	999	3
14399	4	7	1	3	508	7
14400	5	3	6	4	938	4
14401	5	3	6	3	939	6
14402	6	4	2	4	899	7
14403	5	3	6	2	939	7
14404	5	5	1	4	932	3
14405	5	5	1	3	933	6
14406	5	5	1	2	934	8
14407	3	3	2	2	999	6
14408	4	4	2	2	900	7
14409	4	5	1	3	935	6
14410	4	5	1	2	936	7
14411	4	7	1	3	508	8
14412	3	3	6	3	940	3
14413	3	3	6	2	941	4
14414	4	5	1	3	937	6
14415	4	5	1	2	938	7
14416	5	7	1	2	509	6
14417	4	7	1	3	510	8
14418	2	2	1	3	896	5
14419	3	3	2	5	999	1
14420	3	3	2	4	1000	2
14421	4	7	1	3	511	7
14422	5	3	6	4	941	5
14423	5	3	6	3	942	6
14424	6	4	2	5	901	7
14425	7	5	8	7	499	7
14426	8	5	1	4	938	3
14427	8	5	1	3	939	6
14428	8	5	1	2	940	8
14429	6	5	1	2	941	8
14430	5	3	6	2	942	7
14431	5	5	1	4	942	3
14432	5	5	1	3	943	6
14433	5	5	1	2	944	8
14434	6	4	2	4	901	4
14435	7	6	2	3	339	7
14436	5	4	2	5	901	3
14437	5	4	2	4	902	4
14438	5	4	2	3	903	6
14439	5	4	2	2	904	7
14440	4	7	1	2	511	6
14441	4	5	1	3	944	6
14442	4	5	1	2	945	7
14443	5	4	2	4	905	8
14444	4	3	6	4	943	5
14445	4	3	6	3	944	6
14446	4	3	6	2	945	7
14447	4	4	2	4	906	3
14448	4	4	2	3	907	4
14449	4	4	2	2	908	6
14450	3	3	2	3	1000	3
14451	4	7	1	3	512	7
14452	5	3	6	4	946	5
14453	5	3	6	3	947	6
14454	6	4	2	4	909	7
14455	5	3	6	2	947	7
14456	5	5	1	4	945	3
14457	5	5	1	3	946	6
14458	5	5	1	2	947	8
14459	3	3	2	2	1000	6
14460	4	4	2	2	910	7
14461	4	5	1	3	948	6
14462	4	5	1	2	949	7
14463	4	7	1	3	512	8
14464	3	5	1	3	950	6
14465	3	5	1	2	951	7
14466	4	3	6	3	948	3
14467	4	3	6	2	949	5
14468	5	7	1	2	513	6
14469	3	3	6	3	949	3
14470	3	3	6	2	950	5
14471	4	7	1	3	514	8
14472	2	2	1	2	896	6
14473	3	3	2	5	1000	1
14474	3	3	2	4	1001	2
14475	4	7	1	4	515	7
14476	5	5	1	4	951	4
14477	5	5	1	3	952	5
14478	5	5	1	2	953	8
14479	5	3	6	4	950	4
14480	6	4	2	5	911	3
14481	6	4	2	4	912	4
14482	6	4	2	3	913	5
14483	6	4	2	2	914	6
14484	7	6	2	4	340	7
14485	5	3	6	3	950	5
14486	6	4	2	5	914	3
14487	7	6	2	5	341	7
14488	6	4	2	4	914	4
14489	6	4	2	3	915	5
14490	6	4	2	2	916	6
14491	7	6	2	4	342	7
14492	5	3	6	2	950	6
14493	6	4	2	5	916	3
14494	7	6	2	5	343	7
14495	6	4	2	4	916	4
14496	6	4	2	3	917	5
14497	6	4	2	2	918	6
14498	7	6	2	4	344	7
14499	5	4	2	5	918	3
14500	6	6	2	5	345	7
14501	5	4	2	4	918	4
14502	5	4	2	3	919	5
14503	5	4	2	2	920	6
14504	6	6	2	4	346	7
14505	4	7	1	3	515	8
14506	5	5	1	2	954	7
14507	6	4	2	3	920	8
14508	7	5	8	6	499	8
14509	8	3	6	4	950	4
14510	8	3	6	3	951	5
14511	8	3	6	2	952	6
14512	7	3	6	4	953	4
14513	7	3	6	3	954	5
14514	7	3	6	2	955	6
14515	4	5	1	2	954	7
14516	5	4	2	2	920	5
14517	3	3	2	3	1001	4
14518	3	3	2	2	1002	5
14519	2	3	2	5	1003	1
14520	2	3	2	4	1004	3
14521	3	7	1	2	515	6
14522	2	3	2	3	1004	4
14523	3	4	2	3	921	5
14524	3	4	2	2	922	6
14525	2	3	2	2	1004	5
14526	2	4	2	2	923	7
14527	3	5	1	3	954	5
14528	3	5	1	2	955	6
14529	1	5	8	8	499	9
14530	2	2	5	7	320	9
14531	3	5	1	6	956	3
14532	4	3	2	2	1005	1
14533	3	5	1	5	956	4
14534	4	3	2	6	1006	2
14535	5	4	2	2	923	7
14536	6	2	1	3	896	3
14537	6	2	1	2	897	6
14538	5	2	1	3	898	3
14539	5	2	1	2	899	6
14540	4	2	1	3	900	3
14541	4	2	1	2	901	6
14542	3	5	1	4	956	5
14543	4	4	2	5	923	3
14544	4	4	2	4	924	4
14545	5	3	2	3	1006	1
14546	5	3	2	2	1007	2
14547	4	4	2	3	924	6
14548	5	3	2	4	1008	2
14549	5	3	2	3	1009	3
14550	5	3	2	2	1010	4
14551	4	4	2	2	924	7
14552	5	2	1	5	902	2
14553	6	2	3	4	737	8
14554	7	3	2	5	1011	1
14555	7	3	2	4	1012	3
14556	7	3	2	3	1013	4
14557	7	3	2	2	1014	5
14558	5	2	1	4	902	3
14559	5	2	1	3	903	6
14560	5	2	1	2	904	7
14561	6	2	3	4	737	8
14562	7	3	6	6	956	8
14563	8	3	2	5	1015	1
14564	8	3	2	4	1016	3
14565	8	3	2	3	1017	4
14566	8	3	2	2	1018	5
14567	7	3	6	5	956	7
14568	8	3	2	5	1019	1
14569	8	3	2	4	1020	3
14570	8	3	2	3	1021	4
14571	8	3	2	2	1022	5
14572	7	3	6	4	956	3
14573	7	3	6	3	957	4
14574	7	3	6	2	958	5
14575	8	3	2	4	1023	6
14576	6	2	3	3	737	4
14577	6	2	3	2	738	5
14578	4	7	1	4	516	8
14579	5	2	3	5	739	8
14580	6	3	6	7	958	8
14581	7	2	1	4	904	7
14582	7	2	1	2	905	3
14583	5	2	1	4	906	2
14584	5	2	1	3	907	3
14585	5	2	1	2	908	6
14586	4	3	6	5	958	8
14587	5	2	1	2	909	3
14588	3	5	1	3	956	6
14589	4	4	2	5	924	3
14590	5	3	2	2	1024	1
14591	4	4	2	4	924	4
14592	5	3	2	3	1025	1
14593	5	3	2	2	1026	2
14594	6	2	1	3	910	4
14595	7	3	6	4	958	6
14596	8	2	3	3	739	8
14597	7	3	6	3	958	7
14598	6	2	1	2	910	5
14599	7	3	6	4	959	6
14600	8	2	3	3	740	8
14601	7	3	6	3	959	7
14602	4	4	2	3	924	5
14603	5	3	2	4	1026	1
14604	5	3	2	3	1027	2
14605	6	2	1	3	910	4
14606	6	2	1	2	911	5
14607	5	3	2	2	1027	3
14608	5	2	1	3	912	2
14609	5	2	1	2	913	7
14610	4	4	2	2	924	7
14611	5	3	2	5	1028	2
14612	6	2	1	3	914	4
14613	6	2	1	2	915	5
14614	5	3	2	4	1028	3
14615	6	7	1	2	516	7
14616	7	2	1	3	916	4
14617	7	2	1	2	917	5
14618	6	2	3	4	741	8
14619	7	3	6	6	960	8
14620	7	2	1	4	918	7
14621	6	2	3	3	741	5
14622	6	2	3	2	742	6
14623	5	3	2	3	1028	4
14624	6	2	1	3	919	2
14625	7	2	3	3	743	8
14626	6	2	1	2	919	7
14627	7	2	3	3	744	8
14628	7	2	3	2	745	5
14629	5	3	2	2	1028	5
14630	5	3	6	5	961	3
14631	5	3	6	4	962	4
14632	6	2	3	4	746	4
14633	6	2	3	3	747	5
14634	6	2	3	2	748	7
14635	6	2	1	4	919	2
14636	6	2	1	3	920	4
14637	5	3	6	3	962	5
14638	6	2	3	4	749	4
14639	6	2	3	3	750	5
14640	7	2	1	3	921	8
14641	7	2	1	2	922	2
14642	6	2	3	2	750	7
14643	5	3	6	2	962	7
14644	6	2	3	4	751	8
14645	7	2	1	4	923	7
14646	6	2	1	4	924	4
14647	5	2	1	5	925	8
14648	5	2	1	4	926	7
14649	4	7	1	4	516	8
14650	5	2	3	5	751	8
14651	6	3	6	7	962	8
14652	7	2	1	4	927	7
14653	8	3	2	5	1029	1
14654	7	2	1	2	927	4
14655	5	2	1	4	928	2
14656	5	2	1	3	929	4
14657	5	2	1	2	930	5
14658	5	2	3	3	751	4
14659	5	2	3	2	752	5
14660	4	3	6	5	962	8
14661	5	2	1	4	931	7
14662	5	2	1	2	932	4
14663	4	3	2	4	1030	6
14664	3	5	1	2	956	7
14665	4	2	1	5	933	3
14666	5	2	3	4	753	8
14667	6	3	2	5	1031	7
14668	6	3	6	6	962	8
14669	7	3	2	4	1032	1
14670	5	2	3	3	753	4
14671	6	3	2	2	1033	2
14672	5	2	3	2	753	5
14673	6	3	2	2	1034	2
14674	7	3	6	2	962	5
14675	7	7	1	2	516	5
14676	4	2	1	4	933	4
14677	5	2	3	3	753	8
14678	6	3	2	5	1034	7
14679	6	3	6	6	963	8
14680	5	2	3	2	753	6
14681	6	3	6	5	964	6
14682	7	3	2	4	1035	1
14683	7	3	2	3	1036	2
14684	7	3	2	2	1037	3
14685	6	3	6	4	964	4
14686	6	3	6	3	965	7
14687	6	3	6	2	966	2
14688	5	4	2	6	924	8
14689	6	3	2	3	1038	2
14690	6	3	2	2	1039	3
14691	5	4	2	5	924	4
14692	6	3	2	3	1040	1
14693	4	2	1	3	933	5
14694	5	2	3	3	753	8
14695	6	3	2	5	1041	7
14696	6	3	6	6	967	8
14697	7	3	2	4	1042	2
14698	5	2	3	2	753	6
14699	6	3	6	5	967	6
14700	7	3	2	4	1043	1
14701	7	3	2	3	1044	2
14702	7	3	2	2	1045	3
14703	6	3	6	4	967	5
14704	5	4	2	6	924	8
14705	6	3	2	3	1046	2
14706	6	3	2	2	1047	3
14707	5	4	2	5	924	4
14708	6	3	2	3	1048	1
14709	4	2	1	2	933	6
14710	5	3	6	6	968	6
14711	6	2	3	4	753	8
14712	7	3	2	5	1049	7
14713	6	2	3	3	753	4
14714	6	2	3	2	754	5
14715	5	2	3	4	755	8
14716	6	3	2	5	1050	7
14717	6	3	6	5	968	8
14718	7	3	2	4	1051	1
14719	5	2	3	3	755	4
14720	5	2	3	2	756	5
14721	3	2	3	5	757	8
14722	4	3	6	7	968	8
14723	5	2	1	6	933	7
14724	6	4	2	5	924	2
14725	5	2	1	4	933	3
14726	5	2	1	3	934	4
14727	5	2	1	2	935	5
14728	6	3	2	4	1052	2
14729	4	3	6	6	968	7
14730	5	2	1	6	935	7
14731	4	7	1	4	517	7
14732	5	2	1	4	936	3
14733	5	2	1	3	937	4
14734	5	2	1	2	938	5
14735	4	3	6	4	968	6
14736	3	3	6	6	969	7
14737	4	7	1	4	517	7
14738	5	2	3	4	757	7
14739	6	3	2	6	1053	1
14740	7	2	1	4	939	3
14741	7	2	1	3	940	4
14742	7	2	1	2	941	5
14743	4	2	3	3	757	4
14744	4	2	3	2	758	5
14745	5	3	2	5	1053	4
14746	6	4	2	3	925	5
14747	6	4	2	2	926	6
14748	5	3	2	4	1053	1
14749	5	3	2	3	1054	2
14750	5	3	2	2	1055	3
14751	4	2	1	4	942	2
14752	4	2	1	3	942	4
14753	4	2	1	2	943	5
14754	3	7	1	4	517	7
14755	4	3	6	5	969	6
14756	5	2	1	4	944	3
14757	5	2	1	3	944	4
14758	6	4	2	6	927	4
14759	5	2	1	2	944	5
14760	4	3	2	6	1056	1
14761	3	2	3	3	758	4
14762	3	2	3	2	759	5
14763	4	3	6	3	969	4
14764	5	3	2	4	1057	1
14765	5	3	2	3	1058	2
14766	5	3	2	2	1059	3
14767	4	3	6	2	969	5
14768	5	2	1	4	945	2
14769	5	2	1	3	946	3
14770	5	2	1	2	947	6
14771	3	3	6	5	969	6
14772	4	2	1	4	948	2
14773	4	2	1	3	949	4
14774	4	2	1	2	950	5
14775	3	3	6	4	969	2
14776	3	3	6	3	970	3
14777	3	3	6	2	971	4
14778	2	5	1	6	956	3
14779	3	3	2	2	1060	1
14780	2	5	1	5	956	4
14781	3	3	2	6	1061	2
14782	4	4	2	2	928	7
14783	5	2	1	3	951	3
14784	5	2	1	2	952	6
14785	4	2	1	3	953	3
14786	4	2	1	2	954	6
14787	3	2	1	3	955	3
14788	3	2	1	2	956	6
14789	2	5	1	4	956	5
14790	3	2	1	5	957	2
14791	4	4	2	5	928	7
14792	5	3	2	5	1061	1
14793	5	3	2	4	1062	3
14794	5	3	2	3	1063	4
14795	5	3	2	2	1064	5
14796	3	2	1	4	957	3
14797	4	4	2	5	928	8
14798	3	2	1	3	957	6
14799	4	3	6	6	972	6
14800	5	4	2	5	929	8
14801	4	4	2	5	930	8
14802	3	2	1	2	957	7
14803	4	2	3	4	759	8
14804	5	3	2	5	1065	1
14805	5	3	2	4	1066	3
14806	6	4	2	3	931	4
14807	6	4	2	2	932	6
14808	5	3	2	3	1066	4
14809	5	3	2	2	1067	5
14810	5	4	2	2	933	7
14811	2	5	1	3	956	6
14812	3	2	1	5	957	2
14813	4	4	2	5	934	7
14814	5	3	2	4	1068	3
14815	5	3	2	3	1069	4
14816	5	3	2	2	1070	5
14817	3	2	1	4	957	4
14818	4	2	3	3	759	8
14819	5	7	1	2	517	7
14820	6	3	2	5	1071	1
14821	6	3	2	4	1072	2
14822	6	3	2	3	1073	3
14823	6	3	2	2	1074	6
14824	3	2	1	3	957	5
14825	4	2	3	3	759	8
14826	5	7	1	2	517	7
14827	6	3	2	5	1075	1
14828	6	3	2	4	1076	2
14829	6	3	2	3	1077	3
14830	6	3	2	2	1078	6
14831	3	2	1	2	957	7
14832	4	2	3	4	759	8
14833	5	7	1	2	517	4
14834	5	4	2	5	934	8
14835	6	3	2	5	1079	1
14836	5	3	2	4	1080	3
14837	5	3	2	3	1081	4
14838	5	3	2	2	1082	5
14839	4	7	1	2	518	4
14840	4	4	2	5	934	8
14841	5	2	3	3	759	4
14842	5	3	2	5	1083	4
14843	2	5	1	2	956	7
14844	3	2	1	5	957	3
14845	4	2	3	4	760	8
14846	5	3	2	5	1084	7
14847	5	4	2	6	934	8
14848	6	3	2	3	1085	2
14849	6	3	2	2	1086	4
14850	5	3	2	4	1087	1
14851	5	3	2	3	1088	2
14852	6	3	6	3	972	3
14853	6	3	6	2	973	4
14854	7	7	1	3	519	8
14855	6	7	1	3	520	8
14856	5	3	2	2	1088	4
14857	3	2	1	4	957	4
14858	4	2	3	3	760	8
14859	5	3	2	5	1089	7
14860	5	4	2	6	934	8
14861	6	3	2	3	1090	2
14862	7	3	6	4	973	6
14863	7	3	6	3	974	7
14864	6	3	2	2	1090	3
14865	5	4	2	5	934	4
14866	6	3	2	3	1091	2
14867	3	2	1	3	957	5
14868	4	2	3	3	760	8
14869	5	3	2	5	1092	7
14870	5	4	2	6	934	8
14871	6	3	2	3	1093	2
14872	7	3	6	4	975	6
14873	7	3	6	3	976	7
14874	6	3	2	2	1093	3
14875	5	4	2	5	934	4
14876	6	3	2	3	1094	2
14877	3	2	1	2	957	6
14878	4	3	6	6	977	6
14879	5	2	3	4	760	8
14880	6	3	2	5	1095	7
14881	6	4	2	6	934	8
14882	7	3	2	3	1096	2
14883	7	3	2	2	1097	4
14884	6	3	2	4	1098	1
14885	6	3	2	3	1099	2
14886	7	7	1	3	521	8
14887	6	3	2	2	1099	4
14888	4	2	3	4	760	8
14889	5	3	2	5	1100	7
14890	5	3	6	5	977	8
14891	6	3	2	4	1101	1
14892	5	3	6	4	977	7
14893	5	3	6	2	978	4
14894	6	4	2	5	934	8
14895	6	7	1	3	522	8
14896	5	4	2	5	935	8
14897	5	7	1	3	523	8
14898	2	2	3	5	760	8
14899	3	7	1	4	524	7
14900	4	2	1	4	957	3
14901	4	2	1	3	958	4
14902	5	4	2	6	936	4
14903	6	3	2	3	1102	2
14904	7	3	6	4	978	6
14905	7	3	6	3	979	7
14906	5	4	2	3	936	7
14907	6	3	2	3	1102	1
14908	4	2	1	2	958	5
14909	5	4	2	6	936	4
14910	6	3	2	3	1103	2
14911	7	3	6	4	980	6
14912	7	3	6	3	981	7
14913	5	4	2	3	936	7
14914	6	3	2	3	1103	1
14915	3	2	1	6	958	7
14916	4	4	2	5	936	2
14917	2	3	6	6	982	7
14918	3	7	1	4	524	7
14919	4	2	3	4	760	7
14920	5	3	2	6	1104	1
14921	6	2	1	4	958	3
14922	6	2	1	3	959	4
14923	6	2	1	2	960	5
14924	3	2	3	3	760	4
14925	3	2	3	2	761	5
14926	4	3	2	5	1104	4
14927	5	4	2	3	937	5
14928	5	4	2	2	938	6
14929	4	3	2	4	1104	1
14930	4	3	2	3	1105	2
14931	4	3	2	2	1106	3
14932	3	2	1	4	961	2
14933	3	2	1	3	961	4
14934	3	2	1	2	962	5
14935	2	7	1	4	524	7
14936	3	3	6	5	982	6
14937	4	2	1	4	963	6
14938	3	3	2	6	1107	1
14939	2	2	3	3	761	4
14940	2	2	3	2	762	5
14941	3	3	6	3	982	4
14942	4	3	2	4	1108	1
14943	4	3	2	3	1109	2
14944	4	3	2	2	1110	3
14945	3	3	6	2	982	5
14946	4	2	1	4	964	2
14947	4	2	1	3	965	3
14948	4	2	1	2	966	6
14949	2	3	6	5	982	6
14950	3	2	1	4	967	2
14951	3	2	1	3	968	4
14952	3	2	1	2	969	5
14953	2	3	6	4	982	4
14954	3	3	2	4	1111	1
14955	3	3	2	3	1112	2
14956	3	3	2	2	1113	3
14957	1	5	1	7	956	9
14958	2	2	5	7	320	9
14959	3	3	2	7	1114	1
14960	4	2	3	4	762	8
14961	5	3	6	7	982	8
14962	6	2	1	6	970	7
14963	6	7	1	5	524	7
14964	7	4	2	6	939	7
14965	6	4	2	5	940	2
14966	5	7	1	5	524	8
14967	6	7	8	5	379	7
14968	6	2	1	6	971	7
14969	6	3	6	5	982	6
14970	7	2	1	5	972	6
14971	6	5	8	6	499	7
14972	5	7	1	4	524	7
14973	6	3	6	5	982	6
14974	7	2	1	4	973	6
14975	5	2	1	6	974	7
14976	4	2	3	3	762	5
14977	5	2	1	4	975	7
14978	4	2	3	2	762	6
14979	5	3	6	6	982	6
14980	6	2	1	4	975	7
14981	5	2	1	4	976	7
14982	4	7	1	5	524	7
14983	5	2	1	4	977	3
14984	5	2	1	3	978	4
14985	6	3	6	4	982	6
14986	5	2	1	2	978	5
14987	4	4	2	5	941	2
14988	4	7	1	4	524	8
14989	5	5	8	7	500	8
14990	3	3	2	6	1114	2
14991	4	2	1	5	979	3
14992	5	2	3	4	762	8
14993	6	3	6	3	983	3
14994	6	3	6	2	984	4
14995	7	7	1	4	524	7
14996	8	5	8	6	501	8
14997	7	7	1	3	524	8
14998	6	7	1	4	525	7
14999	7	5	8	7	502	8
15000	6	7	1	3	525	8
15001	5	2	3	3	762	4
15002	5	2	3	2	763	5
15003	6	3	6	2	984	5
15004	6	7	1	2	526	5
15005	4	2	1	4	979	4
15006	5	3	6	4	985	6
15007	6	2	3	3	763	8
15008	5	3	6	3	985	7
15009	6	2	3	3	764	8
15010	7	7	1	2	527	7
15011	8	4	2	4	942	7
15012	5	7	1	2	527	7
15013	6	4	2	4	943	7
15014	4	2	1	3	979	5
15015	5	3	6	4	985	6
15016	6	2	3	3	764	8
15017	5	3	6	3	985	7
15018	6	2	3	3	765	8
15019	4	2	1	2	979	6
15020	5	3	6	5	985	6
15021	6	2	3	4	766	8
15022	7	7	1	4	527	7
15023	8	5	8	7	503	8
15024	7	7	1	3	527	8
15025	6	2	3	3	766	4
15026	6	2	3	2	767	5
15027	5	2	3	4	768	8
15028	6	3	6	2	985	4
15029	5	3	6	3	986	4
15030	5	3	6	2	987	5
15031	5	2	3	3	768	4
15032	5	7	1	2	528	5
15033	3	3	2	5	1114	3
15034	4	2	1	5	979	2
15035	5	7	1	2	529	6
15036	4	2	1	4	979	4
15037	5	2	3	3	769	8
15038	5	2	3	2	770	6
15039	4	2	1	3	979	5
15040	5	2	3	3	771	8
15041	5	2	3	2	772	6
15042	4	2	1	2	979	7
15043	5	2	3	4	773	8
15044	6	3	6	5	988	8
15045	7	7	1	2	530	6
15046	6	3	6	4	988	7
15047	7	7	1	2	531	6
15048	6	3	6	3	988	6
15049	6	3	6	2	989	4
15050	6	4	2	3	944	7
15051	6	4	2	2	945	4
15052	3	3	2	4	1114	4
15053	4	4	2	4	946	5
15054	5	3	6	5	990	3
15055	5	3	6	4	991	5
15056	6	2	1	5	979	2
15057	6	2	1	4	980	3
15058	6	2	1	3	981	6
15059	6	2	1	2	982	7
15060	5	3	6	3	991	6
15061	6	2	1	5	983	2
15062	6	2	1	4	984	3
15063	6	2	1	3	984	6
15064	6	2	1	2	985	7
15065	5	3	6	2	991	7
15066	6	5	8	7	504	8
15067	6	2	3	4	773	8
15068	7	2	1	4	986	7
15069	6	2	3	3	773	5
15070	7	7	1	4	532	5
15071	6	2	3	2	773	6
15072	5	2	1	5	987	8
15073	5	2	1	4	988	7
15074	4	4	2	3	946	6
15075	5	2	1	5	989	2
15076	5	2	1	4	990	3
15077	5	2	1	3	991	6
15078	5	2	1	2	992	7
15079	4	4	2	2	946	7
15080	5	2	1	5	993	2
15081	5	2	1	4	994	3
15082	5	2	1	3	995	6
15083	5	2	1	2	996	7
15084	4	7	1	5	533	8
15085	3	3	2	3	1114	5
15086	4	4	2	3	946	6
15087	5	2	1	5	997	2
15088	5	2	1	4	998	3
15089	5	2	1	3	999	6
15090	4	4	2	2	946	7
15091	5	2	1	5	1000	2
15092	5	2	1	4	1001	3
15093	5	2	1	3	1002	6
15094	5	2	1	2	1003	7
15095	4	7	1	4	534	8
15096	5	2	3	3	774	8
15097	6	3	6	6	991	8
15098	7	2	1	4	1004	7
15099	3	3	2	2	1114	6
15100	4	4	2	2	946	7
15101	5	2	1	2	1005	4
15102	4	7	1	5	534	8
15103	4	3	6	5	991	8
15104	2	3	2	7	1114	1
15105	3	2	3	4	774	8
15106	4	7	1	5	535	8
15107	5	5	8	7	505	8
15108	6	2	1	6	1006	7
15109	5	7	8	5	380	7
15110	5	2	1	6	1007	7
15111	5	5	8	6	505	7
15112	6	2	1	5	1008	2
15113	6	2	1	4	1009	3
15114	6	2	1	3	1010	4
15115	6	2	1	2	1011	5
15116	4	7	1	4	535	7
15117	5	2	1	4	1012	3
15118	5	2	1	3	1013	4
15119	5	2	1	2	1014	5
15120	4	2	1	6	1015	7
15121	3	3	6	6	992	7
15122	3	7	1	5	535	8
15123	4	2	3	3	774	5
15124	4	2	3	2	775	6
15125	5	2	1	4	1016	7
15126	3	7	1	4	535	7
15127	3	2	1	6	1017	7
15128	2	3	2	6	1114	2
15129	3	2	1	5	1018	3
15130	4	2	3	4	775	8
15131	5	3	6	3	993	3
15132	5	3	6	2	994	4
15133	6	7	1	4	536	7
15134	7	5	8	6	505	8
15135	6	7	1	3	536	8
15136	5	7	1	4	537	7
15137	6	5	8	7	506	8
15138	5	7	1	3	537	8
15139	4	3	6	4	994	7
15140	5	4	2	4	946	6
15141	4	3	6	3	994	3
15142	4	3	6	2	995	4
15143	5	2	3	3	775	4
15144	5	2	3	2	776	5
15145	4	2	3	3	777	5
15146	3	2	1	4	1018	4
15147	4	3	6	4	995	6
15148	5	2	3	3	778	8
15149	4	3	6	3	995	7
15150	5	2	3	3	779	8
15151	6	7	1	2	538	7
15152	7	4	2	4	947	7
15153	4	7	1	2	538	7
15154	5	4	2	4	948	3
15155	5	4	2	3	949	4
15156	5	4	2	2	950	7
15157	3	2	1	3	1018	5
15158	4	3	6	4	995	6
15159	5	2	3	3	779	8
15160	4	3	6	3	995	7
15161	5	2	3	3	780	8
15162	3	2	1	2	1018	6
15163	4	3	6	5	995	6
15164	5	2	3	4	781	8
15165	6	7	1	4	538	7
15166	7	5	8	7	507	8
15167	6	7	1	3	538	8
15168	4	2	3	4	781	8
15169	5	3	6	2	995	4
15170	6	7	1	4	539	7
15171	7	5	8	6	508	8
15172	6	7	1	3	539	8
15173	5	7	1	4	540	7
15174	6	5	8	7	509	8
15175	5	7	1	3	540	8
15176	4	3	6	3	995	7
15177	5	4	2	4	951	6
15178	2	3	2	5	1114	3
15179	3	2	1	5	1018	2
15180	4	7	1	2	541	6
15181	3	2	1	4	1018	4
15182	4	2	3	3	781	8
15183	4	3	6	4	995	7
15184	3	2	1	3	1018	5
15185	4	2	3	3	782	8
15186	4	3	6	4	996	7
15187	3	2	1	2	1018	7
15188	4	2	3	4	783	8
15189	5	7	1	2	542	6
15190	2	3	2	4	1114	4
15191	3	4	2	4	952	5
15192	4	2	1	5	1018	2
15193	4	2	1	4	1019	3
15194	4	2	1	3	1020	6
15195	4	2	1	2	1021	7
15196	3	4	2	3	952	6
15197	4	2	1	5	1022	2
15198	4	2	1	4	1023	3
15199	4	2	1	3	1024	6
15200	4	2	1	2	1025	7
15201	3	4	2	2	952	7
15202	4	2	1	5	1026	2
15203	4	2	1	4	1027	3
15204	4	2	1	3	1028	6
15205	4	2	1	2	1029	7
15206	3	7	1	5	543	8
15207	2	3	2	3	1114	5
15208	3	4	2	3	952	6
15209	4	2	1	5	1030	2
15210	4	2	1	4	1031	3
15211	4	2	1	3	1032	6
15212	3	4	2	2	952	7
15213	4	2	1	5	1033	2
15214	4	2	1	4	1034	3
15215	4	2	1	3	1035	6
15216	4	2	1	2	1036	7
15217	3	7	1	4	544	8
15218	4	2	3	3	783	8
15219	5	2	1	4	1037	2
15220	5	2	1	3	1038	3
15221	5	2	1	2	1039	6
15222	2	3	2	2	1114	6
15223	3	4	2	2	952	7
15224	4	2	1	2	1040	4
15225	3	7	1	5	544	8
15226	3	3	6	5	997	8
15227	1	5	1	6	956	3
15228	2	3	2	2	1114	1
15229	1	5	1	5	956	4
15230	2	3	2	6	1115	2
15231	3	4	2	2	952	7
15232	4	2	1	3	1041	3
15233	4	2	1	2	1042	6
15234	3	2	1	3	1043	3
15235	3	2	1	2	1044	6
15236	2	2	1	3	1045	3
15237	2	2	1	2	1046	6
15238	1	5	1	4	956	5
15239	2	5	8	6	510	8
15240	3	2	1	5	1047	2
15241	3	2	1	4	1048	3
15242	3	2	1	3	1049	6
15243	3	2	1	2	1050	7
15244	4	2	3	4	783	8
15245	5	3	2	5	1115	1
15246	5	3	2	4	1116	3
15247	6	4	2	3	952	4
15248	6	4	2	2	953	6
15249	5	3	2	3	1116	4
15250	5	3	2	2	1117	5
15251	5	4	2	2	954	7
15252	2	5	8	5	510	7
15253	3	2	1	5	1050	2
15254	3	2	1	4	1050	3
15255	3	2	1	3	1051	6
15256	3	2	1	2	1052	7
15257	4	2	3	4	783	8
15258	5	3	6	5	998	8
15259	6	4	2	5	955	7
15260	5	4	2	5	956	7
15261	1	5	1	3	956	6
15262	2	5	8	6	510	8
15263	3	2	1	5	1052	2
15264	3	2	1	4	1053	4
15265	4	2	3	3	783	8
15266	5	7	1	2	545	7
15267	6	3	2	5	1118	1
15268	6	3	2	4	1119	2
15269	6	3	2	3	1120	3
15270	6	3	2	2	1121	6
15271	3	2	1	3	1053	5
15272	4	2	3	3	783	8
15273	5	7	1	2	545	7
15274	6	3	2	5	1122	1
15275	6	3	2	4	1123	2
15276	6	3	2	3	1124	3
15277	6	3	2	2	1125	6
15278	3	2	1	2	1053	7
15279	4	2	3	4	783	8
15280	5	7	1	2	545	4
15281	2	5	8	5	510	7
15282	3	2	1	5	1053	2
15283	3	2	1	4	1053	4
15284	4	2	3	3	783	7
15285	3	2	1	3	1053	5
15286	4	2	3	3	784	7
15287	3	2	1	2	1053	7
15288	4	2	3	4	785	8
15289	5	3	6	5	998	8
15290	6	4	2	5	957	7
15291	5	4	2	5	958	7
15292	4	4	2	5	959	7
15293	1	5	1	2	956	7
15294	2	5	8	6	510	8
15295	3	2	1	5	1053	3
15296	4	2	3	4	785	8
15297	5	3	2	5	1126	7
15298	5	4	2	6	960	8
15299	6	3	2	3	1127	2
15300	6	3	2	2	1128	4
15301	5	3	2	4	1129	1
15302	5	3	2	3	1130	2
15303	5	3	2	2	1131	4
15304	3	2	1	4	1053	4
15305	4	2	3	3	785	8
15306	5	3	2	5	1132	7
15307	5	4	2	6	960	8
15308	6	3	2	3	1133	2
15309	7	3	6	4	998	6
15310	7	3	6	3	999	7
15311	6	3	2	2	1133	3
15312	5	4	2	5	960	4
15313	6	3	2	3	1134	2
15314	3	2	1	3	1053	5
15315	4	2	3	3	785	8
15316	5	3	2	5	1135	7
15317	5	4	2	6	960	8
15318	6	3	2	3	1136	2
15319	7	3	6	4	1000	6
15320	7	3	6	3	1001	7
15321	6	3	2	2	1136	3
15322	5	4	2	5	960	4
15323	6	3	2	3	1137	2
15324	3	2	1	2	1053	6
15325	4	3	6	6	1002	6
15326	5	2	3	4	785	8
15327	6	3	2	5	1138	7
15328	6	4	2	6	960	8
15329	7	3	2	3	1139	2
15330	7	3	2	2	1140	4
15331	6	3	2	4	1141	1
15332	6	3	2	3	1142	2
15333	6	3	2	2	1143	4
15334	4	2	3	4	785	8
15335	5	3	2	5	1144	7
15336	5	3	6	5	1002	8
15337	6	3	2	4	1145	1
15338	1	2	3	5	785	8
15339	2	7	1	4	546	7
15340	3	2	1	4	1053	3
15341	4	3	2	3	1146	1
15342	4	3	2	2	1147	2
15343	3	2	1	3	1053	4
15344	4	4	2	6	960	4
15345	3	2	1	2	1053	5
15346	4	4	2	6	961	4
15347	5	3	2	3	1148	1
15348	3	3	6	5	1002	6
15349	3	3	6	4	1003	8
15350	2	2	1	6	1053	7
15351	3	4	2	5	961	2
15352	2	4	2	5	962	7
15353	1	7	1	4	546	7
15354	2	4	2	6	963	7
15355	3	3	2	6	1149	1
15356	3	3	2	5	1150	2
15357	2	3	6	6	1004	7
15358	3	2	3	4	785	7
15359	3	4	2	3	963	4
15360	3	4	2	2	964	5
15361	1	2	3	3	786	4
15362	1	2	3	2	787	5
15363	2	2	1	4	1053	2
15364	2	2	1	3	1054	3
15365	2	2	1	2	1055	6
15366	1	3	6	6	1004	6
15367	2	2	1	4	1056	2
15368	2	2	1	3	1057	4
15369	2	2	1	2	1058	5
15370	1	2	1	4	1059	2
15371	1	2	1	3	1060	4
15372	1	2	1	2	1061	5
15373	0	9	4	2	407	8
15374	1	9	3	5	782	4
15375	2	7	1	3	546	9
15376	3	4	2	7	965	9
15377	4	5	8	8	510	9
15378	5	2	1	3	1062	4
15379	6	3	2	4	1151	2
15380	5	2	1	2	1062	5
15381	4	2	1	3	1063	4
15382	5	3	2	4	1152	2
15383	4	2	1	2	1063	5
15384	3	2	1	5	1064	2
15385	3	2	1	4	1065	4
15386	4	4	2	6	965	4
15387	5	3	2	2	1153	2
15388	6	2	3	2	787	7
15389	7	5	8	5	510	8
15390	8	3	6	5	1004	3
15391	8	3	6	4	1004	4
15392	8	3	6	3	1005	5
15393	9	2	5	3	320	8
15394	6	3	6	5	1005	3
15395	6	3	6	4	1006	4
15396	6	3	6	3	1007	5
15397	7	2	5	3	321	9
15398	7	2	5	2	322	6
15399	6	3	6	2	1007	6
15400	5	1	2	2	768	5
15401	6	5	1	3	956	5
15402	6	2	3	4	787	6
15403	6	2	3	3	788	7
15404	6	2	3	2	789	8
15405	4	1	2	2	768	5
15406	5	4	2	4	965	8
15407	5	3	2	3	1153	2
15408	5	3	2	2	1154	3
15409	3	2	1	3	1065	5
15410	4	1	2	2	768	6
15411	5	4	2	5	966	8
15412	5	4	2	4	967	5
15413	6	2	3	3	790	8
15414	7	3	2	3	1155	2
15415	7	3	2	2	1156	3
15416	6	3	2	3	1157	3
15417	6	5	8	4	510	8
15418	7	7	8	5	381	7
15419	8	3	6	6	1008	3
15420	8	3	6	5	1009	4
15421	8	3	6	4	1010	5
15422	9	2	5	4	323	8
15423	8	3	6	3	1010	6
15424	8	3	6	2	1011	7
15425	6	3	6	6	1012	7
15426	5	2	3	3	790	8
15427	6	3	2	3	1158	2
15428	6	3	2	2	1159	3
15429	5	3	2	3	1160	3
15430	5	5	1	2	957	6
15431	5	5	8	3	510	4
15432	5	5	8	2	511	6
15433	6	3	6	6	1013	3
15434	6	3	6	5	1014	4
15435	6	3	6	4	1015	5
15436	7	2	5	4	324	8
15437	6	3	6	3	1015	6
15438	6	3	6	2	1016	7
15439	3	2	1	2	1065	6
15440	4	1	2	2	768	7
15441	2	7	1	2	546	7
15442	3	1	2	5	769	8
15443	4	2	1	2	1065	2
15444	3	3	2	3	1161	3
15445	4	2	1	2	1066	2
15446	2	2	1	5	1067	2
15447	2	2	1	4	1068	4
15448	3	4	2	6	967	4
15449	4	3	2	2	1161	2
15450	4	1	2	2	769	5
15451	5	5	1	3	958	5
15452	5	5	1	2	959	7
15453	5	5	8	7	511	8
15454	5	2	3	4	790	8
15455	5	2	3	3	791	9
15456	3	1	2	2	769	5
15457	4	4	2	4	967	8
15458	5	3	2	4	1162	3
15459	4	4	2	3	967	7
15460	2	2	1	3	1068	5
15461	3	1	2	2	769	6
15462	2	2	1	2	1068	6
15463	3	3	2	3	1162	2
15464	4	2	3	2	792	8
15465	5	3	6	5	1017	8
15466	6	4	2	2	968	3
15467	5	3	6	2	1017	6
15468	1	9	3	4	782	5
15469	2	7	1	4	546	9
15470	3	4	2	8	969	9
15471	4	5	8	8	512	9
15472	5	2	1	6	1068	2
15473	6	3	2	6	1162	3
15474	7	1	2	3	770	6
15475	7	1	2	2	771	7
15476	6	3	2	5	1162	4
15477	6	3	2	4	1162	5
15478	7	1	2	3	772	3
15479	7	1	2	2	773	6
15480	6	3	2	3	1162	6
15481	6	3	2	2	1163	7
15482	5	2	1	5	1068	3
15483	6	3	2	6	1164	2
15484	7	1	2	3	774	4
15485	7	1	2	2	775	7
15486	6	3	2	5	1164	4
15487	6	3	2	4	1164	5
15488	7	1	2	2	776	4
15489	6	3	2	3	1164	6
15490	6	3	2	2	1165	7
15491	5	2	1	4	1068	4
15492	6	1	2	3	777	5
15493	7	3	2	4	1166	2
15494	7	3	2	3	1167	3
15495	7	3	2	2	1168	6
15496	6	1	2	2	777	6
15497	5	2	1	3	1068	5
15498	6	1	2	3	778	6
15499	6	1	2	2	779	7
15500	6	3	2	4	1169	2
15501	6	3	2	3	1170	4
15502	6	3	2	2	1170	6
15503	5	2	1	2	1068	6
15504	6	1	2	2	780	7
15505	6	3	2	4	1171	3
15506	6	3	2	3	1172	4
15507	6	3	2	2	1172	5
15508	5	2	3	2	792	6
15509	6	3	2	4	1173	2
15510	4	2	1	6	1068	2
15511	5	3	2	6	1174	3
15512	6	1	2	3	781	6
15513	6	1	2	2	782	7
15514	5	3	2	5	1174	4
15515	5	3	2	4	1174	5
15516	6	1	2	3	783	3
15517	6	1	2	2	784	6
15518	5	3	2	3	1174	6
15519	5	3	2	2	1175	7
15520	4	2	1	5	1068	3
15521	5	1	2	4	785	4
15522	6	3	2	5	1176	2
15523	6	3	2	4	1177	5
15524	6	3	2	3	1178	6
15525	6	3	2	2	1179	7
15526	5	1	2	3	785	5
15527	5	1	2	2	786	7
15528	5	3	2	4	1180	2
15529	5	3	2	3	1181	4
15530	5	3	2	2	1181	6
15531	4	2	1	4	1068	4
15532	5	1	2	3	787	5
15533	6	3	2	4	1182	2
15534	6	3	2	3	1183	3
15535	6	3	2	2	1184	6
15536	5	1	2	2	787	6
15537	4	2	1	3	1068	5
15538	5	1	2	3	788	6
15539	5	1	2	2	789	7
15540	5	3	2	4	1185	2
15541	5	3	2	3	1186	4
15542	5	3	2	2	1186	6
15543	4	2	1	2	1068	6
15544	5	1	2	2	790	7
15545	5	3	2	4	1187	3
15546	5	3	2	3	1188	4
15547	5	3	2	2	1188	5
15548	4	2	3	2	792	6
15549	5	3	2	4	1189	2
15550	3	2	1	6	1068	2
15551	4	3	2	6	1190	1
15552	4	3	2	5	1191	3
15553	5	1	2	3	791	6
15554	5	1	2	2	792	7
15555	6	4	2	3	969	5
15556	7	2	3	3	792	4
15557	7	5	1	3	960	4
15558	7	5	1	2	960	7
15559	6	4	2	2	969	4
15560	4	3	2	4	1191	4
15561	5	4	2	4	970	5
15562	5	4	2	3	971	6
15563	6	5	1	4	961	4
15564	6	5	1	3	962	5
15565	6	5	1	2	963	7
15566	6	2	3	4	793	6
15567	6	2	3	3	794	7
15568	7	1	2	3	792	3
15569	7	1	2	2	793	5
15570	6	2	3	2	794	8
15571	7	1	2	3	794	3
15572	7	1	2	2	795	5
15573	6	1	2	3	796	8
15574	6	1	2	2	797	5
15575	5	4	2	2	971	7
15576	6	5	1	3	964	5
15577	6	5	1	2	965	6
15578	7	1	2	2	798	3
15579	6	1	2	3	799	5
15580	4	3	2	3	1191	5
15581	5	4	2	3	971	6
15582	5	4	2	2	972	7
15583	6	5	1	2	965	4
15584	6	1	2	3	800	3
15585	6	1	2	2	801	6
15586	4	3	2	2	1191	6
15587	5	4	2	2	972	7
15588	3	2	1	5	1068	3
15589	4	1	2	4	802	4
15590	5	4	2	5	973	8
15591	5	3	2	3	1191	2
15592	5	3	2	2	1192	5
15593	6	4	2	2	974	6
15594	6	5	1	2	966	4
15595	4	1	2	3	802	5
15596	4	1	2	2	803	7
15597	4	4	2	6	975	5
15598	5	3	2	3	1192	1
15599	5	3	2	2	1193	2
15600	6	2	3	3	794	9
15601	7	5	1	3	967	6
15602	7	5	1	2	968	7
15603	8	3	6	5	1018	3
15604	8	3	6	4	1019	6
15605	9	2	5	4	325	8
15606	9	2	5	3	326	7
15607	10	8	7	6	272	8
15608	8	3	6	3	1019	7
15609	9	2	5	4	326	8
15610	9	2	5	3	327	6
15611	8	3	6	2	1019	8
15612	8	2	5	5	328	8
15613	9	8	7	6	273	8
15614	8	8	7	6	274	8
15615	9	5	8	6	512	8
15616	7	3	6	5	1020	3
15617	7	3	6	4	1021	6
15618	8	2	5	4	328	8
15619	8	7	8	6	381	8
15620	8	5	8	7	513	9
15621	9	2	5	3	329	7
15622	10	8	7	6	274	8
15623	8	2	5	3	329	7
15624	9	8	7	6	275	8
15625	7	3	6	3	1021	7
15626	8	2	5	4	329	8
15627	8	7	8	6	382	8
15628	8	5	8	7	513	9
15629	8	2	5	3	330	6
15630	7	3	6	2	1021	8
15631	7	2	5	5	331	8
15632	8	8	7	6	276	8
15633	7	7	8	6	383	8
15634	7	5	8	7	514	9
15635	8	8	7	6	277	8
15636	7	8	7	6	278	8
15637	8	5	8	5	514	7
15638	4	5	1	3	968	6
15639	4	5	1	2	969	7
15640	5	3	2	3	1193	1
15641	5	3	2	2	1194	2
15642	6	4	2	2	975	3
15643	4	3	2	4	1194	1
15644	4	3	2	3	1195	2
15645	5	4	2	2	976	4
15646	4	3	2	2	1195	4
15647	5	2	3	3	794	6
15648	5	2	3	2	795	7
15649	3	2	1	4	1068	4
15650	4	1	2	3	804	5
15651	5	4	2	4	977	4
15652	4	1	2	2	804	6
15653	3	2	1	3	1068	5
15654	4	4	2	7	978	5
15655	5	3	2	4	1195	1
15656	5	3	2	3	1196	2
15657	6	1	2	2	805	6
15658	7	2	3	2	796	8
15659	7	5	1	3	969	6
15660	7	5	1	2	970	7
15661	6	2	3	3	797	9
15662	7	5	1	3	971	6
15663	7	5	1	2	972	7
15664	8	3	6	5	1022	5
15665	9	2	5	5	331	8
15666	9	2	5	4	332	7
15667	10	8	7	6	278	8
15668	8	3	6	4	1022	6
15669	9	2	5	4	332	8
15670	9	2	5	3	333	7
15671	10	8	7	6	279	8
15672	8	3	6	3	1022	7
15673	9	2	5	4	333	8
15674	9	2	5	3	334	6
15675	8	3	6	2	1022	8
15676	8	2	5	5	335	8
15677	9	8	7	6	280	8
15678	8	8	7	6	281	8
15679	9	5	8	6	515	8
15680	7	3	6	5	1023	5
15681	8	2	5	5	335	8
15682	8	7	8	6	384	8
15683	8	5	8	7	516	9
15684	8	2	5	4	336	7
15685	9	8	7	6	281	8
15686	7	3	6	4	1023	6
15687	8	2	5	4	336	8
15688	8	7	8	6	385	8
15689	8	5	8	7	517	9
15690	9	2	5	3	337	7
15691	10	8	7	6	282	8
15692	8	2	5	3	337	7
15693	9	8	7	6	283	8
15694	7	3	6	3	1023	7
15695	8	2	5	4	337	8
15696	8	7	8	6	386	8
15697	8	5	8	7	517	9
15698	8	2	5	3	338	6
15699	7	3	6	2	1023	8
15700	7	2	5	5	339	8
15701	8	8	7	6	284	8
15702	7	7	8	6	387	8
15703	7	5	8	7	518	9
15704	8	8	7	6	285	8
15705	7	8	7	6	286	8
15706	8	5	8	5	518	7
15707	5	3	2	2	1196	3
15708	6	1	2	2	805	6
15709	7	5	1	3	972	4
15710	7	5	1	2	973	7
15711	6	2	3	3	797	4
15712	4	5	1	3	974	6
15713	4	5	1	2	975	7
15714	5	1	2	3	805	6
15715	5	1	2	2	806	7
15716	6	4	2	3	978	4
15717	6	4	2	2	979	6
15718	5	3	2	3	1196	1
15719	5	3	2	2	1197	2
15720	6	4	2	2	980	3
15721	4	1	2	3	806	6
15722	4	1	2	2	807	7
15723	5	3	2	3	1197	1
15724	5	3	2	2	1198	3
15725	5	2	3	2	798	6
15726	4	3	2	4	1199	1
15727	4	3	2	3	1200	2
15728	5	4	2	2	981	4
15729	4	3	2	2	1200	4
15730	5	2	3	3	799	6
15731	5	2	3	2	800	7
15732	3	2	1	2	1068	6
15733	4	1	2	2	807	7
15734	5	3	2	4	1200	2
15735	5	4	2	4	982	8
15736	5	2	3	2	801	8
15737	6	4	2	2	983	4
15738	4	3	2	4	1201	1
15739	4	3	2	3	1202	3
15740	4	3	2	2	1203	4
15741	4	4	2	2	984	6
15742	3	2	3	2	801	6
15743	4	3	2	4	1204	2
15744	3	4	2	2	985	6
15745	3	5	1	2	975	4
15746	3	3	6	6	1024	2
15747	3	3	6	5	1025	4
15748	4	2	5	4	339	8
15749	4	8	7	6	286	8
15750	3	3	6	4	1025	6
15751	4	2	5	4	340	8
15752	4	8	7	6	287	8
15753	3	3	6	3	1025	7
15754	4	2	5	5	341	8
15755	4	8	7	6	288	8
15756	3	3	6	2	1025	8
15757	3	2	5	5	342	8
15758	4	8	7	6	289	8
15759	3	2	5	4	342	6
15760	4	8	7	5	290	8
15761	2	7	1	3	546	8
15762	3	2	1	6	1068	2
15763	4	3	2	6	1205	1
15764	4	3	2	5	1206	3
15765	5	1	2	3	807	6
15766	5	1	2	2	808	7
15767	4	3	2	4	1206	4
15768	5	4	2	4	986	5
15769	6	5	1	3	975	6
15770	6	5	1	2	976	7
15771	6	1	2	3	809	3
15772	6	1	2	2	809	7
15773	5	4	2	3	986	6
15774	6	5	1	4	977	4
15775	6	5	1	3	978	5
15776	6	5	1	2	979	7
15777	6	5	8	7	519	8
15778	5	4	2	2	986	7
15779	4	3	2	3	1206	5
15780	5	4	2	3	987	6
15781	6	1	2	2	810	3
15782	5	4	2	2	987	7
15783	5	1	2	2	811	3
15784	4	3	2	2	1206	6
15785	5	4	2	2	988	7
15786	5	1	2	3	812	3
15787	5	1	2	2	813	5
15788	3	2	1	5	1068	3
15789	4	1	2	4	814	4
15790	5	3	2	4	1206	2
15791	5	3	2	3	1207	5
15792	6	4	2	3	989	6
15793	6	4	2	2	990	7
15794	5	3	2	2	1207	6
15795	4	1	2	3	814	5
15796	4	1	2	2	815	7
15797	4	3	2	4	1208	1
15798	4	3	2	3	1209	2
15799	5	2	3	3	801	9
15800	6	4	2	3	991	3
15801	6	4	2	2	992	4
15802	4	3	2	2	1209	4
15803	5	4	2	3	993	5
15804	6	2	3	2	801	7
15805	5	4	2	2	993	6
15806	6	5	1	3	980	4
15807	6	5	1	2	981	7
15808	6	2	3	3	802	6
15809	6	2	3	2	803	7
15810	3	2	1	4	1068	4
15811	4	1	2	3	816	5
15812	5	4	2	4	993	4
15813	4	1	2	2	816	6
15814	3	2	1	3	1068	5
15815	4	1	2	3	817	6
15816	4	1	2	2	818	7
15817	4	3	2	4	1209	1
15818	4	3	2	3	1210	2
15819	5	2	3	3	804	9
15820	6	4	2	3	994	3
15821	6	4	2	2	995	4
15822	4	3	2	2	1210	4
15823	5	4	2	3	996	5
15824	6	2	3	2	804	7
15825	5	4	2	2	996	6
15826	6	5	1	3	982	4
15827	6	5	1	2	983	7
15828	6	2	3	3	805	6
15829	6	2	3	2	806	7
15830	3	2	1	2	1068	6
15831	4	1	2	2	819	7
15832	2	7	1	2	546	6
15833	2	2	1	5	1068	2
15834	3	2	3	4	807	4
15835	4	3	2	4	1210	3
15836	5	1	2	2	820	7
15837	4	3	2	3	1210	5
15838	4	3	2	2	1211	6
15839	3	2	3	3	807	6
15840	4	1	2	3	821	3
15841	4	1	2	2	822	5
15842	4	3	2	3	1212	1
15843	4	3	2	2	1213	3
15844	5	4	2	3	996	4
15845	5	4	2	2	997	5
15846	4	4	2	3	998	5
15847	5	3	6	3	1026	6
15848	6	5	1	3	984	6
15849	6	5	1	2	985	8
15850	5	3	6	2	1026	7
15851	6	5	1	3	986	6
15852	6	5	1	2	987	8
15853	4	4	2	2	998	6
15854	3	2	3	2	807	7
15855	4	3	2	5	1213	1
15856	4	3	2	4	1214	3
15857	5	1	2	2	823	6
15858	5	4	2	3	999	5
15859	5	4	2	2	1000	6
15860	4	3	2	3	1214	4
15861	5	1	2	3	824	3
15862	5	1	2	2	825	5
15863	4	3	2	2	1214	5
15864	5	4	2	3	1001	6
15865	5	4	2	2	1002	7
15866	3	4	2	2	1003	6
15867	2	2	1	4	1068	3
15868	3	1	2	4	826	4
15869	3	1	2	3	827	5
15870	3	1	2	2	828	7
15871	3	3	2	4	1214	1
15872	4	2	3	2	807	7
15873	5	3	6	5	1026	3
15874	5	3	6	4	1027	4
15875	5	3	6	3	1028	6
15876	5	3	6	2	1029	7
15877	4	3	6	5	1030	3
15878	4	3	6	4	1031	4
15879	4	3	6	3	1032	6
15880	4	3	6	2	1033	8
15881	3	3	2	3	1214	2
15882	4	2	3	3	807	9
15883	5	4	2	3	1004	3
15884	5	4	2	2	1005	4
15885	5	5	1	3	988	6
15886	5	5	1	2	989	8
15887	6	3	6	5	1034	3
15888	6	3	6	4	1035	6
15889	7	6	2	3	347	7
15890	6	3	6	3	1035	7
15891	7	6	2	3	348	7
15892	6	3	6	2	1035	8
15893	6	6	2	3	349	7
15894	3	3	2	2	1214	4
15895	4	4	2	3	1006	5
15896	5	5	1	3	989	6
15897	5	5	1	2	990	8
15898	6	2	3	3	807	6
15899	6	2	3	2	808	7
15900	5	2	3	3	809	6
15901	5	2	3	2	810	7
15902	4	4	2	2	1006	6
15903	4	5	1	3	990	6
15904	2	2	1	3	1068	4
15905	3	1	2	3	829	5
15906	3	1	2	2	830	6
15907	2	2	1	2	1068	5
15908	3	1	2	3	831	6
15909	3	1	2	2	832	7
15910	4	3	2	4	1214	1
15911	4	3	2	3	1215	3
15912	5	2	3	2	811	4
15913	5	4	2	3	1007	4
15914	5	4	2	2	1008	5
15915	4	3	2	2	1215	4
15916	5	4	2	3	1009	5
15917	6	5	1	3	991	6
15918	6	5	1	2	992	8
15919	5	4	2	2	1009	6
15920	3	3	2	4	1215	1
15921	4	2	3	2	812	7
15922	5	3	6	5	1036	4
15923	5	3	6	4	1037	5
15924	6	2	5	5	342	8
15925	5	3	6	3	1037	6
15926	5	3	6	2	1038	7
15927	4	3	6	5	1039	4
15928	4	3	6	4	1040	5
15929	5	2	5	5	343	8
15930	5	2	5	4	344	7
15931	4	3	6	3	1040	6
15932	4	3	6	2	1041	8
15933	3	3	2	3	1215	2
15934	4	2	3	3	812	9
15935	5	4	2	3	1010	3
15936	5	4	2	2	1011	4
15937	5	5	1	3	993	6
15938	5	5	1	2	994	8
15939	6	3	6	5	1042	5
15940	7	6	2	3	350	7
15941	6	3	6	4	1042	6
15942	7	6	2	3	351	7
15943	6	3	6	3	1042	7
15944	7	6	2	3	352	7
15945	6	3	6	2	1042	8
15946	6	6	2	3	353	7
15947	3	3	2	2	1215	4
15948	4	4	2	3	1012	5
15949	5	5	1	3	994	6
15950	5	5	1	2	995	8
15951	6	2	3	3	812	6
15952	6	2	3	2	813	7
15953	5	2	3	3	814	6
15954	5	2	3	2	815	7
15955	4	4	2	2	1012	6
15956	4	5	1	3	995	6
15957	2	3	2	4	1215	1
15958	2	3	2	3	1216	3
15959	3	4	2	3	1013	5
15960	3	4	2	2	1014	6
15961	2	3	2	2	1216	4
15962	2	4	2	2	1015	6
15963	1	9	3	3	782	6
15964	2	7	1	4	547	9
15965	3	4	2	8	1016	9
15966	4	5	8	8	520	9
15967	5	2	1	6	1068	2
15968	6	3	2	6	1217	3
15969	6	3	2	5	1217	4
15970	7	2	3	3	816	7
15971	8	1	2	3	832	3
15972	8	1	2	2	833	5
15973	7	2	3	2	816	8
15974	8	3	6	6	1043	8
15975	8	5	1	5	996	8
15976	9	1	2	3	834	5
15977	8	1	2	3	835	5
15978	7	1	2	3	836	5
15979	8	5	1	2	996	4
15980	7	1	2	2	836	7
15981	6	3	2	4	1217	5
15982	7	1	2	3	837	3
15983	7	1	2	2	838	6
15984	6	3	2	3	1217	6
15985	6	3	2	2	1218	7
15986	7	1	2	4	839	3
15987	7	1	2	3	840	5
15988	7	1	2	2	841	6
15989	5	2	1	5	1068	3
15990	6	1	2	4	842	4
15991	7	3	2	5	1218	2
15992	7	3	2	4	1219	5
15993	7	3	2	3	1220	6
15994	7	3	2	2	1221	7
15995	6	1	2	3	842	5
15996	7	3	2	4	1222	4
15997	8	5	1	2	997	4
15998	9	2	3	2	816	8
15999	7	2	3	4	817	4
16000	8	3	2	3	1222	6
16001	7	2	3	3	817	9
16002	8	3	2	3	1223	8
16003	6	1	2	2	842	7
16004	7	3	2	4	1224	2
16005	7	3	2	3	1225	5
16006	8	2	3	2	817	8
16007	7	3	2	2	1225	6
16008	5	2	1	4	1068	4
16009	6	1	2	3	842	5
16010	7	2	3	3	818	7
16011	8	3	2	2	1226	6
16012	7	2	3	2	818	8
16013	8	3	6	7	1044	8
16014	8	5	1	5	997	8
16015	9	3	2	4	1227	2
16016	9	3	2	3	1228	3
16017	9	3	2	2	1228	6
16018	8	3	2	4	1229	2
16019	8	3	2	3	1230	3
16020	8	3	2	2	1230	6
16021	7	3	2	4	1231	3
16022	6	1	2	2	842	6
16023	7	5	1	2	997	6
16024	8	3	2	4	1231	3
16025	6	3	2	4	1231	2
16026	6	3	2	3	1232	5
16027	7	2	3	2	818	8
16028	6	3	2	2	1232	6
16029	5	2	1	3	1068	5
16030	6	1	2	3	842	6
16031	7	2	3	3	819	8
16032	8	3	6	6	1045	8
16033	9	3	2	3	1233	3
16034	8	5	1	4	997	8
16035	8	5	1	3	998	3
16036	8	5	1	2	999	4
16037	7	3	2	3	1233	3
16038	6	1	2	2	842	7
16039	5	2	1	2	1068	6
16040	6	1	2	2	843	7
16041	7	2	3	3	819	5
16042	7	2	3	2	820	8
16043	8	3	6	6	1045	8
16044	8	3	6	5	1046	7
16045	9	3	2	4	1233	5
16046	7	3	2	5	1234	4
16047	7	3	2	4	1235	8
16048	6	3	2	4	1236	3
16049	6	3	2	3	1236	4
16050	6	3	2	2	1237	5
16051	5	2	3	2	820	5
16052	4	2	1	6	1068	2
16053	5	3	2	6	1238	3
16054	5	3	2	5	1238	4
16055	6	2	3	3	821	7
16056	7	1	2	3	843	3
16057	7	1	2	2	844	5
16058	6	2	3	2	821	8
16059	7	1	2	3	845	5
16060	6	1	2	3	846	5
16061	7	5	1	2	1000	4
16062	6	1	2	2	846	7
16063	5	3	2	4	1238	5
16064	6	1	2	3	847	3
16065	6	1	2	2	848	6
16066	5	3	2	3	1238	6
16067	5	3	2	2	1239	7
16068	6	1	2	4	849	3
16069	6	1	2	3	850	5
16070	6	1	2	2	851	6
16071	4	2	1	5	1068	3
16072	5	1	2	4	852	4
16073	6	3	2	5	1239	2
16074	6	3	2	4	1240	5
16075	6	3	2	3	1241	6
16076	6	3	2	2	1242	7
16077	7	2	3	2	821	5
16078	7	3	6	4	1046	3
16079	7	3	6	3	1047	4
16080	7	3	6	2	1048	6
16081	5	1	2	3	852	5
16082	6	3	2	4	1242	4
16083	7	5	1	2	1001	4
16084	6	3	2	3	1242	6
16085	6	3	2	2	1243	7
16086	5	1	2	2	852	7
16087	6	3	2	4	1244	2
16088	6	3	2	3	1245	5
16089	7	2	3	2	822	8
16090	6	3	2	2	1245	6
16091	4	2	1	4	1068	4
16092	5	1	2	3	852	5
16093	6	2	3	3	823	7
16094	7	3	2	2	1246	6
16095	6	2	3	2	823	8
16096	7	3	2	4	1247	2
16097	7	3	2	3	1248	3
16098	7	3	2	2	1248	6
16099	6	3	2	4	1249	3
16100	5	1	2	2	852	6
16101	6	5	1	2	1002	6
16102	7	3	2	4	1249	3
16103	6	3	2	4	1249	3
16104	6	3	2	3	1249	5
16105	6	3	2	2	1250	7
16106	5	3	2	4	1251	2
16107	5	3	2	3	1252	5
16108	6	2	3	2	823	8
16109	5	3	2	2	1252	6
16110	4	2	1	3	1068	5
16111	5	1	2	3	852	6
16112	6	2	3	3	824	8
16113	7	3	2	4	1253	2
16114	7	3	2	3	1254	3
16115	7	3	2	2	1254	4
16116	6	2	3	2	824	7
16117	5	1	2	2	852	7
16118	4	2	1	2	1068	6
16119	5	1	2	2	853	7
16120	6	2	3	3	825	5
16121	6	2	3	2	826	8
16122	7	3	6	6	1049	7
16123	8	3	2	4	1255	2
16124	6	3	2	5	1256	4
16125	6	3	2	4	1257	8
16126	5	3	2	4	1258	3
16127	5	3	2	3	1258	4
16128	5	3	2	2	1259	5
16129	4	2	3	2	826	5
16130	3	3	2	7	1260	1
16131	4	2	1	5	1068	2
16132	4	2	1	4	1069	3
16133	5	1	2	3	853	5
16134	5	1	2	2	854	7
16135	4	2	1	3	1069	4
16136	4	2	1	2	1070	5
16137	5	1	2	2	855	7
16138	3	3	2	6	1260	2
16139	4	2	1	5	1070	3
16140	5	1	2	3	856	4
16141	5	1	2	2	857	7
16142	4	2	1	4	1070	4
16143	5	1	2	2	858	5
16144	6	2	3	2	827	7
16145	7	4	2	4	1016	3
16146	7	4	2	3	1017	4
16147	8	5	1	2	1002	7
16148	8	5	8	3	520	9
16149	8	5	8	2	521	4
16150	7	4	2	2	1017	6
16151	8	5	1	2	1003	3
16152	6	4	2	4	1017	3
16153	6	4	2	3	1018	4
16154	7	5	1	2	1003	7
16155	7	3	6	5	1049	3
16156	7	3	6	4	1050	4
16157	7	3	6	3	1051	5
16158	8	5	8	3	522	4
16159	8	5	8	2	523	6
16160	7	3	6	2	1051	6
16161	8	5	8	3	524	4
16162	8	5	8	2	525	6
16163	8	7	8	5	388	7
16164	9	2	5	3	345	7
16165	6	4	2	2	1018	6
16166	7	5	1	2	1004	3
16167	4	2	1	3	1070	5
16168	4	2	1	2	1071	6
16169	5	4	2	4	1018	6
16170	6	2	3	2	827	8
16171	3	3	2	5	1260	3
16172	4	1	2	4	858	5
16173	5	4	2	4	1018	8
16174	5	4	2	3	1019	4
16175	6	5	1	2	1005	7
16176	5	4	2	2	1019	6
16177	5	2	3	3	828	7
16178	5	2	3	2	829	8
16179	4	1	2	3	858	6
16180	5	2	1	3	1071	2
16181	6	4	2	4	1020	5
16182	5	2	1	2	1071	4
16183	6	4	2	4	1021	5
16184	4	1	2	2	858	7
16185	5	2	1	3	1071	2
16186	5	2	1	2	1072	5
16187	5	4	2	2	1022	4
16188	4	2	1	3	1073	2
16189	5	4	2	4	1023	6
16190	5	5	1	2	1006	7
16191	5	4	2	2	1024	4
16192	4	2	1	2	1073	6
16193	5	4	2	4	1025	6
16194	5	5	1	2	1007	7
16195	5	4	2	2	1026	4
16196	3	3	2	4	1260	4
16197	4	4	2	4	1027	5
16198	5	2	1	3	1073	2
16199	5	2	1	2	1074	6
16200	4	4	2	3	1027	6
16201	5	5	1	4	1008	4
16202	5	5	1	3	1009	5
16203	5	5	1	2	1010	7
16204	6	1	2	3	858	8
16205	7	2	3	3	830	5
16206	7	2	3	2	831	7
16207	7	2	1	4	1075	2
16208	7	2	1	3	1076	3
16209	7	2	1	2	1077	5
16210	5	2	1	5	1078	2
16211	6	1	2	4	858	3
16212	6	1	2	3	859	5
16213	6	1	2	2	860	7
16214	5	1	2	3	861	5
16215	5	1	2	2	862	7
16216	6	2	1	2	1078	5
16217	6	2	3	3	832	9
16218	7	2	5	5	346	8
16219	8	3	6	6	1051	2
16220	8	3	6	5	1052	3
16221	8	3	6	4	1053	5
16222	8	3	6	3	1054	6
16223	8	3	6	2	1055	7
16224	8	5	5	7	202	9
16225	7	5	8	7	526	9
16226	8	3	6	6	1056	2
16227	8	3	6	5	1057	3
16228	8	3	6	4	1058	5
16229	8	3	6	3	1059	6
16230	8	3	6	2	1060	7
16231	8	5	5	5	203	6
16232	9	7	8	4	388	3
16233	9	7	8	3	389	4
16234	10	6	8	3	142	6
16235	9	7	8	2	389	5
16236	10	6	8	3	143	6
16237	6	2	3	2	832	5
16238	6	3	6	6	1061	2
16239	6	3	6	5	1062	3
16240	6	3	6	4	1063	5
16241	7	2	5	4	346	9
16242	7	5	5	6	203	9
16243	6	3	6	3	1063	6
16244	7	2	5	5	347	9
16245	8	5	8	5	526	9
16246	7	5	5	6	204	9
16247	6	3	6	2	1063	7
16248	5	2	3	3	833	5
16249	6	2	1	2	1079	6
16250	5	2	3	2	833	7
16251	5	2	1	4	1080	3
16252	5	2	1	3	1081	5
16253	5	2	1	2	1082	6
16254	4	4	2	2	1027	7
16255	3	3	2	3	1260	5
16256	4	4	2	3	1028	6
16257	5	5	1	2	1010	7
16258	5	1	2	3	862	4
16259	5	1	2	2	863	7
16260	4	4	2	2	1028	7
16261	5	1	2	4	864	6
16262	6	2	1	2	1083	2
16263	5	3	6	5	1064	6
16264	5	5	1	2	1011	4
16265	3	3	2	2	1260	6
16266	4	4	2	2	1028	7
16267	5	5	1	2	1012	6
16268	6	1	2	2	864	3
16269	7	2	3	2	834	7
16270	5	2	1	3	1084	2
16271	6	1	2	2	864	3
16272	5	2	1	2	1084	3
16273	6	1	2	2	865	4
16274	6	3	6	3	1065	5
16275	6	3	6	2	1066	7
16276	4	2	1	4	1084	2
16277	2	7	1	3	547	8
16278	3	2	1	6	1085	2
16279	4	3	2	6	1260	1
16280	5	1	2	3	866	5
16281	5	1	2	2	867	7
16282	5	2	3	2	835	7
16283	5	4	2	2	1028	3
16284	4	3	2	5	1260	3
16285	5	1	2	3	868	6
16286	5	1	2	2	869	7
16287	5	2	3	4	836	7
16288	6	3	6	4	1067	2
16289	6	3	6	3	1068	4
16290	7	5	8	6	527	9
16291	7	4	2	4	1029	4
16292	7	4	2	3	1030	5
16293	7	4	2	2	1031	6
16294	6	3	6	2	1068	5
16295	7	5	8	7	528	9
16296	7	4	2	4	1032	4
16297	8	5	1	3	1012	9
16298	9	5	8	6	529	4
16299	7	4	2	3	1032	5
16300	7	4	2	2	1033	6
16301	6	5	8	7	530	9
16302	6	4	2	4	1034	4
16303	7	5	1	3	1012	9
16304	8	7	8	5	389	7
16305	6	4	2	3	1034	5
16306	6	4	2	2	1035	6
16307	5	2	3	3	836	9
16308	6	3	6	4	1068	2
16309	6	3	6	3	1069	4
16310	7	5	8	6	531	9
16311	7	4	2	4	1036	4
16312	7	4	2	3	1037	5
16313	7	4	2	2	1038	6
16314	6	3	6	2	1069	5
16315	7	5	8	7	532	9
16316	7	4	2	4	1039	4
16317	7	4	2	3	1040	5
16318	7	4	2	2	1041	6
16319	4	3	2	4	1260	4
16320	5	4	2	4	1042	5
16321	6	5	1	3	1012	6
16322	6	5	1	2	1013	7
16323	6	1	2	3	870	3
16324	6	1	2	2	870	7
16325	5	4	2	3	1042	6
16326	6	5	1	3	1014	5
16327	6	5	1	2	1015	7
16328	6	5	8	7	533	8
16329	6	1	2	4	871	3
16330	6	1	2	3	872	5
16331	6	1	2	2	873	7
16332	5	4	2	2	1042	7
16333	5	1	2	3	874	3
16334	5	1	2	2	875	5
16335	6	2	3	3	836	9
16336	7	5	8	8	534	8
16337	8	5	1	4	1016	5
16338	8	5	1	3	1017	6
16339	8	5	1	2	1018	7
16340	8	3	6	5	1069	2
16341	8	3	6	4	1070	5
16342	9	6	2	3	354	6
16343	8	3	6	3	1070	6
16344	9	6	2	3	355	6
16345	8	3	6	2	1070	7
16346	6	2	3	2	836	7
16347	6	5	8	8	534	8
16348	7	5	1	4	1019	5
16349	7	5	1	3	1020	6
16350	7	5	1	2	1021	7
16351	4	3	2	3	1260	5
16352	5	4	2	3	1043	6
16353	6	1	2	2	875	3
16354	5	4	2	2	1043	7
16355	5	1	2	2	876	3
16356	4	3	2	2	1260	6
16357	5	4	2	2	1044	7
16358	5	1	2	3	877	3
16359	5	1	2	2	878	5
16360	6	2	3	3	837	9
16361	7	3	6	4	1071	2
16362	7	3	6	3	1072	5
16363	8	5	8	8	534	8
16364	9	5	1	4	1022	5
16365	9	5	1	3	1023	6
16366	7	3	6	2	1072	7
16367	8	5	8	8	534	8
16368	9	5	1	4	1024	5
16369	9	5	1	3	1025	6
16370	7	5	8	8	534	8
16371	8	5	1	4	1026	5
16372	8	5	1	3	1027	6
16373	3	2	1	5	1085	3
16374	4	1	2	4	878	4
16375	4	1	2	3	879	5
16376	5	3	2	4	1260	1
16377	5	3	2	3	1261	4
16378	6	4	2	3	1045	6
16379	7	5	1	2	1028	7
16380	6	4	2	2	1045	7
16381	6	2	3	3	837	9
16382	7	5	8	8	534	8
16383	8	5	1	4	1029	5
16384	8	5	1	3	1030	6
16385	8	5	1	2	1031	7
16386	8	3	6	5	1072	3
16387	8	3	6	4	1073	5
16388	9	6	2	3	356	6
16389	8	3	6	3	1073	6
16390	9	6	2	3	357	6
16391	8	3	6	2	1073	7
16392	6	2	3	2	837	7
16393	6	5	8	8	534	8
16394	7	5	1	4	1032	5
16395	7	5	1	3	1033	6
16396	7	5	1	2	1034	7
16397	5	3	2	2	1261	6
16398	6	4	2	2	1046	7
16399	6	2	3	3	838	9
16400	7	3	6	4	1074	3
16401	7	3	6	3	1075	5
16402	8	5	8	8	534	8
16403	9	5	1	4	1035	5
16404	9	5	1	3	1036	6
16405	7	3	6	2	1075	7
16406	8	5	8	8	534	8
16407	9	5	1	4	1037	5
16408	9	5	1	3	1038	6
16409	7	5	8	8	534	8
16410	8	5	1	4	1039	5
16411	8	5	1	3	1040	6
16412	4	1	2	2	879	7
16413	4	3	2	3	1261	1
16414	4	3	2	2	1262	2
16415	3	2	1	4	1085	4
16416	4	1	2	3	880	5
16417	4	1	2	2	881	6
16418	3	2	1	3	1085	5
16419	4	1	2	3	882	6
16420	5	4	2	3	1047	8
16421	5	3	2	3	1263	3
16422	4	1	2	2	882	7
16423	4	3	2	3	1264	1
16424	4	3	2	2	1265	2
16425	3	2	1	2	1085	6
16426	4	1	2	2	883	7
16427	5	3	2	4	1266	2
16428	6	2	3	2	838	8
16429	7	4	2	3	1048	3
16430	7	4	2	2	1049	4
16431	7	5	1	4	1041	3
16432	7	5	1	3	1041	5
16433	7	5	1	2	1042	7
16434	6	4	2	3	1050	3
16435	6	4	2	2	1051	4
16436	5	3	2	3	1266	3
16437	5	3	2	2	1267	4
16438	6	2	3	3	838	9
16439	7	4	2	3	1052	5
16440	7	4	2	2	1053	6
16441	8	5	1	4	1043	4
16442	8	5	1	3	1044	5
16443	8	5	1	2	1045	7
16444	8	5	8	7	534	8
16445	8	6	2	3	358	8
16446	6	2	3	2	838	5
16447	6	4	2	3	1053	5
16448	6	4	2	2	1054	6
16449	7	5	1	4	1046	4
16450	7	5	1	3	1047	5
16451	7	5	1	2	1048	7
16452	7	3	6	6	1075	8
16453	7	3	6	4	1076	6
16454	8	6	2	3	359	8
16455	7	3	6	3	1076	2
16456	7	3	6	2	1077	3
16457	7	6	2	3	360	8
16458	4	3	2	4	1267	1
16459	5	4	2	2	1054	3
16460	4	3	2	3	1267	3
16461	5	2	3	4	839	7
16462	6	3	6	4	1078	4
16463	6	3	6	3	1079	5
16464	7	5	8	7	535	9
16465	7	4	2	4	1055	4
16466	7	4	2	3	1056	5
16467	7	4	2	2	1057	6
16468	6	3	6	2	1079	6
16469	7	5	8	7	536	9
16470	7	4	2	4	1058	4
16471	7	4	2	3	1059	5
16472	7	4	2	2	1060	6
16473	6	5	8	7	537	9
16474	6	4	2	4	1061	4
16475	6	4	2	3	1062	5
16476	6	4	2	2	1063	6
16477	5	2	3	3	839	9
16478	6	3	6	4	1079	4
16479	7	5	8	6	538	9
16480	7	4	2	4	1064	4
16481	7	4	2	3	1065	5
16482	7	4	2	2	1066	6
16483	6	3	6	3	1079	5
16484	7	5	8	7	539	9
16485	7	4	2	4	1067	4
16486	7	4	2	3	1068	5
16487	7	4	2	2	1069	6
16488	6	3	6	2	1079	6
16489	7	5	8	7	540	9
16490	7	4	2	4	1070	4
16491	7	4	2	3	1071	5
16492	7	4	2	2	1072	6
16493	6	4	2	4	1073	4
16494	6	4	2	3	1074	5
16495	6	4	2	2	1075	6
16496	4	3	2	2	1267	4
16497	4	4	2	2	1076	6
16498	2	7	1	2	547	5
16499	2	2	1	5	1085	2
16500	3	3	2	6	1268	1
16501	3	3	2	5	1269	3
16502	4	1	2	3	883	6
16503	4	1	2	2	884	7
16504	4	2	3	4	839	7
16505	5	4	2	4	1077	4
16506	5	4	2	3	1078	5
16507	6	5	1	3	1049	4
16508	6	5	1	2	1049	8
16509	5	4	2	2	1078	6
16510	5	5	1	4	1050	3
16511	5	5	1	3	1051	5
16512	5	5	1	2	1052	8
16513	6	3	6	5	1079	2
16514	6	3	6	4	1080	4
16515	7	6	2	2	361	5
16516	6	3	6	3	1080	5
16517	7	6	2	2	362	5
16518	6	3	6	2	1080	7
16519	7	6	2	2	363	5
16520	4	2	3	3	839	9
16521	5	4	2	4	1079	4
16522	5	4	2	3	1080	5
16523	6	5	1	3	1052	4
16524	6	5	1	2	1052	8
16525	5	4	2	2	1080	6
16526	5	5	1	4	1053	3
16527	3	3	2	4	1269	4
16528	4	2	3	3	839	5
16529	5	1	2	2	885	3
16530	4	2	3	2	839	7
16531	5	1	2	3	885	5
16532	5	1	2	2	886	3
16533	3	3	2	3	1269	5
16534	4	4	2	3	1081	6
16535	4	4	2	2	1082	7
16536	5	1	2	3	886	3
16537	5	1	2	2	887	6
16538	5	2	3	3	839	9
16539	6	5	1	4	1053	4
16540	6	5	1	3	1054	5
16541	6	5	1	2	1055	8
16542	6	7	8	5	390	8
16543	7	6	2	3	364	6
16544	8	5	8	3	541	2
16545	8	5	8	2	542	3
16546	8	3	6	6	1080	2
16547	8	3	6	5	1081	3
16548	8	3	6	4	1081	4
16549	9	2	5	4	347	7
16550	10	5	5	3	205	8
16551	11	8	7	4	291	3
16552	11	8	7	3	291	4
16553	11	8	7	2	292	5
16554	11	1	3	2	110	4
16555	9	8	7	4	293	6
16556	8	3	6	3	1081	7
16557	8	3	6	2	1082	8
16558	6	5	8	7	543	8
16559	7	3	6	5	1083	2
16560	7	3	6	4	1084	3
16561	7	3	6	3	1085	4
16562	8	7	8	4	390	6
16563	9	6	2	3	364	6
16564	10	2	5	4	347	7
16565	7	3	6	2	1085	7
16566	6	3	6	2	1086	4
16567	7	7	8	4	390	6
16568	8	6	2	3	364	6
16569	5	2	3	2	839	4
16570	5	5	1	4	1056	4
16571	5	5	1	3	1057	5
16572	3	3	2	2	1269	6
16573	4	4	2	2	1082	7
16574	2	2	1	4	1085	3
16575	3	1	2	4	888	4
16576	3	1	2	3	889	5
16577	4	3	2	4	1269	1
16578	4	3	2	3	1270	4
16579	5	2	3	2	840	7
16580	4	3	2	2	1270	6
16581	5	4	2	2	1083	7
16582	3	1	2	2	889	7
16583	2	2	1	3	1085	4
16584	3	1	2	3	890	5
16585	3	1	2	2	891	6
16586	2	2	1	2	1085	5
16587	2	3	2	4	1270	1
16588	2	3	2	3	1271	3
16589	3	2	3	4	841	7
16590	4	4	2	4	1084	4
16591	4	4	2	3	1085	5
16592	5	5	1	3	1058	4
16593	5	5	1	2	1058	8
16594	4	4	2	2	1085	6
16595	4	5	1	4	1059	3
16596	4	5	1	3	1060	5
16597	4	5	1	2	1061	8
16598	5	3	6	5	1086	4
16599	5	3	6	4	1087	5
16600	6	6	2	2	365	5
16601	5	3	6	3	1087	6
16602	6	6	2	2	366	5
16603	5	3	6	2	1087	7
16604	6	6	2	2	367	5
16605	3	2	3	3	841	9
16606	4	4	2	4	1086	4
16607	4	4	2	3	1087	5
16608	5	5	1	3	1061	4
16609	5	5	1	2	1061	8
16610	4	4	2	2	1087	6
16611	4	5	1	4	1062	3
16612	2	3	2	2	1271	4
16613	2	4	2	2	1088	6
16614	2	2	3	3	841	9
16615	3	5	1	4	1062	4
16616	3	5	1	3	1063	5
16617	3	5	1	2	1064	8
16618	3	7	8	5	390	8
16619	4	6	2	3	368	6
16620	5	3	6	6	1087	3
16621	5	3	6	5	1088	4
16622	6	5	8	2	543	2
16623	6	2	5	3	348	7
16624	7	5	5	3	205	8
16625	8	8	7	4	294	3
16626	8	8	7	3	294	4
16627	8	8	7	2	295	5
16628	8	1	3	2	111	4
16629	5	3	6	4	1088	6
16630	6	5	8	3	544	2
16631	6	5	8	2	545	3
16632	6	2	5	4	348	7
16633	7	8	7	4	296	6
16634	8	6	8	2	144	4
16635	7	5	5	3	205	8
16636	8	8	7	3	296	3
16637	8	8	7	2	296	4
16638	6	8	7	4	297	6
16639	7	2	5	3	348	3
16640	7	2	5	2	349	4
16641	5	3	6	3	1088	7
16642	5	3	6	2	1089	8
16643	5	5	8	3	545	7
16644	6	2	5	5	349	8
16645	3	5	8	7	545	8
16646	4	3	6	5	1090	3
16647	4	3	6	4	1091	4
16648	5	7	8	4	390	6
16649	6	6	2	3	368	6
16650	4	3	6	3	1091	6
16651	5	7	8	4	390	6
16652	6	6	2	3	369	6
16653	4	3	6	2	1091	7
16654	3	3	6	3	1092	4
16655	4	7	8	4	390	6
16656	3	3	6	2	1092	6
16657	4	6	2	3	370	6
16658	5	7	8	4	391	6
16659	2	2	3	2	841	4
16660	2	5	1	4	1065	4
16661	2	5	1	3	1066	5
16662	1	9	3	2	782	7
16663	2	7	1	5	548	9
16664	3	4	2	8	1089	9
16665	4	5	8	8	545	9
16666	5	3	2	6	1272	3
16667	6	1	2	4	892	5
16668	7	2	3	2	842	8
16669	6	1	2	3	892	6
16670	7	2	1	3	1086	2
16671	7	2	1	2	1087	4
16672	6	1	2	2	892	7
16673	7	2	1	3	1088	2
16674	7	2	1	2	1089	5
16675	6	2	1	3	1090	6
16676	5	3	2	5	1272	4
16677	6	2	3	3	843	6
16678	7	2	1	4	1091	2
16679	8	1	2	3	892	3
16680	8	1	2	2	893	5
16681	7	2	1	3	1091	3
16682	8	1	2	2	894	5
16683	7	2	1	2	1091	5
16684	8	1	2	2	895	7
16685	6	2	3	2	843	8
16686	7	3	6	6	1092	8
16687	8	2	1	3	1091	5
16688	9	5	1	5	1067	8
16689	10	1	2	2	896	6
16690	9	1	2	2	897	6
16691	10	5	1	3	1067	7
16692	7	5	1	5	1068	8
16693	8	2	1	4	1091	2
16694	8	2	1	3	1092	3
16695	8	2	1	2	1093	5
16696	9	3	6	5	1092	7
16697	10	1	2	2	897	6
16698	9	3	6	4	1092	6
16699	10	1	2	2	898	6
16700	7	2	1	4	1093	2
16701	7	2	1	3	1094	3
16702	7	2	1	2	1095	5
16703	8	3	6	5	1092	7
16704	9	1	2	2	899	6
16705	8	3	6	4	1092	6
16706	9	1	2	2	900	6
16707	6	1	2	4	901	5
16708	6	1	2	3	902	6
16709	6	1	2	2	903	7
16710	7	2	1	3	1095	2
16711	7	2	1	2	1096	5
16712	6	2	1	3	1097	3
16713	5	3	2	4	1272	5
16714	6	2	3	3	843	6
16715	7	2	1	4	1098	2
16716	7	2	1	3	1099	3
16717	8	1	2	2	903	4
16718	8	3	6	4	1092	6
16719	9	5	1	4	1068	5
16720	9	5	1	3	1069	6
16721	9	5	1	2	1070	7
16722	10	6	2	3	370	8
16723	8	3	6	3	1092	7
16724	9	5	1	4	1070	8
16725	9	5	1	3	1071	7
16726	10	7	8	6	392	8
16727	11	6	2	3	371	8
16728	7	2	1	2	1099	4
16729	8	3	6	3	1092	6
16730	9	5	1	4	1071	7
16731	8	3	6	2	1092	7
16732	9	5	1	4	1072	8
16733	9	5	1	3	1073	7
16734	8	5	1	4	1074	5
16735	8	5	1	3	1075	6
16736	8	5	1	2	1076	7
16737	6	2	3	2	843	8
16738	7	3	6	6	1092	8
16739	8	5	1	5	1077	8
16740	9	2	1	4	1099	2
16741	9	2	1	3	1100	3
16742	9	2	1	2	1101	4
16743	8	2	1	4	1102	2
16744	8	2	1	3	1103	3
16745	8	2	1	2	1104	4
16746	7	5	1	5	1077	8
16747	8	2	1	4	1105	2
16748	8	2	1	3	1106	3
16749	9	1	2	2	904	4
16750	8	2	1	2	1106	4
16751	9	3	6	5	1092	6
16752	9	1	2	2	905	6
16753	7	2	1	4	1106	2
16754	7	2	1	3	1107	3
16755	8	1	2	2	906	4
16756	7	2	1	2	1107	4
16757	6	1	2	4	907	4
16758	6	1	2	3	908	6
16759	7	2	1	2	1108	2
16760	8	5	1	5	1077	8
16761	9	3	6	4	1093	2
16762	9	3	6	3	1094	6
16763	9	3	6	2	1095	7
16764	10	6	2	2	372	3
16765	8	3	6	4	1095	2
16766	8	3	6	3	1096	6
16767	8	3	6	2	1097	7
16768	9	5	1	4	1077	3
16769	9	5	1	3	1078	5
16770	9	5	1	2	1079	6
16771	7	5	1	5	1080	8
16772	8	3	6	4	1097	4
16773	8	3	6	3	1098	6
16774	8	3	6	2	1099	7
16775	9	6	2	2	373	3
16776	7	3	6	4	1099	4
16777	7	3	6	3	1100	6
16778	7	3	6	2	1101	7
16779	8	5	1	4	1080	3
16780	8	5	1	3	1081	5
16781	8	5	1	2	1082	6
16782	6	1	2	2	908	7
16783	7	2	1	3	1108	3
16784	7	2	1	2	1109	4
16785	6	5	1	4	1083	3
16786	6	5	1	3	1083	5
16787	6	5	1	2	1084	6
16788	6	6	2	3	374	7
16789	5	3	2	3	1272	6
16790	6	5	1	4	1085	5
16791	7	2	1	4	1110	2
16792	7	2	1	3	1111	3
16793	8	1	2	3	908	4
16794	9	2	3	2	843	5
16795	9	3	6	4	1101	8
16796	9	3	6	3	1102	7
16797	10	7	8	4	392	7
16798	11	2	5	4	350	9
16799	8	1	2	2	908	5
16800	7	2	1	2	1111	4
16801	6	5	1	3	1085	6
16802	7	2	1	5	1112	2
16803	8	1	2	3	909	3
16804	8	1	2	2	910	5
16805	7	2	1	4	1112	3
16806	7	2	1	3	1113	4
16807	7	2	1	2	1114	5
16808	6	5	1	2	1085	7
16809	7	1	2	5	911	7
16810	8	2	1	4	1115	2
16811	9	2	3	3	844	4
16812	9	2	3	2	845	8
16813	8	2	1	3	1115	3
16814	8	2	1	2	1116	4
16815	8	2	3	3	846	4
16816	8	2	3	2	847	8
16817	7	2	1	4	1117	3
16818	8	1	2	3	911	4
16819	9	2	3	2	848	5
16820	8	1	2	2	911	5
16821	7	2	1	2	1117	2
16822	6	2	1	5	1118	2
16823	7	1	2	3	912	3
16824	7	1	2	2	913	5
16825	8	2	3	3	849	4
16826	8	2	3	2	850	8
16827	8	3	6	4	1102	2
16828	8	3	6	3	1103	5
16829	9	6	2	2	375	4
16830	8	3	6	2	1103	7
16831	9	6	2	2	376	4
16832	8	7	8	5	392	7
16833	9	6	2	2	377	4
16834	8	6	2	2	378	4
16835	7	2	3	3	851	4
16836	7	2	3	2	852	8
16837	8	3	6	3	1103	2
16838	8	3	6	2	1104	3
16839	6	2	1	4	1118	3
16840	7	1	2	4	913	4
16841	8	2	3	2	852	5
16842	8	3	6	5	1105	8
16843	9	7	8	4	392	7
16844	10	6	2	2	379	5
16845	8	3	6	4	1105	7
16846	9	6	2	2	380	5
16847	8	3	6	2	1105	3
16848	8	6	2	2	381	5
16849	7	1	2	3	913	5
16850	8	2	3	3	853	4
16851	8	2	3	2	854	8
16852	8	3	6	4	1106	3
16853	8	3	6	3	1107	5
16854	9	6	2	2	382	4
16855	8	3	6	2	1107	7
16856	9	6	2	2	383	4
16857	8	7	8	5	392	7
16858	9	6	2	2	384	4
16859	8	6	2	2	385	4
16860	7	1	2	2	913	7
16861	6	2	1	3	1118	4
16862	7	1	2	2	914	5
16863	6	2	1	2	1118	5
16864	7	1	2	2	915	7
16865	8	2	3	3	855	4
16866	8	2	3	2	856	8
16867	9	3	6	3	1107	3
16868	9	3	6	2	1108	4
16869	9	7	8	4	392	7
16870	10	6	2	2	386	4
16871	8	3	6	3	1109	3
16872	8	3	6	2	1110	4
16873	8	7	8	5	392	5
16874	6	2	3	2	856	5
16875	6	6	2	3	387	7
16876	5	3	2	2	1272	7
16877	6	2	1	5	1118	2
16878	7	1	2	4	915	3
16879	7	1	2	3	916	5
16880	8	5	1	5	1085	8
16881	8	2	3	3	857	8
16882	8	5	1	4	1086	7
16883	9	2	3	2	858	4
16884	7	1	2	2	916	6
16885	8	2	3	3	859	5
16886	8	2	3	2	860	8
16887	6	2	1	4	1118	3
16888	7	1	2	3	916	4
16889	8	5	1	5	1086	8
16890	8	2	3	3	861	9
16891	9	5	1	4	1087	4
16892	9	5	1	3	1088	5
16893	10	3	6	4	1111	3
16894	10	3	6	3	1112	4
16895	10	3	6	2	1113	6
16896	9	5	1	2	1088	6
16897	9	3	6	5	1114	2
16898	9	3	6	4	1115	3
16899	9	3	6	3	1116	4
16900	10	2	5	3	351	7
16901	11	6	2	3	388	3
16902	11	6	2	2	389	5
16903	9	3	6	2	1116	6
16904	10	2	5	3	351	7
16905	11	6	2	3	390	3
16906	11	6	2	2	391	5
16907	7	1	2	2	916	5
16908	8	5	1	5	1089	8
16909	8	2	3	3	861	8
16910	8	5	1	4	1090	7
16911	9	2	3	2	862	4
16912	6	2	1	3	1118	4
16913	7	1	2	2	916	5
16914	8	2	3	3	863	8
16915	8	5	1	4	1090	8
16916	8	5	1	3	1091	5
16917	8	5	1	2	1092	6
16918	8	3	6	5	1116	2
16919	8	3	6	4	1117	4
16920	9	2	5	4	351	7
16921	8	3	6	3	1117	5
16922	9	2	5	3	352	7
16923	10	6	2	3	392	3
16924	10	6	2	2	393	4
16925	8	3	6	2	1117	6
16926	9	2	5	3	352	7
16927	10	6	2	3	394	3
16928	10	6	2	2	395	4
16929	7	2	3	3	864	5
16930	7	2	3	2	865	8
16931	6	2	1	2	1118	5
16932	7	1	2	2	916	6
16933	4	3	2	6	1272	3
16934	5	1	2	4	917	5
16935	6	2	3	2	866	8
16936	5	1	2	3	917	6
16937	6	2	1	3	1118	2
16938	7	3	6	3	1117	6
16939	7	3	6	2	1118	7
16940	8	5	8	4	545	8
16941	9	7	8	4	393	7
16942	10	2	5	5	352	8
16943	10	2	5	4	353	6
16944	6	2	1	2	1118	4
16945	5	1	2	2	917	7
16946	6	2	1	3	1119	2
16947	6	2	1	2	1120	5
16948	5	2	1	3	1121	6
16949	4	3	2	5	1272	4
16950	5	2	3	3	867	6
16951	6	2	1	4	1122	2
16952	7	1	2	3	917	3
16953	7	1	2	2	918	5
16954	6	2	1	3	1122	3
16955	7	1	2	2	919	5
16956	6	2	1	2	1122	5
16957	7	1	2	2	920	7
16958	5	2	3	2	867	8
16959	6	2	1	4	1122	2
16960	6	2	1	3	1123	3
16961	6	2	1	2	1124	5
16962	7	1	2	2	921	6
16963	8	3	6	5	1118	6
16964	9	5	8	6	545	8
16965	10	5	1	4	1093	3
16966	10	5	1	3	1094	4
16967	10	5	1	2	1095	6
16968	9	5	1	5	1096	8
16969	10	6	2	2	396	3
16970	8	3	6	4	1118	7
16971	8	5	1	4	1096	4
16972	8	5	1	3	1097	6
16973	8	5	1	2	1098	7
16974	8	6	2	2	397	3
16975	5	1	2	4	921	5
16976	5	1	2	3	922	6
16977	5	1	2	2	923	7
16978	6	2	1	3	1124	2
16979	6	2	1	2	1125	5
16980	5	2	1	3	1126	3
16981	4	3	2	4	1272	5
16982	5	2	3	3	867	6
16983	6	2	1	4	1127	2
16984	6	2	1	3	1128	3
16985	7	1	2	2	923	4
16986	7	3	6	4	1119	6
16987	8	5	1	4	1099	5
16988	8	5	1	3	1100	6
16989	8	5	1	2	1101	7
16990	9	6	2	3	398	8
16991	7	3	6	3	1119	7
16992	8	5	1	4	1101	8
16993	8	5	1	3	1102	7
16994	8	5	1	2	1103	5
16995	6	2	1	2	1128	4
16996	7	3	6	3	1119	6
16997	8	5	1	4	1104	5
16998	8	5	1	3	1105	6
16999	8	5	1	2	1106	7
17000	7	3	6	2	1119	7
17001	8	5	1	4	1107	8
17002	8	5	1	3	1108	7
17003	7	5	1	4	1109	5
17004	7	5	1	3	1110	6
17005	7	5	1	2	1111	7
17006	5	2	3	2	867	8
17007	6	2	1	4	1128	2
17008	6	2	1	3	1129	3
17009	7	1	2	2	924	4
17010	6	2	1	2	1129	4
17011	7	3	6	6	1119	6
17012	8	5	1	2	1112	7
17013	8	1	2	2	925	6
17014	7	3	6	5	1119	7
17015	8	5	1	2	1113	7
17016	8	1	2	2	926	6
17017	7	5	1	2	1114	7
17018	5	1	2	4	927	4
17019	5	1	2	3	928	6
17020	6	2	1	2	1129	2
17021	7	3	6	4	1119	2
17022	7	3	6	3	1120	6
17023	7	3	6	2	1121	7
17024	8	5	8	7	545	8
17025	9	5	1	4	1115	3
17026	9	5	1	3	1116	5
17027	9	5	1	2	1117	6
17028	8	5	1	5	1118	8
17029	9	6	2	2	399	3
17030	8	5	1	4	1118	3
17031	8	5	1	3	1119	5
17032	8	5	1	2	1120	6
17033	6	3	6	4	1121	4
17034	6	3	6	3	1122	6
17035	6	3	6	2	1123	7
17036	7	5	8	7	545	8
17037	8	5	1	4	1121	3
17038	8	5	1	3	1122	5
17039	8	5	1	2	1123	6
17040	7	5	1	5	1124	8
17041	8	6	2	2	400	3
17042	7	5	1	4	1124	3
17043	7	5	1	3	1125	5
17044	7	5	1	2	1126	6
17045	5	1	2	2	928	7
17046	6	2	1	3	1129	3
17047	6	2	1	2	1130	4
17048	5	5	1	4	1127	3
17049	5	5	1	3	1127	5
17050	5	5	1	2	1128	6
17051	5	6	2	3	401	7
17052	4	3	2	3	1272	6
17053	5	5	1	4	1129	5
17054	6	2	1	4	1131	2
17055	6	2	1	3	1132	3
17056	7	1	2	3	928	4
17057	8	2	3	2	867	5
17058	8	3	6	4	1123	3
17059	8	3	6	3	1123	4
17060	9	5	8	4	545	8
17061	10	2	5	3	354	9
17062	8	3	6	2	1123	7
17063	9	5	8	3	545	8
17064	10	2	5	4	355	9
17065	8	5	8	3	545	8
17066	9	2	5	3	356	9
17067	7	1	2	2	928	5
17068	6	2	1	2	1132	4
17069	5	5	1	3	1129	6
17070	6	2	1	5	1133	2
17071	7	1	2	3	929	3
17072	7	1	2	2	930	5
17073	6	2	1	4	1133	3
17074	6	2	1	3	1134	4
17075	6	2	1	2	1135	5
17076	5	5	1	2	1129	7
17077	6	1	2	5	931	7
17078	7	2	1	4	1136	2
17079	8	2	3	3	868	4
17080	8	2	3	2	869	8
17081	7	2	1	3	1136	3
17082	7	2	1	2	1137	4
17083	7	2	3	3	870	4
17084	7	2	3	2	871	8
17085	6	2	1	4	1138	3
17086	7	1	2	3	931	4
17087	8	2	3	2	872	5
17088	7	1	2	2	931	5
17089	6	2	1	2	1138	2
17090	5	2	1	5	1139	2
17091	6	1	2	3	932	3
17092	6	1	2	2	933	5
17093	7	2	3	3	873	4
17094	8	3	6	3	1123	5
17095	8	3	6	2	1124	7
17096	9	6	2	2	402	4
17097	7	2	3	2	873	8
17098	7	3	6	4	1124	2
17099	7	3	6	3	1125	5
17100	8	6	2	2	403	4
17101	7	3	6	2	1125	7
17102	8	6	2	2	404	4
17103	6	2	3	3	874	4
17104	6	2	3	2	875	8
17105	6	3	6	5	1125	2
17106	6	3	6	4	1126	3
17107	7	6	2	2	405	4
17108	6	3	6	3	1126	4
17109	6	3	6	2	1127	7
17110	5	2	1	4	1139	3
17111	6	1	2	4	933	4
17112	7	2	3	2	876	5
17113	7	3	6	5	1128	2
17114	7	3	6	4	1129	3
17115	7	3	6	3	1130	4
17116	8	6	2	2	406	5
17117	7	3	6	2	1130	7
17118	8	6	2	2	407	5
17119	7	6	2	2	408	5
17120	6	1	2	3	933	5
17121	7	2	3	3	877	4
17122	8	3	6	3	1130	5
17123	8	3	6	2	1131	7
17124	9	6	2	2	409	4
17125	7	2	3	2	877	8
17126	7	3	6	4	1131	3
17127	7	3	6	3	1132	5
17128	8	6	2	2	410	4
17129	7	3	6	2	1132	7
17130	8	6	2	2	411	4
17131	6	1	2	2	933	7
17132	5	2	1	3	1139	4
17133	6	1	2	2	934	5
17134	5	2	1	2	1139	5
17135	6	1	2	2	935	7
17136	7	2	3	3	878	4
17137	7	2	3	2	879	8
17138	7	3	6	5	1132	3
17139	8	6	2	2	412	4
17140	7	3	6	4	1132	4
17141	7	3	6	3	1133	5
17142	8	6	2	2	413	4
17143	7	3	6	2	1133	7
17144	5	2	3	2	880	5
17145	5	6	2	3	414	7
17146	4	3	2	2	1272	7
17147	5	2	1	5	1139	2
17148	6	1	2	4	935	3
17149	6	1	2	3	936	5
17150	7	2	3	3	881	8
17151	7	5	1	5	1129	8
17152	7	5	1	4	1130	7
17153	8	2	3	2	882	4
17154	6	1	2	2	936	6
17155	7	2	3	3	883	5
17156	7	2	3	2	884	8
17157	5	2	1	4	1139	3
17158	6	1	2	3	936	4
17159	7	2	3	3	885	9
17160	8	5	8	7	545	8
17161	9	5	1	4	1130	4
17162	9	5	1	3	1131	5
17163	10	3	6	4	1134	3
17164	10	3	6	3	1135	4
17165	10	3	6	2	1136	6
17166	11	6	2	2	415	3
17167	9	5	1	2	1131	6
17168	9	3	6	5	1136	2
17169	9	3	6	4	1137	3
17170	9	3	6	3	1138	4
17171	10	6	2	3	416	5
17172	10	6	2	2	417	3
17173	9	3	6	2	1138	6
17174	10	6	2	3	418	5
17175	10	6	2	2	419	3
17176	8	5	1	5	1132	8
17177	8	5	1	4	1133	7
17178	9	3	6	5	1138	2
17179	9	3	6	4	1139	3
17180	9	3	6	3	1140	4
17181	10	6	2	3	420	5
17182	10	6	2	2	421	3
17183	9	3	6	2	1140	6
17184	10	6	2	3	422	5
17185	10	6	2	2	423	3
17186	8	5	1	3	1133	4
17187	8	5	1	2	1134	5
17188	9	3	6	4	1140	3
17189	9	3	6	3	1141	4
17190	9	3	6	2	1142	6
17191	6	1	2	2	936	5
17192	7	2	3	3	885	8
17193	7	5	1	5	1134	8
17194	7	5	1	4	1135	7
17195	8	2	3	2	886	4
17196	5	2	1	3	1139	4
17197	6	1	2	2	936	5
17198	7	2	3	3	887	6
17199	7	2	3	2	888	8
17200	7	5	1	4	1135	5
17201	7	5	1	3	1136	6
17202	7	5	1	2	1137	7
17203	8	5	8	6	545	8
17204	9	3	6	5	1143	2
17205	9	3	6	4	1144	4
17206	10	2	5	5	357	8
17207	10	2	5	4	358	7
17208	9	3	6	3	1144	5
17209	10	2	5	4	359	8
17210	10	2	5	3	360	7
17211	11	6	2	3	424	3
17212	11	6	2	2	425	4
17213	9	3	6	2	1144	6
17214	10	2	5	4	360	8
17215	10	2	5	3	361	7
17216	11	6	2	3	426	3
17217	11	6	2	2	427	4
17218	8	3	6	5	1144	2
17219	8	3	6	4	1145	4
17220	9	2	5	4	361	7
17221	8	3	6	3	1145	5
17222	9	5	8	5	545	5
17223	10	2	5	3	362	7
17224	11	7	8	4	393	7
17225	12	6	2	3	428	3
17226	12	6	2	2	429	4
17227	8	3	6	2	1145	6
17228	9	2	5	3	362	7
17229	10	7	8	5	393	7
17230	11	6	2	3	430	3
17231	11	6	2	2	431	4
17232	6	2	3	3	889	5
17233	6	2	3	2	890	8
17234	5	2	1	2	1139	5
17235	6	1	2	2	936	6
17236	3	2	1	6	1139	2
17237	4	3	2	6	1272	1
17238	4	3	2	5	1273	3
17239	5	1	2	3	937	6
17240	6	4	2	3	1089	5
17241	5	1	2	2	937	7
17242	6	2	3	3	891	4
17243	6	5	1	2	1137	3
17244	4	3	2	4	1273	4
17245	5	4	2	4	1090	5
17246	5	4	2	3	1091	6
17247	6	5	1	4	1138	4
17248	6	5	1	3	1139	5
17249	6	5	1	2	1140	7
17250	6	1	2	4	937	3
17251	6	1	2	3	938	5
17252	6	1	2	2	939	7
17253	5	4	2	2	1091	7
17254	4	3	2	3	1273	5
17255	5	4	2	3	1092	6
17256	5	4	2	2	1093	7
17257	4	3	2	2	1273	6
17258	5	4	2	2	1094	7
17259	3	2	1	5	1139	3
17260	4	1	2	4	940	4
17261	5	4	2	5	1095	8
17262	5	3	2	3	1273	2
17263	5	3	2	2	1274	5
17264	4	1	2	3	940	5
17265	5	3	2	4	1275	1
17266	5	3	2	3	1276	4
17267	5	3	2	2	1277	6
17268	6	4	2	2	1096	7
17269	4	1	2	2	940	7
17270	5	3	2	4	1277	1
17271	6	2	3	3	892	9
17272	7	4	2	3	1097	3
17273	7	4	2	2	1098	4
17274	6	3	6	2	1145	5
17275	5	3	2	3	1277	2
17276	6	5	1	4	1141	5
17277	6	5	1	3	1142	6
17278	6	5	1	2	1143	7
17279	7	2	3	4	892	5
17280	7	2	3	3	893	6
17281	8	3	6	4	1146	3
17282	8	3	6	3	1147	6
17283	9	4	2	4	1099	3
17284	9	4	2	3	1100	4
17285	9	4	2	2	1101	5
17286	8	3	6	2	1147	7
17287	9	4	2	4	1102	3
17288	9	4	2	3	1103	4
17289	9	4	2	2	1104	5
17290	8	4	2	4	1105	3
17291	8	4	2	3	1106	4
17292	8	4	2	2	1107	5
17293	7	2	3	2	893	8
17294	7	4	2	4	1108	3
17295	7	4	2	3	1109	4
17296	7	4	2	2	1110	5
17297	6	4	2	4	1111	3
17298	6	4	2	3	1112	4
17299	6	4	2	2	1113	5
17300	6	2	3	4	894	5
17301	6	2	3	3	895	6
17302	6	2	3	2	896	8
17303	5	3	2	2	1277	5
17304	6	4	2	2	1114	6
17305	4	3	2	4	1277	1
17306	5	2	3	2	897	6
17307	6	5	1	4	1143	4
17308	6	5	1	3	1144	6
17309	6	5	1	2	1145	7
17310	6	4	2	4	1115	2
17311	6	4	2	3	1116	3
17312	6	4	2	2	1117	4
17313	3	2	1	4	1139	4
17314	4	1	2	3	940	5
17315	5	4	2	5	1118	8
17316	5	3	2	3	1277	2
17317	5	3	2	2	1278	3
17318	6	4	2	3	1119	4
17319	6	4	2	2	1120	6
17320	6	2	3	2	897	6
17321	6	5	1	3	1146	3
17322	6	5	1	2	1147	6
17323	4	1	2	2	940	6
17324	5	3	2	4	1278	1
17325	5	3	2	3	1279	3
17326	6	4	2	3	1121	5
17327	5	3	2	2	1279	5
17328	4	3	2	4	1280	1
17329	5	2	3	3	898	9
17330	6	4	2	3	1122	3
17331	6	4	2	2	1123	4
17332	5	3	6	3	1147	6
17333	4	3	2	3	1280	2
17334	5	5	1	4	1148	5
17335	5	5	1	3	1149	6
17336	5	5	1	2	1150	7
17337	6	4	2	5	1124	3
17338	6	4	2	4	1125	4
17339	6	4	2	3	1126	5
17340	6	4	2	2	1127	6
17341	5	4	2	4	1128	3
17342	5	4	2	3	1129	4
17343	5	4	2	2	1130	5
17344	5	2	3	4	898	5
17345	5	2	3	3	899	6
17346	5	2	3	2	900	8
17347	4	3	2	2	1280	5
17348	5	4	2	2	1131	6
17349	3	2	1	3	1139	5
17350	4	1	2	3	940	6
17351	5	3	2	3	1280	3
17352	6	3	6	3	1148	6
17353	7	2	5	3	362	9
17354	7	2	5	2	363	3
17355	6	3	6	2	1148	7
17356	7	2	5	4	364	9
17357	7	2	5	3	365	6
17358	6	5	8	4	545	9
17359	6	7	8	5	393	7
17360	4	1	2	2	940	7
17361	5	3	2	4	1280	1
17362	5	3	2	3	1281	3
17363	6	2	3	3	901	4
17364	5	3	2	2	1281	4
17365	6	2	3	2	902	6
17366	4	3	2	4	1281	1
17367	5	2	3	2	903	6
17368	6	5	1	4	1150	4
17369	6	5	1	3	1150	6
17370	6	5	1	2	1151	7
17371	6	3	6	4	1148	5
17372	6	3	6	3	1149	6
17373	7	4	2	4	1132	2
17374	7	4	2	3	1133	3
17375	7	4	2	2	1134	4
17376	6	3	6	2	1149	7
17377	7	4	2	4	1135	2
17378	7	4	2	3	1136	3
17379	7	4	2	2	1137	4
17380	3	2	1	2	1139	6
17381	4	1	2	2	940	7
17382	5	4	2	4	1138	8
17383	5	4	2	3	1139	6
17384	6	3	2	3	1281	2
17385	6	3	2	2	1282	3
17386	3	4	2	5	1139	7
17387	4	2	3	3	903	5
17388	5	3	2	3	1283	3
17389	6	5	1	3	1152	5
17390	6	5	1	2	1153	6
17391	5	3	2	2	1283	4
17392	4	2	3	2	903	6
17393	5	3	2	4	1284	2
17394	5	3	2	3	1285	3
17395	5	3	2	2	1286	4
17396	6	5	1	3	1154	5
17397	6	5	1	2	1155	6
17398	4	3	2	5	1286	2
17399	4	3	2	4	1287	3
17400	5	5	1	4	1156	3
17401	5	5	1	3	1156	5
17402	5	5	1	2	1157	6
17403	4	3	2	3	1287	4
17404	5	5	1	3	1158	5
17405	5	5	1	2	1159	6
17406	4	3	2	2	1287	5
17407	5	5	1	4	1160	4
17408	5	5	1	3	1161	5
17409	5	5	1	2	1162	6
17410	3	3	2	3	1287	2
17411	2	7	1	4	548	8
17412	3	5	1	6	1163	3
17413	4	4	2	4	1139	8
17414	5	3	2	3	1288	2
17415	6	2	3	2	903	8
17416	6	1	2	3	940	6
17417	5	3	2	2	1288	3
17418	4	2	3	3	904	8
17419	5	3	6	4	1149	8
17420	6	3	2	3	1289	1
17421	6	3	2	2	1290	2
17422	5	3	2	3	1291	1
17423	5	3	2	2	1292	2
17424	4	2	3	2	904	6
17425	4	3	2	3	1293	1
17426	4	3	2	2	1294	2
17427	5	4	2	2	1139	6
17428	3	5	1	5	1163	4
17429	4	4	2	4	1140	8
17430	5	2	1	4	1139	2
17431	6	3	2	4	1294	3
17432	5	2	1	3	1139	3
17433	6	1	2	2	941	4
17434	7	3	2	3	1295	2
17435	5	2	1	2	1139	5
17436	6	1	2	2	941	6
17437	7	3	2	3	1296	4
17438	5	3	2	4	1296	2
17439	6	3	6	5	1149	7
17440	4	2	3	5	905	8
17441	5	3	6	6	1150	8
17442	6	4	2	3	1140	5
17443	6	4	2	2	1141	6
17444	5	4	2	3	1142	5
17445	5	4	2	2	1143	6
17446	4	2	3	4	905	9
17447	5	4	2	3	1144	5
17448	5	4	2	2	1145	6
17449	3	5	1	4	1163	5
17450	4	4	2	5	1146	3
17451	4	4	2	4	1147	4
17452	5	3	2	3	1296	1
17453	5	3	2	2	1297	2
17454	4	4	2	3	1147	6
17455	5	3	2	4	1298	2
17456	5	3	2	3	1299	3
17457	6	1	2	3	941	5
17458	6	1	2	2	942	7
17459	5	3	2	2	1299	4
17460	4	4	2	2	1147	7
17461	5	2	1	5	1139	2
17462	6	1	2	2	943	5
17463	5	2	1	4	1139	3
17464	6	1	2	2	944	4
17465	7	2	3	2	905	6
17466	7	3	6	4	1150	8
17467	8	5	8	4	546	9
17468	7	3	6	3	1150	7
17469	8	5	8	3	547	7
17470	5	2	1	3	1139	4
17471	6	3	2	5	1300	3
17472	6	1	2	2	944	5
17473	5	2	1	2	1139	6
17474	4	2	1	4	1140	2
17475	5	1	2	3	945	3
17476	5	1	2	2	946	5
17477	5	3	2	2	1301	5
17478	4	2	1	3	1140	3
17479	5	1	2	3	947	4
17480	6	3	2	4	1302	5
17481	7	2	3	3	906	6
17482	8	3	6	4	1150	3
17483	8	3	6	3	1150	4
17484	9	5	8	4	548	8
17485	10	6	2	2	432	6
17486	8	3	6	2	1150	6
17487	7	2	3	2	906	8
17488	8	3	6	4	1151	3
17489	8	3	6	3	1151	4
17490	9	5	8	4	548	8
17491	10	6	2	2	433	6
17492	10	2	5	3	366	9
17493	8	3	6	2	1151	7
17494	9	5	8	5	548	8
17495	10	6	2	2	434	6
17496	10	2	5	4	367	9
17497	8	5	8	5	548	8
17498	9	6	2	2	435	6
17499	9	2	5	5	368	9
17500	5	1	2	2	947	5
17501	5	2	3	4	906	9
17502	6	3	2	3	1302	2
17503	6	3	2	2	1303	5
17504	5	2	3	3	906	8
17505	4	2	1	2	1140	4
17506	5	1	2	3	948	5
17507	6	3	2	4	1304	2
17508	6	3	2	3	1305	3
17509	6	3	2	2	1305	6
17510	5	1	2	2	948	6
17511	6	2	3	2	907	5
17512	6	3	2	3	1306	3
17513	6	3	2	2	1306	5
17514	5	2	3	4	908	9
17515	6	3	2	3	1307	2
17516	6	3	2	2	1308	5
17517	5	2	3	3	908	8
17518	4	3	2	4	1309	2
17519	5	3	6	5	1151	8
17520	6	2	5	4	369	9
17521	3	5	1	3	1163	6
17522	4	4	2	5	1147	3
17523	5	3	2	2	1309	1
17524	4	4	2	4	1147	4
17525	5	3	2	3	1310	1
17526	5	3	2	2	1311	2
17527	6	2	1	4	1140	3
17528	6	2	1	3	1141	4
17529	6	2	1	2	1142	5
17530	4	4	2	3	1147	5
17531	5	3	2	4	1311	1
17532	5	1	2	3	948	6
17533	5	3	2	3	1312	2
17534	4	4	2	2	1147	7
17535	5	3	2	5	1313	2
17536	5	3	2	4	1314	3
17537	6	1	2	3	949	5
17538	6	1	2	2	950	6
17539	5	3	2	3	1314	4
17540	6	2	1	4	1143	2
17541	6	2	1	3	1144	3
17542	6	2	1	2	1145	5
17543	5	3	2	2	1314	5
17544	4	2	1	4	1146	2
17545	5	5	8	7	548	8
17546	6	3	2	5	1315	3
17547	6	3	2	4	1316	4
17548	6	3	2	3	1317	5
17549	6	3	2	2	1318	6
17550	4	2	1	3	1146	3
17551	5	3	2	4	1319	4
17552	5	3	2	3	1320	5
17553	6	1	2	2	951	4
17554	5	3	2	2	1320	6
17555	4	2	1	2	1146	4
17556	5	3	2	4	1321	3
17557	5	3	2	3	1322	5
17558	6	1	2	2	952	6
17559	5	3	2	2	1322	6
17560	6	1	2	2	953	5
17561	4	1	2	2	954	6
17562	3	5	1	2	1163	7
17563	4	2	1	5	1146	2
17564	5	3	2	6	1322	1
17565	6	3	6	5	1151	8
17566	7	4	2	4	1147	2
17567	7	4	2	3	1148	3
17568	7	4	2	2	1149	4
17569	6	3	6	2	1151	6
17570	5	4	2	4	1150	4
17571	5	4	2	3	1151	5
17572	5	4	2	2	1152	6
17573	6	1	2	4	955	7
17574	7	3	2	2	1322	3
17575	5	5	8	7	548	8
17576	6	3	2	5	1323	3
17577	6	3	2	4	1324	4
17578	6	3	2	3	1325	5
17579	6	3	2	2	1326	6
17580	7	1	2	3	955	7
17581	7	2	3	2	909	4
17582	7	3	6	4	1152	2
17583	7	3	6	3	1153	5
17584	8	6	2	2	436	3
17585	7	3	6	2	1153	7
17586	8	6	2	2	437	3
17587	7	6	2	2	438	3
17588	6	1	2	3	956	3
17589	7	2	3	2	910	6
17590	7	3	6	4	1153	3
17591	7	3	6	3	1154	4
17592	7	3	6	2	1155	5
17593	8	2	5	3	370	9
17594	5	2	3	5	911	8
17595	6	3	2	5	1326	7
17596	6	3	6	5	1155	8
17597	6	3	2	3	1327	3
17598	6	3	2	2	1328	4
17599	5	2	3	4	911	9
17600	6	1	2	3	956	5
17601	6	1	2	2	957	6
17602	5	3	6	5	1156	7
17603	5	3	2	5	1329	7
17604	4	2	1	4	1146	3
17605	5	1	2	4	958	4
17606	6	3	2	4	1330	7
17607	6	3	2	2	1331	5
17608	7	4	2	2	1152	6
17609	6	2	3	2	911	5
17610	7	3	6	3	1157	7
17611	6	5	8	7	548	8
17612	7	3	6	5	1158	2
17613	7	3	6	4	1159	3
17614	7	3	6	3	1160	4
17615	8	6	2	2	439	3
17616	8	2	5	3	371	9
17617	8	2	5	2	372	5
17618	8	5	5	5	205	9
17619	9	7	8	5	394	3
17620	9	7	8	4	395	4
17621	9	7	8	3	396	5
17622	9	7	8	2	397	6
17623	9	9	2	2	108	2
17624	7	3	6	2	1160	7
17625	8	6	2	2	440	3
17626	8	2	5	4	373	9
17627	9	5	5	5	205	6
17628	8	2	5	3	373	6
17629	9	5	5	5	206	9
17630	10	7	8	5	398	3
17631	10	7	8	4	399	4
17632	10	7	8	3	400	5
17633	10	7	8	2	401	6
17634	7	6	2	2	441	3
17635	7	2	5	4	373	9
17636	7	2	5	3	374	4
17637	7	2	5	2	375	5
17638	8	5	5	5	206	9
17639	9	7	8	5	402	3
17640	9	7	8	4	403	4
17641	9	7	8	3	404	5
17642	10	9	2	2	109	2
17643	9	7	8	2	404	6
17644	9	9	2	2	110	2
17645	7	5	5	5	206	9
17646	8	7	8	5	405	3
17647	8	7	8	4	406	4
17648	8	7	8	3	407	5
17649	8	7	8	2	408	6
17650	8	9	2	2	111	2
17651	5	1	2	3	958	5
17652	6	3	2	3	1331	7
17653	6	3	2	2	1332	4
17654	7	4	2	2	1153	6
17655	6	2	3	2	911	4
17656	6	3	6	4	1160	3
17657	6	3	6	3	1161	5
17658	7	5	8	7	548	8
17659	8	6	2	2	442	3
17660	6	3	6	2	1161	7
17661	7	5	8	7	548	8
17662	8	6	2	2	443	3
17663	6	5	8	7	548	8
17664	7	6	2	2	444	3
17665	5	1	2	2	958	7
17666	6	3	2	4	1332	1
17667	6	3	2	3	1333	2
17668	7	4	2	5	1154	3
17669	7	4	2	4	1155	4
17670	8	2	3	4	912	5
17671	8	2	3	3	913	6
17672	8	2	3	2	914	8
17673	7	4	2	3	1155	5
17674	7	4	2	2	1156	6
17675	6	3	2	2	1333	5
17676	7	4	2	2	1157	6
17677	4	2	1	3	1146	4
17678	5	1	2	3	958	5
17679	6	3	2	4	1333	7
17680	6	3	2	2	1334	3
17681	5	1	2	2	958	6
17682	6	3	2	4	1335	7
17683	6	3	2	2	1336	3
17684	7	4	2	3	1158	8
17685	7	4	2	2	1159	4
17686	5	3	2	4	1336	1
17687	5	3	2	3	1337	2
17688	6	4	2	5	1160	3
17689	6	4	2	4	1161	4
17690	7	2	3	4	915	5
17691	7	2	3	3	916	6
17692	7	2	3	2	917	8
17693	6	4	2	3	1161	5
17694	6	4	2	2	1162	6
17695	5	3	2	2	1337	5
17696	6	4	2	2	1163	6
17697	4	2	1	2	1146	5
17698	5	1	2	3	958	6
17699	6	3	2	2	1337	3
17700	7	4	2	3	1164	8
17701	7	4	2	2	1165	4
17702	6	4	2	2	1166	5
17703	5	1	2	2	958	7
17704	6	3	2	4	1337	1
17705	7	3	6	5	1161	8
17706	7	3	6	2	1162	6
17707	6	3	2	3	1337	3
17708	6	3	2	2	1338	4
17709	7	2	3	2	918	6
17710	4	1	2	2	958	7
17711	5	3	2	2	1338	2
17712	3	5	8	7	548	8
17713	4	4	2	7	1167	8
17714	5	2	3	5	919	8
17715	6	3	6	7	1163	8
17716	7	2	1	5	1146	2
17717	8	3	2	5	1339	7
17718	7	2	1	4	1146	3
17719	8	1	2	3	958	4
17720	8	1	2	2	959	5
17721	7	2	1	3	1146	4
17722	8	1	2	3	960	5
17723	8	1	2	2	961	6
17724	7	2	1	2	1146	5
17725	8	1	2	2	962	6
17726	6	2	1	5	1146	2
17727	7	3	2	5	1340	7
17728	6	2	1	4	1146	3
17729	7	1	2	3	963	4
17730	7	1	2	2	964	5
17731	6	2	1	3	1146	4
17732	7	1	2	3	965	5
17733	7	1	2	2	966	6
17734	6	2	1	2	1146	5
17735	7	1	2	2	967	6
17736	5	2	3	4	919	9
17737	6	1	2	4	968	4
17738	6	1	2	3	969	5
17739	7	2	1	3	1146	2
17740	8	3	2	3	1341	4
17741	8	3	6	4	1163	2
17742	8	3	6	3	1164	5
17743	9	6	2	3	445	7
17744	8	3	6	2	1164	7
17745	9	6	2	3	446	7
17746	8	6	2	3	447	7
17747	7	2	1	2	1146	3
17748	8	3	2	3	1342	4
17749	8	3	6	4	1164	3
17750	8	3	6	3	1165	5
17751	9	6	2	3	448	7
17752	8	3	6	2	1165	7
17753	9	6	2	3	449	7
17754	8	6	2	3	450	7
17755	6	1	2	2	969	6
17756	7	2	1	3	1146	2
17757	8	3	2	3	1343	3
17758	8	3	2	2	1344	5
17759	7	2	1	2	1146	4
17760	8	3	2	3	1345	3
17761	8	3	2	2	1346	5
17762	6	3	2	5	1347	2
17763	7	2	1	3	1146	6
17764	6	3	2	4	1347	3
17765	6	3	2	3	1348	4
17766	6	3	2	2	1349	5
17767	7	3	6	6	1165	7
17768	7	3	6	5	1166	9
17769	8	2	1	3	1147	6
17770	7	2	1	3	1148	3
17771	7	2	1	2	1149	4
17772	6	2	1	4	1150	2
17773	6	2	1	3	1151	3
17774	6	2	1	2	1152	4
17775	5	3	6	6	1166	7
17776	6	2	3	3	919	4
17777	7	1	2	2	969	5
17778	8	2	1	2	1153	2
17779	6	2	3	2	919	5
17780	7	3	2	4	1349	2
17781	7	3	2	3	1350	3
17782	7	3	2	2	1350	4
17783	7	2	1	3	1154	2
17784	7	2	1	2	1155	3
17785	8	1	2	2	969	4
17786	6	3	2	3	1351	3
17787	7	1	2	2	970	5
17788	6	3	2	2	1351	4
17789	6	2	1	3	1155	2
17790	6	2	1	2	1156	3
17791	7	1	2	2	971	4
17792	5	3	2	6	1352	7
17793	4	1	2	4	972	4
17794	4	1	2	3	973	5
17795	5	2	1	3	1156	2
17796	6	3	2	3	1353	4
17797	7	4	2	2	1167	6
17798	5	2	1	2	1156	3
17799	6	3	2	3	1353	4
17800	7	4	2	2	1168	6
17801	4	1	2	2	973	6
17802	4	3	2	5	1353	1
17803	5	2	1	4	1156	2
17804	5	2	1	3	1157	3
17805	5	2	1	2	1158	4
17806	4	3	2	4	1353	2
17807	5	2	1	3	1159	3
17808	5	2	1	2	1160	4
17809	4	3	2	3	1353	3
17810	5	4	2	3	1169	4
17811	5	4	2	2	1170	5
17812	5	2	1	3	1161	2
17813	5	2	1	2	1162	5
17814	4	3	2	2	1353	4
17815	5	4	2	2	1171	5
17816	3	3	2	6	1353	1
17817	4	1	2	4	974	5
17818	5	2	1	2	1163	2
17819	4	1	2	3	974	6
17820	5	2	1	2	1164	2
17821	4	1	2	2	974	7
17822	5	2	1	4	1165	2
17823	6	4	2	4	1172	2
17824	5	2	1	3	1165	3
17825	6	2	3	3	919	9
17826	7	4	2	4	1173	2
17827	7	4	2	3	1174	3
17828	8	3	6	5	1166	2
17829	8	3	6	4	1167	3
17830	8	3	6	3	1168	6
17831	9	6	2	4	451	8
17832	8	3	6	2	1168	7
17833	8	5	8	6	548	7
17834	9	6	2	4	452	8
17835	8	6	2	4	453	8
17836	7	4	2	2	1174	4
17837	5	2	1	2	1165	4
17838	6	2	3	3	919	9
17839	7	4	2	4	1175	2
17840	7	4	2	3	1176	3
17841	8	3	6	5	1169	2
17842	8	3	6	4	1170	4
17843	8	3	6	3	1171	6
17844	9	6	2	4	454	8
17845	8	3	6	2	1171	7
17846	8	5	8	6	548	7
17847	9	6	2	4	455	8
17848	8	6	2	4	456	8
17849	7	4	2	2	1176	4
17850	5	4	2	4	1177	2
17851	3	3	2	5	1353	2
17852	4	4	2	5	1178	3
17853	4	4	2	4	1179	4
17854	5	1	2	4	974	5
17855	5	1	2	3	975	6
17856	5	1	2	2	976	7
17857	6	2	1	3	1165	3
17858	7	2	3	4	919	5
17859	7	2	3	3	920	6
17860	7	2	3	2	921	8
17861	7	3	6	5	1172	3
17862	7	3	6	4	1173	5
17863	8	6	2	4	457	8
17864	7	3	6	3	1173	6
17865	8	6	2	4	458	8
17866	7	3	6	2	1173	7
17867	6	2	1	2	1165	4
17868	7	2	3	4	922	5
17869	7	2	3	3	923	6
17870	7	2	3	2	924	8
17871	7	3	6	5	1174	4
17872	8	6	2	4	459	8
17873	7	3	6	4	1174	5
17874	8	6	2	4	460	8
17875	7	3	6	3	1174	6
17876	8	6	2	4	461	8
17877	7	3	6	2	1174	7
17878	5	2	1	3	1165	7
17879	4	4	2	3	1179	5
17880	5	1	2	4	976	4
17881	5	1	2	3	977	6
17882	5	1	2	2	978	7
17883	6	2	1	3	1166	3
17884	6	2	1	2	1167	4
17885	5	2	1	3	1168	7
17886	4	4	2	2	1179	6
17887	5	1	2	4	978	4
17888	5	1	2	3	979	5
17889	5	1	2	2	980	7
17890	6	2	1	3	1169	3
17891	6	2	1	2	1170	4
17892	5	2	1	3	1171	7
17893	4	2	1	4	1172	3
17894	4	2	1	3	1173	4
17895	4	2	1	2	1174	5
17896	3	3	2	4	1353	3
17897	4	4	2	4	1179	4
17898	4	4	2	3	1180	5
17899	5	1	2	3	980	6
17900	5	1	2	2	981	7
17901	6	2	1	3	1175	2
17902	6	2	1	2	1176	5
17903	5	2	3	4	925	9
17904	6	2	1	3	1177	7
17905	5	2	1	3	1178	2
17906	5	2	1	2	1179	6
17907	5	3	6	4	1175	7
17908	6	2	3	2	925	5
17909	4	4	2	2	1180	6
17910	5	1	2	3	981	5
17911	5	1	2	2	982	7
17912	6	2	1	3	1180	2
17913	6	2	1	2	1181	5
17914	5	2	3	4	926	9
17915	6	2	1	3	1182	7
17916	7	3	6	5	1175	2
17917	7	3	6	4	1176	4
17918	7	3	6	3	1177	6
17919	7	3	6	2	1178	7
17920	8	6	2	3	462	7
17921	9	2	5	4	375	6
17922	10	5	5	6	206	8
17923	9	2	5	3	375	3
17924	7	6	2	3	462	7
17925	8	7	8	5	409	7
17926	9	5	8	5	548	6
17927	10	5	5	5	207	8
17928	5	2	1	3	1182	2
17929	5	2	1	2	1183	6
17930	5	2	3	2	926	5
17931	4	1	2	3	982	5
17932	4	1	2	2	983	6
17933	4	2	3	3	927	9
17934	5	2	1	3	1184	7
17935	6	3	6	5	1178	2
17936	6	3	6	4	1179	4
17937	6	3	6	3	1180	6
17938	6	3	6	2	1181	7
17939	7	6	2	2	462	5
17940	6	6	2	2	463	5
17941	4	2	3	2	927	5
17942	3	3	2	3	1353	4
17943	4	4	2	3	1180	5
17944	5	3	6	3	1181	5
17945	5	3	6	2	1182	7
17946	6	5	8	4	548	7
17947	7	7	8	3	409	3
17948	6	2	5	3	376	6
17949	7	5	8	3	548	2
17950	7	5	8	2	549	4
17951	5	5	8	4	550	7
17952	6	7	8	3	410	6
17953	4	4	2	2	1180	6
17954	5	1	2	4	984	3
17955	5	1	2	3	985	5
17956	6	2	1	2	1184	2
17957	7	2	3	3	928	6
17958	8	3	6	5	1182	2
17959	8	3	6	4	1182	5
17960	9	6	2	3	464	8
17961	9	6	2	2	465	3
17962	8	3	6	3	1182	6
17963	9	6	2	3	466	8
17964	9	6	2	2	467	3
17965	8	3	6	2	1182	7
17966	9	6	2	3	468	8
17967	9	6	2	2	469	3
17968	7	2	3	2	928	8
17969	6	2	3	3	929	6
17970	7	3	6	5	1182	3
17971	7	3	6	4	1183	5
17972	8	6	2	3	470	8
17973	8	6	2	2	471	3
17974	7	3	6	3	1183	6
17975	8	6	2	3	472	8
17976	8	6	2	2	473	3
17977	7	3	6	2	1183	7
17978	8	6	2	3	474	8
17979	8	6	2	2	475	3
17980	6	2	3	2	929	8
17981	5	1	2	2	985	7
17982	6	2	1	3	1184	2
17983	6	2	1	2	1185	5
17984	5	2	3	3	930	9
17985	6	2	1	5	1186	7
17986	7	3	6	5	1183	2
17987	7	3	6	4	1184	3
17988	7	3	6	3	1185	5
17989	8	2	5	3	376	6
17990	9	5	5	6	208	8
17991	7	3	6	2	1185	7
17992	8	2	5	4	376	6
17993	9	5	5	6	209	8
17994	8	5	8	4	550	2
17995	8	5	8	3	550	4
17996	8	5	8	2	551	6
17997	9	7	8	2	411	4
17998	7	5	5	6	210	8
17999	5	2	3	2	930	5
18000	4	1	2	4	985	3
18001	4	1	2	3	986	5
18002	5	2	1	2	1186	2
18003	4	1	2	2	986	6
18004	4	2	3	3	931	9
18005	5	2	1	5	1187	7
18006	6	6	2	2	476	5
18007	6	3	6	5	1185	2
18008	6	3	6	4	1186	3
18009	6	3	6	3	1187	5
18010	7	2	5	3	376	6
18011	8	5	5	6	211	8
18012	6	3	6	2	1187	7
18013	7	2	5	4	376	6
18014	8	5	5	6	212	8
18015	6	5	5	6	213	8
18016	4	2	3	2	931	5
18017	4	3	6	4	1187	7
18018	5	5	8	5	551	6
18019	6	6	2	2	477	5
18020	4	3	6	3	1187	6
18021	3	3	2	2	1353	5
18022	4	4	2	2	1180	6
18023	5	2	1	3	1187	3
18024	5	2	1	2	1188	4
18025	5	3	6	4	1188	4
18026	5	3	6	3	1189	6
18027	5	3	6	2	1190	7
18028	6	5	8	4	551	6
18029	4	1	2	4	987	3
18030	4	1	2	3	988	4
18031	4	1	2	2	989	6
18032	5	2	1	2	1189	2
18033	6	3	6	4	1190	2
18034	6	3	6	3	1190	6
18035	6	3	6	2	1191	7
18036	5	3	6	4	1192	4
18037	5	3	6	3	1193	6
18038	5	3	6	2	1194	7
18039	4	2	3	3	932	9
18040	5	2	1	3	1189	7
18041	6	3	6	5	1195	2
18042	6	3	6	4	1196	4
18043	6	3	6	3	1197	6
18044	6	3	6	2	1198	7
18045	7	2	5	4	376	6
18046	6	5	8	6	552	7
18047	6	5	8	5	553	6
18048	7	6	2	3	478	3
18049	7	6	2	2	479	4
18050	7	5	5	5	214	8
18051	4	2	3	2	932	4
18052	3	2	1	3	1189	7
18053	3	2	1	2	1190	3
18054	3	3	6	2	1198	7
18055	2	2	3	4	933	4
18056	3	1	2	3	989	5
18057	4	2	1	2	1191	2
18058	3	1	2	2	989	7
18059	4	2	1	2	1192	2
18060	5	3	2	2	1353	3
18061	4	3	2	2	1354	3
18062	3	3	2	4	1355	2
18063	3	3	2	3	1356	3
18064	4	2	1	2	1192	2
18065	3	3	2	2	1356	5
18066	2	2	3	3	933	5
18067	3	3	6	5	1199	4
18068	4	3	2	5	1357	1
18069	4	3	2	4	1358	2
18070	4	3	2	3	1359	3
18071	5	1	2	3	989	6
18072	5	1	2	2	990	7
18073	5	2	1	3	1193	2
18074	5	2	1	2	1194	6
18075	5	4	2	4	1180	4
18076	5	4	2	3	1181	5
18077	5	4	2	2	1182	6
18078	5	5	1	4	1163	5
18079	5	5	1	3	1164	6
18080	4	3	2	2	1359	6
18081	5	4	2	2	1183	7
18082	3	3	6	4	1199	5
18083	4	2	1	5	1195	2
18084	4	2	1	4	1196	3
18085	5	1	2	2	991	4
18086	5	3	2	3	1359	2
18087	6	4	2	4	1184	3
18088	6	4	2	3	1185	4
18089	6	4	2	2	1186	5
18090	4	2	1	3	1196	4
18091	5	1	2	2	992	6
18092	5	3	2	3	1359	2
18093	6	4	2	4	1187	3
18094	6	4	2	3	1188	4
18095	6	4	2	2	1189	5
18096	4	2	1	2	1196	6
18097	4	3	2	3	1359	3
18098	4	3	2	2	1360	4
18099	3	3	6	3	1199	6
18100	4	3	2	5	1361	1
18101	4	3	2	4	1362	2
18102	5	2	1	2	1197	3
18103	4	3	2	3	1362	3
18104	5	1	2	3	993	6
18105	6	2	1	2	1198	2
18106	5	2	1	3	1199	6
18107	4	3	2	2	1362	4
18108	5	2	1	3	1200	2
18109	5	2	1	2	1201	6
18110	3	3	6	2	1199	7
18111	4	3	2	5	1362	1
18112	4	3	2	4	1363	2
18113	5	2	1	2	1202	3
18114	6	4	2	4	1190	3
18115	6	4	2	3	1191	4
18116	6	4	2	2	1192	5
18117	5	4	2	4	1193	3
18118	5	4	2	3	1194	4
18119	5	4	2	2	1195	5
18120	4	3	2	3	1363	3
18121	5	1	2	3	993	6
18122	6	2	1	2	1202	2
18123	5	1	2	2	993	7
18124	5	2	1	3	1203	2
18125	5	2	1	2	1204	6
18126	5	4	2	4	1196	4
18127	5	4	2	3	1197	5
18128	5	4	2	2	1198	6
18129	6	5	1	3	1165	5
18130	6	5	1	2	1166	8
18131	5	5	1	4	1167	5
18132	5	5	1	3	1168	6
18133	4	3	2	2	1363	4
18134	5	2	1	3	1205	2
18135	5	2	1	2	1206	6
18136	4	4	2	2	1198	7
18137	5	2	1	3	1207	7
18138	3	2	1	2	1208	3
18139	2	2	3	2	933	6
18140	3	2	1	5	1209	2
18141	4	3	2	5	1363	7
18142	4	3	2	3	1364	1
18143	4	3	2	2	1365	3
18144	4	4	2	3	1198	5
18145	4	4	2	2	1199	6
18146	3	2	1	4	1209	3
18147	4	3	2	5	1366	1
18148	5	4	2	4	1200	2
18149	5	4	2	3	1201	3
18150	5	4	2	2	1202	4
18151	5	5	1	4	1169	4
18152	5	5	1	3	1170	7
18153	5	5	1	2	1171	8
18154	4	3	2	4	1366	2
18155	5	4	2	4	1203	3
18156	6	5	1	3	1172	7
18157	6	5	1	2	1173	8
18158	5	4	2	3	1203	4
18159	5	4	2	2	1204	5
18160	4	3	2	3	1366	4
18161	5	1	2	2	994	5
18162	5	4	2	2	1205	6
18163	6	5	1	4	1174	4
18164	4	3	2	2	1366	5
18165	5	1	2	2	995	4
18166	5	4	2	2	1205	6
18167	3	2	1	3	1209	4
18168	4	1	2	2	996	5
18169	4	3	2	3	1366	2
18170	5	4	2	4	1206	3
18171	6	5	1	3	1175	7
18172	6	5	1	2	1176	8
18173	5	4	2	3	1206	4
18174	5	4	2	2	1207	5
18175	4	4	2	2	1208	6
18176	3	2	1	2	1209	5
18177	4	1	2	2	997	7
18178	5	3	2	3	1366	1
18179	5	3	2	2	1367	3
18180	5	4	2	3	1209	5
18181	5	4	2	2	1210	6
18182	4	3	2	3	1368	1
18183	5	4	2	4	1211	2
18184	5	4	2	3	1212	3
18185	5	4	2	2	1213	4
18186	5	3	6	4	1199	5
18187	5	3	6	3	1200	6
18188	6	5	1	4	1177	4
18189	6	5	1	3	1177	7
18190	6	5	1	2	1178	8
18191	5	3	6	2	1200	7
18192	6	5	1	4	1179	4
18193	6	5	1	3	1179	7
18194	6	5	1	2	1180	8
18195	4	4	2	2	1214	6
18196	5	3	6	4	1200	5
18197	5	3	6	3	1201	6
18198	6	5	1	4	1181	4
18199	5	3	6	2	1201	7
18200	6	5	1	4	1181	4
18201	3	3	2	4	1368	2
18202	3	3	2	3	1369	3
18203	3	3	2	2	1370	4
18204	4	4	2	3	1214	5
18205	5	5	1	2	1181	8
18206	5	3	6	5	1201	8
18207	5	3	6	4	1202	3
18208	5	3	6	3	1202	5
18209	6	6	2	2	480	6
18210	5	3	6	2	1202	6
18211	6	6	2	2	481	6
18212	4	4	2	2	1214	6
18213	5	5	1	4	1182	4
18214	5	5	1	3	1182	5
18215	5	5	1	2	1183	8
18216	6	7	1	2	548	5
18217	4	5	1	4	1183	5
18218	4	5	1	3	1184	6
18219	2	2	1	5	1209	7
18220	3	7	1	2	549	5
18221	4	3	2	5	1370	2
18222	4	3	2	4	1371	3
18223	5	3	6	4	1202	6
18224	5	3	6	3	1203	7
18225	6	2	5	2	377	6
18226	5	3	6	2	1203	8
18227	4	3	2	3	1371	4
18228	5	4	2	3	1214	5
18229	6	5	1	2	1185	8
18230	6	6	2	2	482	6
18231	7	3	6	5	1204	3
18232	7	3	6	4	1204	5
18233	7	3	6	3	1205	7
18234	8	7	8	4	412	8
18235	9	2	5	4	378	6
18236	10	5	8	3	553	3
18237	10	5	8	2	554	4
18238	10	8	7	3	297	6
18239	9	5	8	3	555	3
18240	9	5	8	2	556	4
18241	8	5	8	4	557	8
18242	8	5	8	3	558	3
18243	7	3	6	2	1205	8
18244	7	7	8	4	412	8
18245	6	3	6	5	1206	3
18246	6	3	6	4	1207	5
18247	6	3	6	3	1208	7
18248	7	7	8	3	413	8
18249	8	5	8	3	559	2
18250	8	5	8	2	560	4
18251	7	5	8	4	561	8
18252	7	7	8	2	413	6
18253	6	3	6	2	1208	8
18254	6	7	8	3	414	8
18255	5	4	2	2	1214	6
18256	6	3	6	4	1209	3
18257	6	3	6	3	1210	5
18258	6	3	6	2	1211	7
18259	7	7	8	3	415	8
18260	8	2	5	4	378	6
18261	9	8	7	3	298	6
18262	7	5	8	4	562	9
18263	6	7	8	3	415	8
18264	7	2	5	4	378	6
18265	8	8	7	3	299	6
18266	6	5	8	4	563	9
18267	5	5	1	3	1186	6
18268	4	3	2	2	1371	5
18269	5	4	2	2	1214	6
18270	6	5	1	2	1187	8
18271	7	3	6	5	1211	4
18272	7	3	6	4	1212	6
18273	8	2	5	3	378	8
18274	8	7	8	3	415	8
18275	9	2	5	2	379	3
18276	9	8	7	2	300	6
18277	9	5	8	4	564	2
18278	9	5	8	3	565	4
18279	9	5	8	2	566	6
18280	8	5	8	4	567	9
18281	7	3	6	3	1212	7
18282	8	2	5	4	380	8
18283	8	7	8	3	415	8
18284	9	8	7	2	301	6
18285	8	5	8	4	568	9
18286	7	3	6	2	1212	8
18287	6	3	6	5	1213	4
18288	7	7	8	2	415	6
18289	7	5	8	2	569	2
18290	6	3	6	4	1213	6
18291	7	7	8	2	416	6
18292	7	5	8	3	569	6
18293	6	3	6	3	1213	7
18294	6	3	6	2	1214	8
18295	5	5	1	4	1187	4
18296	5	5	1	3	1188	6
18297	3	3	2	4	1371	5
18298	1	7	8	7	417	9
18299	2	5	8	7	570	8
18300	3	4	2	7	1214	8
18301	4	7	1	6	549	8
18302	5	2	1	6	1209	2
18303	6	3	2	5	1372	1
18304	7	3	6	4	1215	6
18305	8	5	1	5	1189	3
18306	8	5	1	4	1189	4
18307	8	5	1	3	1190	5
18308	8	5	1	2	1191	6
18309	7	3	6	3	1215	5
18310	8	5	1	5	1192	3
18311	8	5	1	4	1192	4
18312	8	5	1	3	1193	5
18313	8	5	1	2	1194	6
18314	6	3	2	4	1372	3
18315	7	2	3	2	933	4
18316	8	5	1	3	1195	9
18317	7	3	6	4	1215	2
18318	7	3	6	3	1216	5
18319	8	5	1	4	1196	3
18320	8	5	1	3	1196	4
18321	8	5	1	2	1197	6
18322	7	3	6	2	1216	6
18323	8	5	1	4	1198	3
18324	8	5	1	3	1198	4
18325	8	5	1	2	1199	6
18326	7	5	1	4	1200	9
18327	8	2	5	5	381	9
18328	9	6	2	3	482	4
18329	10	5	5	5	215	7
18330	9	6	2	2	482	6
18331	8	6	2	3	483	4
18332	9	6	8	4	145	5
18333	8	6	2	2	483	6
18334	6	3	2	3	1372	4
18335	7	2	3	3	933	5
18336	7	2	3	2	934	6
18337	6	3	2	2	1372	5
18338	7	2	3	2	935	6
18339	8	5	1	3	1200	9
18340	7	3	6	3	1216	2
18341	7	3	6	2	1217	3
18342	8	5	1	3	1201	5
18343	8	5	1	2	1202	6
18344	8	2	5	2	381	6
18345	7	5	1	3	1203	5
18346	7	5	1	2	1204	6
18347	7	2	5	4	382	9
18348	7	2	5	3	383	7
18349	8	6	2	3	484	4
18350	8	6	2	2	485	6
18351	9	5	5	5	216	6
18352	10	9	2	3	112	2
18353	5	2	1	5	1209	3
18354	6	5	1	4	1205	4
18355	7	3	2	4	1372	1
18356	7	3	2	3	1373	2
18357	6	5	1	3	1205	5
18358	7	3	2	5	1374	1
18359	7	3	2	4	1375	2
18360	8	3	6	5	1217	3
18361	8	3	6	4	1218	4
18362	9	6	2	3	485	3
18363	10	2	3	4	935	8
18364	11	2	5	4	383	9
18365	12	9	2	2	113	6
18366	11	2	5	3	383	7
18367	12	9	2	2	114	6
18368	8	3	6	3	1218	5
18369	9	2	3	4	935	5
18370	9	2	3	3	936	8
18371	10	6	2	3	485	3
18372	11	2	5	4	383	9
18373	12	9	2	2	115	6
18374	11	2	5	3	383	7
18375	9	6	2	3	485	3
18376	8	3	6	2	1218	7
18377	9	2	3	4	936	7
18378	7	3	2	3	1375	4
18379	7	3	2	2	1376	5
18380	6	5	1	2	1205	7
18381	7	3	2	4	1377	2
18382	8	2	3	2	937	7
18383	9	3	6	4	1218	3
18384	9	3	6	3	1219	4
18385	10	2	5	4	384	8
18386	11	9	2	3	116	6
18387	9	3	6	2	1219	5
18388	10	2	5	3	384	8
18389	11	9	2	3	117	6
18390	8	3	6	4	1219	3
18391	8	3	6	3	1220	4
18392	9	2	5	4	384	9
18393	9	2	5	3	385	7
18394	10	6	2	3	486	3
18395	10	6	2	2	487	4
18396	10	5	5	6	216	9
18397	11	9	2	3	118	6
18398	11	9	2	2	119	3
18399	8	3	6	2	1220	5
18400	7	3	2	3	1377	4
18401	8	2	3	3	937	5
18402	8	2	3	2	938	7
18403	7	3	2	2	1377	5
18404	6	3	2	5	1378	1
18405	6	3	2	4	1379	2
18406	7	2	3	4	939	8
18407	8	3	6	4	1221	8
18408	7	2	3	3	939	4
18409	7	2	3	2	940	5
18410	7	3	6	4	1222	5
18411	8	6	2	4	488	3
18412	9	9	2	2	120	6
18413	7	3	6	3	1222	4
18414	8	6	2	4	488	3
18415	9	5	5	3	216	4
18416	9	5	5	2	217	6
18417	6	3	6	5	1222	8
18418	6	3	2	3	1379	4
18419	5	2	1	4	1209	4
18420	6	2	3	3	941	6
18421	7	3	2	4	1380	1
18422	7	3	2	3	1381	2
18423	7	3	2	2	1381	3
18424	6	2	3	2	941	7
18425	7	3	2	3	1382	2
18426	7	3	2	2	1383	3
18427	7	5	1	3	1205	6
18428	8	3	6	4	1223	2
18429	8	3	6	3	1224	3
18430	8	3	6	2	1225	4
18431	7	5	1	2	1205	7
18432	8	3	6	4	1226	2
18433	8	3	6	3	1227	3
18434	8	3	6	2	1228	4
18435	7	3	6	4	1229	2
18436	7	3	6	3	1230	3
18437	7	3	6	2	1231	4
18438	8	6	2	4	488	3
18439	8	6	2	3	489	4
18440	8	6	2	2	490	5
18441	6	5	1	4	1205	3
18442	6	5	1	3	1205	6
18443	7	3	2	5	1384	1
18444	7	3	2	4	1385	2
18445	7	3	2	3	1385	3
18446	7	3	2	2	1386	6
18447	8	3	6	3	1231	2
18448	8	3	6	2	1232	3
18449	6	5	1	2	1205	7
18450	7	3	2	4	1386	2
18451	8	3	6	4	1233	4
18452	8	3	6	3	1234	6
18453	9	2	5	4	385	9
18454	9	2	5	3	386	7
18455	10	6	2	3	491	3
18456	10	6	2	2	492	4
18457	8	3	6	2	1234	7
18458	8	2	5	5	386	9
18459	8	2	5	4	387	7
18460	9	6	2	3	493	3
18461	9	6	2	2	494	4
18462	7	3	2	3	1386	3
18463	8	3	6	4	1235	4
18464	8	3	6	3	1236	6
18465	9	6	2	2	495	4
18466	8	3	6	2	1236	7
18467	8	6	2	2	496	4
18468	9	2	5	5	387	9
18469	9	2	5	4	388	7
18470	10	5	5	5	218	9
18471	11	9	2	4	121	2
18472	7	3	2	2	1386	6
18473	8	3	6	3	1237	2
18474	8	3	6	2	1238	3
18475	6	3	2	5	1386	1
18476	6	3	6	6	1239	8
18477	7	3	2	4	1387	2
18478	8	2	5	5	388	9
18479	9	6	2	4	496	3
18480	10	5	5	4	218	4
18481	10	5	5	3	219	5
18482	10	5	5	2	220	6
18483	11	7	2	4	96	4
18484	10	7	2	4	97	4
18485	10	9	2	3	122	5
18486	9	6	2	3	496	4
18487	9	6	2	2	497	5
18488	8	2	5	4	388	7
18489	9	6	2	4	498	3
18490	10	5	5	3	220	6
18491	10	5	5	2	221	4
18492	9	6	2	3	498	4
18493	9	6	2	2	499	5
18494	7	3	2	3	1387	3
18495	7	3	2	2	1388	6
18496	6	3	2	4	1389	2
18497	6	3	2	3	1390	3
18498	6	3	2	2	1391	6
18499	7	3	6	3	1239	2
18500	7	3	6	2	1240	3
18501	7	6	2	4	500	4
18502	5	2	1	3	1209	5
18503	6	2	3	3	941	6
18504	7	3	2	4	1391	1
18505	7	3	2	3	1392	2
18506	7	3	2	2	1392	3
18507	6	2	3	2	941	7
18508	7	3	2	3	1393	2
18509	7	3	2	2	1394	3
18510	7	5	1	3	1205	6
18511	8	3	6	4	1241	2
18512	8	3	6	3	1242	3
18513	8	3	6	2	1243	5
18514	9	6	2	4	501	3
18515	7	5	1	2	1205	7
18516	8	3	6	4	1243	2
18517	8	3	6	3	1244	3
18518	8	3	6	2	1245	5
18519	9	6	2	3	502	5
18520	10	2	5	5	388	8
18521	7	3	6	4	1245	2
18522	7	3	6	3	1246	3
18523	7	3	6	2	1247	5
18524	8	6	2	4	502	3
18525	8	6	2	3	503	4
18526	8	6	2	2	504	5
18527	6	5	1	4	1205	3
18528	6	5	1	3	1205	6
18529	7	3	2	5	1395	1
18530	7	3	2	4	1396	2
18531	7	3	2	3	1396	3
18532	7	3	2	2	1397	6
18533	8	3	6	4	1247	2
18534	8	3	6	3	1248	3
18535	8	3	6	2	1249	5
18536	9	6	2	4	505	3
18537	6	5	1	2	1205	7
18538	7	3	2	4	1397	2
18539	8	3	6	4	1249	5
18540	8	3	6	3	1250	6
18541	9	2	5	4	389	9
18542	9	2	5	3	390	7
18543	10	6	2	3	506	3
18544	10	6	2	2	507	4
18545	8	3	6	2	1250	7
18546	8	2	5	5	390	9
18547	8	2	5	4	391	7
18548	9	6	2	3	508	3
18549	9	6	2	2	509	4
18550	7	3	2	3	1397	3
18551	8	3	6	4	1251	5
18552	8	3	6	3	1252	6
18553	9	6	2	2	510	4
18554	8	3	6	2	1252	7
18555	8	6	2	2	511	4
18556	9	2	5	5	391	9
18557	9	2	5	4	392	7
18558	10	5	5	5	222	9
18559	11	9	2	4	123	2
18560	7	3	2	2	1397	6
18561	8	3	6	4	1253	2
18562	8	3	6	3	1254	3
18563	8	3	6	2	1255	5
18564	9	6	2	3	511	5
18565	10	2	5	5	392	9
18566	11	5	5	5	222	5
18567	10	2	5	4	392	7
18568	11	5	5	6	223	9
18569	12	9	2	2	124	2
18570	11	5	5	5	223	5
18571	6	3	2	5	1397	1
18572	6	3	6	6	1255	8
18573	7	3	2	4	1398	2
18574	8	2	5	5	392	9
18575	9	6	2	4	511	3
18576	10	5	5	4	224	4
18577	10	5	5	3	225	5
18578	10	5	5	2	226	6
18579	11	7	2	4	98	4
18580	10	7	2	4	99	4
18581	10	9	2	3	125	5
18582	9	6	2	3	511	4
18583	9	6	2	2	512	5
18584	8	2	5	4	392	7
18585	9	6	2	4	513	3
18586	10	5	5	3	226	6
18587	10	5	5	2	227	4
18588	9	6	2	3	513	4
18589	9	6	2	2	514	5
18590	7	3	2	3	1398	3
18591	7	3	2	2	1399	6
18592	6	3	2	4	1400	2
18593	6	3	2	3	1401	3
18594	6	3	2	2	1402	6
18595	7	3	6	2	1255	2
18596	7	2	5	3	392	7
18597	5	2	1	2	1209	6
18598	6	5	1	4	1205	4
18599	7	3	2	4	1402	1
18600	7	3	2	3	1403	2
18601	6	5	1	3	1205	5
18602	7	3	2	5	1404	1
18603	7	3	2	4	1405	2
18604	8	6	2	3	515	3
18605	9	2	3	4	941	8
18606	10	3	6	4	1256	8
18607	10	3	6	3	1257	6
18608	11	2	5	5	393	9
18609	11	2	5	4	394	7
18610	10	3	6	2	1257	4
18611	11	2	5	4	395	9
18612	11	2	5	3	396	7
18613	10	2	5	4	397	9
18614	10	2	5	3	398	7
18615	9	3	6	4	1257	6
18616	7	3	2	3	1405	4
18617	7	3	2	2	1406	5
18618	6	5	1	2	1205	7
18619	7	3	2	4	1407	2
18620	8	2	3	2	941	7
18621	9	3	6	4	1258	4
18622	9	3	6	3	1259	5
18623	10	2	5	4	399	8
18624	9	3	6	2	1259	6
18625	10	2	5	5	400	8
18626	11	9	2	3	126	6
18627	9	9	2	2	127	6
18628	8	3	6	4	1259	4
18629	9	2	5	4	400	9
18630	9	2	5	3	401	7
18631	8	3	6	3	1259	5
18632	9	2	5	4	402	9
18633	9	2	5	3	403	7
18634	8	3	6	2	1259	6
18635	9	2	5	5	404	9
18636	9	2	5	4	405	7
18637	10	6	2	3	515	3
18638	10	6	2	2	516	4
18639	10	5	5	6	228	9
18640	11	9	2	3	128	6
18641	11	9	2	2	129	3
18642	10	9	2	3	130	6
18643	10	9	2	2	131	3
18644	8	6	2	3	517	3
18645	8	6	2	2	518	4
18646	8	9	2	3	132	6
18647	8	9	2	2	133	3
18648	7	3	2	3	1407	4
18649	8	2	3	3	941	5
18650	8	2	3	2	942	7
18651	7	3	2	2	1407	5
18652	6	3	2	5	1408	1
18653	6	3	2	4	1409	2
18654	7	2	3	4	943	8
18655	8	3	6	4	1259	8
18656	9	6	2	4	519	3
18657	10	2	5	5	405	9
18658	11	5	5	4	228	7
18659	10	5	5	3	229	6
18660	11	9	2	2	134	6
18661	8	3	6	3	1259	6
18662	9	6	2	4	519	3
18663	10	2	5	5	405	9
18664	10	2	5	4	406	7
18665	8	3	6	2	1259	4
18666	9	6	2	4	519	3
18667	8	6	2	4	520	3
18668	9	2	5	2	407	3
18669	7	3	6	4	1259	4
18670	7	3	6	3	1260	5
18671	8	2	3	3	943	5
18672	8	6	2	4	520	3
18673	9	9	2	2	135	6
18674	7	3	6	2	1260	6
18675	8	2	3	3	944	4
18676	8	2	3	2	945	5
18677	7	2	3	3	946	7
18678	6	3	6	5	1260	8
18679	6	3	2	3	1409	4
18680	5	3	2	5	1410	1
18681	6	3	6	2	1261	6
18682	6	5	1	4	1205	9
18683	5	3	2	4	1410	3
18684	6	2	3	2	947	4
18685	7	5	1	3	1206	4
18686	7	5	1	2	1207	6
18687	7	3	6	3	1262	5
18688	7	3	6	2	1263	6
18689	7	6	2	3	520	4
18690	7	6	2	2	521	6
18691	6	3	6	4	1264	5
18692	6	3	6	3	1265	6
18693	7	5	1	4	1208	3
18694	7	5	1	3	1208	4
18695	7	5	1	2	1209	6
18696	6	3	6	2	1265	7
18697	7	5	1	4	1210	3
18698	7	5	1	3	1210	4
18699	7	5	1	2	1211	6
18700	6	5	1	4	1212	3
18701	6	5	1	3	1212	4
18702	6	5	1	2	1213	6
18703	6	2	5	5	408	9
18704	7	6	2	3	522	4
18705	8	9	2	3	136	2
18706	7	6	2	2	522	6
18707	6	2	5	4	408	6
18708	7	6	2	3	523	4
18709	8	5	5	4	229	3
18710	7	6	2	2	523	6
18711	5	3	2	3	1410	4
18712	6	2	3	3	947	5
18713	6	2	3	2	948	6
18714	5	3	2	2	1410	5
18715	6	2	3	2	949	6
18716	7	5	1	3	1214	5
18717	7	5	1	2	1215	6
18718	7	3	6	4	1265	3
18719	7	3	6	3	1266	4
18720	8	6	2	3	524	4
18721	8	6	2	2	525	6
18722	9	9	2	3	137	2
18723	7	3	6	2	1266	6
18724	8	6	2	3	525	4
18725	8	6	2	2	526	6
18726	9	9	2	3	138	2
18727	7	6	2	3	526	4
18728	7	6	2	2	527	6
18729	8	5	5	5	230	7
18730	6	5	1	3	1216	5
18731	6	5	1	2	1217	6
18732	6	3	6	4	1266	8
18733	7	2	5	5	408	9
18734	8	6	2	3	527	4
18735	8	6	2	2	528	6
18736	9	9	2	3	139	2
18737	7	6	2	3	528	4
18738	7	6	2	2	529	6
18739	8	5	5	6	231	7
18740	6	3	6	3	1266	7
18741	7	2	5	5	408	9
18742	8	6	2	3	529	4
18743	8	6	2	2	530	6
18744	9	5	5	6	232	7
18745	6	3	6	2	1266	3
18746	4	2	1	7	1209	8
18747	5	3	6	6	1267	8
18748	6	2	3	3	949	5
18749	7	3	2	3	1410	3
18750	7	3	2	2	1410	4
18751	6	2	3	2	949	6
18752	7	3	2	3	1411	3
18753	7	3	2	2	1412	4
18754	8	5	1	2	1218	3
18755	6	3	2	5	1412	2
18756	6	3	2	4	1413	3
18757	6	3	2	3	1414	4
18758	6	3	2	2	1415	5
18759	6	7	1	2	549	5
18760	5	5	1	5	1218	7
18761	6	2	3	2	949	5
18762	6	3	6	3	1267	7
18763	7	7	1	2	550	5
18764	6	3	6	2	1267	3
18765	6	7	1	2	551	5
18766	5	5	1	4	1218	6
18767	6	2	3	2	950	6
18768	3	5	1	6	1218	9
18769	4	3	2	6	1416	1
18770	5	2	3	4	951	8
18771	6	3	6	7	1268	8
18772	7	2	5	6	408	9
18773	8	4	2	6	1214	2
18774	9	6	2	5	530	7
18775	10	7	1	4	552	7
18776	11	2	1	4	1209	3
18777	11	2	1	3	1210	4
18778	11	2	1	2	1211	5
18779	10	2	1	6	1212	7
18780	9	2	1	4	1213	5
18781	8	4	2	5	1214	3
18782	9	6	2	4	530	7
18783	10	2	1	6	1214	2
18784	10	2	1	5	1215	3
18785	10	2	1	4	1216	4
18786	10	2	1	3	1217	5
18787	10	2	1	2	1218	6
18788	8	4	2	4	1214	4
18789	9	2	1	6	1219	2
18790	9	2	1	5	1220	3
18791	9	2	1	4	1221	4
18792	9	2	1	3	1222	5
18793	9	2	1	2	1223	6
18794	8	4	2	3	1214	5
18795	9	2	1	6	1224	2
18796	9	2	1	5	1225	3
18797	9	2	1	4	1226	4
18798	9	2	1	3	1227	5
18799	9	2	1	2	1228	6
18800	8	4	2	2	1214	6
18801	9	2	1	6	1229	2
18802	9	2	1	5	1230	3
18803	9	2	1	4	1231	4
18804	9	2	1	3	1232	5
18805	9	2	1	2	1233	6
18806	8	2	1	6	1234	6
18807	7	2	1	6	1235	2
18808	7	2	1	5	1236	3
18809	8	4	2	5	1214	2
18810	8	4	2	4	1215	3
18811	8	4	2	3	1216	4
18812	8	4	2	2	1217	6
18813	7	2	1	4	1236	4
18814	7	2	1	3	1237	5
18815	7	2	1	2	1238	6
18816	8	4	2	5	1218	2
18817	8	4	2	4	1219	3
18818	8	4	2	3	1220	4
18819	8	4	2	2	1221	6
18820	6	3	6	6	1268	2
18821	6	3	6	5	1269	3
18822	7	4	2	5	1222	3
18823	7	4	2	4	1223	4
18824	8	6	2	3	530	6
18825	9	2	1	6	1238	2
18826	9	2	1	4	1239	3
18827	9	2	1	2	1240	4
18828	7	4	2	3	1223	5
18829	8	2	1	6	1241	2
18830	8	2	1	4	1242	3
18831	8	2	1	2	1243	4
18832	7	4	2	2	1223	6
18833	8	2	1	6	1244	2
18834	8	2	1	4	1245	3
18835	8	2	1	2	1246	4
18836	7	2	1	6	1247	6
18837	6	3	6	4	1269	4
18838	7	2	1	6	1247	2
18839	7	2	1	5	1248	3
18840	7	2	1	4	1249	4
18841	7	2	1	2	1250	6
18842	6	3	6	3	1269	5
18843	7	2	1	6	1251	2
18844	7	2	1	5	1252	3
18845	7	2	1	4	1253	4
18846	7	2	1	3	1253	5
18847	7	2	1	2	1254	6
18848	6	3	6	2	1269	6
18849	7	2	1	6	1255	6
18850	7	2	1	4	1256	5
18851	6	2	1	6	1257	7
18852	6	2	1	4	1258	3
18853	6	2	1	3	1259	4
18854	6	2	1	2	1260	5
18855	5	2	3	3	951	5
18856	6	2	1	4	1261	7
18857	5	2	3	2	951	6
18858	6	2	1	4	1261	2
18859	7	3	6	4	1269	6
18860	8	4	2	4	1223	2
18861	8	4	2	3	1224	3
18862	8	4	2	2	1225	4
18863	6	2	1	3	1261	4
18864	6	2	1	2	1262	5
18865	6	4	2	4	1226	2
18866	6	4	2	3	1226	3
18867	6	4	2	2	1227	4
18868	5	2	1	4	1263	3
18869	5	2	1	3	1264	4
18870	6	3	6	4	1269	6
18871	6	4	2	5	1228	2
18872	6	4	2	4	1229	3
18873	6	4	2	3	1230	5
18874	6	4	2	2	1231	6
18875	6	7	1	3	552	7
18876	7	6	2	3	530	3
18877	5	2	1	2	1264	5
18878	6	3	6	2	1270	6
18879	6	4	2	4	1232	2
18880	6	4	2	3	1233	3
18881	6	4	2	2	1234	5
18882	4	2	3	5	951	8
18883	5	3	6	7	1271	8
18884	6	3	2	5	1416	2
18885	7	2	1	4	1264	3
18886	7	2	1	3	1265	4
18887	7	2	1	2	1266	5
18888	7	4	2	4	1235	3
18889	8	7	1	2	552	5
18890	7	4	2	3	1235	4
18891	7	4	2	2	1236	5
18892	6	3	2	4	1416	3
18893	7	2	1	4	1267	2
18894	8	4	2	4	1237	4
18895	9	7	1	2	553	3
18896	8	4	2	3	1237	5
18897	8	4	2	2	1238	6
18898	7	2	1	3	1267	4
18899	8	4	2	3	1239	7
18900	7	2	1	2	1267	5
18901	8	4	2	3	1240	7
18902	7	4	2	4	1241	4
18903	8	7	1	2	554	3
18904	7	4	2	3	1241	5
18905	7	4	2	2	1242	6
18906	6	3	2	3	1416	4
18907	7	4	2	3	1243	5
18908	8	2	1	2	1267	2
18909	7	4	2	2	1243	6
18910	8	2	1	4	1268	2
18911	8	2	1	3	1269	3
18912	8	2	1	2	1270	6
18913	7	2	1	4	1271	3
18914	6	3	2	2	1416	5
18915	7	4	2	2	1243	6
18916	8	2	1	4	1272	2
18917	8	2	1	3	1273	3
18918	8	2	1	2	1274	6
18919	7	2	1	4	1275	2
18920	7	2	1	3	1276	3
18921	7	2	1	2	1277	6
18922	6	2	1	4	1278	2
18923	6	2	1	3	1279	4
18924	6	2	1	2	1280	5
18925	5	3	2	5	1416	2
18926	6	2	1	4	1281	3
18927	6	2	1	3	1282	4
18928	6	2	1	2	1283	5
18929	6	3	6	3	1271	6
18930	7	4	2	4	1243	3
18931	7	4	2	3	1244	4
18932	7	4	2	2	1245	5
18933	6	3	6	2	1271	4
18934	7	4	2	4	1246	3
18935	7	4	2	3	1247	4
18936	7	4	2	2	1248	5
18937	6	4	2	4	1249	3
18938	6	4	2	3	1250	4
18939	6	4	2	2	1251	5
18940	5	3	2	4	1416	3
18941	6	2	1	4	1284	2
18942	7	3	6	4	1271	2
18943	7	3	6	3	1272	4
18944	7	3	6	2	1273	5
18945	6	2	1	3	1284	4
18946	6	2	1	2	1285	5
18947	6	3	6	3	1274	6
18948	6	3	6	2	1275	4
18949	6	4	2	4	1252	4
18950	6	4	2	3	1253	5
18951	6	4	2	2	1254	6
18952	5	3	2	3	1416	4
18953	6	4	2	3	1255	5
18954	7	2	1	2	1286	2
18955	6	4	2	2	1255	6
18956	7	2	1	4	1287	2
18957	7	2	1	3	1288	3
18958	7	2	1	2	1289	6
18959	6	2	1	4	1290	3
18960	5	3	2	2	1416	5
18961	6	4	2	2	1255	6
18962	7	2	1	4	1291	2
18963	7	2	1	3	1292	3
18964	7	2	1	2	1293	6
18965	6	2	1	4	1294	2
18966	6	2	1	3	1295	3
18967	6	2	1	2	1296	6
18968	5	2	1	4	1297	2
18969	5	2	1	3	1298	4
18970	5	2	1	2	1299	5
18971	4	3	2	5	1416	2
18972	5	2	1	4	1300	3
18973	6	3	6	4	1276	3
18974	6	3	6	3	1277	4
18975	7	2	3	3	951	4
18976	7	4	2	4	1255	3
18977	7	4	2	3	1256	4
18978	7	4	2	2	1257	5
18979	6	3	6	2	1277	5
18980	7	2	3	3	952	5
18981	7	4	2	4	1258	3
18982	8	7	1	2	555	5
18983	7	4	2	3	1258	4
18984	7	4	2	2	1259	5
18985	6	2	3	3	953	7
18986	5	2	1	3	1300	4
18987	5	2	1	2	1301	5
18988	5	3	6	4	1277	4
18989	5	3	6	3	1278	5
18990	6	2	3	3	954	5
18991	6	4	2	4	1260	3
18992	7	7	1	2	556	5
18993	6	4	2	3	1260	4
18994	6	4	2	2	1261	5
18995	5	3	6	2	1278	6
18996	6	2	3	3	955	4
18997	6	2	3	2	956	5
18998	5	2	3	3	957	7
18999	4	3	2	4	1416	3
19000	5	2	1	4	1302	2
19001	5	2	1	3	1303	4
19002	5	2	1	2	1304	5
19003	5	3	6	2	1278	5
19004	5	2	3	3	958	4
19005	4	3	2	3	1416	4
19006	5	4	2	3	1262	5
19007	5	4	2	2	1263	6
19008	6	2	1	4	1305	2
19009	6	2	1	3	1306	3
19010	6	2	1	2	1307	6
19011	5	2	1	4	1308	3
19012	4	3	2	2	1416	5
19013	5	4	2	2	1263	6
19014	6	2	1	4	1309	2
19015	6	2	1	3	1310	3
19016	6	2	1	2	1311	6
19017	5	2	1	4	1312	2
19018	5	2	1	3	1313	3
19019	5	2	1	2	1314	6
19020	4	2	1	4	1315	2
19021	4	2	1	3	1316	4
19022	4	2	1	2	1317	5
19023	3	5	1	5	1218	3
19024	4	3	2	2	1416	1
19025	5	2	1	4	1318	2
19026	3	5	1	4	1218	4
19027	4	4	2	3	1263	7
19028	5	2	1	4	1319	2
19029	5	2	1	3	1320	3
19030	6	3	2	4	1416	1
19031	6	3	2	3	1417	2
19032	5	2	1	2	1320	6
19033	6	3	2	4	1418	1
19034	6	3	2	3	1419	2
19035	4	4	2	2	1263	5
19036	4	3	2	4	1420	1
19037	5	2	1	4	1320	2
19038	5	2	1	3	1321	3
19039	5	2	1	2	1322	6
19040	3	5	1	3	1218	5
19041	4	2	1	4	1323	2
19042	5	4	2	4	1264	7
19043	6	3	2	5	1420	1
19044	6	3	2	4	1421	3
19045	6	3	2	3	1422	4
19046	6	3	2	2	1423	5
19047	5	4	2	3	1264	6
19048	6	3	2	3	1424	3
19049	6	3	2	2	1425	4
19050	4	2	1	3	1323	3
19051	5	3	2	4	1426	1
19052	5	3	2	3	1427	2
19053	6	4	2	3	1264	3
19054	6	4	2	2	1265	4
19055	5	3	2	2	1427	4
19056	6	4	2	2	1266	6
19057	4	2	1	2	1323	6
19058	5	3	2	4	1427	1
19059	5	3	2	3	1428	2
19060	6	4	2	3	1267	3
19061	6	4	2	2	1268	4
19062	5	3	2	2	1428	4
19063	6	4	2	2	1269	6
19064	4	4	2	4	1270	7
19065	5	3	2	5	1428	1
19066	5	3	2	4	1429	3
19067	5	3	2	3	1430	4
19068	5	3	2	2	1431	5
19069	4	4	2	3	1270	6
19070	5	3	2	3	1432	3
19071	5	3	2	2	1433	4
19072	3	5	1	2	1218	6
19073	4	2	1	4	1323	2
19074	5	3	2	5	1434	6
19075	4	2	1	3	1323	4
19076	5	3	2	4	1435	1
19077	5	3	2	3	1436	2
19078	5	3	2	2	1437	3
19079	4	2	1	2	1323	5
19080	5	3	2	4	1438	1
19081	5	3	2	3	1439	2
19082	5	3	2	2	1440	3
19083	4	3	2	5	1441	6
19084	3	2	1	4	1323	3
19085	4	2	3	4	959	8
19086	5	3	2	4	1442	1
19087	5	3	2	3	1443	2
19088	5	3	2	2	1444	4
19089	4	3	2	4	1445	2
19090	3	2	1	3	1323	4
19091	4	3	2	3	1446	1
19092	4	3	2	2	1447	2
19093	4	4	2	3	1270	4
19094	4	4	2	2	1271	5
19095	5	2	3	3	959	6
19096	5	2	3	2	960	7
19097	3	2	1	2	1323	5
19098	4	3	2	3	1448	1
19099	4	3	2	2	1449	2
19100	4	4	2	3	1271	4
19101	4	4	2	2	1272	5
19102	5	2	3	3	961	6
19103	5	2	3	2	962	7
19104	3	2	3	4	963	8
19105	4	3	2	4	1450	1
19106	4	3	2	3	1451	2
19107	4	3	2	2	1452	4
19108	3	3	2	4	1453	2
19109	2	3	2	6	1454	1
19110	3	2	3	4	963	5
19111	4	2	1	4	1323	2
19112	4	2	1	2	1324	3
19113	3	2	3	3	963	6
19114	4	2	1	4	1325	2
19115	5	3	6	4	1279	6
19116	6	4	2	4	1272	2
19117	6	4	2	3	1273	3
19118	6	4	2	2	1274	4
19119	7	5	1	3	1218	6
19120	7	5	1	2	1219	8
19121	8	6	2	3	531	7
19122	9	7	1	3	557	6
19123	7	7	1	5	558	8
19124	6	5	1	4	1219	3
19125	6	5	1	3	1219	4
19126	6	5	1	2	1220	8
19127	6	7	1	5	559	8
19128	7	6	2	4	531	8
19129	8	5	8	6	570	2
19130	8	5	8	5	571	3
19131	9	6	8	2	145	1
19132	8	5	8	4	571	4
19133	9	9	2	4	140	2
19134	8	5	8	3	571	5
19135	8	5	8	2	572	6
19136	9	9	2	4	141	2
19137	5	3	6	3	1279	5
19138	6	4	2	4	1274	2
19139	6	4	2	3	1275	3
19140	6	4	2	2	1276	4
19141	7	5	1	3	1221	6
19142	7	5	1	2	1222	8
19143	8	6	2	3	531	7
19144	9	7	1	3	559	6
19145	6	5	1	4	1222	3
19146	6	5	1	3	1222	4
19147	6	5	1	2	1223	8
19148	4	2	1	3	1325	4
19149	4	2	1	2	1326	5
19150	4	3	6	2	1279	6
19151	5	5	1	5	1224	9
19152	6	4	2	4	1276	2
19153	6	4	2	3	1276	3
19154	6	4	2	2	1277	4
19155	6	7	1	4	560	8
19156	7	6	2	4	531	8
19157	5	5	1	4	1224	8
19158	6	4	2	4	1278	2
19159	6	4	2	3	1278	3
19160	6	4	2	2	1279	4
19161	4	5	1	5	1224	9
19162	5	4	2	4	1280	2
19163	5	4	2	3	1280	3
19164	5	4	2	2	1281	4
19165	5	7	1	4	560	8
19166	6	6	2	4	532	8
19167	4	5	1	4	1224	8
19168	3	2	3	2	963	7
19169	4	2	1	4	1327	3
19170	4	2	1	3	1328	4
19171	5	3	6	4	1279	6
19172	6	7	1	4	560	8
19173	7	5	1	4	1225	3
19174	7	5	1	3	1225	6
19175	7	5	1	2	1226	7
19176	8	4	2	4	1282	2
19177	8	4	2	3	1283	3
19178	8	4	2	2	1284	5
19179	7	6	2	6	533	8
19180	8	4	2	5	1285	2
19181	8	4	2	4	1286	3
19182	8	4	2	3	1287	5
19183	8	4	2	2	1288	6
19184	6	5	1	5	1226	8
19185	7	6	2	5	533	4
19186	7	7	1	2	560	6
19187	6	5	1	4	1226	9
19188	7	4	2	5	1289	2
19189	7	4	2	4	1290	3
19190	7	4	2	3	1291	5
19191	7	4	2	2	1292	6
19192	7	7	1	3	561	7
19193	5	7	1	4	562	8
19194	6	5	1	4	1226	3
19195	6	5	1	3	1226	6
19196	6	5	1	2	1227	7
19197	7	4	2	4	1293	2
19198	7	4	2	3	1294	3
19199	7	4	2	2	1295	5
19200	6	6	2	6	534	8
19201	7	4	2	5	1296	2
19202	7	4	2	4	1297	3
19203	7	4	2	3	1298	5
19204	7	4	2	2	1299	6
19205	5	5	1	5	1227	8
19206	6	6	2	5	534	4
19207	6	7	1	2	562	6
19208	5	5	1	4	1227	9
19209	6	4	2	5	1300	2
19210	6	4	2	4	1301	3
19211	6	4	2	3	1302	5
19212	6	4	2	2	1303	6
19213	6	7	1	3	563	7
19214	7	6	2	3	535	3
19215	4	2	1	2	1328	5
19216	5	3	6	2	1279	6
19217	6	7	1	4	563	8
19218	7	5	1	4	1227	3
19219	7	5	1	3	1227	6
19220	7	5	1	2	1228	7
19221	7	4	2	4	1304	2
19222	7	4	2	3	1305	3
19223	7	4	2	2	1306	5
19224	6	5	1	5	1229	8
19225	7	6	2	5	536	4
19226	7	5	8	5	572	4
19227	8	7	1	2	563	6
19228	7	5	8	2	572	6
19229	6	5	1	4	1229	9
19230	7	4	2	4	1307	2
19231	7	4	2	3	1308	3
19232	7	4	2	2	1309	5
19233	5	7	1	4	564	8
19234	6	5	1	4	1229	3
19235	6	5	1	3	1229	6
19236	6	5	1	2	1230	7
19237	6	4	2	4	1310	2
19238	6	4	2	3	1311	3
19239	6	4	2	2	1312	5
19240	5	5	1	5	1231	8
19241	6	6	2	5	537	4
19242	6	5	8	5	573	4
19243	7	7	1	2	564	6
19244	6	5	8	2	573	6
19245	5	5	1	4	1231	9
19246	6	4	2	4	1313	2
19247	6	4	2	3	1314	3
19248	6	4	2	2	1315	5
19249	3	7	1	6	565	8
19250	4	6	2	6	538	8
19251	5	3	6	7	1279	8
19252	6	5	1	6	1231	9
19253	7	2	1	6	1328	2
19254	7	2	1	5	1329	3
19255	8	4	2	5	1316	2
19256	8	4	2	4	1317	3
19257	8	4	2	3	1318	4
19258	8	4	2	2	1319	6
19259	7	2	1	4	1329	4
19260	7	2	1	3	1330	5
19261	7	2	1	2	1331	6
19262	8	4	2	5	1320	2
19263	8	4	2	4	1321	3
19264	8	4	2	3	1322	4
19265	8	4	2	2	1323	6
19266	6	2	1	6	1331	7
19267	6	2	1	4	1332	3
19268	6	2	1	3	1333	4
19269	6	2	1	2	1334	5
19270	5	5	1	6	1231	9
19271	6	2	1	6	1335	2
19272	6	2	1	5	1336	3
19273	6	2	1	4	1337	4
19274	6	2	1	3	1338	5
19275	6	2	1	2	1339	6
19276	5	5	1	5	1231	7
19277	6	2	1	4	1340	3
19278	6	2	1	3	1341	4
19279	6	2	1	2	1342	5
19280	5	5	1	4	1231	3
19281	5	5	1	3	1231	4
19282	5	5	1	2	1232	5
19283	6	4	2	3	1324	3
19284	6	4	2	2	1325	4
19285	5	4	2	3	1326	3
19286	5	4	2	2	1327	4
19287	4	3	6	6	1279	8
19288	5	4	2	3	1328	6
19289	4	2	1	4	1343	3
19290	4	2	1	3	1344	4
19291	4	2	1	2	1345	5
19292	3	5	1	7	1232	8
19293	4	2	1	6	1346	2
19294	4	2	1	5	1347	3
19295	5	4	2	5	1329	2
19296	5	4	2	4	1330	3
19297	5	4	2	3	1331	4
19298	6	6	2	3	538	6
19299	6	6	2	2	539	5
19300	6	7	1	3	565	7
19301	5	4	2	2	1331	6
19302	4	2	1	4	1347	4
19303	4	2	1	3	1348	5
19304	4	2	1	2	1349	6
19305	5	4	2	5	1332	2
19306	5	4	2	4	1333	3
19307	5	4	2	3	1334	4
19308	6	6	2	3	540	6
19309	6	6	2	2	541	5
19310	6	7	1	3	566	7
19311	5	4	2	2	1334	6
19312	3	3	6	7	1279	8
19313	4	5	1	6	1232	9
19314	5	2	1	6	1349	2
19315	5	2	1	5	1350	3
19316	6	4	2	5	1335	2
19317	6	4	2	4	1336	3
19318	6	4	2	3	1337	4
19319	6	4	2	2	1338	6
19320	5	2	1	4	1350	4
19321	5	2	1	3	1351	5
19322	5	2	1	2	1352	6
19323	6	4	2	5	1339	2
19324	6	4	2	4	1340	3
19325	6	4	2	3	1341	4
19326	6	4	2	2	1342	6
19327	4	2	1	6	1352	7
19328	4	5	1	5	1232	7
19329	3	5	1	6	1233	9
19330	4	2	1	6	1353	2
19331	4	2	1	5	1354	3
19332	4	2	1	4	1355	4
19333	4	2	1	3	1356	5
19334	4	2	1	2	1357	6
19335	3	5	1	5	1233	3
19336	3	5	1	4	1234	4
19337	4	4	2	2	1343	6
19338	5	2	1	4	1358	2
19339	5	2	1	3	1359	3
19340	5	2	1	2	1360	6
19341	4	2	1	4	1361	6
19342	3	5	1	3	1234	5
19343	4	4	2	3	1343	3
19344	4	4	2	2	1344	4
19345	4	2	1	4	1362	6
19346	3	5	1	2	1234	6
19347	4	4	2	3	1345	3
19348	4	4	2	2	1346	4
19349	3	2	1	4	1363	3
19350	3	2	1	3	1364	4
19351	3	2	1	2	1365	5
19352	2	3	2	5	1454	2
19353	3	2	1	5	1366	3
19354	4	4	2	5	1347	3
19355	5	5	1	3	1234	8
19356	5	5	1	2	1235	7
19357	5	2	3	3	963	8
19358	6	3	6	4	1279	8
19359	5	2	3	2	963	4
19360	5	3	6	4	1280	5
19361	6	7	1	3	567	8
19362	6	7	1	2	568	5
19363	5	3	6	3	1280	4
19364	4	4	2	4	1347	4
19365	5	5	1	3	1236	7
19366	6	2	3	4	964	8
19367	6	2	3	3	965	4
19368	6	2	3	2	966	5
19369	5	5	1	2	1236	8
19370	6	6	2	4	542	6
19371	7	3	6	5	1281	3
19372	7	3	6	4	1282	4
19373	8	2	3	4	967	4
19374	7	3	6	3	1282	5
19375	8	2	3	4	968	5
19376	7	3	6	2	1282	7
19377	8	2	3	4	969	4
19378	8	2	3	3	970	5
19379	8	2	3	2	971	7
19380	5	7	1	4	569	8
19381	6	6	2	5	542	8
19382	7	2	3	4	972	8
19383	7	2	3	3	973	4
19384	7	2	3	2	974	5
19385	5	2	3	4	975	8
19386	5	2	3	3	976	4
19387	5	2	3	2	977	5
19388	4	4	2	3	1347	5
19389	5	5	1	3	1236	7
19390	6	2	3	4	978	8
19391	7	3	6	3	1282	3
19392	7	3	6	2	1283	4
19393	8	5	8	4	574	4
19394	9	7	1	3	569	8
19395	10	2	5	4	408	9
19396	11	9	2	3	142	3
19397	10	2	5	3	408	7
19398	11	9	2	3	143	3
19399	7	5	8	5	574	5
19400	8	7	1	3	569	8
19401	9	2	5	4	408	9
19402	10	9	2	3	144	3
19403	9	2	5	3	408	7
19404	10	9	2	3	145	3
19405	6	2	3	3	978	4
19406	6	2	3	2	979	5
19407	5	5	1	2	1236	8
19408	6	7	1	3	569	5
19409	5	7	1	4	570	8
19410	6	6	2	4	542	8
19411	4	4	2	2	1347	6
19412	5	2	3	3	980	5
19413	5	2	3	2	981	7
19414	6	3	6	4	1283	3
19415	6	3	6	3	1284	4
19416	7	5	1	4	1236	5
19417	7	5	1	3	1237	7
19418	7	5	1	2	1238	8
19419	8	2	5	4	408	8
19420	7	7	1	4	570	8
19421	8	6	2	4	543	8
19422	6	3	6	2	1284	5
19423	7	5	1	4	1238	5
19424	7	5	1	3	1239	7
19425	7	5	1	2	1240	8
19426	8	2	5	4	409	8
19427	7	7	1	4	570	8
19428	8	6	2	4	544	8
19429	5	3	6	4	1284	3
19430	5	3	6	3	1285	4
19431	6	5	1	4	1240	5
19432	6	5	1	3	1241	7
19433	6	5	1	2	1242	8
19434	7	2	5	4	410	9
19435	8	5	8	5	574	4
19436	9	7	1	3	570	4
19437	9	7	1	2	571	5
19438	8	7	1	3	572	4
19439	8	7	1	2	573	5
19440	7	2	5	3	410	7
19441	8	7	1	3	574	4
19442	8	7	1	2	575	5
19443	8	6	2	3	545	7
19444	6	7	1	4	576	8
19445	7	6	2	4	546	8
19446	5	3	6	2	1285	5
19447	6	5	1	4	1242	5
19448	6	5	1	3	1243	7
19449	6	5	1	2	1244	8
19450	7	2	5	4	410	9
19451	8	7	1	3	576	4
19452	8	7	1	2	577	5
19453	7	2	5	3	410	7
19454	8	7	1	3	578	4
19455	8	7	1	2	579	5
19456	8	6	2	3	547	7
19457	6	7	1	4	580	8
19458	7	6	2	4	548	8
19459	3	2	1	4	1366	4
19460	4	2	3	3	981	8
19461	5	4	2	4	1347	3
19462	5	4	2	3	1348	4
19463	6	3	6	4	1285	4
19464	6	3	6	3	1286	6
19465	7	5	1	4	1244	6
19466	7	5	1	3	1245	7
19467	7	5	1	2	1246	8
19468	8	7	1	2	580	6
19469	8	6	2	3	549	7
19470	6	3	6	2	1286	7
19471	7	5	1	2	1246	6
19472	6	5	1	4	1247	6
19473	6	5	1	3	1248	7
19474	6	5	1	2	1249	8
19475	7	7	1	2	581	6
19476	7	6	2	3	550	7
19477	6	7	1	3	582	8
19478	7	6	2	5	551	8
19479	5	4	2	2	1348	6
19480	5	5	1	4	1249	8
19481	5	3	6	4	1286	8
19482	6	5	1	3	1250	9
19483	4	4	2	2	1349	4
19484	3	2	1	3	1366	5
19485	4	2	3	3	981	8
19486	5	4	2	4	1350	3
19487	5	4	2	3	1351	4
19488	6	3	6	4	1286	5
19489	6	3	6	3	1287	6
19490	7	5	1	4	1251	6
19491	7	5	1	3	1252	7
19492	7	5	1	2	1253	8
19493	8	7	1	2	582	6
19494	8	6	2	3	552	7
19495	6	3	6	2	1287	7
19496	6	5	1	4	1253	6
19497	6	5	1	3	1254	7
19498	6	5	1	2	1255	8
19499	7	7	1	2	583	6
19500	7	6	2	3	553	7
19501	6	7	1	3	584	8
19502	7	6	2	5	554	8
19503	5	4	2	2	1351	6
19504	5	5	1	4	1255	8
19505	5	3	6	4	1288	8
19506	6	5	1	3	1256	9
19507	4	4	2	2	1352	4
19508	3	2	1	2	1366	6
19509	4	4	2	5	1353	3
19510	5	5	1	3	1257	8
19511	5	5	1	2	1258	7
19512	5	2	3	3	981	8
19513	6	3	6	4	1288	8
19514	7	7	1	3	584	8
19515	7	7	1	2	585	5
19516	5	2	3	2	981	4
19517	5	3	6	4	1288	5
19518	6	7	1	3	586	8
19519	6	7	1	2	587	5
19520	5	3	6	3	1288	4
19521	4	4	2	4	1353	4
19522	5	5	1	3	1259	7
19523	6	3	6	5	1289	6
19524	7	2	3	4	982	8
19525	7	2	3	3	983	4
19526	7	2	3	2	984	5
19527	6	2	3	4	985	8
19528	6	3	6	3	1289	4
19529	6	3	6	2	1290	5
19530	7	2	3	3	986	5
19531	5	5	1	2	1259	8
19532	6	6	2	4	555	6
19533	7	3	6	5	1290	4
19534	8	2	3	4	987	4
19535	7	3	6	4	1290	5
19536	8	2	3	4	988	5
19537	7	3	6	3	1290	6
19538	8	2	3	4	989	8
19539	7	3	6	2	1290	7
19540	8	2	3	4	990	4
19541	8	2	3	3	991	5
19542	8	2	3	2	992	7
19543	5	7	1	4	588	8
19544	6	6	2	5	555	8
19545	7	2	3	4	993	8
19546	7	2	3	3	994	4
19547	7	2	3	2	995	5
19548	5	2	3	4	996	8
19549	5	2	3	3	997	4
19550	5	2	3	2	998	5
19551	4	4	2	3	1353	5
19552	5	5	1	3	1259	7
19553	6	3	6	5	1290	6
19554	7	2	3	4	999	8
19555	8	7	1	3	588	8
19556	9	2	5	5	410	9
19557	10	5	8	5	574	2
19558	10	5	8	4	575	3
19559	11	6	8	2	146	1
19560	10	5	8	3	575	4
19561	11	9	2	3	146	3
19562	10	5	8	2	575	5
19563	11	9	2	3	147	3
19564	9	2	5	4	410	7
19565	10	5	8	5	575	2
19566	10	5	8	4	576	3
19567	11	9	2	3	148	3
19568	10	5	8	3	576	4
19569	11	9	2	3	149	3
19570	10	5	8	2	576	5
19571	11	9	2	3	150	3
19572	7	2	3	3	999	4
19573	7	2	3	2	1000	5
19574	6	2	3	4	1001	8
19575	7	3	6	2	1290	4
19576	8	7	1	3	588	8
19577	9	5	8	4	576	4
19578	10	2	5	4	410	9
19579	11	9	2	3	151	3
19580	10	2	5	3	410	7
19581	7	7	1	3	588	8
19582	8	5	8	5	576	5
19583	9	2	5	4	411	9
19584	10	9	2	3	152	3
19585	9	2	5	3	411	7
19586	6	3	6	3	1290	4
19587	6	3	6	2	1291	5
19588	7	2	3	3	1001	5
19589	5	5	1	2	1259	8
19590	6	7	1	3	588	5
19591	5	7	1	4	589	8
19592	6	6	2	4	555	8
19593	4	4	2	2	1353	6
19594	5	2	3	3	1002	5
19595	5	2	3	2	1003	7
19596	6	3	6	4	1291	4
19597	7	5	1	4	1259	9
19598	6	3	6	3	1291	5
19599	7	5	1	4	1260	5
19600	7	5	1	3	1261	7
19601	7	5	1	2	1262	8
19602	8	2	5	4	412	8
19603	7	7	1	4	589	8
19604	8	6	2	4	556	8
19605	6	3	6	2	1291	6
19606	7	5	1	4	1262	5
19607	7	5	1	3	1263	7
19608	7	5	1	2	1264	8
19609	8	2	5	5	413	8
19610	7	7	1	4	589	8
19611	8	6	2	4	557	8
19612	6	5	1	4	1264	9
19613	7	7	1	4	589	8
19614	8	6	2	4	558	8
19615	5	3	6	4	1291	4
19616	6	5	1	4	1264	5
19617	6	5	1	3	1265	7
19618	6	5	1	2	1266	8
19619	7	2	5	4	414	9
19620	8	5	8	5	576	4
19621	9	7	1	3	589	4
19622	9	7	1	2	590	5
19623	8	7	1	3	591	4
19624	8	7	1	2	592	5
19625	7	2	5	3	414	7
19626	8	7	1	3	593	4
19627	8	7	1	2	594	5
19628	8	6	2	3	559	7
19629	6	7	1	4	595	8
19630	7	6	2	4	560	8
19631	5	3	6	3	1291	5
19632	6	5	1	4	1266	5
19633	6	5	1	3	1267	7
19634	6	5	1	2	1268	8
19635	7	2	5	4	414	9
19636	8	7	1	3	595	4
19637	8	7	1	2	596	5
19638	7	2	5	3	414	7
19639	8	7	1	3	597	4
19640	8	7	1	2	598	5
19641	8	6	2	3	561	7
19642	6	7	1	4	599	8
19643	7	6	2	4	562	8
19644	5	3	6	2	1291	6
19645	6	5	1	4	1268	5
19646	6	5	1	3	1269	7
19647	6	5	1	2	1270	8
19648	7	2	5	5	414	9
19649	8	7	1	3	599	4
19650	8	7	1	2	600	5
19651	7	2	5	4	414	7
19652	8	7	1	3	601	4
19653	8	7	1	2	602	5
19654	8	6	2	3	563	7
19655	6	7	1	4	603	8
19656	7	6	2	4	564	8
19657	5	5	1	4	1270	9
19658	6	7	1	4	603	8
19659	7	6	2	4	565	8
19660	5	7	1	3	603	4
19661	5	7	1	2	604	5
19662	5	5	8	6	576	7
19663	5	5	8	5	577	6
19664	6	6	2	3	566	7
19665	3	3	6	3	1291	8
19666	4	4	2	3	1353	4
19667	4	4	2	2	1354	5
19668	4	7	1	3	605	6
19669	3	3	6	2	1291	6
19670	2	3	2	4	1454	3
19671	3	4	2	4	1355	4
19672	4	5	1	4	1270	8
19673	5	2	1	4	1366	2
19674	6	2	3	4	1003	8
19675	7	3	6	4	1292	4
19676	7	3	6	3	1293	5
19677	8	7	1	2	606	3
19678	7	3	6	2	1293	6
19679	7	7	1	2	607	3
19680	5	2	1	3	1366	4
19681	6	2	3	3	1003	8
19682	7	3	6	4	1294	4
19683	7	3	6	3	1295	6
19684	8	7	1	2	608	3
19685	7	3	6	2	1295	7
19686	7	7	1	2	608	3
19687	5	2	1	2	1366	5
19688	6	2	3	3	1003	8
19689	7	3	6	4	1296	5
19690	7	3	6	3	1297	6
19691	8	7	1	2	608	3
19692	7	3	6	2	1297	7
19693	7	7	1	2	608	3
19694	5	2	3	4	1003	8
19695	6	7	1	2	608	3
19696	4	5	1	3	1270	9
19697	5	2	3	5	1003	8
19698	6	3	6	5	1298	8
19699	7	2	1	4	1366	2
19700	8	7	1	3	609	8
19701	8	7	1	2	610	3
19702	7	2	1	3	1366	4
19703	7	2	1	2	1367	5
19704	7	7	1	3	611	8
19705	7	7	1	2	612	3
19706	6	2	1	4	1368	2
19707	7	3	6	3	1298	4
19708	7	3	6	2	1299	5
19709	6	2	1	3	1368	4
19710	6	2	1	2	1369	5
19711	6	3	6	4	1300	7
19712	7	7	1	3	613	8
19713	6	3	6	3	1300	6
19714	5	2	1	4	1370	2
19715	5	2	1	3	1371	4
19716	5	2	1	2	1372	5
19717	5	2	3	3	1003	4
19718	4	5	1	2	1270	5
19719	3	4	2	3	1355	5
19720	4	5	1	4	1271	4
19721	4	5	1	3	1272	7
19722	5	2	1	3	1373	4
19723	6	2	3	3	1004	8
19724	6	2	3	2	1005	6
19725	5	2	1	2	1373	5
19726	6	2	3	3	1006	8
19727	6	2	3	2	1007	6
19728	4	5	1	2	1272	8
19729	5	2	1	4	1373	2
19730	5	2	1	3	1374	4
19731	6	2	3	3	1008	6
19732	6	2	3	2	1009	7
19733	5	2	1	2	1374	5
19734	6	2	3	3	1010	6
19735	6	2	3	2	1011	7
19736	4	2	1	5	1374	2
19737	5	2	3	4	1012	8
19738	6	3	6	5	1301	8
19739	7	7	1	4	614	8
19740	6	3	6	4	1301	2
19741	6	3	6	3	1302	4
19742	7	7	1	4	615	8
19743	6	3	6	2	1302	5
19744	7	7	1	4	616	8
19745	4	2	1	4	1374	4
19746	5	2	3	3	1012	6
19747	5	2	3	2	1013	7
19748	4	2	1	3	1374	5
19749	5	2	3	3	1014	6
19750	5	2	3	2	1015	7
19751	4	2	1	2	1374	7
19752	5	2	3	4	1016	8
19753	6	3	6	5	1302	8
19754	7	7	1	4	617	8
19755	6	3	6	4	1302	7
19756	7	7	1	4	618	8
19757	6	3	6	3	1302	6
19758	6	3	6	2	1303	4
19759	7	7	1	4	619	8
19760	6	7	1	4	620	8
19761	5	2	3	3	1016	6
19762	6	3	6	4	1303	4
19763	6	3	6	3	1304	5
19764	7	7	1	4	621	8
19765	6	3	6	2	1304	6
19766	7	7	1	4	622	8
19767	4	3	6	5	1304	8
19768	5	2	3	3	1016	5
19769	6	6	2	3	567	6
19770	5	2	3	2	1016	6
19771	5	6	2	3	568	6
19772	4	2	3	3	1017	5
19773	4	2	3	2	1018	6
19774	3	4	2	2	1355	6
19775	4	5	1	4	1272	5
19776	5	2	1	3	1374	2
19777	5	2	1	2	1375	7
19778	4	5	1	3	1272	7
19779	4	5	1	2	1273	8
19780	5	2	1	4	1376	2
19781	5	2	1	3	1377	4
19782	6	2	3	3	1019	6
19783	6	2	3	2	1020	7
19784	5	2	1	2	1377	5
19785	6	2	3	3	1021	6
19786	6	2	3	2	1022	7
19787	4	7	1	5	623	3
19788	4	2	1	4	1377	2
19789	4	2	1	3	1378	4
19790	5	2	3	2	1023	7
19791	5	3	6	4	1304	8
19792	6	7	1	2	624	7
19793	6	6	2	3	569	8
19794	4	2	1	2	1378	5
19795	5	2	3	2	1024	7
19796	5	3	6	4	1304	8
19797	6	7	1	2	625	7
19798	6	6	2	3	570	8
19799	3	2	1	5	1378	2
19800	4	2	3	3	1025	8
19801	5	7	1	4	626	8
19802	6	5	1	4	1273	3
19803	6	5	1	3	1273	5
19804	6	3	6	5	1304	8
19805	7	6	2	3	571	8
19806	6	3	6	4	1304	2
19807	6	3	6	3	1305	4
19808	7	6	2	3	572	8
19809	6	3	6	2	1305	5
19810	7	6	2	3	573	8
19811	5	5	1	5	1274	8
19812	6	3	6	4	1305	2
19813	6	3	6	3	1306	4
19814	7	6	2	2	574	5
19815	6	3	6	2	1306	5
19816	5	3	6	5	1307	8
19817	5	5	1	4	1274	9
19818	5	5	1	3	1275	3
19819	5	5	1	2	1276	5
19820	4	5	1	5	1277	9
19821	3	2	1	4	1378	4
19822	4	2	3	3	1025	6
19823	4	2	3	2	1026	7
19824	4	3	6	4	1308	4
19825	4	3	6	3	1309	6
19826	5	5	1	4	1278	3
19827	5	5	1	3	1279	6
19828	5	5	1	2	1280	8
19829	4	3	6	2	1309	7
19830	4	5	1	4	1281	3
19831	4	5	1	3	1282	6
19832	4	5	1	2	1283	8
19833	4	7	1	4	626	8
19834	3	2	1	3	1378	5
19835	4	2	3	3	1027	6
19836	4	2	3	2	1028	7
19837	4	3	6	4	1310	5
19838	4	3	6	3	1311	6
19839	5	5	1	4	1284	3
19840	5	5	1	3	1285	6
19841	5	5	1	2	1286	8
19842	4	3	6	2	1311	7
19843	4	5	1	4	1287	3
19844	4	5	1	3	1288	6
19845	4	5	1	2	1289	8
19846	4	7	1	4	627	8
19847	3	2	1	2	1378	7
19848	4	2	3	3	1029	8
19849	5	7	1	4	628	8
19850	6	5	1	4	1290	3
19851	6	5	1	3	1290	5
19852	6	3	6	5	1312	8
19853	7	6	2	3	575	8
19854	6	3	6	4	1312	7
19855	7	6	2	3	576	8
19856	6	3	6	3	1312	6
19857	6	3	6	2	1313	4
19858	7	5	8	5	577	7
19859	6	5	8	6	578	7
19860	5	5	1	5	1291	8
19861	6	3	6	4	1313	4
19862	7	6	2	2	577	5
19863	6	3	6	3	1313	5
19864	7	6	2	2	578	5
19865	6	3	6	2	1313	7
19866	6	6	2	2	579	5
19867	5	3	6	5	1314	8
19868	6	5	1	4	1291	9
19869	5	3	6	4	1314	7
19870	5	3	6	3	1315	6
19871	5	3	6	2	1316	4
19872	6	5	1	3	1292	9
19873	5	5	1	4	1293	9
19874	5	5	1	3	1294	6
19875	4	2	3	2	1029	5
19876	4	3	6	4	1316	4
19877	5	5	1	4	1295	9
19878	4	3	6	3	1316	5
19879	5	7	1	4	628	8
19880	6	5	1	4	1296	3
19881	6	5	1	3	1296	5
19882	6	6	2	3	580	8
19883	5	5	1	5	1297	8
19884	5	5	1	4	1298	9
19885	4	3	6	2	1316	6
19886	5	7	1	4	628	8
19887	6	5	1	4	1299	3
19888	6	5	1	3	1299	5
19889	5	5	1	5	1300	8
19890	5	5	1	4	1301	9
19891	4	5	1	5	1302	9
19892	5	7	1	4	628	8
19893	6	6	2	3	581	8
19894	3	5	1	3	1302	3
19895	3	5	1	2	1303	6
19896	3	3	6	5	1316	8
19897	4	2	3	3	1030	5
19898	4	2	3	2	1031	6
19899	4	7	1	3	628	7
19900	5	6	2	2	582	5
19901	3	2	3	3	1032	5
19902	3	2	3	2	1033	6
19903	2	3	2	3	1454	4
19904	3	4	2	3	1355	5
19905	4	2	1	2	1378	2
19906	5	5	1	3	1304	8
19907	5	3	6	3	1316	8
19908	6	7	1	3	628	8
19909	4	5	1	3	1305	8
19910	4	3	6	4	1316	8
19911	5	5	1	2	1306	6
19912	5	7	1	3	629	8
19913	4	3	6	2	1316	6
19914	5	5	1	2	1307	6
19915	5	7	1	3	630	8
19916	3	4	2	2	1355	6
19917	4	2	1	5	1378	2
19918	5	2	3	3	1034	5
19919	5	2	3	2	1035	6
19920	5	3	6	4	1316	2
19921	5	3	6	3	1317	5
19922	6	5	1	4	1308	4
19923	6	5	1	3	1309	5
19924	6	5	1	2	1310	8
19925	7	7	1	3	631	6
19926	6	7	1	5	632	8
19927	5	3	6	2	1317	6
19928	6	5	1	4	1310	4
19929	6	5	1	3	1311	5
19930	6	5	1	2	1312	8
19931	7	7	1	3	633	6
19932	6	7	1	5	634	8
19933	5	5	1	4	1312	9
19934	6	7	1	5	635	8
19935	5	7	1	3	636	6
19936	4	2	1	4	1378	3
19937	5	2	3	3	1036	5
19938	5	2	3	2	1037	7
19939	4	2	1	3	1378	6
19940	5	2	3	3	1038	5
19941	5	2	3	2	1039	7
19942	4	2	1	2	1378	7
19943	5	2	3	3	1040	5
19944	5	2	3	2	1041	6
19945	5	3	6	4	1317	5
19946	5	3	6	3	1318	6
19947	6	5	1	4	1312	4
19948	6	5	1	3	1313	5
19949	6	5	1	2	1314	8
19950	7	7	1	3	637	6
19951	6	7	1	5	638	8
19952	5	3	6	2	1318	7
19953	6	5	1	4	1314	4
19954	6	5	1	3	1315	5
19955	6	5	1	2	1316	8
19956	6	7	1	5	639	8
19957	5	5	1	4	1317	4
19958	5	5	1	3	1318	5
19959	5	5	1	2	1319	8
19960	6	7	1	3	640	6
19961	5	7	1	5	641	8
19962	4	2	3	3	1042	6
19963	5	5	1	3	1319	4
19964	5	5	1	2	1320	5
19965	5	3	6	5	1318	8
19966	6	7	1	3	642	6
19967	6	2	5	4	414	9
19968	7	5	5	5	233	7
19969	8	5	8	5	579	2
19970	8	5	8	4	580	3
19971	8	5	8	3	581	4
19972	8	5	8	2	582	5
19973	7	5	8	5	583	2
19974	7	5	8	4	584	3
19975	7	5	8	3	585	4
19976	8	9	2	2	153	2
19977	7	5	8	2	585	5
19978	7	9	2	2	154	2
19979	6	2	5	3	414	7
19980	7	5	8	5	586	2
19981	7	5	8	4	587	3
19982	7	5	8	3	588	4
19983	8	9	2	2	155	2
19984	7	5	8	2	588	5
19985	7	9	2	2	156	2
19986	5	3	6	4	1318	6
19987	6	7	1	3	643	6
19988	6	2	5	4	414	9
19989	6	2	5	3	415	7
19990	5	3	6	3	1318	7
19991	5	3	6	2	1319	3
19992	5	7	1	3	644	6
19993	4	2	3	2	1042	5
19994	4	5	1	3	1321	4
19995	4	5	1	2	1321	5
19996	4	3	6	4	1319	8
19997	5	7	1	3	645	6
19998	4	3	6	3	1319	7
19999	5	7	1	3	646	7
20000	4	3	6	2	1319	3
20001	4	7	1	3	647	6
20002	3	5	1	4	1322	5
20003	4	5	8	4	589	7
20004	5	6	2	2	583	6
20005	6	2	3	4	1043	8
20006	7	3	6	5	1320	8
20007	7	2	1	4	1378	2
20008	7	2	1	3	1379	3
20009	7	2	1	2	1380	6
20010	6	2	3	3	1043	5
20011	6	2	3	2	1044	6
20012	5	2	3	3	1045	5
20013	5	2	3	2	1046	7
20014	4	2	1	5	1381	8
20015	4	2	1	4	1382	3
20016	3	5	1	3	1322	6
20017	4	2	1	3	1383	2
20018	5	2	3	3	1047	8
20019	4	2	1	2	1383	7
20020	5	2	3	3	1048	8
20021	5	2	3	2	1049	5
20022	3	5	1	2	1322	8
20023	4	2	1	4	1383	3
20024	3	2	1	5	1384	2
20025	4	2	3	3	1050	5
20026	4	2	3	2	1051	6
20027	3	2	1	4	1384	3
20028	4	2	3	3	1052	5
20029	4	2	3	2	1053	7
20030	3	2	1	3	1384	6
20031	4	2	3	3	1054	5
20032	4	2	3	2	1055	7
20033	3	2	1	2	1384	7
20034	4	2	3	3	1056	5
20035	4	2	3	2	1057	6
20036	3	3	6	5	1321	8
20037	4	2	3	3	1058	6
20038	5	7	1	3	648	7
20039	6	6	2	2	583	5
20040	4	2	3	2	1058	5
20041	4	7	1	3	648	7
20042	5	6	2	2	584	5
20043	5	2	5	5	416	9
20044	3	2	3	3	1059	6
20045	4	3	6	4	1321	6
20046	5	7	1	3	648	7
20047	6	6	2	2	585	5
20048	4	3	6	3	1321	7
20049	4	3	6	2	1322	3
20050	4	7	1	3	648	7
20051	5	6	2	2	586	5
20052	3	3	6	3	1322	7
20053	4	2	3	2	1059	5
20054	4	7	1	3	648	7
20055	5	6	2	2	587	5
20056	5	2	5	3	417	6
20057	3	3	6	2	1322	3
20058	3	2	3	2	1060	5
20059	3	7	1	3	648	7
20060	2	3	2	2	1454	5
20061	3	4	2	2	1355	6
20062	4	5	1	4	1322	8
20063	5	2	1	4	1384	2
20064	5	2	1	3	1385	3
20065	5	2	1	2	1386	6
20066	4	5	1	3	1322	9
20067	5	2	3	4	1061	8
20068	6	3	6	5	1323	8
20069	7	2	1	4	1387	2
20070	7	2	1	3	1388	3
20071	7	2	1	2	1389	6
20072	6	2	1	4	1390	2
20073	6	2	1	3	1391	3
20074	6	2	1	2	1392	6
20075	5	2	3	3	1061	4
20076	6	3	6	2	1323	6
20077	7	2	1	4	1393	6
20078	6	2	1	4	1394	7
20079	5	2	3	2	1061	6
20080	4	5	1	2	1322	5
20081	5	2	3	3	1062	8
20082	6	3	6	5	1323	8
20083	4	2	1	2	1395	3
20084	3	2	1	5	1396	2
20085	4	2	3	2	1062	6
20086	5	5	1	5	1322	9
20087	6	3	6	2	1324	3
20088	6	7	1	2	649	6
20089	4	3	6	3	1325	2
20090	4	3	6	2	1326	3
20091	4	7	1	4	650	8
20092	5	5	1	4	1322	4
20093	5	5	1	3	1323	5
20094	5	5	1	2	1324	6
20095	5	6	2	4	588	8
20096	6	5	8	4	589	7
20097	7	2	5	4	418	9
20098	7	2	5	3	419	7
20099	7	9	2	3	157	2
20100	6	5	8	3	589	6
20101	3	2	1	4	1396	3
20102	3	2	1	3	1397	6
20103	3	2	1	2	1398	7
20104	4	2	3	2	1062	6
20105	5	3	6	4	1327	3
20106	5	3	6	3	1328	4
20107	6	7	1	3	650	8
20108	5	3	6	2	1328	6
20109	6	7	1	3	651	8
20110	6	5	1	4	1325	8
20111	6	5	1	3	1326	9
20112	5	5	1	5	1327	9
20113	6	7	1	3	652	8
20114	4	3	6	4	1328	3
20115	4	3	6	3	1329	4
20116	5	7	1	4	653	8
20117	6	5	1	4	1327	4
20118	6	5	1	3	1328	5
20119	6	5	1	2	1329	6
20120	6	5	8	5	590	7
20121	7	6	2	4	588	8
20122	6	6	2	4	589	8
20123	4	3	6	2	1329	7
20124	5	7	1	4	653	8
20125	6	5	1	4	1330	4
20126	6	5	1	3	1331	5
20127	6	5	1	2	1332	6
20128	6	6	2	4	590	8
20129	7	5	8	5	590	7
20130	8	2	5	5	420	9
20131	8	2	5	4	421	6
20132	9	9	2	3	158	2
20133	7	2	5	5	421	9
20134	7	2	5	4	422	6
20135	8	5	8	4	590	3
20136	8	5	8	3	591	4
20137	8	5	8	2	592	5
20138	5	5	1	4	1333	8
20139	5	5	1	3	1334	9
20140	4	7	1	4	653	8
20141	5	5	1	4	1335	4
20142	5	5	1	3	1336	5
20143	5	5	1	2	1337	6
20144	5	6	2	4	590	8
20145	6	2	5	5	422	9
20146	7	5	8	6	593	2
20147	7	5	8	5	594	3
20148	7	5	8	4	595	4
20149	7	5	8	3	596	5
20150	7	5	8	2	597	6
20151	7	9	2	3	159	2
20152	6	2	5	4	422	3
20153	6	2	5	3	423	4
20154	6	2	5	2	423	5
20155	7	5	8	6	598	2
20156	7	5	8	5	599	3
20157	7	5	8	4	600	4
20158	7	5	8	3	601	5
20159	7	5	8	2	602	6
20160	7	9	2	3	160	2
20161	6	5	8	6	603	2
20162	6	5	8	5	604	3
20163	6	5	8	4	605	4
20164	6	5	8	3	606	5
20165	6	5	8	2	607	6
20166	4	5	1	4	1338	8
20167	4	5	1	3	1339	9
20168	3	2	3	2	1062	6
20169	3	5	1	3	1340	5
20170	3	5	1	2	1341	6
20171	3	3	6	4	1329	8
20172	4	7	1	3	653	7
20173	5	6	2	3	590	6
20174	6	2	5	4	423	9
20175	7	5	8	5	608	2
20176	7	5	8	4	609	4
20177	7	5	8	3	610	5
20178	8	5	5	3	233	7
20179	9	3	9	2	90	7
20180	7	5	8	2	610	6
20181	8	5	5	3	233	7
20182	6	2	5	3	423	6
20183	7	5	8	5	610	2
20184	7	5	8	4	611	4
20185	7	5	8	3	612	5
20186	8	5	5	2	234	4
20187	7	5	8	2	612	6
20188	2	5	1	4	1342	8
20189	3	2	1	4	1398	2
20190	4	2	3	3	1063	8
20191	5	3	6	4	1329	3
20192	5	3	6	3	1330	4
20193	6	7	1	4	653	6
20194	5	3	6	2	1330	5
20195	3	2	1	3	1398	4
20196	3	2	1	2	1399	5
20197	3	2	3	3	1063	8
20198	4	7	1	4	654	6
20199	4	3	6	5	1331	3
20200	4	3	6	4	1332	4
20201	4	3	6	3	1333	5
20202	4	3	6	2	1334	7
20203	4	2	5	4	423	9
20204	4	5	8	4	613	3
20205	4	5	8	3	614	4
20206	4	5	8	2	615	5
20207	2	5	1	3	1342	9
20208	3	2	3	4	1063	8
20209	4	3	6	5	1335	8
20210	5	2	1	4	1400	2
20211	5	2	1	3	1401	4
20212	5	2	1	2	1402	5
20213	4	2	1	4	1403	2
20214	4	2	1	3	1404	4
20215	4	2	1	2	1405	5
20216	3	2	3	3	1063	4
20217	3	2	3	2	1064	5
20218	4	2	1	2	1406	2
20219	2	5	1	2	1342	5
20220	1	5	8	8	616	9
20221	2	5	1	6	1343	3
20222	3	3	2	2	1454	1
20223	2	5	1	5	1343	4
20224	3	4	2	4	1355	5
20225	3	4	2	3	1356	6
20226	4	3	2	4	1455	1
20227	5	2	3	3	1064	6
20228	5	2	3	2	1065	7
20229	6	2	1	2	1407	3
20230	5	3	6	6	1335	8
20231	5	2	1	4	1408	2
20232	5	2	1	3	1409	3
20233	5	2	1	2	1410	6
20234	3	4	2	2	1356	7
20235	4	6	2	3	590	8
20236	4	6	2	2	591	5
20237	5	2	3	3	1065	5
20238	5	2	3	2	1066	7
20239	5	2	1	4	1411	6
20240	4	3	2	4	1455	2
20241	5	2	1	3	1412	3
20242	5	2	1	2	1413	6
20243	3	7	1	5	655	8
20244	4	2	3	5	1067	8
20245	5	3	6	6	1336	8
20246	6	2	1	3	1414	7
20247	5	2	1	4	1415	2
20248	5	2	1	3	1416	3
20249	6	3	2	4	1455	1
20250	5	2	1	2	1416	6
20251	6	3	6	4	1336	6
20252	3	2	1	5	1416	8
20253	2	5	1	4	1343	5
20254	3	2	1	5	1417	2
20255	4	2	3	4	1067	8
20256	5	7	1	4	655	8
20257	6	4	2	5	1356	8
20258	7	3	6	4	1337	3
20259	7	3	6	3	1338	4
20260	8	3	2	4	1456	1
20261	7	3	6	2	1338	5
20262	8	3	2	4	1457	1
20263	3	2	1	4	1417	3
20264	4	3	2	5	1458	1
20265	4	3	2	4	1459	2
20266	5	4	2	4	1356	3
20267	5	4	2	3	1357	4
20268	5	4	2	2	1358	6
20269	4	3	2	3	1459	4
20270	5	4	2	3	1359	6
20271	5	4	2	2	1360	7
20272	4	3	2	2	1459	5
20273	3	2	1	3	1417	6
20274	4	3	6	6	1338	6
20275	5	3	2	5	1460	1
20276	5	3	2	4	1461	2
20277	6	4	2	4	1361	3
20278	6	4	2	3	1362	4
20279	6	4	2	2	1363	6
20280	5	3	2	3	1461	4
20281	6	4	2	3	1364	6
20282	6	4	2	2	1365	7
20283	5	3	2	2	1461	5
20284	4	3	2	5	1462	1
20285	4	3	2	4	1463	2
20286	5	4	2	4	1366	3
20287	5	4	2	3	1367	4
20288	5	4	2	2	1368	6
20289	4	3	2	3	1463	4
20290	5	4	2	3	1369	6
20291	5	4	2	2	1370	7
20292	4	3	2	2	1463	5
20293	3	2	1	2	1417	7
20294	4	3	2	5	1464	1
20295	4	3	2	4	1465	3
20296	5	2	3	4	1067	8
20297	6	3	6	5	1338	8
20298	6	3	6	4	1339	7
20299	7	4	2	3	1371	4
20300	7	4	2	2	1372	6
20301	6	3	6	3	1339	6
20302	6	3	6	2	1340	4
20303	7	4	2	3	1373	4
20304	7	4	2	2	1374	6
20305	6	4	2	3	1375	4
20306	6	4	2	2	1376	6
20307	4	3	2	3	1465	4
20308	5	4	2	3	1377	6
20309	5	4	2	2	1378	7
20310	6	2	3	3	1067	5
20311	6	2	3	2	1068	6
20312	4	3	2	2	1465	5
20313	5	2	3	2	1069	6
20314	5	3	6	4	1340	8
20315	6	4	2	3	1378	6
20316	6	4	2	2	1379	7
20317	5	3	6	3	1340	7
20318	6	4	2	3	1380	6
20319	6	4	2	2	1381	7
20320	5	3	6	2	1340	3
20321	5	4	2	3	1382	6
20322	5	4	2	2	1383	7
20323	4	4	2	2	1384	7
20324	3	4	2	3	1385	8
20325	4	2	3	3	1070	5
20326	4	3	2	4	1465	6
20327	2	5	1	3	1343	6
20328	3	2	1	5	1417	2
20329	4	2	3	4	1071	8
20330	5	7	1	4	655	8
20331	6	4	2	5	1385	8
20332	7	3	6	4	1341	3
20333	7	3	6	3	1342	4
20334	8	3	2	4	1466	1
20335	7	3	6	2	1342	5
20336	8	3	2	4	1467	1
20337	7	3	2	4	1468	3
20338	4	3	2	5	1469	1
20339	5	3	6	4	1342	6
20340	6	4	2	3	1385	3
20341	6	4	2	2	1386	4
20342	5	3	6	3	1342	5
20343	3	2	1	4	1417	4
20344	4	2	3	3	1071	6
20345	5	3	6	6	1343	6
20346	6	3	2	4	1469	1
20347	6	3	2	3	1470	2
20348	6	3	2	2	1471	3
20349	5	3	6	5	1343	4
20350	6	3	2	4	1472	7
20351	5	3	2	4	1473	1
20352	5	3	2	3	1474	2
20353	5	3	2	2	1475	3
20354	4	2	3	2	1071	7
20355	5	3	2	4	1476	1
20356	5	3	2	3	1477	2
20357	5	3	2	2	1478	3
20358	4	3	6	6	1343	8
20359	5	3	2	2	1479	2
20360	4	7	1	3	655	8
20361	5	4	2	5	1387	8
20362	6	3	6	4	1343	3
20363	6	3	6	3	1344	4
20364	7	3	2	5	1480	1
20365	7	3	2	4	1481	2
20366	7	3	2	3	1481	3
20367	7	3	2	2	1482	6
20368	6	3	6	2	1344	6
20369	5	3	2	4	1483	1
20370	5	3	2	3	1484	2
20371	5	3	2	2	1485	3
20372	4	3	2	4	1486	1
20373	4	3	2	3	1487	2
20374	4	3	2	2	1488	3
20375	3	2	1	3	1417	5
20376	4	2	3	3	1071	6
20377	5	3	6	6	1345	6
20378	6	3	2	4	1489	1
20379	6	3	2	3	1490	2
20380	6	3	2	2	1491	3
20381	5	3	6	5	1345	5
20382	6	3	2	4	1492	1
20383	6	3	2	3	1493	2
20384	6	3	2	2	1494	3
20385	4	2	3	2	1071	7
20386	5	3	2	4	1495	1
20387	5	3	2	3	1496	2
20388	5	3	2	2	1497	3
20389	4	3	6	6	1345	8
20390	4	7	1	3	655	8
20391	5	4	2	5	1387	8
20392	6	3	6	4	1346	3
20393	6	3	6	3	1347	5
20394	7	3	2	5	1498	1
20395	7	3	2	4	1499	2
20396	7	3	2	3	1499	3
20397	7	3	2	2	1500	6
20398	6	3	6	2	1347	6
20399	5	3	2	4	1501	1
20400	5	3	2	3	1502	2
20401	5	3	2	2	1503	3
20402	4	3	2	4	1504	1
20403	4	3	2	3	1505	2
20404	4	3	2	2	1506	3
20405	3	2	1	2	1417	7
20406	4	3	2	5	1507	1
20407	4	3	2	4	1508	3
20408	5	2	3	4	1071	8
20409	6	3	6	5	1348	8
20410	6	3	6	4	1349	7
20411	7	4	2	4	1387	4
20412	7	4	2	3	1388	5
20413	7	4	2	2	1389	7
20414	6	3	6	3	1349	6
20415	7	4	2	3	1390	4
20416	7	4	2	2	1391	5
20417	6	3	6	2	1349	4
20418	7	4	2	3	1392	4
20419	7	4	2	2	1393	5
20420	6	4	2	3	1394	4
20421	6	4	2	2	1395	5
20422	4	3	2	3	1508	4
20423	5	4	2	3	1396	5
20424	5	4	2	2	1397	7
20425	6	2	3	3	1071	5
20426	6	2	3	2	1072	6
20427	4	3	2	2	1508	5
20428	5	4	2	2	1397	7
20429	4	4	2	2	1398	7
20430	3	4	2	3	1399	8
20431	4	3	2	3	1508	5
20432	5	2	3	2	1073	6
20433	2	5	1	2	1343	7
20434	3	2	1	5	1417	3
20435	4	3	2	5	1508	1
20436	5	3	6	5	1349	8
20437	4	3	2	4	1508	2
20438	5	4	2	5	1399	3
20439	5	4	2	4	1400	4
20440	6	6	2	4	591	8
20441	5	4	2	3	1400	5
20442	6	6	2	3	592	8
20443	7	2	3	4	1074	8
20444	8	3	6	3	1350	3
20445	8	3	6	2	1351	4
20446	9	2	5	4	424	9
20447	10	7	8	5	417	3
20448	10	7	8	4	418	4
20449	11	9	2	3	161	3
20450	10	7	8	3	418	5
20451	10	7	8	2	419	6
20452	9	2	5	3	424	7
20453	10	7	8	5	420	3
20454	10	7	8	4	421	4
20455	11	9	2	3	162	3
20456	10	7	8	3	421	5
20457	10	7	8	2	422	6
20458	8	2	5	4	424	9
20459	9	7	8	5	423	3
20460	9	7	8	4	424	4
20461	10	9	2	3	163	3
20462	9	7	8	3	424	5
20463	9	7	8	2	425	6
20464	8	2	5	3	424	7
20465	9	7	8	5	426	3
20466	9	7	8	4	427	4
20467	10	9	2	3	164	3
20468	9	7	8	3	427	5
20469	9	7	8	2	428	6
20470	7	2	3	3	1074	4
20471	7	2	3	2	1075	5
20472	5	4	2	2	1400	6
20473	5	2	3	2	1076	7
20474	4	3	2	3	1508	4
20475	5	4	2	3	1401	5
20476	5	4	2	2	1402	6
20477	4	3	2	2	1508	5
20478	3	2	1	4	1417	4
20479	4	2	3	3	1077	6
20480	5	3	6	6	1351	6
20481	6	3	2	4	1509	1
20482	6	3	2	3	1510	2
20483	6	3	2	2	1511	3
20484	5	3	6	5	1351	4
20485	5	3	2	4	1512	1
20486	5	3	2	3	1513	2
20487	5	3	2	2	1514	3
20488	4	2	3	2	1077	7
20489	5	3	2	4	1515	1
20490	6	3	6	4	1352	6
20491	6	4	2	4	1403	2
20492	6	4	2	3	1404	3
20493	6	4	2	2	1405	5
20494	5	3	2	3	1515	2
20495	5	3	2	2	1516	3
20496	6	4	2	2	1406	5
20497	4	3	6	6	1353	8
20498	5	3	2	4	1516	2
20499	4	7	1	3	655	8
20500	5	4	2	6	1407	8
20501	6	3	2	4	1517	2
20502	6	3	2	3	1518	3
20503	6	3	2	2	1519	6
20504	5	3	2	3	1520	1
20505	5	3	2	2	1521	2
20506	6	3	6	3	1353	6
20507	5	4	2	2	1407	4
20508	3	2	1	3	1417	5
20509	4	2	3	3	1077	6
20510	5	3	6	6	1354	6
20511	6	3	2	4	1521	1
20512	6	3	2	3	1522	2
20513	6	3	2	2	1523	3
20514	5	3	6	5	1354	5
20515	6	3	2	4	1524	1
20516	6	3	2	3	1525	2
20517	6	3	2	2	1526	3
20518	4	2	3	2	1077	7
20519	5	3	2	4	1527	1
20520	5	3	2	3	1528	2
20521	5	3	2	2	1529	3
20522	4	3	6	6	1354	8
20523	5	3	2	4	1530	2
20524	6	4	2	4	1408	3
20525	6	4	2	3	1409	4
20526	6	4	2	2	1410	6
20527	5	4	2	3	1411	4
20528	5	4	2	2	1412	6
20529	4	7	1	3	655	8
20530	5	4	2	6	1413	8
20531	6	3	2	4	1530	2
20532	6	3	2	3	1531	3
20533	6	3	2	2	1532	6
20534	5	3	2	3	1533	1
20535	5	3	2	2	1534	2
20536	6	3	6	2	1354	6
20537	5	4	2	2	1413	4
20538	3	2	1	2	1417	6
20539	4	3	6	6	1355	6
20540	5	3	2	5	1534	1
20541	5	3	2	4	1535	2
20542	6	4	2	5	1414	3
20543	6	4	2	4	1415	4
20544	7	6	2	4	592	8
20545	6	4	2	3	1415	5
20546	7	6	2	3	593	8
20547	8	2	3	4	1077	8
20548	9	2	5	5	424	9
20549	10	7	8	5	429	3
20550	10	7	8	4	430	4
20551	11	9	2	3	165	3
20552	10	7	8	3	430	5
20553	11	9	2	3	166	3
20554	10	7	8	2	430	6
20555	9	2	5	4	424	7
20556	10	7	8	5	431	3
20557	10	7	8	4	432	4
20558	11	9	2	3	167	3
20559	10	7	8	3	432	5
20560	11	9	2	3	168	3
20561	10	7	8	2	432	6
20562	8	2	3	3	1077	4
20563	8	2	3	2	1078	5
20564	6	4	2	2	1415	6
20565	6	2	3	2	1079	7
20566	6	2	5	5	424	9
20567	5	3	2	3	1535	4
20568	6	4	2	3	1416	5
20569	6	4	2	2	1417	6
20570	5	3	2	2	1535	5
20571	4	3	2	5	1536	1
20572	5	3	6	4	1355	7
20573	4	3	2	4	1536	2
20574	5	3	6	4	1356	4
20575	6	4	2	5	1418	3
20576	6	4	2	4	1419	4
20577	7	2	3	4	1080	4
20578	6	4	2	3	1419	5
20579	7	6	2	3	593	8
20580	8	2	3	4	1081	8
20581	9	2	5	4	425	9
20582	10	7	8	5	433	3
20583	10	7	8	4	434	4
20584	11	9	2	3	169	3
20585	10	7	8	3	434	5
20586	10	7	8	2	435	6
20587	9	2	5	3	425	7
20588	6	4	2	2	1419	6
20589	5	3	6	3	1356	5
20590	6	2	3	4	1081	5
20591	6	2	3	3	1082	7
20592	6	7	1	3	655	8
20593	7	4	2	5	1420	8
20594	8	7	8	4	436	5
20595	7	4	2	4	1420	3
20596	7	4	2	3	1421	4
20597	7	4	2	2	1422	5
20598	8	2	5	4	426	9
20599	9	7	8	5	437	3
20600	9	7	8	4	438	4
20601	9	7	8	3	439	5
20602	9	7	8	2	440	6
20603	8	2	5	3	426	7
20604	5	3	6	2	1356	7
20605	6	2	3	4	1083	8
20606	6	4	2	2	1422	4
20607	4	3	2	3	1536	4
20608	5	4	2	3	1423	5
20609	5	4	2	2	1424	6
20610	4	3	2	2	1536	5
20611	2	2	3	5	1084	8
20612	3	3	6	7	1356	8
20613	4	2	1	6	1417	7
20614	4	2	1	4	1418	3
20615	4	2	1	3	1419	4
20616	5	3	2	4	1537	2
20617	4	2	1	2	1419	5
20618	5	3	2	4	1538	2
20619	6	4	2	4	1425	3
20620	6	4	2	3	1426	4
20621	7	7	1	2	655	6
20622	6	4	2	2	1426	6
20623	5	4	2	3	1427	4
20624	5	4	2	2	1428	6
20625	3	3	2	6	1538	1
20626	4	4	2	6	1429	2
20627	5	3	6	3	1356	5
20628	6	7	1	4	656	7
20629	7	2	1	4	1419	3
20630	7	2	1	3	1420	4
20631	7	2	1	2	1420	5
20632	5	3	6	2	1356	6
20633	6	2	1	6	1421	6
20634	5	2	1	6	1422	7
20635	4	4	2	5	1429	3
20636	5	3	6	5	1356	3
20637	5	3	6	4	1357	4
20638	5	3	6	3	1358	5
20639	5	3	6	2	1359	6
20640	6	2	1	6	1423	6
20641	4	4	2	4	1429	4
20642	5	2	1	6	1424	2
20643	5	2	1	5	1425	3
20644	5	2	1	4	1426	4
20645	5	2	1	3	1427	5
20646	5	2	1	2	1428	6
20647	4	4	2	3	1429	5
20648	5	2	1	6	1429	2
20649	5	2	1	5	1430	3
20650	5	2	1	4	1431	4
20651	5	2	1	3	1432	5
20652	5	2	1	2	1433	6
20653	4	4	2	2	1429	6
20654	5	6	2	2	593	3
20655	4	2	1	6	1434	6
20656	3	3	2	5	1538	2
20657	4	2	1	4	1435	3
20658	5	3	6	3	1359	3
20659	5	3	6	2	1360	4
20660	6	4	2	4	1429	3
20661	6	4	2	3	1430	4
20662	6	4	2	2	1431	5
20663	7	7	1	3	656	5
20664	6	7	1	3	657	4
20665	6	7	1	2	658	5
20666	6	6	2	3	594	7
20667	5	4	2	4	1431	3
20668	5	4	2	3	1432	4
20669	5	4	2	2	1433	5
20670	6	7	1	3	659	5
20671	5	7	1	3	660	4
20672	5	7	1	2	661	5
20673	5	6	2	3	595	7
20674	4	2	1	3	1435	4
20675	5	3	6	3	1360	6
20676	4	2	1	2	1435	5
20677	5	3	6	2	1361	6
20678	4	3	6	3	1362	6
20679	5	4	2	4	1433	3
20680	5	4	2	3	1434	4
20681	5	4	2	2	1435	5
20682	6	7	1	3	662	5
20683	5	7	1	3	663	4
20684	5	7	1	2	664	5
20685	5	6	2	3	596	7
20686	4	3	6	2	1362	4
20687	5	4	2	4	1435	3
20688	5	4	2	3	1436	4
20689	5	4	2	2	1437	5
20690	6	7	1	3	665	5
20691	5	7	1	3	666	4
20692	5	7	1	2	667	5
20693	5	6	2	3	597	7
20694	4	4	2	4	1437	3
20695	4	4	2	3	1438	4
20696	4	4	2	2	1439	5
20697	5	7	1	3	668	5
20698	4	7	1	3	669	4
20699	4	7	1	2	670	5
20700	4	6	2	3	598	7
20701	3	3	2	4	1538	3
20702	4	4	2	4	1439	4
20703	5	2	1	4	1435	2
20704	5	2	1	3	1436	4
20705	5	2	1	2	1437	5
20706	4	4	2	3	1439	5
20707	5	2	1	4	1438	2
20708	5	2	1	3	1439	4
20709	5	2	1	2	1440	5
20710	4	4	2	2	1439	6
20711	5	2	1	4	1441	2
20712	5	2	1	3	1442	4
20713	5	2	1	2	1443	5
20714	4	2	1	4	1444	2
20715	4	2	1	3	1445	4
20716	4	2	1	2	1446	5
20717	3	3	2	3	1538	4
20718	4	4	2	3	1439	5
20719	4	4	2	2	1440	6
20720	5	2	1	4	1447	2
20721	5	2	1	3	1448	3
20722	5	2	1	2	1449	6
20723	4	2	1	4	1450	3
20724	3	3	2	2	1538	5
20725	4	4	2	2	1440	6
20726	5	3	6	3	1362	4
20727	5	3	6	2	1363	6
20728	6	2	1	4	1451	6
20729	5	2	1	4	1452	7
20730	4	2	1	4	1453	2
20731	4	2	1	3	1454	3
20732	4	2	1	2	1455	6
20733	3	3	6	3	1363	4
20734	3	3	6	2	1364	5
20735	4	2	1	4	1456	5
20736	2	3	6	6	1364	7
20737	3	2	3	4	1084	4
20738	3	2	3	3	1085	5
20739	4	3	2	5	1538	4
20740	5	4	2	3	1440	5
20741	5	4	2	2	1441	6
20742	6	2	1	4	1457	2
20743	6	2	1	3	1457	3
20744	6	2	1	2	1458	6
20745	4	3	2	4	1538	1
20746	4	3	2	3	1539	2
20747	4	3	2	2	1540	3
20748	3	2	3	2	1085	6
20749	4	2	1	4	1459	2
20750	4	2	1	3	1459	4
20751	4	2	1	2	1460	5
20752	3	3	2	6	1541	1
20753	4	2	1	4	1461	3
20754	4	2	1	3	1462	4
20755	5	6	2	5	599	4
20756	4	2	1	2	1462	5
20757	5	4	2	4	1441	2
20758	5	4	2	3	1442	3
20759	5	4	2	2	1443	5
20760	2	3	6	5	1364	2
20761	2	3	6	4	1365	3
20762	3	2	3	2	1085	6
20763	3	3	2	5	1541	5
20764	2	3	6	3	1365	4
20765	3	3	2	5	1542	1
20766	3	3	2	4	1543	2
20767	3	3	2	3	1544	3
20768	4	2	1	4	1462	2
20769	4	2	1	3	1463	4
20770	3	3	2	2	1544	5
20771	2	3	6	2	1365	5
20772	3	3	2	5	1545	1
20773	4	2	3	3	1086	5
20774	4	2	3	2	1087	6
20775	3	3	2	4	1545	2
20776	3	3	2	3	1546	3
20777	4	2	1	4	1464	2
20778	4	2	1	3	1465	4
20779	4	2	1	2	1465	5
20780	3	3	2	2	1546	4
20781	2	3	2	5	1547	1
20782	3	2	3	3	1088	5
20783	3	2	3	2	1089	6
20784	4	2	1	4	1466	7
20785	2	3	2	4	1547	2
20786	2	3	2	3	1548	3
20787	2	3	2	2	1549	4
20788	3	4	2	3	1444	5
20789	3	4	2	2	1445	6
20790	4	2	1	4	1467	2
20791	4	2	1	3	1468	3
20792	4	2	1	2	1468	6
20793	2	4	2	2	1445	6
20794	1	5	1	7	1343	9
20795	2	5	8	7	616	8
20796	3	3	2	7	1549	1
20797	4	4	2	7	1446	8
20798	5	2	1	6	1469	7
20799	4	2	3	4	1089	8
20800	5	3	6	7	1365	8
20801	6	2	1	6	1470	7
20802	6	2	1	4	1471	3
20803	6	2	1	3	1472	4
20804	6	2	1	2	1473	5
20805	5	2	1	6	1474	2
20806	5	2	1	5	1475	3
20807	5	2	1	4	1476	4
20808	5	2	1	3	1477	5
20809	5	2	1	2	1478	6
20810	4	3	6	6	1365	7
20811	5	2	1	6	1479	7
20812	5	2	1	4	1480	3
20813	5	2	1	3	1481	4
20814	6	4	2	5	1446	2
20815	6	4	2	4	1447	3
20816	6	4	2	3	1448	5
20817	6	4	2	2	1449	6
20818	6	7	1	3	671	7
20819	5	2	1	2	1481	5
20820	6	4	2	4	1450	2
20821	6	4	2	3	1451	3
20822	6	4	2	2	1452	5
20823	4	2	3	3	1089	5
20824	5	2	1	4	1481	7
20825	4	2	3	2	1089	6
20826	5	2	1	4	1481	7
20827	3	4	2	6	1453	8
20828	4	2	3	4	1089	8
20829	5	3	6	7	1365	8
20830	6	2	1	6	1482	7
20831	7	3	2	2	1549	5
20832	8	6	2	3	600	7
20833	6	3	2	4	1549	2
20834	7	2	1	2	1482	4
20835	7	6	2	4	601	7
20836	7	6	2	3	602	3
20837	5	3	2	6	1549	2
20838	6	2	1	4	1483	3
20839	6	2	1	3	1484	4
20840	6	2	1	2	1485	5
20841	6	3	6	3	1365	6
20842	7	6	2	4	603	3
20843	6	3	6	2	1365	4
20844	7	6	2	4	604	3
20845	6	6	2	4	605	3
20846	5	3	2	5	1549	3
20847	6	2	1	4	1486	2
20848	6	2	1	3	1487	4
20849	6	2	1	2	1488	5
20850	6	3	6	2	1365	6
20851	5	3	2	4	1549	4
20852	6	2	1	4	1489	2
20853	6	2	1	3	1490	3
20854	6	2	1	2	1491	6
20855	5	3	2	3	1549	5
20856	6	2	1	4	1492	2
20857	7	3	6	3	1366	2
20858	7	3	6	2	1367	3
20859	7	7	8	5	441	7
20860	6	2	1	3	1492	3
20861	6	2	1	2	1493	6
20862	6	3	6	3	1368	7
20863	7	7	8	5	442	7
20864	5	3	2	2	1549	6
20865	6	2	1	4	1494	2
20866	6	2	1	3	1495	4
20867	7	3	6	3	1368	2
20868	7	3	6	2	1369	3
20869	6	2	1	2	1495	5
20870	4	3	6	6	1370	7
20871	3	2	3	4	1089	8
20872	4	3	6	7	1371	8
20873	5	2	1	6	1496	7
20874	5	3	2	4	1549	2
20875	6	2	1	2	1497	4
20876	5	2	1	2	1498	4
20877	4	7	1	5	672	7
20878	5	2	1	4	1499	3
20879	5	2	1	3	1500	4
20880	6	3	2	3	1549	2
20881	6	3	2	2	1550	3
20882	5	2	1	2	1500	5
20883	6	3	2	3	1551	2
20884	6	3	2	2	1552	3
20885	5	4	2	2	1453	3
20886	4	3	2	4	1553	3
20887	4	3	2	3	1554	4
20888	5	2	1	2	1500	3
20889	4	3	2	2	1554	5
20890	5	2	1	2	1501	3
20891	3	3	6	6	1371	7
20892	2	2	1	7	1502	8
20893	1	5	8	7	616	8
20894	2	4	2	7	1454	8
20895	3	2	3	5	1089	8
20896	4	5	1	5	1343	3
20897	4	5	1	4	1343	4
20898	5	2	1	4	1503	2
20899	5	2	1	3	1504	3
20900	6	3	2	4	1554	1
20901	5	2	1	2	1504	6
20902	6	3	6	5	1372	6
20903	6	3	6	4	1373	8
20904	6	3	6	3	1374	7
20905	4	5	1	3	1343	5
20906	5	2	1	4	1504	2
20907	6	3	2	5	1555	1
20908	5	2	1	3	1504	3
20909	6	3	2	5	1556	1
20910	6	3	2	4	1557	2
20911	7	3	6	3	1375	3
20912	7	3	6	2	1376	4
20913	8	6	2	3	606	3
20914	7	6	2	3	607	3
20915	6	3	2	3	1557	4
20916	6	3	2	2	1558	5
20917	5	2	1	2	1504	6
20918	6	3	6	6	1376	6
20919	6	3	6	5	1377	8
20920	6	3	6	4	1378	2
20921	6	3	6	3	1379	4
20922	7	3	2	4	1559	7
20923	7	6	2	3	608	3
20924	6	3	6	2	1379	5
20925	7	3	2	4	1560	7
20926	7	6	2	3	609	3
20927	5	3	2	5	1561	1
20928	4	5	1	2	1343	6
20929	5	2	1	4	1504	2
20930	6	3	2	5	1562	1
20931	5	2	1	3	1504	4
20932	6	3	2	5	1563	1
20933	6	3	2	4	1564	2
20934	6	3	2	3	1564	3
20935	6	3	2	2	1565	6
20936	7	3	6	3	1379	2
20937	7	3	6	2	1380	3
20938	5	2	1	2	1504	5
20939	6	3	2	5	1565	1
20940	6	3	2	4	1566	2
20941	6	3	2	3	1566	3
20942	6	3	2	2	1567	6
20943	7	3	6	3	1381	2
20944	7	3	6	2	1382	3
20945	7	6	2	4	610	3
20946	5	3	2	5	1567	1
20947	4	2	1	4	1504	3
20948	5	3	2	4	1568	2
20949	5	3	2	3	1569	4
20950	5	3	2	2	1570	5
20951	4	2	1	3	1504	4
20952	5	3	2	4	1571	2
20953	5	3	2	3	1572	3
20954	5	3	2	2	1573	6
20955	6	3	6	3	1383	2
20956	6	3	6	2	1384	3
20957	4	2	1	2	1504	5
20958	5	3	2	4	1573	2
20959	5	3	2	3	1574	3
20960	5	3	2	2	1575	6
20961	6	3	6	3	1385	2
20962	6	3	6	2	1386	3
20963	6	6	2	3	611	5
20964	7	2	5	4	427	7
20965	4	3	6	6	1387	6
20966	5	3	2	4	1575	2
20967	6	2	5	4	428	7
20968	7	6	2	2	611	3
20969	7	7	8	5	443	7
20970	5	3	2	3	1575	4
20971	5	3	2	2	1576	5
20972	4	3	6	5	1387	8
20973	4	3	2	4	1577	2
20974	5	3	6	2	1388	4
20975	4	3	2	3	1577	4
20976	4	3	2	2	1578	5
20977	3	5	1	5	1343	7
20978	4	2	1	4	1504	3
20979	5	3	2	4	1579	2
20980	5	3	2	3	1580	4
20981	5	3	2	2	1581	5
20982	4	2	1	3	1504	4
20983	5	2	3	2	1089	6
20984	6	3	2	2	1582	3
20985	5	3	2	3	1583	2
20986	5	3	2	2	1584	3
20987	4	2	1	2	1504	5
20988	5	2	3	2	1089	6
20989	6	3	2	2	1585	3
20990	5	3	2	3	1586	2
20991	5	3	2	2	1587	3
20992	4	3	6	4	1389	6
20993	5	3	2	4	1588	2
20994	5	3	2	3	1589	4
20995	5	3	2	2	1590	5
20996	4	3	6	3	1389	7
20997	4	3	2	4	1591	2
20998	3	5	1	4	1343	3
20999	3	5	1	3	1343	4
21000	3	5	1	2	1344	5
21001	4	2	1	4	1504	2
21002	4	2	1	3	1505	3
21003	4	2	1	2	1506	6
21004	3	2	1	4	1507	2
21005	4	3	2	5	1592	1
21006	3	2	1	3	1507	4
21007	4	3	2	5	1593	3
21008	3	2	1	2	1507	5
21009	4	3	2	5	1594	3
21010	3	3	2	5	1595	1
21011	2	2	3	5	1089	8
21012	3	5	1	5	1344	3
21013	4	3	2	2	1596	1
21014	3	5	1	4	1344	4
21015	4	4	2	3	1454	7
21016	5	2	1	4	1507	2
21017	5	2	1	3	1508	3
21018	6	3	2	4	1597	1
21019	6	3	2	3	1598	2
21020	5	2	1	2	1508	6
21021	6	3	6	5	1390	6
21022	7	3	2	2	1599	1
21023	6	3	6	4	1390	8
21024	6	3	6	3	1391	7
21025	4	4	2	2	1454	5
21026	4	3	2	4	1600	1
21027	5	2	1	4	1508	2
21028	5	2	1	3	1509	3
21029	5	2	1	2	1510	6
21030	3	5	1	3	1344	5
21031	4	2	1	4	1511	2
21032	4	2	1	3	1512	3
21033	5	3	2	4	1600	1
21034	5	3	2	3	1601	2
21035	5	3	2	2	1602	4
21036	4	2	1	2	1512	6
21037	5	3	6	6	1392	6
21038	6	3	2	4	1603	1
21039	6	3	2	3	1604	2
21040	6	3	2	2	1605	4
21041	5	3	6	5	1392	8
21042	5	3	6	4	1393	7
21043	4	4	2	4	1455	7
21044	5	3	6	6	1394	7
21045	6	7	1	3	672	6
21046	4	4	2	3	1455	6
21047	5	3	6	6	1394	7
21048	6	3	2	3	1606	3
21049	6	3	2	2	1607	4
21050	5	3	2	3	1608	3
21051	5	3	2	2	1609	4
21052	3	5	1	2	1344	6
21053	4	2	1	4	1512	2
21054	4	2	1	3	1513	4
21055	5	3	2	4	1610	1
21056	5	3	2	3	1611	2
21057	5	3	2	2	1612	3
21058	4	2	1	2	1513	5
21059	5	3	2	4	1613	1
21060	5	3	2	3	1614	2
21061	5	3	2	2	1615	3
21062	4	3	2	5	1616	6
21063	3	2	1	4	1513	3
21064	3	2	1	3	1514	4
21065	3	2	1	2	1515	5
21066	2	3	6	5	1394	3
21067	2	3	6	4	1395	4
21068	3	5	1	4	1344	4
21069	3	5	1	3	1345	5
21070	4	2	1	4	1516	2
21071	4	2	1	3	1517	3
21072	5	3	2	3	1617	1
21073	5	3	2	2	1618	2
21074	6	4	2	3	1455	3
21075	6	4	2	2	1456	4
21076	4	2	1	2	1517	6
21077	3	5	1	2	1345	6
21078	4	2	1	4	1518	2
21079	4	2	1	3	1519	4
21080	5	3	2	4	1618	3
21081	3	3	2	4	1619	1
21082	3	3	2	3	1620	2
21083	4	2	1	4	1519	3
21084	4	2	1	3	1520	4
21085	3	3	2	2	1620	3
21086	4	2	3	2	1089	6
21087	2	3	6	3	1395	5
21088	3	3	2	5	1620	1
21089	4	2	3	3	1090	5
21090	4	2	3	2	1091	6
21091	4	2	1	4	1521	3
21092	4	2	1	3	1522	4
21093	4	2	1	2	1522	5
21094	3	3	2	4	1620	2
21095	4	2	1	4	1523	3
21096	5	2	3	3	1092	5
21097	4	2	1	3	1523	4
21098	4	2	1	2	1523	5
21099	3	3	2	3	1620	3
21100	4	2	1	4	1524	2
21101	4	2	1	3	1525	4
21102	4	2	1	2	1525	5
21103	5	2	3	2	1093	6
21104	3	3	2	2	1620	4
21105	4	4	2	3	1457	5
21106	4	4	2	2	1458	6
21107	5	5	1	3	1345	4
21108	5	5	1	2	1346	5
21109	4	5	1	2	1347	5
21110	2	3	6	2	1395	6
21111	3	7	1	5	673	7
21112	4	2	1	4	1525	3
21113	4	2	1	3	1525	4
21114	4	2	1	2	1526	5
21115	2	2	3	4	1094	7
21116	3	3	2	6	1620	1
21117	4	4	2	6	1458	7
21118	5	5	1	2	1348	3
21119	4	2	1	4	1527	3
21120	4	2	1	3	1528	4
21121	4	2	1	2	1529	5
21122	1	2	1	7	1530	8
21123	2	2	3	3	1094	7
21124	2	2	3	2	1095	5
21125	0	2	3	6	1096	9
21126	1	3	6	8	1395	9
21127	2	7	1	6	673	9
21128	3	4	2	8	1458	9
21129	4	2	1	6	1530	2
21130	5	3	2	6	1620	3
21131	6	1	2	3	997	6
21132	7	2	5	5	428	8
21133	7	2	5	4	429	6
21134	6	1	2	2	997	7
21135	5	3	2	5	1620	4
21136	6	1	2	3	998	5
21137	7	5	1	4	1349	4
21138	8	9	3	3	782	6
21139	8	9	3	2	783	7
21140	9	2	5	5	430	8
21141	10	7	8	5	444	3
21142	10	7	8	4	445	4
21143	10	7	8	3	446	5
21144	10	7	8	2	447	6
21145	10	5	5	3	235	2
21146	10	5	5	2	236	5
21147	11	3	9	2	91	7
21148	9	2	5	4	430	6
21149	7	5	1	3	1349	6
21150	7	5	1	2	1350	7
21151	7	6	2	3	612	3
21152	7	6	2	2	613	6
21153	7	9	3	3	783	6
21154	7	9	3	2	784	7
21155	6	1	2	2	998	7
21156	5	3	2	4	1620	5
21157	6	1	2	2	999	6
21158	7	5	1	5	1351	3
21159	7	5	1	4	1352	5
21160	7	5	1	3	1353	6
21161	7	5	1	2	1354	7
21162	7	6	2	2	614	3
21163	6	9	3	3	785	8
21164	7	5	1	4	1355	3
21165	7	5	1	3	1355	5
21166	7	5	1	2	1356	7
21167	7	2	5	6	431	8
21168	8	9	2	3	170	3
21169	8	9	2	2	170	4
21170	9	5	5	4	236	7
21171	10	7	8	6	448	2
21172	10	7	8	5	449	3
21173	10	7	8	4	450	4
21174	10	7	8	3	451	5
21175	10	7	8	2	452	7
21176	10	3	9	2	92	7
21177	10	6	8	2	147	4
21178	8	5	5	4	236	7
21179	9	7	8	6	453	2
21180	9	7	8	5	454	3
21181	9	7	8	4	455	5
21182	9	7	8	3	456	6
21183	9	7	8	2	457	7
21184	9	3	9	2	93	7
21185	7	9	2	3	170	3
21186	7	9	2	2	170	4
21187	8	5	5	3	236	4
21188	8	5	5	2	237	3
21189	5	3	2	3	1620	6
21190	6	1	2	2	999	5
21191	7	5	1	4	1357	5
21192	7	5	1	3	1358	6
21193	7	5	1	2	1359	7
21194	7	6	2	2	615	4
21195	8	9	3	2	785	6
21196	5	3	2	2	1620	7
21197	4	2	1	5	1530	3
21198	5	5	1	5	1360	4
21199	6	1	2	3	999	4
21200	7	3	2	4	1621	2
21201	6	1	2	2	999	5
21202	7	3	2	3	1622	4
21203	8	9	3	3	786	6
21204	8	9	3	2	787	7
21205	9	2	5	4	431	8
21206	10	7	8	5	458	3
21207	10	7	8	4	459	4
21208	10	7	8	3	460	5
21209	10	7	8	2	461	6
21210	10	5	5	3	238	2
21211	10	5	5	2	239	5
21212	11	3	9	2	94	7
21213	9	2	5	3	431	6
21214	10	5	5	4	239	8
21215	11	7	8	5	462	3
21216	11	7	8	4	463	4
21217	11	7	8	3	464	5
21218	11	7	8	2	465	6
21219	11	3	9	2	95	7
21220	10	5	5	3	239	7
21221	11	7	8	5	466	3
21222	11	7	8	4	467	4
21223	11	7	8	3	468	5
21224	11	7	8	2	469	6
21225	11	3	9	2	96	7
21226	6	3	2	4	1622	2
21227	6	3	2	3	1623	4
21228	5	5	1	4	1360	5
21229	6	1	2	3	999	4
21230	7	3	2	5	1624	2
21231	7	3	2	4	1625	5
21232	7	3	2	3	1626	6
21233	7	3	2	2	1627	7
21234	6	1	2	2	999	5
21235	7	3	2	4	1628	4
21236	7	3	2	3	1628	8
21237	6	3	2	4	1629	2
21238	6	3	2	3	1630	5
21239	7	9	3	3	787	5
21240	8	2	5	5	431	8
21241	9	6	2	3	615	3
21242	9	6	2	2	616	6
21243	8	6	2	3	617	3
21244	8	6	2	2	618	6
21245	7	9	3	2	787	6
21246	6	3	2	2	1630	6
21247	5	5	1	3	1360	6
21248	6	6	2	5	619	3
21249	7	3	2	6	1631	2
21250	8	1	2	3	999	4
21251	8	1	2	2	1000	7
21252	7	3	2	5	1631	4
21253	7	3	2	4	1632	5
21254	7	3	2	3	1633	6
21255	7	3	2	2	1633	7
21256	6	3	2	6	1634	2
21257	7	1	2	3	1001	4
21258	7	1	2	2	1002	7
21259	6	3	2	5	1634	4
21260	7	1	2	2	1003	5
21261	6	3	2	4	1634	5
21262	7	1	2	2	1004	4
21263	6	3	2	3	1634	6
21264	7	1	2	4	1005	4
21265	7	1	2	3	1006	5
21266	7	1	2	2	1007	7
21267	6	3	2	2	1634	7
21268	5	5	1	2	1360	7
21269	6	3	2	5	1635	4
21270	7	1	2	2	1008	5
21271	7	9	3	3	788	8
21272	8	6	2	2	619	3
21273	9	2	5	4	431	7
21274	10	5	5	3	239	8
21275	6	3	2	4	1635	5
21276	7	1	2	2	1009	4
21277	7	6	2	3	619	3
21278	7	6	2	2	620	6
21279	6	3	2	3	1635	6
21280	7	1	2	4	1010	4
21281	7	1	2	3	1011	5
21282	7	1	2	2	1012	7
21283	6	3	2	2	1635	7
21284	5	3	2	6	1636	2
21285	6	1	2	3	1013	4
21286	6	1	2	2	1014	7
21287	5	3	2	5	1636	4
21288	6	1	2	2	1015	5
21289	7	6	2	3	621	3
21290	7	6	2	2	622	6
21291	7	9	3	3	788	6
21292	7	9	3	2	789	7
21293	6	9	3	3	790	8
21294	7	6	2	3	623	3
21295	5	3	2	4	1636	5
21296	6	1	2	2	1015	4
21297	6	6	2	2	624	3
21298	7	2	5	3	431	8
21299	8	7	8	4	470	4
21300	8	7	8	3	471	5
21301	9	5	5	3	240	4
21302	9	5	5	2	241	5
21303	9	6	8	3	148	2
21304	8	7	8	2	471	6
21305	5	3	2	3	1636	6
21306	6	1	2	4	1016	4
21307	6	1	2	3	1017	5
21308	7	6	2	2	624	4
21309	8	9	3	2	790	6
21310	6	1	2	2	1017	7
21311	5	3	2	2	1636	7
21312	4	2	1	4	1530	4
21313	5	1	2	3	1018	5
21314	6	3	2	4	1637	3
21315	5	1	2	2	1018	6
21316	6	3	2	3	1638	3
21317	6	3	2	2	1639	5
21318	7	5	1	5	1360	3
21319	7	5	1	4	1361	5
21320	7	5	1	3	1362	6
21321	7	5	1	2	1363	7
21322	7	6	2	2	624	3
21323	5	3	2	4	1639	2
21324	5	3	2	3	1640	5
21325	6	5	1	4	1364	5
21326	7	9	3	3	791	5
21327	8	2	5	5	431	8
21328	9	6	2	3	625	3
21329	9	6	2	2	626	6
21330	8	6	2	3	627	3
21331	8	6	2	2	628	6
21332	7	9	3	2	791	6
21333	6	5	1	3	1364	6
21334	6	5	1	2	1365	7
21335	7	6	2	3	629	3
21336	7	6	2	2	630	6
21337	6	6	2	2	631	3
21338	7	2	5	4	431	8
21339	8	7	8	4	472	4
21340	8	7	8	3	473	5
21341	9	5	5	3	242	4
21342	9	5	5	2	243	5
21343	9	6	8	3	149	2
21344	8	7	8	2	473	6
21345	5	3	2	2	1640	6
21346	4	2	1	3	1530	5
21347	5	1	2	3	1018	6
21348	5	1	2	2	1019	7
21349	6	3	2	2	1641	6
21350	5	3	2	4	1642	2
21351	5	3	2	3	1643	4
21352	6	9	3	3	792	8
21353	7	5	1	4	1365	4
21354	7	5	1	3	1366	6
21355	7	5	1	2	1367	7
21356	8	6	2	2	631	3
21357	7	6	2	3	632	3
21358	5	3	2	2	1643	6
21359	4	2	1	2	1530	6
21360	5	1	2	2	1019	7
21361	6	3	2	5	1644	4
21362	7	9	3	3	792	7
21363	6	3	2	4	1644	8
21364	5	3	2	4	1645	3
21365	6	9	3	2	793	4
21366	6	5	1	5	1367	3
21367	6	5	1	4	1367	4
21368	6	5	1	3	1368	5
21369	7	6	2	2	633	4
21370	7	7	8	7	474	8
21371	8	2	5	5	431	8
21372	9	5	5	4	244	7
21373	10	9	2	4	170	2
21374	8	5	5	5	244	8
21375	8	5	5	3	245	6
21376	9	9	2	4	171	2
21377	6	5	1	2	1368	7
21378	7	6	2	2	634	4
21379	5	3	2	3	1645	4
21380	5	3	2	2	1646	5
21381	6	9	3	3	794	8
21382	7	5	1	4	1368	3
21383	7	5	1	3	1368	5
21384	7	5	1	2	1369	7
21385	7	2	5	5	431	8
21386	8	9	2	3	172	3
21387	8	9	2	2	172	4
21388	9	5	5	4	245	7
21389	10	7	8	6	474	2
21390	10	7	8	5	475	3
21391	10	7	8	4	476	4
21392	10	7	8	3	477	5
21393	10	7	8	2	478	7
21394	10	3	9	2	97	7
21395	10	6	8	2	150	4
21396	8	5	5	4	245	7
21397	9	7	8	6	479	2
21398	9	7	8	5	480	3
21399	9	7	8	4	481	5
21400	9	7	8	3	482	6
21401	9	7	8	2	483	7
21402	9	3	9	2	98	7
21403	7	9	2	3	172	3
21404	7	9	2	2	172	4
21405	8	5	5	3	245	4
21406	7	5	5	3	246	4
21407	7	7	8	5	484	8
21408	8	5	5	2	247	3
21409	7	7	8	4	484	7
21410	8	5	5	2	247	3
21411	5	9	3	5	794	8
21412	6	5	1	4	1370	4
21413	6	5	1	3	1371	5
21414	6	5	1	2	1372	7
21415	4	9	3	5	794	8
21416	5	3	2	5	1646	2
21417	5	3	2	4	1647	3
21418	5	3	2	3	1648	4
21419	5	3	2	2	1649	5
21420	6	5	1	3	1373	3
21421	6	5	1	2	1373	6
21422	6	6	2	2	635	3
21423	6	2	5	5	431	8
21424	7	9	2	4	172	3
21425	6	7	8	6	484	8
21426	7	9	2	4	173	3
21427	5	6	2	2	636	4
21428	3	2	1	6	1530	2
21429	4	3	2	6	1649	1
21430	5	1	2	4	1019	5
21431	5	1	2	3	1020	6
21432	5	1	2	2	1021	7
21433	5	4	2	5	1458	2
21434	5	4	2	4	1459	3
21435	6	5	1	2	1374	7
21436	5	4	2	3	1459	4
21437	6	5	1	2	1375	7
21438	6	9	3	2	794	6
21439	6	7	8	7	484	8
21440	7	2	5	5	431	8
21441	8	5	8	6	616	2
21442	8	5	8	5	617	3
21443	9	6	8	2	151	1
21444	8	5	8	4	617	4
21445	9	9	2	3	174	2
21446	8	5	8	3	617	5
21447	9	9	2	3	175	2
21448	8	5	8	2	617	6
21449	8	9	2	3	176	2
21450	7	5	8	6	618	2
21451	7	5	8	5	619	3
21452	8	6	8	2	152	1
21453	7	5	8	4	619	4
21454	8	9	2	3	177	2
21455	7	5	8	3	619	5
21456	8	9	2	3	178	2
21457	7	5	8	2	619	6
21458	7	9	2	3	179	2
21459	6	2	5	4	431	8
21460	6	5	8	4	620	4
21461	6	5	8	3	621	5
21462	7	7	8	4	484	7
21463	8	9	2	3	180	7
21464	7	7	8	3	484	4
21465	6	5	8	2	621	6
21466	5	4	2	2	1459	5
21467	6	5	1	3	1376	3
21468	6	5	1	2	1376	7
21469	6	9	3	2	795	6
21470	6	7	8	7	485	8
21471	7	2	5	6	432	8
21472	8	5	8	6	622	2
21473	8	5	8	5	623	3
21474	9	6	8	2	153	1
21475	8	5	8	4	623	4
21476	9	6	8	3	154	1
21477	9	6	8	2	155	2
21478	8	5	8	3	623	5
21479	9	3	9	2	99	7
21480	9	1	1	2	92	3
21481	8	5	8	2	623	6
21482	8	1	1	2	93	3
21483	7	5	8	6	624	2
21484	7	5	8	5	625	3
21485	8	6	8	2	156	1
21486	7	5	8	4	625	4
21487	8	6	8	3	157	1
21488	8	6	8	2	158	2
21489	7	5	8	3	625	5
21490	8	3	9	2	100	7
21491	8	1	1	2	94	3
21492	7	5	8	2	625	6
21493	7	1	1	2	95	3
21494	6	2	5	5	432	8
21495	6	5	8	4	626	4
21496	6	5	8	3	627	5
21497	7	7	8	4	485	7
21498	8	9	2	5	180	7
21499	7	7	8	3	485	6
21500	8	9	2	4	180	6
21501	6	5	8	2	627	6
21502	5	5	1	2	1377	5
21503	4	3	2	5	1649	3
21504	5	1	2	3	1022	6
21505	6	4	2	3	1459	4
21506	7	5	1	3	1378	5
21507	7	5	1	2	1379	7
21508	7	9	3	3	796	4
21509	7	9	3	2	797	6
21510	6	4	2	2	1459	5
21511	7	5	1	2	1380	7
21512	7	9	3	2	798	6
21513	5	1	2	2	1022	7
21514	4	3	2	4	1649	4
21515	5	4	2	4	1459	5
21516	6	1	2	2	1023	7
21517	5	4	2	3	1459	6
21518	6	5	1	4	1381	4
21519	6	5	1	3	1382	5
21520	6	5	1	2	1383	7
21521	7	1	2	3	1024	8
21522	6	1	2	3	1025	5
21523	7	2	5	6	433	8
21524	8	9	3	5	799	4
21525	8	9	3	4	800	5
21526	8	9	3	3	801	6
21527	8	9	3	2	802	7
21528	9	7	8	7	485	8
21529	7	2	5	5	433	7
21530	7	9	3	2	802	5
21531	6	1	2	2	1025	7
21532	5	4	2	2	1459	7
21533	6	1	2	2	1026	5
21534	7	5	1	3	1383	5
21535	7	5	1	2	1384	6
21536	8	9	3	3	803	4
21537	8	9	3	2	804	7
21538	7	2	5	6	434	8
21539	8	9	3	5	805	4
21540	8	9	3	4	806	5
21541	8	9	3	3	807	6
21542	8	9	3	2	808	7
21543	7	9	3	5	809	4
21544	7	9	3	4	810	5
21545	7	9	3	3	811	6
21546	7	9	3	2	812	7
21547	4	3	2	3	1649	5
21548	5	1	2	2	1026	6
21549	5	4	2	2	1459	6
21550	6	5	1	3	1384	5
21551	6	5	1	2	1385	7
21552	4	3	2	2	1649	6
21553	5	4	2	2	1459	7
21554	6	5	8	4	628	7
21555	7	9	3	3	813	7
21556	8	2	5	3	434	8
21557	7	9	3	2	813	5
21558	6	9	3	3	814	7
21559	5	1	2	2	1027	5
21560	3	2	1	5	1530	3
21561	4	5	1	5	1386	4
21562	5	4	2	3	1459	6
21563	6	3	2	3	1649	1
21564	7	1	2	2	1028	5
21565	6	1	2	2	1029	5
21566	5	4	2	2	1459	7
21567	6	3	2	4	1649	1
21568	6	3	2	3	1650	2
21569	7	1	2	2	1030	4
21570	5	3	2	4	1650	6
21571	4	5	1	4	1386	5
21572	5	1	2	3	1031	4
21573	6	4	2	4	1459	8
21574	6	4	2	3	1460	7
21575	5	1	2	2	1031	5
21576	6	3	2	4	1651	4
21577	7	4	2	3	1461	6
21578	7	4	2	2	1462	7
21579	6	4	2	2	1463	7
21580	7	5	8	5	628	8
21581	8	9	3	3	815	7
21582	8	9	3	2	816	5
21583	7	9	3	3	817	7
21584	5	3	2	4	1651	1
21585	6	4	2	3	1463	3
21586	6	4	2	2	1464	4
21587	5	3	2	3	1651	2
21588	5	3	2	2	1652	5
21589	4	5	1	3	1386	6
21590	5	4	2	5	1465	3
21591	6	3	2	2	1653	1
21592	7	1	2	2	1031	7
21593	6	1	2	2	1032	7
21594	5	4	2	4	1465	4
21595	6	3	2	2	1653	1
21596	7	1	2	2	1033	7
21597	6	1	2	2	1034	7
21598	5	4	2	3	1465	5
21599	6	3	2	3	1653	1
21600	6	3	2	2	1654	2
21601	7	1	2	2	1035	7
21602	5	4	2	2	1465	7
21603	6	3	2	4	1654	2
21604	6	3	2	3	1655	4
21605	7	1	2	2	1036	5
21606	8	9	3	3	818	4
21607	8	9	3	2	819	7
21608	6	3	2	2	1655	5
21609	6	1	2	3	1036	4
21610	6	1	2	2	1037	5
21611	5	3	2	4	1656	4
21612	5	3	2	3	1657	5
21613	5	3	2	2	1658	6
21614	4	5	1	2	1386	7
21615	5	3	2	6	1659	1
21616	6	1	2	3	1038	5
21617	6	1	2	2	1039	7
21618	7	4	2	4	1465	2
21619	8	9	3	2	820	4
21620	7	4	2	3	1465	3
21621	7	4	2	2	1466	4
21622	8	9	3	3	821	4
21623	8	9	3	2	822	6
21624	8	2	5	5	435	8
21625	9	5	8	6	628	2
21626	9	5	8	5	629	3
21627	9	5	8	4	630	4
21628	10	7	8	4	486	7
21629	10	7	8	3	487	8
21630	9	5	8	3	630	5
21631	9	5	8	2	631	6
21632	8	5	8	6	632	2
21633	8	5	8	5	633	3
21634	8	5	8	4	634	4
21635	9	7	8	4	488	7
21636	9	7	8	3	489	8
21637	8	5	8	3	634	5
21638	8	5	8	2	635	6
21639	5	3	2	5	1659	2
21640	6	1	2	3	1039	4
21641	6	1	2	2	1040	7
21642	6	4	2	3	1466	3
21643	6	4	2	2	1467	4
21644	6	9	3	3	823	5
21645	7	2	5	5	435	8
21646	8	5	8	6	636	2
21647	8	5	8	5	637	3
21648	8	5	8	4	638	4
21649	9	7	8	4	490	8
21650	9	7	8	3	491	7
21651	8	5	8	3	638	5
21652	9	7	8	5	492	8
21653	9	7	8	4	493	7
21654	8	5	8	2	638	6
21655	7	5	8	6	639	2
21656	7	5	8	5	640	3
21657	7	5	8	4	641	4
21658	8	7	8	4	494	8
21659	8	7	8	3	495	7
21660	7	5	8	3	641	5
21661	8	7	8	5	496	8
21662	8	7	8	4	497	7
21663	7	5	8	2	641	6
21664	6	9	3	2	823	6
21665	5	4	2	3	1468	5
21666	5	4	2	2	1469	6
21667	6	3	2	2	1659	4
21668	7	1	2	2	1041	5
21669	6	1	2	2	1042	4
21670	5	3	2	4	1659	4
21671	5	3	2	3	1660	5
21672	6	1	2	2	1043	4
21673	5	3	2	2	1660	6
21674	4	3	2	5	1661	1
21675	5	1	2	3	1044	5
21676	5	1	2	2	1045	7
21677	6	4	2	4	1469	2
21678	6	4	2	3	1470	3
21679	6	4	2	2	1471	4
21680	7	9	3	3	824	4
21681	7	9	3	2	825	6
21682	7	7	8	7	498	8
21683	4	3	2	4	1661	2
21684	5	1	2	3	1045	4
21685	5	1	2	2	1046	7
21686	5	4	2	4	1471	3
21687	5	4	2	3	1472	4
21688	6	9	3	3	826	5
21689	5	4	2	2	1472	5
21690	6	9	3	3	827	5
21691	7	7	8	7	499	8
21692	7	2	5	5	435	8
21693	8	5	8	6	642	2
21694	8	5	8	5	643	3
21695	8	5	8	4	644	4
21696	9	7	8	3	500	7
21697	8	5	8	3	644	5
21698	9	7	8	4	501	7
21699	8	5	8	2	644	6
21700	7	5	8	6	645	2
21701	7	5	8	5	646	3
21702	7	5	8	4	647	4
21703	8	7	8	3	502	7
21704	7	5	8	3	647	5
21705	8	7	8	4	503	7
21706	7	5	8	2	647	6
21707	6	9	3	2	827	6
21708	4	3	2	3	1661	4
21709	5	1	2	2	1047	5
21710	6	4	2	2	1472	6
21711	7	2	5	5	435	8
21712	8	9	3	5	828	4
21713	8	9	3	4	829	5
21714	8	9	3	3	830	6
21715	8	9	3	2	831	7
21716	9	7	8	7	504	8
21717	7	2	5	4	435	7
21718	8	9	3	4	831	4
21719	8	9	3	3	832	6
21720	8	9	3	2	833	7
21721	7	9	3	2	834	5
21722	6	2	5	5	435	8
21723	7	9	3	5	835	4
21724	7	9	3	4	836	5
21725	7	9	3	3	837	6
21726	7	9	3	2	838	7
21727	6	9	3	5	839	4
21728	6	9	3	4	840	5
21729	6	9	3	3	841	6
21730	6	9	3	2	842	7
21731	5	4	2	2	1472	5
21732	6	9	3	3	843	4
21733	6	9	3	2	844	5
21734	7	7	8	7	505	8
21735	7	2	5	5	435	8
21736	7	5	8	4	648	3
21737	7	5	8	3	649	4
21738	7	5	8	2	650	5
21739	8	7	8	4	506	7
21740	4	3	2	2	1661	5
21741	5	4	2	2	1472	6
21742	6	1	2	2	1047	4
21743	4	1	2	3	1048	4
21744	4	1	2	2	1049	5
21745	5	9	3	3	844	5
21746	5	9	3	2	845	6
21747	5	5	8	5	650	7
21748	6	2	5	3	436	8
21749	7	7	2	2	100	3
21750	3	2	1	4	1530	4
21751	4	1	2	3	1049	5
21752	5	3	2	4	1661	3
21753	4	1	2	2	1049	6
21754	5	3	2	4	1662	1
21755	5	3	2	3	1663	3
21756	6	4	2	3	1472	4
21757	7	5	1	3	1386	5
21758	7	5	1	2	1387	7
21759	7	9	3	3	846	4
21760	7	9	3	2	847	6
21761	6	4	2	2	1472	5
21762	7	5	1	2	1388	7
21763	7	9	3	2	848	6
21764	5	3	2	2	1663	5
21765	4	3	2	4	1664	1
21766	5	5	1	4	1389	5
21767	6	4	2	3	1472	3
21768	6	4	2	2	1473	4
21769	5	5	1	3	1389	6
21770	6	4	2	4	1474	3
21771	5	5	1	2	1389	7
21772	6	4	2	4	1475	2
21773	7	9	3	2	849	4
21774	6	4	2	3	1475	3
21775	6	4	2	2	1476	4
21776	7	9	3	3	850	4
21777	7	9	3	2	851	6
21778	7	2	5	5	436	8
21779	8	5	8	6	650	2
21780	8	5	8	5	651	3
21781	9	7	8	4	507	7
21782	8	5	8	4	651	4
21783	8	5	8	3	652	5
21784	8	5	8	2	653	6
21785	7	5	8	6	654	2
21786	7	5	8	5	655	3
21787	8	7	8	4	508	7
21788	7	5	8	4	655	4
21789	7	5	8	3	656	5
21790	7	5	8	2	657	6
21791	5	4	2	4	1476	2
21792	5	4	2	3	1477	3
21793	5	4	2	2	1478	4
21794	6	9	3	3	852	4
21795	6	9	3	2	853	6
21796	6	7	8	7	509	8
21797	4	3	2	3	1664	2
21798	4	3	2	2	1665	5
21799	3	2	1	3	1530	5
21800	4	1	2	3	1049	6
21801	4	1	2	2	1050	7
21802	4	3	2	4	1666	1
21803	4	3	2	3	1667	2
21804	5	4	2	4	1478	3
21805	6	5	1	3	1389	6
21806	6	5	1	2	1390	7
21807	5	4	2	3	1478	4
21808	6	5	1	3	1391	6
21809	6	5	1	2	1392	7
21810	6	9	3	3	854	5
21811	5	4	2	2	1478	5
21812	6	5	1	3	1393	6
21813	6	5	1	2	1394	7
21814	7	9	3	3	855	5
21815	8	2	5	5	436	8
21816	9	5	8	6	658	2
21817	9	5	8	5	659	3
21818	10	7	8	4	510	8
21819	10	7	8	3	511	7
21820	9	5	8	4	659	4
21821	10	7	8	4	512	8
21822	10	7	8	3	513	7
21823	9	5	8	3	659	5
21824	10	7	8	5	514	8
21825	10	7	8	4	515	7
21826	9	5	8	2	659	6
21827	8	5	8	6	660	2
21828	8	5	8	5	661	3
21829	9	7	8	4	516	8
21830	9	7	8	3	517	7
21831	8	5	8	4	661	4
21832	9	7	8	4	518	8
21833	9	7	8	3	519	7
21834	8	5	8	3	661	5
21835	9	7	8	5	520	8
21836	9	7	8	4	521	7
21837	8	5	8	2	661	6
21838	7	9	3	2	855	6
21839	6	9	3	3	856	5
21840	7	7	8	7	522	8
21841	7	2	5	5	436	8
21842	8	5	8	6	662	2
21843	8	5	8	5	663	3
21844	9	7	8	3	523	7
21845	8	5	8	4	663	4
21846	9	7	8	3	524	7
21847	8	5	8	3	663	5
21848	9	7	8	4	525	7
21849	8	5	8	2	663	6
21850	7	5	8	6	664	2
21851	7	5	8	5	665	3
21852	8	7	8	3	526	7
21853	7	5	8	4	665	4
21854	8	7	8	3	527	7
21855	7	5	8	3	665	5
21856	8	7	8	4	528	7
21857	7	5	8	2	665	6
21858	6	9	3	2	856	6
21859	5	5	1	2	1394	4
21860	4	3	2	2	1667	4
21861	5	4	2	2	1478	5
21862	6	5	1	3	1395	6
21863	6	5	1	2	1396	7
21864	6	9	3	3	857	4
21865	6	9	3	2	858	5
21866	7	7	8	7	529	8
21867	7	2	5	5	436	8
21868	7	5	8	4	666	3
21869	7	5	8	3	667	4
21870	7	5	8	2	668	5
21871	8	7	8	4	530	7
21872	5	5	1	2	1397	6
21873	3	2	1	2	1530	6
21874	4	1	2	2	1051	7
21875	5	3	2	4	1667	4
21876	6	4	2	3	1478	8
21877	6	4	2	2	1479	5
21878	7	5	1	2	1398	7
21879	6	5	1	4	1399	4
21880	6	5	1	3	1400	5
21881	6	5	1	2	1401	7
21882	6	9	3	4	858	7
21883	5	4	2	4	1479	8
21884	5	5	1	5	1402	8
21885	6	4	2	3	1480	3
21886	6	4	2	2	1481	4
21887	5	4	2	2	1482	4
21888	4	3	2	4	1667	1
21889	5	4	2	5	1483	2
21890	5	4	2	4	1484	3
21891	6	5	1	2	1402	7
21892	5	4	2	3	1484	4
21893	6	5	1	2	1403	7
21894	6	9	3	2	859	6
21895	6	7	8	7	531	8
21896	7	2	5	4	437	8
21897	8	5	8	6	668	2
21898	8	5	8	5	669	3
21899	8	5	8	4	670	4
21900	8	5	8	3	671	5
21901	9	9	2	3	181	2
21902	8	5	8	2	671	6
21903	8	9	2	3	182	2
21904	7	5	8	6	672	2
21905	7	5	8	5	673	3
21906	7	5	8	4	674	4
21907	7	5	8	3	675	5
21908	8	9	2	3	183	2
21909	7	5	8	2	675	6
21910	7	9	2	3	184	2
21911	6	2	5	3	437	8
21912	6	5	8	4	676	4
21913	6	5	8	3	677	5
21914	7	7	8	4	531	7
21915	8	9	2	3	185	7
21916	7	7	8	3	531	4
21917	6	5	8	2	677	6
21918	5	4	2	2	1484	5
21919	6	5	1	3	1404	3
21920	6	5	1	2	1404	7
21921	6	9	3	2	860	6
21922	6	7	8	7	532	8
21923	7	2	5	5	438	8
21924	8	5	8	6	678	2
21925	8	5	8	5	679	3
21926	9	6	8	2	159	1
21927	9	3	9	2	101	7
21928	8	5	8	4	679	4
21929	8	5	8	3	680	5
21930	9	3	9	2	102	7
21931	9	6	8	3	160	1
21932	9	6	8	2	161	3
21933	8	5	8	2	680	6
21934	8	1	1	2	96	3
21935	7	5	8	6	681	2
21936	7	5	8	5	682	3
21937	8	6	8	2	162	1
21938	8	3	9	2	103	7
21939	7	5	8	4	682	4
21940	7	5	8	3	683	5
21941	8	3	9	2	104	7
21942	8	6	8	3	163	1
21943	8	6	8	2	164	3
21944	7	5	8	2	683	6
21945	7	1	1	2	97	3
21946	6	2	5	5	438	8
21947	6	5	8	4	684	4
21948	6	5	8	3	685	5
21949	7	7	8	4	532	7
21950	8	9	2	5	185	7
21951	7	7	8	3	532	6
21952	8	9	2	4	185	6
21953	6	5	8	2	685	6
21954	5	5	1	2	1405	5
21955	4	3	2	3	1667	3
21956	5	9	3	3	861	8
21957	6	4	2	4	1484	4
21958	6	4	2	3	1485	5
21959	6	4	2	2	1486	6
21960	6	5	1	3	1406	3
21961	6	5	1	2	1406	5
21962	6	7	8	7	532	8
21963	7	2	5	5	439	8
21964	8	5	8	6	686	2
21965	8	5	8	5	687	3
21966	8	5	8	4	688	4
21967	8	5	8	3	689	5
21968	8	5	8	2	690	6
21969	8	1	1	2	98	1
21970	7	5	8	6	691	2
21971	7	5	8	5	692	3
21972	7	5	8	4	693	4
21973	7	5	8	3	694	5
21974	7	5	8	2	695	6
21975	7	1	1	2	99	1
21976	5	5	1	5	1407	8
21977	6	9	3	2	861	4
21978	6	4	2	4	1487	6
21979	6	4	2	2	1488	4
21980	5	4	2	3	1489	5
21981	6	5	1	2	1407	4
21982	5	4	2	2	1489	6
21983	4	3	2	2	1667	4
21984	4	4	2	2	1490	6
21985	5	5	1	3	1407	5
21986	5	5	1	2	1408	7
21987	3	3	2	5	1668	2
21988	3	3	2	4	1669	3
21989	4	4	2	4	1490	4
21990	4	4	2	3	1491	5
21991	5	5	1	2	1409	4
21992	5	9	3	3	862	4
21993	5	9	3	2	863	7
21994	5	7	8	6	532	8
21995	6	5	8	4	696	6
21996	4	4	2	2	1491	6
21997	4	9	3	2	864	7
21998	5	5	1	4	1409	3
21999	5	5	1	3	1409	5
22000	5	5	1	2	1410	6
22001	3	3	2	3	1669	4
22002	4	4	2	3	1492	5
22003	4	4	2	2	1493	6
22004	5	5	1	3	1411	4
22005	5	5	1	2	1411	5
22006	5	9	3	3	864	4
22007	5	9	3	2	865	7
22008	5	7	8	7	532	8
22009	6	2	5	5	439	8
22010	7	5	8	5	697	2
22011	7	5	8	4	698	3
22012	8	9	2	4	186	7
22013	7	5	8	3	698	4
22014	8	9	2	4	187	7
22015	7	5	8	2	698	5
22016	8	9	2	4	188	7
22017	8	9	2	2	189	3
22018	7	9	2	4	190	7
22019	7	9	2	2	191	3
22020	6	2	5	4	439	6
22021	7	5	8	5	698	2
22022	7	5	8	4	699	3
22023	8	9	2	4	192	7
22024	7	5	8	3	699	4
22025	8	9	2	4	193	7
22026	7	5	8	2	699	5
22027	8	9	2	4	194	7
22028	8	9	2	2	195	3
22029	7	9	2	4	196	7
22030	7	9	2	2	197	3
22031	5	7	8	5	532	7
22032	5	5	8	3	699	4
22033	5	5	8	2	700	5
22034	6	7	8	3	533	4
22035	5	7	8	3	534	5
22036	6	2	5	4	439	6
22037	7	9	2	2	198	3
22038	4	5	1	3	1412	5
22039	4	5	1	2	1413	6
22040	5	9	3	3	866	4
22041	3	3	2	2	1669	5
22042	4	4	2	2	1493	6
22043	4	5	1	4	1413	4
22044	4	5	1	3	1414	5
22045	5	2	5	5	439	8
22046	6	9	3	4	867	4
22047	6	9	3	3	868	5
22048	7	5	8	6	700	2
22049	7	5	8	5	701	3
22050	8	7	8	4	534	8
22051	7	5	8	4	701	4
22052	7	5	8	3	702	6
22053	8	7	8	6	535	8
22054	7	5	8	2	702	7
22055	6	9	3	2	868	7
22056	5	2	5	4	439	6
22057	6	9	3	4	869	8
22058	6	9	3	3	870	7
22059	4	5	1	2	1414	6
22060	3	5	1	3	1415	5
22061	3	5	1	2	1416	6
22062	3	9	3	2	871	6
22063	2	5	8	8	703	9
22064	3	2	1	6	1530	2
22065	4	3	2	6	1669	1
22066	5	1	2	4	1051	5
22067	5	1	2	3	1052	6
22068	5	1	2	2	1053	7
22069	5	4	2	5	1494	2
22070	6	5	1	2	1417	7
22071	5	4	2	4	1494	3
22072	6	5	1	2	1418	7
22073	5	4	2	3	1494	4
22074	6	5	1	2	1419	7
22075	7	9	3	2	872	6
22076	6	9	3	2	873	6
22077	6	7	1	2	673	5
22078	5	4	2	2	1494	5
22079	6	5	1	3	1419	3
22080	6	5	1	2	1419	7
22081	6	9	3	2	874	6
22082	6	7	1	3	674	4
22083	6	7	1	2	675	5
22084	4	3	2	5	1669	3
22085	5	1	2	3	1054	6
22086	6	4	2	3	1494	4
22087	7	5	1	2	1420	5
22088	6	4	2	2	1494	5
22089	5	1	2	2	1054	7
22090	4	3	2	4	1669	4
22091	5	4	2	4	1495	5
22092	6	1	2	2	1055	7
22093	5	4	2	3	1495	6
22094	6	1	2	3	1056	8
22095	6	1	2	2	1057	5
22096	7	5	1	3	1421	4
22097	7	5	1	2	1422	5
22098	8	2	5	5	439	8
22099	8	2	5	4	440	6
22100	7	9	3	2	875	5
22101	5	4	2	2	1495	7
22102	6	1	2	2	1057	5
22103	7	5	1	2	1422	5
22104	7	2	5	6	441	8
22105	8	9	3	4	876	4
22106	8	9	3	3	876	5
22107	8	9	3	2	877	6
22108	7	9	3	4	878	4
22109	7	9	3	3	878	5
22110	7	9	3	2	879	6
22111	5	1	2	2	1057	5
22112	6	5	1	3	1423	5
22113	7	9	3	3	880	5
22114	7	9	3	2	881	6
22115	8	6	2	2	637	6
22116	6	5	1	2	1423	6
22117	6	6	2	2	638	3
22118	4	3	2	3	1669	5
22119	5	1	2	2	1057	6
22120	5	4	2	2	1495	6
22121	6	5	1	3	1424	5
22122	7	7	1	3	676	8
22123	7	9	3	5	881	8
22124	6	5	1	2	1424	7
22125	7	9	3	5	882	6
22126	7	9	3	4	883	8
22127	6	9	3	4	884	8
22128	7	7	1	2	677	5
22129	5	5	1	3	1424	4
22130	5	5	1	2	1425	5
22131	6	9	3	2	884	5
22132	7	7	1	2	678	7
22133	4	3	2	2	1669	6
22134	5	4	2	2	1495	7
22135	5	1	2	2	1058	5
22136	6	5	1	4	1425	4
22137	6	5	1	3	1426	5
22138	6	5	1	2	1427	6
22139	6	9	3	3	884	7
22140	7	6	2	2	639	3
22141	3	2	1	5	1530	3
22142	4	5	1	5	1428	4
22143	5	4	2	3	1496	6
22144	6	3	2	3	1669	1
22145	7	1	2	2	1058	5
22146	6	1	2	2	1059	5
22147	5	4	2	2	1496	7
22148	6	1	2	3	1060	8
22149	7	3	2	3	1669	1
22150	6	1	2	2	1060	4
22151	6	3	2	2	1670	1
22152	5	1	2	2	1061	4
22153	6	3	2	3	1671	2
22154	5	3	2	3	1672	4
22155	4	5	1	4	1428	5
22156	5	4	2	5	1496	8
22157	6	1	2	3	1061	4
22158	7	3	2	4	1672	2
22159	7	3	2	3	1673	5
22160	7	3	2	2	1674	6
22161	6	1	2	2	1061	5
22162	7	3	2	4	1675	4
22163	8	9	3	3	884	5
22164	8	9	3	2	885	6
22165	9	6	2	2	640	6
22166	6	3	2	4	1675	1
22167	6	3	2	3	1676	2
22168	6	3	2	2	1677	5
22169	5	4	2	4	1496	3
22170	6	1	2	2	1061	5
22171	5	4	2	3	1496	4
22172	6	3	2	2	1678	1
22173	5	4	2	2	1496	6
22174	6	3	2	3	1679	2
22175	6	3	2	2	1680	4
22176	7	2	5	4	441	8
22177	8	7	8	5	536	2
22178	8	7	8	4	537	3
22179	8	7	8	3	538	4
22180	8	7	8	2	539	5
22181	7	2	5	3	441	6
22182	6	1	2	2	1062	4
22183	5	1	2	2	1063	4
22184	5	3	2	3	1680	4
22185	4	5	1	3	1428	6
22186	5	7	1	4	679	8
22187	6	4	2	5	1496	3
22188	7	3	2	2	1681	1
22189	7	1	2	2	1064	7
22190	6	4	2	4	1496	4
22191	7	3	2	2	1682	1
22192	7	1	2	2	1065	7
22193	6	4	2	3	1496	5
22194	7	3	2	3	1683	1
22195	7	3	2	2	1684	2
22196	8	1	2	2	1066	7
22197	6	4	2	2	1496	7
22198	7	1	2	3	1067	8
22199	7	1	2	2	1068	4
22200	7	3	2	2	1684	4
22201	8	9	3	4	885	4
22202	8	9	3	3	885	5
22203	8	9	3	2	886	6
22204	6	1	2	3	1069	4
22205	7	3	2	4	1684	2
22206	7	3	2	3	1684	5
22207	7	3	2	2	1685	6
22208	6	1	2	2	1069	5
22209	7	3	2	4	1686	4
22210	6	3	2	4	1687	1
22211	6	3	2	3	1688	2
22212	6	3	2	2	1688	5
22213	5	9	3	5	887	8
22214	6	3	2	4	1689	1
22215	6	3	2	3	1690	2
22216	6	3	2	2	1691	4
22217	4	5	1	2	1428	7
22218	5	7	1	4	679	8
22219	6	3	2	6	1692	1
22220	7	1	2	3	1069	7
22221	8	4	2	4	1496	2
22222	8	4	2	3	1497	3
22223	8	4	2	2	1498	4
22224	9	9	3	3	887	4
22225	7	1	2	2	1069	5
22226	6	3	2	5	1692	2
22227	7	1	2	3	1070	4
22228	7	1	2	2	1071	7
22229	6	4	2	3	1498	5
22230	6	4	2	2	1499	6
22231	7	3	2	2	1692	4
22232	8	1	2	2	1072	5
22233	9	9	3	2	888	5
22234	7	1	2	2	1072	4
22235	6	3	2	4	1692	4
22236	7	6	2	2	641	3
22237	6	3	2	3	1692	5
22238	7	1	2	2	1073	4
22239	6	3	2	2	1692	6
22240	7	1	2	3	1074	4
22241	7	1	2	2	1075	5
22242	8	9	3	3	889	7
22243	9	6	2	2	642	3
22244	4	9	3	5	889	8
22245	5	3	2	4	1692	1
22246	5	3	2	3	1693	2
22247	6	4	2	4	1499	3
22248	6	4	2	3	1500	4
22249	7	7	1	3	679	4
22250	6	4	2	2	1500	5
22251	5	3	2	2	1693	4
22252	6	4	2	2	1501	5
22253	3	2	1	4	1530	4
22254	4	4	2	7	1502	8
22255	5	1	2	3	1075	5
22256	6	3	2	4	1693	3
22257	5	1	2	2	1075	6
22258	6	3	2	4	1694	1
22259	6	3	2	3	1695	3
22260	6	3	2	2	1696	5
22261	5	5	1	3	1428	5
22262	6	3	2	4	1697	1
22263	6	3	2	3	1698	2
22264	6	3	2	2	1699	5
22265	5	5	1	2	1428	6
22266	6	3	2	4	1700	1
22267	6	3	2	3	1701	2
22268	6	3	2	2	1701	5
22269	5	3	2	3	1702	2
22270	5	3	2	2	1703	5
22271	4	1	2	3	1075	5
22272	4	1	2	2	1076	6
22273	5	3	2	3	1704	1
22274	5	3	2	2	1705	3
22275	6	4	2	3	1502	4
22276	7	5	1	2	1428	5
22277	6	4	2	2	1502	5
22278	4	3	2	3	1705	1
22279	5	5	1	3	1429	7
22280	6	4	2	4	1503	2
22281	6	4	2	3	1504	3
22282	6	4	2	2	1505	4
22283	7	9	3	3	889	4
22284	5	4	2	4	1505	4
22285	4	3	2	2	1705	2
22286	3	2	1	3	1530	5
22287	4	1	2	3	1076	6
22288	4	1	2	2	1077	7
22289	4	3	2	4	1706	1
22290	4	3	2	3	1707	2
22291	5	4	2	4	1506	3
22292	6	5	1	3	1429	6
22293	6	5	1	2	1430	7
22294	7	7	1	2	680	6
22295	5	4	2	3	1506	4
22296	6	5	1	3	1430	6
22297	7	9	3	2	890	5
22298	6	5	1	2	1430	7
22299	7	7	1	3	681	4
22300	6	9	3	3	891	8
22301	7	7	1	3	682	4
22302	5	4	2	2	1506	5
22303	6	5	1	3	1430	6
22304	6	5	1	2	1431	7
22305	7	7	1	3	683	8
22306	6	9	3	3	891	8
22307	5	5	1	3	1431	4
22308	5	5	1	2	1432	6
22309	4	3	2	2	1707	4
22310	5	4	2	2	1506	5
22311	6	5	1	3	1433	6
22312	6	5	1	2	1434	7
22313	5	5	1	2	1435	6
22314	3	2	1	2	1530	6
22315	4	1	2	2	1078	7
22316	5	3	2	4	1707	4
22317	6	4	2	3	1506	8
22318	7	5	1	3	1436	3
22319	7	5	1	2	1437	5
22320	7	9	3	3	892	7
22321	6	4	2	2	1506	5
22322	6	5	1	3	1438	4
22323	6	5	1	2	1439	5
22324	5	4	2	4	1507	8
22325	5	4	2	3	1508	3
22326	5	4	2	2	1509	4
22327	4	3	2	4	1707	1
22328	5	4	2	5	1510	2
22329	6	5	1	2	1440	7
22330	5	4	2	4	1510	3
22331	6	5	1	2	1441	7
22332	5	4	2	3	1510	4
22333	6	5	1	2	1442	7
22334	7	9	3	2	893	6
22335	6	9	3	2	894	6
22336	6	7	1	2	684	5
22337	5	4	2	2	1510	5
22338	6	5	1	3	1442	3
22339	6	5	1	2	1442	7
22340	6	9	3	2	895	6
22341	6	7	1	3	685	4
22342	6	7	1	2	686	5
22343	4	3	2	3	1707	3
22344	5	9	3	3	896	8
22345	6	5	1	5	1443	8
22346	7	4	2	4	1510	4
22347	7	4	2	3	1511	5
22348	7	4	2	2	1512	6
22349	6	4	2	4	1513	4
22350	6	4	2	3	1514	5
22351	7	5	1	2	1443	4
22352	6	4	2	2	1514	6
22353	7	5	1	2	1444	5
22354	6	5	1	2	1445	3
22355	4	3	2	2	1707	4
22356	4	4	2	2	1514	6
22357	5	5	1	3	1445	5
22358	6	7	1	3	687	8
22359	6	9	3	5	896	8
22360	5	5	1	2	1445	7
22361	6	9	3	5	897	6
22362	6	9	3	4	898	8
22363	5	9	3	4	899	8
22364	6	7	1	2	688	5
22365	4	5	1	3	1445	4
22366	4	5	1	2	1446	5
22367	5	9	3	2	899	5
22368	6	7	1	2	689	7
22369	3	9	3	5	899	7
22370	4	7	1	4	690	8
22371	3	9	3	4	899	8
22372	4	5	1	5	1446	8
22373	5	3	2	5	1708	2
22374	5	3	2	4	1709	3
22375	6	4	2	4	1514	4
22376	6	4	2	3	1515	5
22377	6	4	2	2	1516	6
22378	5	3	2	3	1709	4
22379	6	4	2	3	1517	5
22380	6	4	2	2	1518	6
22381	7	7	1	3	691	6
22382	8	6	2	3	643	7
22383	5	3	2	2	1709	5
22384	6	4	2	2	1518	6
22385	4	4	2	5	1519	7
22386	5	5	1	4	1446	3
22387	5	5	1	3	1447	4
22388	5	5	1	2	1448	5
22389	6	3	2	4	1709	5
22390	4	4	2	4	1519	6
22391	5	5	1	3	1448	5
22392	6	3	2	4	1710	5
22393	2	5	1	7	1448	9
22394	3	2	1	6	1530	2
22395	4	3	2	6	1711	1
22396	5	1	2	4	1078	5
22397	5	1	2	3	1079	6
22398	5	1	2	2	1080	7
22399	5	4	2	5	1519	2
22400	6	9	3	3	899	4
22401	6	9	3	2	900	6
22402	6	6	2	5	644	7
22403	7	5	8	7	703	8
22404	7	2	5	6	442	8
22405	8	5	8	4	704	6
22406	7	5	8	6	705	7
22407	5	4	2	4	1519	3
22408	5	4	2	3	1520	4
22409	5	4	2	2	1521	5
22410	6	9	3	2	901	6
22411	6	7	8	7	540	8
22412	7	7	1	3	691	4
22413	7	7	1	2	692	5
22414	6	7	1	3	693	4
22415	6	7	1	2	694	5
22416	4	3	2	5	1711	3
22417	5	1	2	3	1081	6
22418	6	4	2	3	1521	4
22419	7	9	3	3	902	4
22420	7	9	3	2	903	6
22421	6	4	2	2	1521	5
22422	7	9	3	2	904	6
22423	5	1	2	2	1081	7
22424	4	3	2	4	1711	4
22425	5	4	2	4	1521	5
22426	6	1	2	2	1082	7
22427	5	4	2	3	1521	6
22428	6	1	2	3	1083	5
22429	7	6	2	3	644	8
22430	6	1	2	2	1083	7
22431	5	4	2	2	1521	7
22432	6	1	2	2	1084	5
22433	7	6	2	2	645	6
22434	5	1	2	2	1084	5
22435	6	5	8	7	706	8
22436	7	9	3	2	905	5
22437	6	9	3	3	906	5
22438	6	9	3	2	907	6
22439	4	3	2	3	1711	5
22440	5	1	2	2	1084	6
22441	5	4	2	2	1521	6
22442	6	2	5	6	442	8
22443	7	5	8	7	706	8
22444	6	6	2	3	646	3
22445	6	6	2	2	647	4
22446	5	2	5	6	442	8
22447	6	6	2	3	648	3
22448	6	6	2	2	649	4
22449	7	7	1	3	695	5
22450	7	7	1	2	696	7
22451	8	9	3	3	908	8
22452	6	9	3	5	909	6
22453	7	7	1	3	696	7
22454	6	9	3	4	909	8
22455	5	6	2	3	649	3
22456	5	6	2	2	650	4
22457	6	7	1	3	697	5
22458	6	7	1	2	698	7
22459	7	9	3	3	910	8
22460	5	9	3	5	911	6
22461	6	7	1	3	698	7
22462	5	9	3	4	911	8
22463	4	3	2	2	1711	6
22464	5	4	2	2	1521	7
22465	5	1	2	2	1085	5
22466	6	5	8	7	707	8
22467	7	9	3	3	912	5
22468	7	9	3	2	913	6
22469	7	6	2	3	650	7
22470	6	9	3	3	914	5
22471	6	9	3	2	915	6
22472	6	6	2	3	651	7
22473	3	2	1	5	1530	3
22474	4	3	2	6	1711	1
22475	5	1	2	3	1085	5
22476	5	1	2	2	1086	7
22477	6	5	8	7	707	8
22478	7	4	2	5	1522	8
22479	7	4	2	4	1523	4
22480	6	9	3	3	916	7
22481	7	4	2	4	1524	2
22482	7	4	2	3	1525	3
22483	8	6	2	4	652	4
22484	7	4	2	2	1525	4
22485	6	4	2	5	1526	2
22486	4	3	2	5	1711	2
22487	5	1	2	3	1086	4
22488	5	1	2	2	1087	7
22489	5	4	2	4	1527	3
22490	6	9	3	3	916	5
22491	6	9	3	2	917	6
22492	7	7	1	2	699	7
22493	7	5	8	6	707	8
22494	7	6	2	3	653	6
22495	6	7	1	2	700	6
22496	7	5	8	4	708	8
22497	5	4	2	3	1527	4
22498	6	6	2	4	654	5
22499	7	9	3	2	917	5
22500	6	9	3	2	918	6
22501	5	4	2	2	1527	5
22502	6	9	3	3	919	5
22503	7	7	1	3	700	8
22504	6	9	3	2	919	6
22505	5	9	3	2	920	6
22506	6	7	1	2	701	7
22507	4	3	2	4	1711	4
22508	5	1	2	2	1088	5
22509	6	4	2	3	1527	6
22510	7	6	2	3	654	8
22511	6	4	2	2	1527	7
22512	7	6	2	2	655	6
22513	6	5	8	7	709	8
22514	7	9	3	2	920	5
22515	6	9	3	3	921	5
22516	6	9	3	2	922	6
22517	6	6	2	2	656	6
22518	5	4	2	2	1527	5
22519	6	6	2	2	657	6
22520	6	9	3	4	923	4
22521	6	9	3	3	924	5
22522	7	7	1	3	702	7
22523	6	9	3	2	924	6
22524	6	7	1	3	703	7
22525	6	5	8	4	709	8
22526	6	5	8	3	710	7
22527	6	5	8	2	711	2
22528	5	6	2	2	658	5
22529	4	3	2	3	1711	5
22530	5	1	2	2	1088	4
22531	5	9	3	2	925	4
22532	4	3	2	2	1711	6
22533	5	4	2	2	1527	7
22534	6	1	2	3	1089	8
22535	6	1	2	2	1090	4
22536	5	1	2	3	1091	4
22537	5	1	2	2	1092	5
22538	6	5	8	7	712	8
22539	7	9	3	3	925	7
22540	8	6	2	3	659	7
22541	9	2	5	3	442	8
22542	10	5	5	6	247	7
22543	6	9	3	3	925	5
22544	6	9	3	2	926	6
22545	6	6	2	3	659	7
22546	7	2	5	4	442	8
22547	8	7	8	6	540	7
22548	9	5	8	4	712	3
22549	9	5	8	3	713	4
22550	9	5	8	2	714	5
22551	7	7	8	6	540	7
22552	8	5	8	4	715	3
22553	8	5	8	3	716	4
22554	8	5	8	2	717	5
22555	3	2	1	4	1530	4
22556	4	1	2	3	1092	5
22557	5	3	2	4	1711	3
22558	4	1	2	2	1092	6
22559	5	3	2	4	1712	1
22560	5	3	2	3	1713	3
22561	6	4	2	3	1527	4
22562	7	9	3	3	927	4
22563	7	9	3	2	928	6
22564	6	4	2	2	1527	5
22565	7	9	3	2	929	6
22566	5	3	2	2	1713	5
22567	4	3	2	4	1714	1
22568	5	5	8	7	718	8
22569	6	4	2	5	1527	8
22570	6	4	2	4	1528	4
22571	5	9	3	3	930	7
22572	6	4	2	4	1529	2
22573	6	4	2	3	1530	3
22574	7	6	2	4	659	4
22575	6	4	2	2	1530	4
22576	5	4	2	5	1531	2
22577	4	3	2	3	1714	2
22578	4	3	2	2	1715	5
22579	3	2	1	3	1530	5
22580	4	1	2	3	1092	6
22581	4	1	2	2	1093	7
22582	4	3	2	4	1716	1
22583	4	3	2	3	1717	2
22584	5	4	2	4	1532	3
22585	6	9	3	3	930	5
22586	6	9	3	2	931	6
22587	7	7	1	2	704	7
22588	6	7	1	2	705	6
22589	5	4	2	3	1532	4
22590	6	6	2	4	660	5
22591	7	9	3	2	931	5
22592	6	9	3	2	932	6
22593	5	4	2	2	1532	5
22594	6	9	3	3	933	5
22595	7	7	1	3	706	8
22596	6	9	3	2	933	6
22597	5	9	3	2	934	6
22598	6	7	1	2	707	7
22599	4	3	2	2	1717	4
22600	5	4	2	2	1532	5
22601	6	6	2	2	660	6
22602	6	9	3	4	934	4
22603	6	9	3	3	935	5
22604	7	7	1	3	708	7
22605	6	9	3	2	935	6
22606	6	7	1	3	709	7
22607	6	5	8	4	718	8
22608	6	5	8	3	719	7
22609	6	5	8	2	720	2
22610	5	6	2	2	661	5
22611	3	2	1	2	1530	6
22612	4	1	2	2	1094	7
22613	5	3	2	4	1717	4
22614	6	4	2	3	1532	5
22615	7	5	8	7	721	8
22616	7	9	3	4	936	7
22617	6	4	2	2	1532	6
22618	7	6	2	3	662	8
22619	7	9	3	4	937	7
22620	5	9	3	3	938	7
22621	5	9	3	2	939	5
22622	6	4	2	4	1532	3
22623	6	4	2	3	1533	4
22624	6	4	2	2	1534	5
22625	5	4	2	3	1535	3
22626	5	4	2	2	1536	4
22627	4	3	2	4	1717	1
22628	5	9	3	3	939	4
22629	5	9	3	2	940	6
22630	6	4	2	4	1537	2
22631	6	4	2	3	1538	3
22632	6	4	2	2	1539	4
22633	5	4	2	5	1540	2
22634	6	6	2	5	663	7
22635	7	5	8	7	722	8
22636	7	2	5	5	442	8
22637	7	5	8	6	723	7
22638	5	4	2	4	1540	3
22639	5	4	2	3	1541	4
22640	5	4	2	2	1542	5
22641	6	7	8	7	540	8
22642	7	7	1	3	710	4
22643	7	7	1	2	711	5
22644	6	7	1	3	712	4
22645	6	7	1	2	713	5
22646	4	3	2	3	1717	3
22647	5	9	3	3	940	8
22648	6	4	2	4	1542	4
22649	6	4	2	3	1543	5
22650	7	6	2	2	663	4
22651	6	4	2	2	1543	6
22652	7	7	1	3	714	4
22653	7	7	1	2	715	5
22654	8	6	2	3	664	5
22655	5	9	3	2	940	4
22656	5	4	2	4	1543	4
22657	5	4	2	3	1544	5
22658	5	4	2	2	1545	6
22659	4	3	2	2	1717	4
22660	4	4	2	2	1546	6
22661	5	6	2	3	665	3
22662	5	6	2	2	666	4
22663	5	9	3	4	941	8
22664	4	6	2	3	667	3
22665	4	6	2	2	668	4
22666	5	7	1	3	715	5
22667	5	7	1	2	716	7
22668	6	9	3	3	942	8
22669	4	9	3	5	943	6
22670	5	7	1	3	716	7
22671	4	9	3	4	943	8
22672	5	5	8	4	724	8
22673	5	5	8	3	725	7
22674	3	9	3	5	943	7
22675	4	7	1	4	717	8
22676	5	5	8	7	726	8
22677	5	3	2	5	1718	2
22678	5	3	2	4	1719	3
22679	6	4	2	4	1546	4
22680	6	4	2	3	1547	5
22681	6	4	2	2	1548	6
22682	7	6	2	3	668	7
22683	8	2	5	5	443	8
22684	9	7	8	6	540	7
22685	10	5	8	5	727	6
22686	11	9	2	2	199	2
22687	8	2	5	4	443	6
22688	9	7	8	6	540	7
22689	10	5	8	5	727	6
22690	11	5	5	5	248	8
22691	6	6	2	2	668	5
22692	5	3	2	3	1719	4
22693	6	4	2	3	1548	5
22694	6	4	2	2	1549	6
22695	7	2	5	5	443	8
22696	8	7	8	6	540	7
22697	9	5	8	5	727	2
22698	9	5	8	4	728	3
22699	9	5	8	3	729	4
22700	9	5	8	2	730	5
22701	9	6	8	5	165	1
22702	9	9	2	3	200	2
22703	8	7	8	5	540	6
22704	9	5	5	5	249	6
22705	10	9	2	3	201	2
22706	7	2	5	4	443	6
22707	8	5	5	6	249	8
22708	8	7	8	6	540	7
22709	9	5	8	5	731	2
22710	9	5	8	4	732	3
22711	10	5	5	3	250	7
22712	11	6	8	2	166	1
22713	9	5	8	3	732	4
22714	9	5	8	2	733	5
22715	9	5	5	5	250	7
22716	10	6	8	5	167	1
22717	10	9	2	3	202	2
22718	6	6	2	2	669	5
22719	6	2	5	5	443	8
22720	7	7	8	5	540	7
22721	8	5	8	5	734	2
22722	8	5	8	4	735	3
22723	8	5	8	3	736	4
22724	8	5	8	2	737	5
22725	8	6	8	5	168	1
22726	8	9	2	3	203	2
22727	6	2	5	4	443	6
22728	7	5	5	6	250	8
22729	7	7	8	5	540	7
22730	8	5	8	5	738	2
22731	8	5	8	4	739	3
22732	8	5	8	3	740	4
22733	8	5	8	2	741	5
22734	8	5	5	5	251	7
22735	9	6	8	5	169	1
22736	9	9	2	3	204	2
22737	5	3	2	2	1719	5
22738	6	4	2	2	1549	6
22739	6	6	2	3	670	3
22740	6	6	2	2	671	4
22741	6	2	5	5	443	8
22742	7	7	8	5	540	7
22743	8	5	8	5	742	6
22744	9	9	2	2	205	2
22745	6	2	5	4	443	6
22746	7	7	8	5	540	7
22747	8	5	8	5	742	6
22748	9	5	5	5	251	8
22749	9	9	2	2	206	2
22750	3	9	3	4	943	8
22751	4	3	2	5	1719	2
22752	4	3	2	4	1720	3
22753	5	4	2	4	1550	4
22754	4	3	2	3	1720	4
22755	5	4	2	3	1551	5
22756	6	6	2	3	672	7
22757	7	7	1	3	717	6
22758	4	3	2	2	1720	5
22759	5	4	2	2	1551	6
22760	6	7	1	3	718	6
22761	2	2	1	6	1530	2
22762	3	3	2	6	1720	1
22763	4	1	2	4	1094	5
22764	4	1	2	3	1095	6
22765	4	1	2	2	1096	7
22766	4	9	3	3	943	4
22767	4	9	3	2	944	6
22768	5	4	2	4	1551	2
22769	5	4	2	3	1552	3
22770	5	4	2	2	1553	4
22771	4	5	1	5	1448	8
22772	5	4	2	5	1554	2
22773	5	4	2	4	1555	3
22774	5	4	2	3	1556	4
22775	6	7	1	2	719	5
22776	5	4	2	2	1556	5
22777	6	7	8	7	540	8
22778	7	7	1	3	720	4
22779	7	7	1	2	721	5
22780	4	5	1	4	1448	3
22781	4	5	1	3	1449	4
22782	4	5	1	2	1450	5
22783	3	3	2	5	1720	3
22784	4	1	2	3	1097	6
22785	5	4	2	3	1556	4
22786	6	5	1	2	1451	5
22787	5	4	2	2	1556	5
22788	4	1	2	2	1097	7
22789	3	3	2	4	1720	4
22790	4	4	2	4	1557	5
22791	5	1	2	2	1098	7
22792	4	4	2	3	1557	6
22793	5	1	2	3	1099	8
22794	5	1	2	2	1100	5
22795	6	5	1	3	1452	4
22796	6	5	1	2	1453	5
22797	6	9	3	2	944	5
22798	4	4	2	2	1557	7
22799	5	1	2	2	1100	5
22800	6	5	1	2	1454	5
22801	6	5	8	6	742	8
22802	6	9	3	4	945	7
22803	4	1	2	2	1100	5
22804	5	5	1	3	1455	5
22805	6	5	8	6	743	8
22806	6	9	3	3	946	5
22807	6	9	3	2	947	6
22808	5	5	1	2	1455	6
22809	5	5	8	6	744	8
22810	6	9	3	2	948	5
22811	5	6	2	2	672	3
22812	3	3	2	3	1720	5
22813	4	1	2	2	1100	6
22814	4	4	2	2	1557	6
22815	5	5	1	3	1456	5
22816	6	5	8	6	744	8
22817	5	5	1	2	1456	7
22818	6	9	3	5	949	6
22819	6	9	3	4	950	8
22820	5	9	3	4	951	8
22821	6	7	1	2	722	5
22822	4	5	1	3	1456	4
22823	4	5	1	2	1457	5
22824	5	9	3	2	951	5
22825	6	7	1	2	723	7
22826	3	3	2	2	1720	6
22827	4	4	2	2	1557	7
22828	4	1	2	2	1101	5
22829	5	5	8	7	745	8
22830	6	5	1	4	1457	4
22831	6	5	1	3	1458	5
22832	6	5	1	2	1459	6
22833	6	9	3	3	951	7
22834	7	6	2	2	673	3
22835	5	5	1	4	1460	4
22836	5	5	1	3	1461	5
22837	5	5	1	2	1462	6
22838	5	9	3	3	951	7
22839	6	6	2	2	674	3
22840	2	2	1	5	1530	3
22841	3	5	1	5	1463	4
22842	4	4	2	3	1558	6
22843	5	3	2	3	1720	1
22844	6	1	2	2	1101	5
22845	5	1	2	2	1102	5
22846	4	4	2	2	1558	7
22847	5	1	2	3	1103	8
22848	6	3	2	3	1720	1
22849	5	1	2	2	1103	4
22850	5	3	2	2	1721	1
22851	4	1	2	2	1104	4
22852	5	3	2	3	1722	2
22853	4	3	2	3	1723	4
22854	3	5	1	4	1463	5
22855	4	4	2	5	1558	8
22856	5	5	8	6	745	8
22857	6	1	2	3	1104	4
22858	6	1	2	2	1105	5
22859	7	3	2	3	1723	4
22860	6	3	2	2	1724	1
22861	5	1	2	3	1105	4
22862	6	3	2	4	1725	2
22863	6	3	2	3	1726	5
22864	6	3	2	2	1727	6
22865	5	1	2	2	1105	5
22866	6	3	2	4	1728	4
22867	7	9	3	3	951	5
22868	7	9	3	2	952	6
22869	5	9	3	4	953	7
22870	6	3	2	3	1728	2
22871	6	3	2	2	1729	5
22872	4	4	2	4	1558	3
22873	5	1	2	2	1105	5
22874	4	4	2	3	1558	4
22875	5	3	2	2	1730	1
22876	4	4	2	2	1558	6
22877	5	3	2	3	1731	2
22878	5	3	2	2	1732	4
22879	5	1	2	2	1106	4
22880	4	1	2	2	1107	4
22881	5	3	2	3	1733	5
22882	4	3	2	3	1734	4
22883	3	5	1	3	1463	6
22884	4	7	1	4	724	8
22885	5	5	8	6	745	8
22886	6	1	2	4	1107	8
22887	6	4	2	5	1558	8
22888	7	1	2	3	1108	4
22889	7	1	2	2	1109	5
22890	8	3	2	3	1735	6
22891	7	3	2	2	1736	1
22892	6	4	2	4	1558	3
22893	7	3	2	2	1737	1
22894	6	4	2	3	1558	4
22895	7	3	2	2	1738	1
22896	6	4	2	2	1558	5
22897	5	4	2	5	1559	3
22898	6	3	2	2	1739	1
22899	6	1	2	2	1109	7
22900	5	4	2	4	1559	4
22901	6	3	2	2	1740	1
22902	6	1	2	2	1110	7
22903	5	4	2	3	1559	5
22904	6	3	2	3	1741	1
22905	6	3	2	2	1742	2
22906	7	1	2	2	1111	7
22907	5	4	2	2	1559	7
22908	6	1	2	3	1112	8
22909	6	1	2	2	1113	4
22910	6	3	2	2	1742	4
22911	7	9	3	4	953	7
22912	5	1	2	3	1114	4
22913	6	3	2	4	1742	2
22914	6	3	2	3	1742	5
22915	6	3	2	2	1743	6
22916	5	1	2	2	1114	5
22917	6	3	2	4	1744	4
22918	5	9	3	4	954	7
22919	6	3	2	2	1745	5
22920	4	9	3	5	954	8
22921	5	3	2	4	1746	1
22922	5	3	2	3	1747	2
22923	5	3	2	2	1748	4
22924	3	5	1	2	1463	7
22925	4	7	1	4	724	8
22926	5	5	8	6	745	8
22927	6	1	2	4	1114	8
22928	6	4	2	6	1559	8
22929	7	1	2	3	1115	7
22930	7	3	2	2	1749	4
22931	8	9	3	2	954	5
22932	7	9	3	3	955	7
22933	8	6	2	2	675	3
22934	6	1	2	3	1116	7
22935	7	4	2	4	1559	4
22936	5	3	2	6	1749	1
22937	6	1	2	3	1116	7
22938	7	9	3	3	955	7
22939	8	4	2	3	1560	4
22940	6	1	2	2	1116	5
22941	5	3	2	5	1749	2
22942	6	1	2	3	1117	4
22943	6	1	2	2	1118	7
22944	5	4	2	3	1561	5
22945	5	4	2	2	1562	6
22946	6	3	2	2	1749	4
22947	7	1	2	2	1119	5
22948	8	9	3	2	955	5
22949	5	3	2	4	1749	4
22950	6	6	2	2	676	3
22951	5	3	2	3	1749	5
22952	6	1	2	2	1119	4
22953	5	3	2	2	1749	6
22954	6	1	2	3	1120	4
22955	6	1	2	2	1121	5
22956	7	9	3	3	956	7
22957	8	6	2	2	677	3
22958	3	9	3	5	956	8
22959	4	3	2	4	1749	1
22960	4	3	2	3	1750	2
22961	5	4	2	4	1562	3
22962	5	4	2	3	1563	4
22963	6	7	1	3	724	4
22964	5	4	2	2	1563	5
22965	4	3	2	2	1750	4
22966	5	4	2	2	1564	5
22967	3	9	3	4	956	7
22968	3	4	2	6	1565	7
22969	3	3	2	3	1750	1
22970	3	3	2	2	1751	2
22971	2	2	1	4	1530	4
22972	3	4	2	7	1566	8
22973	4	1	2	3	1121	5
22974	5	3	2	4	1752	3
22975	4	1	2	2	1121	6
22976	5	3	2	4	1753	1
22977	5	3	2	3	1754	3
22978	5	3	2	2	1755	5
22979	4	5	1	3	1463	5
22980	5	3	2	4	1756	1
22981	5	3	2	3	1757	2
22982	5	3	2	2	1758	5
22983	4	5	1	2	1463	6
22984	5	3	2	4	1759	1
22985	5	3	2	3	1760	2
22986	5	3	2	2	1760	5
22987	4	3	2	3	1761	2
22988	4	3	2	2	1762	5
22989	3	1	2	3	1121	5
22990	3	1	2	2	1122	6
22991	4	3	2	3	1763	1
22992	4	3	2	2	1764	3
22993	5	4	2	3	1566	4
22994	6	5	1	2	1463	5
22995	5	4	2	2	1566	5
22996	3	3	2	3	1764	1
22997	4	5	1	3	1464	7
22998	5	4	2	4	1567	2
22999	5	4	2	3	1568	3
23000	5	4	2	2	1569	4
23001	6	9	3	3	957	4
23002	4	4	2	4	1569	4
23003	3	3	2	2	1764	2
23004	2	2	1	3	1530	5
23005	3	1	2	3	1122	6
23006	3	1	2	2	1123	7
23007	3	3	2	4	1765	1
23008	3	3	2	3	1766	2
23009	4	4	2	4	1570	3
23010	5	5	1	3	1464	6
23011	5	5	1	2	1465	7
23012	6	5	8	4	745	8
23013	4	4	2	3	1570	4
23014	5	5	1	3	1465	6
23015	6	9	3	2	958	5
23016	5	5	1	2	1465	7
23017	6	7	1	3	725	4
23018	5	9	3	3	959	8
23019	6	7	1	3	726	4
23020	4	4	2	2	1570	5
23021	5	5	1	3	1465	6
23022	5	5	1	2	1466	7
23023	6	7	1	3	727	8
23024	5	9	3	3	959	8
23025	4	5	1	3	1466	4
23026	4	5	1	2	1467	6
23027	3	3	2	2	1766	4
23028	4	4	2	2	1570	5
23029	5	5	1	3	1468	6
23030	5	5	1	2	1469	7
23031	4	5	1	2	1470	6
23032	2	2	1	2	1530	6
23033	3	1	2	2	1124	7
23034	4	3	2	4	1766	4
23035	5	4	2	3	1570	8
23036	6	5	1	3	1471	3
23037	6	5	1	2	1472	5
23038	6	9	3	3	960	7
23039	6	9	3	2	961	5
23040	5	4	2	2	1570	5
23041	5	5	1	3	1473	4
23042	5	5	1	2	1474	5
23043	4	4	2	4	1571	8
23044	5	5	1	4	1475	7
23045	5	5	1	3	1476	4
23046	4	4	2	3	1571	3
23047	4	4	2	2	1572	4
23048	3	3	2	4	1766	1
23049	4	9	3	3	962	4
23050	4	9	3	2	963	6
23051	5	4	2	4	1573	2
23052	5	4	2	3	1574	3
23053	5	4	2	2	1575	4
23054	4	5	1	5	1477	8
23055	5	4	2	5	1576	2
23056	5	4	2	4	1577	3
23057	5	4	2	3	1578	4
23058	6	7	1	2	728	5
23059	5	4	2	2	1578	5
23060	6	7	8	7	540	8
23061	7	7	1	3	729	4
23062	7	7	1	2	730	5
23063	4	5	1	4	1477	3
23064	4	5	1	3	1478	4
23065	4	5	1	2	1479	5
23066	3	3	2	3	1766	3
23067	4	9	3	3	963	8
23068	5	5	1	5	1480	8
23069	6	4	2	4	1578	4
23070	6	4	2	3	1579	5
23071	6	4	2	2	1580	6
23072	5	4	2	3	1581	5
23073	6	5	1	2	1480	4
23074	5	4	2	2	1581	6
23075	6	5	1	2	1481	5
23076	5	5	1	2	1482	3
23077	4	9	3	2	963	4
23078	4	4	2	4	1581	4
23079	4	4	2	3	1582	5
23080	5	5	1	3	1482	4
23081	5	5	1	2	1482	7
23082	4	4	2	2	1582	6
23083	4	5	1	3	1483	3
23084	4	5	1	2	1483	5
23085	3	3	2	2	1766	4
23086	3	4	2	2	1583	6
23087	4	5	1	3	1484	5
23088	5	5	8	6	746	8
23089	4	5	1	2	1484	7
23090	5	9	3	5	964	6
23091	5	9	3	4	965	8
23092	4	9	3	4	966	8
23093	5	7	1	2	731	5
23094	3	5	1	3	1484	4
23095	3	5	1	2	1485	5
23096	4	9	3	2	966	5
23097	5	7	1	2	732	7
23098	2	9	3	5	966	7
23099	3	7	1	4	733	8
23100	3	5	1	5	1485	8
23101	4	3	2	5	1767	2
23102	4	3	2	4	1768	3
23103	5	4	2	4	1583	4
23104	5	4	2	3	1584	5
23105	6	6	2	2	678	4
23106	5	4	2	2	1584	6
23107	4	3	2	3	1768	4
23108	5	4	2	3	1585	5
23109	5	4	2	2	1586	6
23110	6	7	1	3	734	6
23111	7	6	2	3	679	7
23112	4	3	2	2	1768	5
23113	5	4	2	2	1586	6
23114	6	7	1	3	734	6
23115	4	7	1	3	735	6
23116	2	9	3	4	966	8
23117	3	5	1	5	1485	8
23118	4	3	2	5	1768	2
23119	4	3	2	4	1769	3
23120	5	4	2	4	1586	4
23121	5	4	2	3	1587	5
23122	6	7	1	3	736	5
23123	5	4	2	2	1587	6
23124	4	3	2	3	1769	4
23125	5	4	2	3	1588	5
23126	6	7	8	4	540	8
23127	7	5	8	3	747	7
23128	5	4	2	2	1588	6
23129	6	7	1	3	737	6
23130	7	6	2	3	680	7
23131	4	3	2	2	1769	5
23132	5	4	2	2	1588	6
23133	3	4	2	5	1589	7
23134	4	5	1	4	1485	3
23135	4	5	1	3	1486	4
23136	4	5	1	2	1487	5
23137	5	3	2	4	1769	5
23138	3	4	2	4	1589	6
23139	4	5	1	3	1487	5
23140	5	3	2	4	1770	5
23141	1	5	8	8	748	9
23142	2	4	2	8	1589	9
23143	3	2	1	6	1530	2
23144	4	3	2	6	1771	3
23145	5	1	2	3	1124	6
23146	6	3	6	2	1395	6
23147	6	2	5	5	443	8
23148	7	7	8	3	540	4
23149	6	2	5	4	443	4
23150	5	1	2	2	1124	7
23151	5	9	3	2	966	4
23152	5	3	6	3	1396	2
23153	6	5	1	3	1487	5
23154	6	5	1	2	1488	7
23155	5	3	6	2	1396	4
23156	6	5	1	4	1489	4
23157	6	5	1	3	1490	5
23158	7	6	2	2	681	4
23159	7	7	8	7	541	8
23160	8	2	5	5	444	8
23161	9	5	5	5	252	6
23162	9	9	2	4	207	2
23163	8	2	5	4	444	7
23164	9	5	5	5	253	8
23165	10	9	2	4	208	2
23166	7	2	5	4	444	7
23167	6	5	1	2	1490	7
23168	7	6	2	2	682	4
23169	5	5	1	5	1490	3
23170	5	5	1	4	1490	4
23171	5	5	1	3	1491	5
23172	6	6	2	2	683	4
23173	6	7	8	7	541	8
23174	7	2	5	5	445	8
23175	8	5	5	5	253	6
23176	8	9	2	4	209	2
23177	7	2	5	4	445	7
23178	8	5	5	5	254	8
23179	9	9	2	4	210	2
23180	6	2	5	4	445	7
23181	5	5	1	2	1491	7
23182	6	6	2	2	684	4
23183	4	3	2	5	1771	4
23184	5	1	2	3	1125	5
23185	6	5	1	4	1491	4
23186	7	3	6	4	1396	5
23187	8	9	3	3	967	6
23188	8	9	3	2	968	7
23189	7	3	6	3	1396	6
23190	8	9	3	3	969	6
23191	8	9	3	2	970	7
23192	7	3	6	2	1396	7
23193	8	9	3	3	971	6
23194	8	9	3	2	972	7
23195	6	5	1	3	1491	6
23196	6	5	1	2	1492	7
23197	6	6	2	3	685	3
23198	6	6	2	2	686	6
23199	6	9	3	3	973	6
23200	6	9	3	2	974	7
23201	5	1	2	2	1125	7
23202	4	3	2	4	1771	5
23203	5	1	2	2	1126	6
23204	6	3	6	3	1396	7
23205	7	9	3	3	975	5
23206	8	5	1	4	1493	3
23207	8	5	1	3	1493	5
23208	8	5	1	2	1494	7
23209	8	6	2	2	687	3
23210	7	9	3	2	975	6
23211	7	5	1	5	1495	3
23212	7	5	1	4	1496	5
23213	7	5	1	3	1497	6
23214	7	5	1	2	1498	7
23215	7	6	2	2	688	3
23216	6	3	6	2	1396	2
23217	6	9	3	3	976	5
23218	7	5	1	4	1499	3
23219	7	5	1	3	1499	5
23220	7	5	1	2	1500	7
23221	7	6	2	2	689	3
23222	6	9	3	2	976	6
23223	6	5	1	5	1501	3
23224	6	5	1	4	1502	5
23225	6	5	1	3	1503	6
23226	6	5	1	2	1504	7
23227	6	6	2	2	690	3
23228	5	3	6	4	1397	7
23229	6	9	3	3	977	8
23230	7	5	1	4	1505	3
23231	7	5	1	3	1505	5
23232	7	5	1	2	1506	7
23233	7	7	8	7	541	7
23234	8	2	5	5	446	8
23235	7	2	5	5	447	6
23236	5	5	1	4	1507	7
23237	6	9	3	3	977	8
23238	5	5	1	3	1507	8
23239	6	9	3	3	978	8
23240	4	3	2	3	1771	6
23241	5	1	2	2	1126	5
23242	6	3	6	3	1397	7
23243	7	5	1	4	1507	5
23244	7	5	1	3	1508	6
23245	7	5	1	2	1509	7
23246	7	6	2	2	691	4
23247	8	9	3	2	979	6
23248	6	3	6	2	1397	2
23249	6	5	1	4	1510	5
23250	6	5	1	3	1511	6
23251	6	5	1	2	1512	7
23252	6	6	2	2	691	4
23253	7	9	3	2	980	6
23254	5	5	1	3	1513	6
23255	6	3	6	3	1398	2
23256	6	3	6	2	1399	3
23257	7	9	3	3	981	5
23258	8	6	2	3	691	5
23259	7	9	3	2	981	6
23260	6	9	3	3	982	5
23261	7	6	2	3	692	5
23262	6	9	3	2	982	6
23263	6	6	2	3	693	4
23264	6	6	2	2	694	5
23265	5	5	1	2	1513	7
23266	6	3	6	3	1399	2
23267	6	3	6	2	1400	3
23268	7	9	3	3	983	5
23269	8	6	2	3	695	5
23270	7	9	3	2	983	6
23271	6	9	3	3	984	5
23272	7	6	2	3	696	5
23273	6	9	3	2	984	6
23274	6	6	2	3	697	4
23275	6	6	2	2	698	5
23276	5	3	6	3	1400	2
23277	5	3	6	2	1401	3
23278	6	6	2	2	699	4
23279	6	9	3	3	985	5
23280	7	2	5	4	448	8
23281	8	5	5	5	254	7
23282	7	9	2	4	211	8
23283	6	9	3	2	985	6
23284	5	6	2	2	700	4
23285	5	9	3	3	986	5
23286	6	2	5	5	448	8
23287	7	9	2	4	212	8
23288	6	9	2	4	213	8
23289	5	9	3	2	986	6
23290	4	3	2	2	1771	7
23291	5	1	2	3	1126	5
23292	5	1	2	2	1127	6
23293	6	5	1	4	1513	5
23294	6	5	1	3	1514	6
23295	7	3	6	3	1401	3
23296	7	3	6	2	1402	5
23297	8	6	2	2	701	4
23298	7	6	2	2	702	4
23299	6	5	1	2	1514	7
23300	7	9	3	2	987	5
23301	6	6	2	2	703	4
23302	5	9	3	5	988	8
23303	6	5	1	4	1514	4
23304	6	5	1	3	1515	5
23305	6	5	1	2	1516	7
23306	4	9	3	5	988	8
23307	5	5	1	4	1517	5
23308	6	1	2	2	1127	5
23309	7	3	6	2	1402	5
23310	8	6	2	3	704	3
23311	8	6	2	2	705	6
23312	8	2	5	5	448	8
23313	7	6	2	3	706	3
23314	7	6	2	2	707	6
23315	7	2	5	5	449	8
23316	5	5	1	3	1517	6
23317	6	1	2	3	1127	5
23318	6	1	2	2	1128	6
23319	5	5	1	2	1517	7
23320	6	1	2	3	1129	5
23321	7	3	6	2	1402	5
23322	8	6	2	3	708	3
23323	8	6	2	2	709	4
23324	7	6	2	3	710	3
23325	7	6	2	2	711	4
23326	6	1	2	2	1129	6
23327	5	1	2	3	1130	5
23328	6	3	6	2	1402	5
23329	7	2	5	5	450	8
23330	8	6	2	4	712	3
23331	8	6	2	3	713	4
23332	8	6	2	2	714	6
23333	8	5	5	6	255	7
23334	9	9	2	4	214	4
23335	9	7	8	6	541	2
23336	9	7	8	5	542	3
23337	9	7	8	4	543	5
23338	9	7	8	3	544	6
23339	9	7	8	2	545	7
23340	9	9	2	3	215	2
23341	8	7	8	7	546	7
23342	7	6	2	4	715	3
23343	7	6	2	3	716	4
23344	7	6	2	2	717	6
23345	7	7	8	7	547	7
23346	7	5	5	4	255	5
23347	6	2	5	5	450	8
23348	7	6	2	4	718	3
23349	7	6	2	3	719	4
23350	7	6	2	2	720	6
23351	7	5	5	6	256	7
23352	8	9	2	4	216	4
23353	8	7	8	6	548	2
23354	8	7	8	5	549	3
23355	8	7	8	4	550	5
23356	8	7	8	3	551	6
23357	8	7	8	2	552	7
23358	8	9	2	3	217	2
23359	7	7	8	7	553	7
23360	6	6	2	4	721	3
23361	6	6	2	3	722	4
23362	6	6	2	2	723	6
23363	6	7	8	7	554	7
23364	6	5	5	4	256	6
23365	5	1	2	2	1130	6
23366	3	2	1	5	1530	3
23367	4	5	1	5	1517	4
23368	5	1	2	3	1131	4
23369	6	3	2	4	1771	2
23370	5	1	2	2	1131	5
23371	6	3	2	3	1772	4
23372	7	9	3	3	988	6
23373	7	9	3	2	989	7
23374	8	3	6	3	1402	7
23375	8	3	6	2	1403	3
23376	5	9	3	5	989	8
23377	4	5	1	4	1517	5
23378	5	1	2	3	1131	4
23379	6	3	2	5	1772	2
23380	6	3	2	4	1773	5
23381	7	6	2	3	724	7
23382	6	3	2	3	1773	6
23383	6	3	2	2	1774	7
23384	7	9	3	2	990	6
23385	7	3	6	3	1404	3
23386	7	3	6	2	1405	4
23387	7	6	2	2	725	3
23388	6	9	3	2	991	5
23389	5	1	2	2	1131	5
23390	6	3	2	4	1774	4
23391	6	3	2	3	1774	8
23392	7	9	3	3	992	8
23393	8	3	6	3	1406	3
23394	8	3	6	2	1406	5
23395	9	6	2	3	726	3
23396	9	6	2	2	727	6
23397	9	2	5	4	450	8
23398	8	6	2	3	728	3
23399	8	6	2	2	729	6
23400	8	2	5	4	451	8
23401	5	3	2	4	1774	2
23402	5	3	2	3	1775	5
23403	6	3	6	4	1406	7
23404	7	9	3	3	992	5
23405	8	6	2	3	730	3
23406	8	6	2	2	731	6
23407	7	9	3	2	992	6
23408	5	3	2	2	1775	6
23409	4	5	1	3	1517	6
23410	5	6	2	5	732	3
23411	6	3	2	6	1776	2
23412	7	1	2	3	1131	4
23413	7	1	2	2	1132	7
23414	6	3	2	5	1776	4
23415	6	3	2	4	1777	5
23416	6	3	2	3	1778	6
23417	6	3	2	2	1778	7
23418	5	3	2	6	1779	2
23419	6	1	2	3	1133	4
23420	6	1	2	2	1134	7
23421	5	3	2	5	1779	4
23422	6	1	2	2	1135	5
23423	5	3	2	4	1779	5
23424	6	1	2	2	1136	4
23425	5	3	2	3	1779	6
23426	6	1	2	4	1137	4
23427	6	1	2	3	1138	5
23428	6	1	2	2	1139	7
23429	5	3	2	2	1779	7
23430	6	1	2	3	1140	4
23431	6	1	2	2	1141	5
23432	4	5	1	2	1517	7
23433	5	3	2	5	1779	4
23434	6	1	2	2	1142	5
23435	5	3	2	4	1779	5
23436	6	1	2	2	1143	4
23437	6	3	6	4	1406	7
23438	7	6	2	3	732	3
23439	7	6	2	2	733	6
23440	6	3	6	3	1406	6
23441	7	6	2	2	734	3
23442	5	3	2	3	1779	6
23443	6	1	2	4	1144	4
23444	6	1	2	3	1145	5
23445	6	1	2	2	1146	7
23446	5	3	2	2	1779	7
23447	6	1	2	3	1147	4
23448	7	9	3	2	993	6
23449	7	3	6	4	1406	2
23450	7	3	6	3	1407	3
23451	7	3	6	2	1408	4
23452	8	6	2	3	735	3
23453	8	6	2	2	736	5
23454	7	6	2	3	737	3
23455	7	6	2	2	738	5
23456	8	2	5	4	452	8
23457	8	2	5	3	453	7
23458	6	1	2	2	1147	5
23459	5	9	3	5	994	8
23460	6	1	2	3	1148	4
23461	6	1	2	2	1149	5
23462	7	3	6	3	1408	3
23463	7	3	6	2	1409	5
23464	8	6	2	3	738	3
23465	8	6	2	2	739	4
23466	7	6	2	3	740	3
23467	7	6	2	2	741	4
23468	4	3	2	6	1779	2
23469	5	1	2	3	1149	4
23470	5	1	2	2	1150	7
23471	4	3	2	5	1779	4
23472	5	1	2	2	1151	5
23473	6	6	2	3	742	3
23474	6	6	2	2	743	6
23475	6	9	3	3	994	6
23476	6	9	3	2	995	7
23477	4	3	2	4	1779	5
23478	5	1	2	2	1151	4
23479	6	9	3	2	996	5
23480	7	6	2	3	744	3
23481	5	3	6	4	1409	7
23482	6	6	2	2	745	3
23483	5	3	6	3	1409	6
23484	4	3	2	3	1779	6
23485	5	1	2	4	1151	4
23486	6	9	3	2	996	5
23487	7	6	2	2	746	5
23488	5	1	2	3	1151	5
23489	6	3	6	3	1410	7
23490	7	6	2	2	747	4
23491	8	9	3	2	996	6
23492	6	3	6	2	1410	3
23493	6	6	2	2	747	4
23494	5	1	2	2	1151	7
23495	4	3	2	2	1779	7
23496	5	1	2	3	1152	4
23497	6	9	3	2	997	6
23498	7	6	2	3	748	3
23499	5	1	2	2	1152	5
23500	5	9	3	4	997	8
23501	6	3	6	4	1411	2
23502	6	3	6	3	1412	3
23503	6	3	6	2	1413	4
23504	7	7	8	7	555	8
23505	8	6	2	3	749	4
23506	8	6	2	2	750	5
23507	8	2	5	4	454	8
23508	9	5	5	6	257	4
23509	10	9	2	4	218	3
23510	9	5	5	5	257	6
23511	8	2	5	3	454	7
23512	9	5	5	5	258	4
23513	10	9	2	4	219	3
23514	7	7	8	6	555	7
23515	6	7	8	7	556	8
23516	7	6	2	3	751	4
23517	7	6	2	2	752	5
23518	7	2	5	4	454	8
23519	8	5	5	6	258	6
23520	8	5	5	5	259	7
23521	7	2	5	3	454	7
23522	6	7	8	6	556	7
23523	4	9	3	5	997	8
23524	5	1	2	3	1153	4
23525	6	3	6	3	1413	3
23526	6	3	6	2	1414	4
23527	7	2	5	4	455	8
23528	8	5	5	6	260	7
23529	9	7	8	7	557	2
23530	9	7	8	6	558	3
23531	9	7	8	5	559	4
23532	9	7	8	4	560	5
23533	9	7	8	3	561	6
23534	9	7	8	2	562	7
23535	10	9	2	3	220	3
23536	9	9	2	3	221	3
23537	8	5	5	5	260	4
23538	9	9	2	3	222	3
23539	7	7	8	7	562	7
23540	8	5	5	5	260	4
23541	9	9	2	3	223	3
23542	6	2	5	4	455	8
23543	7	5	5	6	260	7
23544	8	7	8	7	562	2
23545	8	7	8	6	563	3
23546	8	7	8	5	564	4
23547	8	7	8	4	565	5
23548	8	7	8	3	566	6
23549	8	7	8	2	567	7
23550	9	9	2	3	224	3
23551	8	9	2	3	225	3
23552	7	5	5	5	260	5
23553	6	7	8	7	567	7
23554	7	5	5	5	261	5
23555	5	1	2	2	1153	5
23556	6	3	6	3	1414	3
23557	6	3	6	2	1415	5
23558	7	2	5	4	455	8
23559	8	6	2	4	753	3
23560	8	6	2	3	754	4
23561	8	6	2	2	755	6
23562	8	5	5	6	262	7
23563	9	9	2	4	226	4
23564	9	7	8	6	567	2
23565	9	7	8	5	568	3
23566	9	7	8	4	569	5
23567	9	7	8	3	570	6
23568	9	7	8	2	571	7
23569	9	9	2	3	227	2
23570	8	7	8	7	572	7
23571	7	6	2	4	756	3
23572	7	6	2	3	757	4
23573	7	6	2	2	758	6
23574	7	7	8	7	573	7
23575	7	5	5	4	262	5
23576	6	2	5	4	455	8
23577	7	6	2	4	759	3
23578	7	6	2	3	760	4
23579	7	6	2	2	761	6
23580	7	5	5	6	263	7
23581	8	9	2	4	228	4
23582	8	7	8	6	574	2
23583	8	7	8	5	575	3
23584	8	7	8	4	576	5
23585	8	7	8	3	577	6
23586	8	7	8	2	578	7
23587	8	9	2	3	229	2
23588	7	7	8	7	579	7
23589	6	6	2	4	762	3
23590	6	6	2	3	763	4
23591	6	6	2	2	764	6
23592	6	7	8	7	580	7
23593	6	5	5	4	263	6
23594	3	2	1	4	1530	4
23595	4	1	2	3	1153	5
23596	5	3	2	4	1779	3
23597	6	9	3	2	997	4
23598	5	5	1	4	1517	5
23599	6	3	6	4	1415	2
23600	6	3	6	3	1416	4
23601	7	6	2	3	765	3
23602	7	6	2	2	766	4
23603	6	3	6	2	1416	5
23604	7	6	2	3	767	3
23605	7	6	2	2	768	4
23606	6	6	2	3	769	3
23607	6	6	2	2	770	4
23608	5	5	1	3	1517	6
23609	5	5	1	2	1518	7
23610	6	9	3	4	998	7
23611	7	3	6	4	1416	2
23612	7	3	6	3	1417	4
23613	8	6	2	3	771	3
23614	8	6	2	2	772	4
23615	7	3	6	2	1417	5
23616	8	6	2	3	773	3
23617	8	6	2	2	774	4
23618	7	6	2	3	775	3
23619	7	6	2	2	776	4
23620	5	6	2	3	777	4
23621	5	9	3	3	998	6
23622	4	1	2	2	1153	6
23623	5	3	2	3	1779	3
23624	6	3	6	2	1417	6
23625	6	2	5	3	455	8
23626	6	2	5	2	456	5
23627	5	3	2	2	1779	5
23628	6	3	6	3	1418	7
23629	7	9	3	3	999	5
23630	8	5	1	4	1518	3
23631	8	5	1	3	1518	5
23632	8	5	1	2	1519	7
23633	8	6	2	2	778	3
23634	7	9	3	2	999	6
23635	7	5	1	5	1520	3
23636	7	5	1	4	1521	5
23637	7	5	1	3	1522	6
23638	7	5	1	2	1523	7
23639	7	6	2	2	779	3
23640	6	3	6	2	1418	4
23641	7	5	1	4	1524	5
23642	7	5	1	3	1525	6
23643	7	5	1	2	1526	7
23644	7	6	2	2	780	3
23645	6	9	3	3	1000	5
23646	7	5	1	4	1527	3
23647	7	5	1	3	1527	5
23648	7	5	1	2	1528	7
23649	7	6	2	2	781	3
23650	6	9	3	2	1000	6
23651	6	5	1	5	1529	3
23652	6	5	1	4	1530	5
23653	6	5	1	3	1531	6
23654	6	5	1	2	1532	7
23655	6	6	2	2	782	3
23656	5	5	1	4	1533	5
23657	5	5	1	3	1534	6
23658	6	6	2	2	783	4
23659	5	5	1	2	1534	7
23660	6	9	3	2	1001	5
23661	5	6	2	2	784	4
23662	4	3	2	4	1779	2
23663	4	3	2	3	1780	5
23664	5	3	6	4	1418	7
23665	6	5	1	4	1534	5
23666	7	9	3	3	1002	5
23667	8	6	2	3	785	3
23668	8	6	2	2	786	6
23669	7	9	3	2	1002	6
23670	6	5	1	3	1534	6
23671	6	5	1	2	1535	7
23672	7	6	2	3	787	3
23673	7	6	2	2	788	6
23674	6	6	2	2	789	3
23675	5	3	6	3	1418	6
23676	6	6	2	2	790	3
23677	4	3	2	2	1780	6
23678	4	9	3	4	1003	7
23679	3	2	1	3	1530	5
23680	4	1	2	3	1153	6
23681	5	5	1	3	1535	6
23682	5	5	1	2	1536	7
23683	5	9	3	3	1004	8
23684	4	1	2	2	1153	7
23685	5	3	2	2	1781	6
23686	6	5	1	3	1537	6
23687	7	3	6	3	1418	3
23688	8	9	3	3	1005	5
23689	9	6	2	3	791	5
23690	8	9	3	2	1005	6
23691	7	3	6	2	1418	4
23692	8	9	3	3	1006	5
23693	9	6	2	3	792	5
23694	8	9	3	2	1006	6
23695	8	6	2	3	793	4
23696	8	6	2	2	794	5
23697	7	9	3	3	1007	5
23698	8	6	2	3	795	5
23699	7	9	3	2	1007	6
23700	7	6	2	3	796	4
23701	7	6	2	2	797	5
23702	6	5	1	2	1537	7
23703	7	3	6	3	1418	3
23704	8	9	3	3	1008	5
23705	9	6	2	3	798	5
23706	8	9	3	2	1008	6
23707	7	3	6	2	1418	4
23708	8	9	3	3	1009	5
23709	9	6	2	3	799	5
23710	8	9	3	2	1009	6
23711	8	6	2	3	800	4
23712	8	6	2	2	801	5
23713	7	9	3	3	1010	5
23714	8	6	2	3	802	5
23715	7	9	3	2	1010	6
23716	7	6	2	3	803	4
23717	7	6	2	2	804	5
23718	6	3	6	3	1418	3
23719	7	6	2	2	805	4
23720	7	9	3	3	1011	5
23721	8	2	5	3	457	8
23722	9	5	5	5	264	7
23723	8	9	2	4	230	8
23724	7	9	3	2	1011	6
23725	6	3	6	2	1418	4
23726	7	6	2	2	806	4
23727	7	9	3	3	1012	5
23728	8	2	5	4	457	8
23729	9	9	2	4	231	8
23730	8	9	2	4	232	8
23731	7	9	3	2	1012	6
23732	6	6	2	2	807	4
23733	6	9	3	3	1013	5
23734	7	2	5	5	457	8
23735	8	9	2	4	233	8
23736	7	9	2	4	234	8
23737	6	9	3	2	1013	6
23738	5	5	1	3	1537	6
23739	5	5	1	2	1538	7
23740	6	9	3	3	1014	7
23741	5	9	3	3	1015	7
23742	4	9	3	5	1016	8
23743	5	3	2	4	1781	2
23744	5	3	2	3	1782	4
23745	5	3	2	2	1783	6
23746	5	5	1	4	1538	4
23747	5	5	1	3	1539	6
23748	5	5	1	2	1540	7
23749	5	3	6	4	1418	2
23750	5	3	6	3	1419	4
23751	6	7	8	7	581	8
23752	7	6	2	3	808	4
23753	7	6	2	2	809	5
23754	7	2	5	4	457	8
23755	8	5	5	6	265	4
23756	9	9	2	4	235	3
23757	8	5	5	5	265	6
23758	7	2	5	3	457	7
23759	8	5	5	5	266	4
23760	9	9	2	4	236	3
23761	6	7	8	6	581	7
23762	5	3	6	2	1419	5
23763	6	7	8	7	582	8
23764	7	6	2	3	810	4
23765	7	6	2	2	811	5
23766	7	2	5	5	457	8
23767	8	9	2	4	237	3
23768	7	2	5	4	457	7
23769	8	9	2	4	238	3
23770	6	7	8	6	582	7
23771	5	7	8	7	583	8
23772	6	6	2	3	812	4
23773	6	6	2	2	813	5
23774	6	2	5	4	457	8
23775	7	5	5	6	266	6
23776	7	5	5	5	267	7
23777	6	2	5	3	457	7
23778	5	7	8	6	583	7
23779	3	2	1	2	1530	6
23780	4	1	2	2	1153	7
23781	5	3	2	5	1784	4
23782	6	3	6	3	1419	7
23783	7	6	2	2	814	3
23784	7	9	3	3	1016	6
23785	7	9	3	2	1017	4
23786	6	3	6	2	1419	5
23787	5	3	2	4	1784	8
23788	4	9	3	5	1017	8
23789	5	3	2	4	1785	3
23790	6	3	6	3	1420	4
23791	7	6	2	2	815	5
23792	7	5	1	3	1541	4
23793	7	5	1	2	1541	5
23794	8	7	8	7	584	8
23795	9	2	5	4	458	8
23796	10	5	5	5	268	6
23797	10	9	2	3	239	2
23798	9	2	5	3	458	7
23799	10	5	5	5	269	8
23800	8	2	5	3	458	7
23801	6	3	6	2	1420	5
23802	7	5	1	5	1541	3
23803	7	5	1	4	1541	4
23804	7	5	1	3	1542	5
23805	8	6	2	2	816	4
23806	8	7	8	7	584	8
23807	9	2	5	4	459	8
23808	10	5	5	5	270	6
23809	9	2	5	3	459	7
23810	10	5	5	5	271	8
23811	8	2	5	3	459	7
23812	7	5	1	2	1542	7
23813	8	6	2	2	817	4
23814	6	5	1	5	1542	3
23815	6	5	1	4	1542	4
23816	6	5	1	3	1543	5
23817	7	6	2	2	818	4
23818	7	7	8	7	584	8
23819	8	2	5	5	460	8
23820	8	2	5	4	461	7
23821	9	5	5	5	272	6
23822	6	5	1	2	1543	7
23823	7	6	2	2	819	4
23824	5	3	2	3	1785	4
23825	5	3	2	2	1786	5
23826	6	3	6	4	1420	7
23827	7	5	1	4	1543	3
23828	7	5	1	3	1543	5
23829	7	5	1	2	1544	7
23830	7	7	8	7	584	7
23831	8	2	5	4	461	8
23832	7	2	5	4	462	8
23833	6	5	1	4	1545	7
23834	6	5	1	3	1546	8
23835	5	5	1	4	1547	4
23836	5	5	1	3	1548	5
23837	5	5	1	2	1549	7
23838	3	3	6	6	1420	7
23839	4	9	3	5	1017	8
23840	5	3	2	5	1786	2
23841	5	3	2	4	1787	3
23842	5	3	2	3	1788	4
23843	5	3	2	2	1789	5
23844	6	5	1	3	1550	3
23845	6	5	1	2	1550	6
23846	6	6	2	2	820	3
23847	6	7	8	6	584	8
23848	7	9	2	4	240	3
23849	6	9	2	4	241	3
23850	3	9	3	5	1017	8
23851	4	3	2	5	1789	2
23852	4	3	2	4	1790	3
23853	4	3	2	3	1791	4
23854	4	3	2	2	1792	5
23855	5	3	6	2	1420	4
23856	6	5	1	2	1551	6
23857	6	6	2	2	821	3
23858	6	7	8	6	584	8
23859	7	2	5	4	463	8
23860	7	2	5	3	464	6
23861	6	2	5	3	465	6
23862	5	5	1	3	1552	3
23863	5	5	1	2	1552	6
23864	5	6	2	2	822	3
23865	5	7	8	6	584	8
23866	6	2	5	4	466	8
23867	6	2	5	3	467	5
23868	7	5	5	4	273	6
23869	5	7	8	5	584	6
23870	6	2	5	3	467	5
23871	7	5	5	4	274	6
23872	4	3	6	2	1420	3
23873	4	6	2	2	823	4
23874	2	5	1	6	1553	3
23875	3	3	2	4	1792	1
23876	4	4	2	4	1589	5
23877	4	4	2	3	1590	6
23878	5	1	2	2	1153	7
23879	4	4	2	2	1590	7
23880	5	2	1	2	1530	2
23881	3	3	2	3	1792	2
23882	4	4	2	3	1590	6
23883	5	1	2	3	1154	8
23884	5	2	1	2	1531	4
23885	4	4	2	2	1590	7
23886	4	2	1	3	1532	4
23887	4	2	1	2	1533	5
23888	3	3	2	2	1792	3
23889	4	4	2	2	1591	7
23890	5	1	2	3	1155	8
23891	5	1	2	2	1156	5
23892	4	9	3	2	1017	6
23893	3	1	2	2	1157	6
23894	3	2	1	3	1534	2
23895	3	2	1	2	1535	5
23896	2	5	1	5	1553	4
23897	3	4	2	4	1591	5
23898	3	4	2	3	1592	6
23899	4	1	2	4	1158	8
23900	5	9	3	5	1018	8
23901	6	3	2	4	1792	1
23902	4	3	2	4	1793	1
23903	5	1	2	2	1158	5
23904	4	1	2	2	1159	5
23905	5	2	1	2	1536	2
23906	3	4	2	2	1592	7
23907	4	1	2	4	1159	8
23908	5	9	3	5	1018	8
23909	6	6	2	2	824	5
23910	6	2	1	3	1537	3
23911	6	2	1	2	1538	5
23912	4	2	1	3	1539	2
23913	5	3	2	2	1793	1
23914	4	2	1	2	1539	3
23915	5	1	2	2	1159	4
23916	5	3	2	2	1794	1
23917	3	2	1	4	1539	2
23918	4	1	2	2	1160	5
23919	5	3	2	3	1795	4
23920	3	2	1	3	1539	3
23921	4	1	2	2	1160	4
23922	5	3	2	3	1795	2
23923	4	3	2	3	1796	4
23924	3	2	1	2	1539	5
23925	4	1	2	2	1160	6
23926	3	3	2	4	1796	4
23927	2	5	1	4	1553	5
23928	3	7	1	4	737	8
23929	4	4	2	5	1592	3
23930	5	1	2	3	1161	7
23931	4	4	2	4	1592	4
23932	5	3	2	3	1796	1
23933	5	3	2	2	1797	2
23934	4	4	2	3	1592	6
23935	5	1	2	4	1162	8
23936	6	2	1	3	1539	2
23937	7	3	2	3	1798	3
23938	7	3	2	2	1799	4
23939	6	2	1	2	1539	6
23940	7	3	2	3	1800	3
23941	7	3	2	2	1801	4
23942	5	3	2	4	1802	2
23943	6	1	2	2	1162	5
23944	5	3	2	3	1802	3
23945	6	2	1	2	1539	4
23946	5	3	2	2	1802	4
23947	6	1	2	2	1163	5
23948	7	2	1	2	1540	2
23949	8	3	6	2	1421	5
23950	8	2	5	5	467	8
23951	7	3	6	3	1422	7
23952	8	2	5	4	468	8
23953	9	7	8	5	584	2
23954	9	7	8	4	585	3
23955	9	7	8	3	586	4
23956	9	7	8	2	587	5
23957	7	3	6	2	1422	3
23958	5	1	2	2	1163	4
23959	5	2	1	3	1540	3
23960	5	2	1	2	1541	4
23961	4	4	2	2	1592	7
23962	5	1	2	4	1164	8
23963	6	2	1	3	1542	2
23964	6	2	1	2	1543	6
23965	5	2	1	3	1544	2
23966	6	1	2	2	1164	5
23967	7	3	2	3	1802	4
23968	6	3	2	3	1803	1
23969	6	3	2	2	1804	3
23970	5	2	1	2	1544	3
23971	6	1	2	2	1164	4
23972	6	3	2	3	1805	4
23973	5	1	2	2	1165	5
23974	5	3	2	3	1806	1
23975	5	3	2	2	1807	3
23976	4	2	1	4	1544	2
23977	5	1	2	2	1166	5
23978	6	3	2	4	1808	4
23979	7	9	3	3	1018	5
23980	7	9	3	2	1019	6
23981	8	6	2	2	825	6
23982	5	3	2	4	1808	1
23983	5	3	2	3	1809	3
23984	5	3	2	2	1809	5
23985	4	2	1	3	1544	3
23986	5	1	2	3	1166	4
23987	6	3	2	4	1810	2
23988	6	3	2	3	1811	5
23989	6	3	2	2	1812	6
23990	5	1	2	2	1166	5
23991	6	3	2	4	1813	4
23992	7	9	3	3	1019	5
23993	7	9	3	2	1020	6
23994	8	6	2	2	826	6
23995	5	3	2	4	1813	1
23996	5	3	2	3	1814	2
23997	5	3	2	2	1815	5
23998	4	2	1	2	1544	4
23999	5	1	2	3	1166	5
24000	6	3	2	4	1816	3
24001	5	1	2	2	1166	6
24002	6	3	2	4	1816	1
24003	6	3	2	3	1817	3
24004	6	3	2	2	1817	5
24005	5	3	2	4	1818	1
24006	5	3	2	3	1819	2
24007	5	3	2	2	1820	5
24008	4	3	2	4	1821	4
24009	4	3	6	3	1423	7
24010	5	9	3	2	1020	5
24011	3	2	1	3	1544	2
24012	4	3	2	4	1822	5
24013	5	4	2	2	1592	6
24014	6	9	3	5	1021	8
24015	4	4	2	2	1592	4
24016	3	2	1	2	1544	6
24017	4	3	2	4	1822	5
24018	5	4	2	2	1593	6
24019	6	9	3	5	1022	8
24020	4	4	2	2	1593	4
24021	3	3	2	5	1822	5
24022	4	4	2	2	1594	6
24023	3	3	2	2	1822	3
24024	2	5	1	3	1553	6
24025	3	7	1	4	737	8
24026	4	4	2	5	1595	3
24027	5	3	2	2	1823	1
24028	6	1	2	2	1166	6
24029	5	1	2	4	1167	8
24030	4	4	2	4	1595	4
24031	5	3	2	3	1823	1
24032	6	1	2	2	1168	6
24033	7	2	1	2	1544	2
24034	8	3	6	3	1423	3
24035	8	3	6	2	1423	5
24036	9	7	8	3	588	7
24037	10	2	5	4	468	8
24038	9	7	8	2	588	4
24039	7	3	6	4	1423	3
24040	7	3	6	3	1424	4
24041	7	3	6	2	1425	5
24042	8	7	8	3	589	7
24043	9	2	5	2	469	7
24044	8	7	8	2	589	4
24045	6	9	3	2	1023	4
24046	5	3	2	2	1823	2
24047	6	1	2	4	1168	8
24048	6	2	1	3	1544	3
24049	6	2	1	2	1545	4
24050	7	1	2	2	1169	5
24051	4	4	2	3	1595	5
24052	5	1	2	4	1170	8
24053	6	2	1	3	1545	3
24054	7	3	2	3	1823	1
24055	7	3	2	2	1824	2
24056	6	2	1	2	1545	5
24057	7	3	2	3	1825	1
24058	7	3	2	2	1826	2
24059	5	3	2	4	1827	1
24060	5	3	2	3	1828	2
24061	6	1	2	2	1170	6
24062	6	2	1	2	1545	3
24063	5	3	2	2	1828	3
24064	4	4	2	2	1595	7
24065	5	1	2	4	1171	8
24066	6	2	1	3	1546	3
24067	6	2	1	2	1547	5
24068	5	1	2	3	1171	4
24069	5	1	2	2	1172	5
24070	6	2	1	3	1548	2
24071	7	3	2	2	1829	4
24072	8	3	6	5	1425	2
24073	8	3	6	4	1426	5
24074	9	9	3	4	1024	4
24075	9	9	3	3	1024	5
24076	9	9	3	2	1025	6
24077	8	3	6	3	1426	6
24078	8	3	6	2	1427	7
24079	6	2	1	2	1548	3
24080	7	3	2	2	1829	4
24081	8	3	6	5	1428	3
24082	8	3	6	4	1429	5
24083	9	9	3	4	1026	4
24084	9	9	3	3	1026	5
24085	9	9	3	2	1027	6
24086	8	3	6	3	1429	6
24087	8	3	6	2	1430	7
24088	5	2	1	3	1548	2
24089	6	3	2	2	1829	3
24090	5	2	1	2	1548	4
24091	6	3	2	2	1830	3
24092	4	2	1	4	1548	2
24093	5	1	2	3	1172	5
24094	6	3	2	4	1831	4
24095	5	1	2	2	1172	6
24096	6	3	2	4	1832	1
24097	6	3	2	3	1833	3
24098	6	3	2	2	1834	5
24099	4	2	1	3	1548	3
24100	5	1	2	3	1172	4
24101	6	3	2	4	1835	2
24102	6	3	2	3	1835	5
24103	6	3	2	2	1836	6
24104	7	9	3	2	1028	5
24105	7	6	2	3	827	3
24106	5	1	2	2	1172	5
24107	6	3	2	4	1836	4
24108	5	3	2	4	1837	1
24109	5	3	2	3	1838	2
24110	5	3	2	2	1838	5
24111	4	2	1	2	1548	4
24112	5	1	2	3	1172	5
24113	6	3	2	2	1839	3
24114	5	1	2	2	1172	6
24115	6	3	2	4	1840	1
24116	6	3	2	3	1841	3
24117	6	3	2	2	1842	5
24118	5	3	2	4	1843	1
24119	5	3	2	3	1844	2
24120	5	3	2	2	1844	5
24121	4	1	2	2	1172	6
24122	3	2	1	3	1548	3
24123	4	9	3	5	1029	8
24124	5	3	2	4	1845	1
24125	5	3	2	3	1846	2
24126	5	3	2	2	1847	4
24127	3	2	1	2	1548	5
24128	4	9	3	5	1029	8
24129	5	3	2	4	1848	1
24130	5	3	2	3	1849	2
24131	5	3	2	2	1850	4
24132	3	3	2	5	1851	6
24133	2	5	1	2	1553	7
24134	3	7	1	4	737	8
24135	4	2	1	5	1548	2
24136	5	3	2	6	1852	1
24137	6	1	2	4	1173	7
24138	6	1	2	3	1174	8
24139	6	3	6	4	1431	2
24140	6	3	6	3	1432	3
24141	6	3	6	2	1432	5
24142	7	2	5	4	470	8
24143	5	4	2	4	1595	4
24144	6	1	2	3	1175	8
24145	6	1	2	2	1176	6
24146	5	4	2	3	1595	5
24147	6	3	2	2	1852	3
24148	7	1	2	3	1177	8
24149	7	1	2	2	1178	6
24150	5	4	2	2	1595	6
24151	6	3	2	3	1852	3
24152	7	1	2	2	1179	7
24153	6	3	2	2	1852	4
24154	7	1	2	3	1180	8
24155	7	1	2	2	1181	5
24156	8	9	3	2	1029	5
24157	8	3	6	3	1432	2
24158	8	3	6	2	1433	5
24159	9	7	8	5	590	7
24160	10	2	5	4	471	8
24161	9	7	8	4	590	6
24162	8	7	8	5	591	7
24163	9	2	5	4	472	8
24164	8	7	8	4	591	6
24165	5	1	2	3	1181	5
24166	6	3	2	3	1852	4
24167	7	6	2	2	828	3
24168	6	3	6	3	1433	7
24169	7	9	3	3	1030	7
24170	8	6	2	2	829	3
24171	7	9	3	2	1030	5
24172	6	3	6	2	1433	2
24173	6	9	3	3	1031	7
24174	7	6	2	2	830	3
24175	5	1	2	2	1181	6
24176	6	3	2	3	1852	3
24177	6	3	2	2	1853	5
24178	5	9	3	3	1031	7
24179	4	2	1	4	1548	3
24180	5	3	2	6	1854	1
24181	6	1	2	3	1181	7
24182	7	3	6	4	1434	7
24183	8	4	2	4	1595	2
24184	8	4	2	3	1596	3
24185	8	4	2	2	1597	4
24186	9	9	3	3	1032	4
24187	7	3	6	3	1434	6
24188	8	4	2	4	1597	4
24189	9	9	3	2	1033	4
24190	6	1	2	2	1181	5
24191	5	3	2	5	1854	2
24192	6	1	2	3	1182	4
24193	6	1	2	2	1183	7
24194	7	3	6	3	1434	3
24195	7	3	6	2	1435	5
24196	8	4	2	4	1597	3
24197	8	4	2	3	1598	4
24198	8	4	2	2	1599	5
24199	7	4	2	4	1600	3
24200	7	4	2	3	1601	4
24201	7	4	2	2	1602	5
24202	5	4	2	3	1603	5
24203	5	4	2	2	1604	6
24204	6	3	2	2	1854	4
24205	7	1	2	2	1183	5
24206	8	9	3	2	1034	5
24207	8	3	6	3	1435	3
24208	8	3	6	2	1436	5
24209	9	7	8	5	592	7
24210	10	2	5	3	473	8
24211	9	7	8	4	592	6
24212	8	7	8	5	593	7
24213	9	2	5	3	474	8
24214	8	7	8	4	593	6
24215	6	1	2	2	1183	4
24216	5	3	2	4	1854	4
24217	6	6	2	2	831	3
24218	5	3	2	3	1854	5
24219	6	1	2	2	1184	4
24220	5	3	2	2	1854	6
24221	6	1	2	3	1185	4
24222	6	1	2	2	1186	5
24223	7	3	6	3	1436	7
24224	8	9	3	3	1035	7
24225	9	6	2	2	832	3
24226	8	9	3	2	1035	5
24227	7	3	6	2	1436	3
24228	7	9	3	3	1036	7
24229	8	6	2	2	833	3
24230	5	1	2	2	1186	4
24231	4	2	1	3	1548	4
24232	5	4	2	6	1604	8
24233	6	1	2	3	1187	5
24234	6	1	2	2	1188	6
24235	7	3	2	3	1854	3
24236	7	3	2	2	1855	5
24237	6	3	2	3	1856	2
24238	6	3	2	2	1857	5
24239	5	3	2	4	1858	1
24240	6	1	2	2	1188	6
24241	7	3	6	4	1437	3
24242	7	3	6	3	1438	4
24243	7	3	6	2	1439	5
24244	8	2	5	2	475	7
24245	6	3	6	4	1439	7
24246	7	4	2	4	1604	2
24247	7	4	2	3	1605	3
24248	7	4	2	2	1606	4
24249	8	9	3	3	1036	4
24250	6	3	6	3	1439	6
24251	7	4	2	4	1606	4
24252	8	9	3	2	1037	4
24253	5	3	2	3	1858	2
24254	6	1	2	2	1188	5
24255	6	3	6	3	1439	4
24256	7	4	2	4	1606	3
24257	7	4	2	3	1607	4
24258	7	4	2	2	1608	5
24259	6	3	6	2	1439	5
24260	7	4	2	4	1609	3
24261	7	4	2	3	1610	4
24262	7	4	2	2	1611	5
24263	6	4	2	4	1612	3
24264	6	4	2	3	1613	4
24265	6	4	2	2	1614	5
24266	5	3	2	2	1858	3
24267	6	1	2	2	1189	5
24268	6	4	2	2	1615	4
24269	4	2	1	2	1548	5
24270	5	1	2	3	1190	6
24271	5	1	2	2	1191	7
24272	6	9	3	3	1038	7
24273	5	3	2	3	1858	1
24274	4	1	2	2	1191	7
24275	5	3	2	4	1859	4
24276	6	4	2	3	1616	8
24277	7	9	3	3	1039	7
24278	6	4	2	2	1616	5
24279	5	4	2	4	1617	8
24280	5	3	6	3	1439	7
24281	6	4	2	3	1618	3
24282	6	4	2	2	1619	4
24283	5	3	6	2	1439	5
24284	3	2	1	4	1548	2
24285	3	2	1	3	1549	3
24286	4	3	6	4	1440	2
24287	4	3	6	3	1441	3
24288	5	4	2	4	1620	3
24289	5	4	2	3	1621	4
24290	5	4	2	2	1622	5
24291	4	3	6	2	1441	4
24292	5	4	2	5	1623	2
24293	5	4	2	4	1624	3
24294	5	4	2	3	1625	4
24295	5	4	2	2	1626	5
24296	4	4	2	5	1627	2
24297	4	4	2	4	1628	3
24298	4	4	2	3	1629	4
24299	4	4	2	2	1630	5
24300	3	2	1	2	1549	5
24301	4	3	6	4	1441	2
24302	4	3	6	3	1442	4
24303	5	4	2	5	1631	2
24304	5	4	2	4	1632	3
24305	5	4	2	3	1633	4
24306	5	4	2	2	1634	5
24307	4	3	6	2	1442	5
24308	5	4	2	5	1635	2
24309	5	4	2	4	1636	3
24310	5	4	2	3	1637	4
24311	5	4	2	2	1638	5
24312	4	4	2	5	1639	2
24313	4	4	2	4	1640	3
24314	4	4	2	3	1641	4
24315	4	4	2	2	1642	5
24316	2	9	3	5	1040	8
24317	3	3	2	6	1859	1
24318	4	2	1	4	1549	2
24319	5	3	6	4	1442	7
24320	6	4	2	5	1643	2
24321	6	4	2	4	1644	3
24322	6	4	2	3	1645	4
24323	6	4	2	2	1646	5
24324	7	7	8	7	594	8
24325	8	7	1	3	737	7
24326	7	7	1	3	738	7
24327	5	3	6	3	1442	2
24328	5	3	6	2	1443	3
24329	6	4	2	4	1646	3
24330	6	4	2	3	1647	4
24331	6	4	2	2	1648	5
24332	7	7	8	6	594	8
24333	8	6	2	3	834	3
24334	8	6	2	2	835	6
24335	5	4	2	5	1648	2
24336	5	4	2	4	1649	3
24337	5	4	2	3	1650	4
24338	5	4	2	2	1651	5
24339	6	7	8	7	594	8
24340	7	6	2	3	836	3
24341	7	6	2	2	837	6
24342	4	2	1	3	1549	3
24343	5	3	6	4	1443	2
24344	5	3	6	3	1444	3
24345	6	4	2	4	1651	3
24346	6	4	2	3	1652	4
24347	6	4	2	2	1653	5
24348	7	6	2	3	838	3
24349	5	3	6	2	1444	4
24350	6	4	2	5	1653	2
24351	6	4	2	4	1654	3
24352	6	4	2	3	1655	4
24353	6	4	2	2	1656	5
24354	7	6	2	3	839	3
24355	5	4	2	5	1656	2
24356	5	4	2	4	1657	3
24357	5	4	2	3	1658	4
24358	5	4	2	2	1659	5
24359	6	6	2	3	840	3
24360	4	2	1	2	1549	5
24361	5	3	6	4	1444	2
24362	5	3	6	3	1445	4
24363	6	4	2	5	1659	2
24364	6	4	2	4	1660	3
24365	6	4	2	3	1661	4
24366	6	4	2	2	1662	5
24367	7	6	2	3	841	3
24368	5	3	6	2	1445	5
24369	6	4	2	5	1662	2
24370	6	4	2	4	1663	3
24371	6	4	2	3	1664	4
24372	6	4	2	2	1665	5
24373	7	6	2	3	842	3
24374	5	4	2	5	1665	2
24375	5	4	2	4	1666	3
24376	5	4	2	3	1667	4
24377	5	4	2	2	1668	5
24378	6	6	2	3	843	3
24379	4	3	6	4	1445	7
24380	5	4	2	5	1668	2
24381	5	4	2	4	1669	3
24382	5	4	2	3	1670	4
24383	6	6	2	3	844	5
24384	5	4	2	2	1670	5
24385	6	7	8	7	594	8
24386	7	7	1	3	739	7
24387	6	7	1	3	740	7
24388	4	3	6	3	1445	6
24389	5	4	2	5	1670	2
24390	5	4	2	4	1671	3
24391	5	4	2	3	1672	4
24392	6	6	2	3	845	5
24393	5	4	2	2	1672	5
24394	6	7	8	7	594	8
24395	7	6	2	3	846	3
24396	7	6	2	2	847	6
24397	3	3	2	5	1859	2
24398	4	2	1	3	1549	3
24399	4	2	1	2	1550	5
24400	3	3	2	4	1859	3
24401	4	2	1	3	1551	2
24402	5	3	6	3	1445	2
24403	5	3	6	2	1446	4
24404	6	4	2	4	1672	4
24405	7	6	2	3	848	7
24406	6	4	2	3	1672	5
24407	6	4	2	2	1673	6
24408	5	4	2	4	1674	4
24409	6	6	2	3	849	7
24410	5	4	2	3	1674	5
24411	5	4	2	2	1675	6
24412	4	2	1	2	1551	6
24413	5	3	6	3	1446	4
24414	6	4	2	3	1676	5
24415	6	4	2	2	1677	6
24416	5	3	6	2	1446	5
24417	6	4	2	4	1678	4
24418	7	6	2	3	850	7
24419	6	4	2	3	1678	5
24420	6	4	2	2	1679	6
24421	5	4	2	4	1680	4
24422	6	6	2	3	851	7
24423	5	4	2	3	1680	5
24424	5	4	2	2	1681	6
24425	4	3	6	2	1446	4
24426	5	4	2	4	1682	4
24427	5	4	2	3	1683	5
24428	5	4	2	2	1684	6
24429	4	4	2	4	1685	4
24430	4	4	2	3	1686	5
24431	4	4	2	2	1687	6
24432	3	3	2	3	1859	4
24433	4	4	2	3	1688	5
24434	5	6	2	3	852	7
24435	6	3	6	4	1446	3
24436	7	2	1	5	1551	2
24437	7	2	1	4	1552	3
24438	7	2	1	2	1553	6
24439	6	3	6	3	1446	5
24440	7	2	1	5	1554	2
24441	7	2	1	4	1555	3
24442	7	2	1	3	1555	5
24443	7	2	1	2	1556	6
24444	6	3	6	2	1446	6
24445	7	2	1	5	1557	2
24446	7	2	1	4	1557	3
24447	7	2	1	3	1558	5
24448	7	2	1	2	1559	6
24449	6	2	1	5	1560	7
24450	4	4	2	2	1688	6
24451	5	2	1	5	1561	2
24452	5	2	1	4	1562	3
24453	5	2	1	3	1563	5
24454	5	2	1	2	1564	6
24455	5	3	6	2	1446	3
24456	5	6	2	3	852	7
24457	4	2	1	4	1565	2
24458	4	2	1	3	1566	3
24459	4	2	1	2	1567	5
24460	3	3	2	2	1859	5
24461	4	4	2	2	1688	6
24462	5	2	1	3	1568	2
24463	6	3	6	3	1447	3
24464	6	3	6	2	1448	4
24465	7	6	2	2	853	4
24466	5	2	1	2	1568	6
24467	6	6	2	2	854	4
24468	3	2	1	3	1568	3
24469	3	2	1	2	1569	5
24470	1	5	1	7	1553	9
24471	2	3	2	7	1859	1
24472	3	2	1	5	1570	2
24473	4	1	2	4	1191	5
24474	4	1	2	3	1192	6
24475	5	6	2	5	855	8
24476	6	5	8	7	748	8
24477	7	3	6	4	1448	2
24478	7	3	6	3	1449	3
24479	8	4	2	4	1688	3
24480	8	4	2	3	1689	4
24481	8	4	2	2	1690	5
24482	7	3	6	2	1449	5
24483	8	9	3	3	1040	4
24484	8	9	3	2	1041	5
24485	9	4	2	5	1691	2
24486	9	4	2	4	1692	3
24487	9	4	2	3	1693	4
24488	9	4	2	2	1694	5
24489	7	9	3	3	1041	4
24490	7	9	3	2	1042	5
24491	8	4	2	5	1695	2
24492	8	4	2	4	1696	3
24493	8	4	2	3	1697	4
24494	8	4	2	2	1698	5
24495	6	3	6	4	1449	2
24496	6	3	6	3	1450	3
24497	7	4	2	4	1699	3
24498	7	4	2	3	1700	4
24499	7	4	2	2	1701	5
24500	6	3	6	2	1450	5
24501	7	9	3	3	1042	4
24502	7	9	3	2	1043	5
24503	8	4	2	5	1702	2
24504	8	4	2	4	1703	3
24505	8	4	2	3	1704	4
24506	8	4	2	2	1705	5
24507	6	9	3	3	1043	4
24508	6	9	3	2	1044	5
24509	7	4	2	5	1706	2
24510	7	4	2	4	1707	3
24511	7	4	2	3	1708	4
24512	7	4	2	2	1709	5
24513	5	3	6	3	1450	3
24514	6	4	2	4	1710	3
24515	5	3	6	2	1450	5
24516	6	4	2	4	1711	3
24517	6	4	2	3	1712	4
24518	7	6	2	2	855	5
24519	6	4	2	2	1712	5
24520	5	4	2	4	1713	3
24521	5	4	2	3	1714	4
24522	6	6	2	2	856	5
24523	5	4	2	2	1714	5
24524	4	1	2	2	1192	7
24525	4	3	6	4	1450	7
24526	5	9	3	3	1044	4
24527	5	9	3	2	1045	6
24528	6	4	2	4	1715	2
24529	6	4	2	3	1716	3
24530	6	4	2	2	1717	4
24531	5	4	2	5	1718	2
24532	6	6	2	5	857	7
24533	7	5	8	6	748	8
24534	8	2	5	5	476	8
24535	7	2	5	5	477	8
24536	5	4	2	4	1718	3
24537	5	4	2	3	1719	4
24538	5	4	2	2	1720	5
24539	6	7	8	7	594	8
24540	7	6	2	3	857	3
24541	7	6	2	2	858	6
24542	6	7	1	3	741	7
24543	4	3	6	3	1450	2
24544	4	3	6	2	1451	3
24545	5	9	3	3	1045	8
24546	6	4	2	4	1720	3
24547	6	4	2	3	1721	4
24548	6	4	2	2	1722	5
24549	7	7	8	6	594	8
24550	8	6	2	3	859	3
24551	8	6	2	2	860	6
24552	4	9	3	3	1045	4
24553	4	9	3	2	1046	6
24554	5	4	2	4	1722	2
24555	5	4	2	3	1723	3
24556	5	4	2	2	1724	4
24557	4	4	2	5	1725	2
24558	5	6	2	5	861	7
24559	4	4	2	4	1725	3
24560	4	4	2	3	1726	4
24561	4	4	2	2	1727	5
24562	5	7	8	7	594	8
24563	6	6	2	3	862	3
24564	6	6	2	2	863	6
24565	3	2	1	4	1570	3
24566	4	1	2	3	1193	5
24567	4	1	2	2	1194	7
24568	5	3	6	4	1451	7
24569	6	5	8	6	748	8
24570	7	4	2	5	1727	8
24571	7	9	3	3	1046	7
24572	7	9	3	2	1047	4
24573	6	9	3	3	1048	7
24574	7	4	2	4	1728	2
24575	7	4	2	3	1729	3
24576	8	6	2	4	864	4
24577	7	4	2	2	1729	4
24578	6	9	3	2	1048	4
24579	5	3	6	3	1451	6
24580	6	5	8	6	748	8
24581	6	9	3	3	1049	7
24582	6	4	2	5	1730	2
24583	4	3	6	4	1451	2
24584	5	9	3	3	1050	8
24585	6	4	2	4	1731	3
24586	6	4	2	3	1732	4
24587	6	4	2	2	1733	5
24588	7	7	8	4	594	8
24589	8	7	1	3	742	7
24590	9	6	2	3	865	7
24591	9	6	2	2	866	3
24592	4	3	6	3	1451	3
24593	5	9	3	3	1050	8
24594	6	4	2	4	1733	3
24595	6	4	2	3	1734	4
24596	6	4	2	2	1735	5
24597	7	7	8	6	594	8
24598	8	6	2	3	867	3
24599	8	6	2	2	868	6
24600	7	6	2	3	869	3
24601	7	6	2	2	870	6
24602	4	3	6	2	1451	4
24603	5	9	3	3	1050	4
24604	5	9	3	2	1051	5
24605	6	4	2	4	1735	2
24606	6	4	2	3	1736	3
24607	6	4	2	2	1737	4
24608	6	7	1	3	742	8
24609	5	4	2	5	1738	2
24610	5	4	2	4	1739	3
24611	6	6	2	4	871	7
24612	7	5	8	5	749	8
24613	7	2	5	4	478	8
24614	7	2	5	3	479	7
24615	8	5	8	4	750	7
24616	5	4	2	3	1739	4
24617	5	4	2	2	1740	5
24618	6	7	8	7	594	8
24619	7	6	2	3	871	3
24620	7	6	2	2	872	6
24621	6	6	2	3	873	3
24622	6	6	2	2	874	6
24623	4	9	3	3	1051	4
24624	4	9	3	2	1052	5
24625	5	4	2	4	1740	2
24626	5	4	2	3	1741	3
24627	5	4	2	2	1742	4
24628	5	7	1	3	743	8
24629	6	5	8	7	751	8
24630	7	6	2	3	875	3
24631	7	6	2	2	876	6
24632	6	7	8	6	594	7
24633	4	4	2	5	1743	2
24634	4	4	2	4	1744	3
24635	5	6	2	4	877	7
24636	6	7	8	6	595	8
24637	7	2	5	4	479	8
24638	7	2	5	3	480	7
24639	8	5	5	6	275	8
24640	9	5	8	6	751	2
24641	9	5	8	5	752	3
24642	9	5	8	4	753	4
24643	9	5	8	3	754	5
24644	9	5	8	2	755	6
24645	10	9	2	3	242	5
24646	9	9	2	3	243	5
24647	8	5	8	6	755	2
24648	8	5	8	5	756	3
24649	8	5	8	4	757	4
24650	8	5	8	3	758	5
24651	8	5	8	2	759	6
24652	9	9	2	3	244	5
24653	8	9	2	3	245	5
24654	6	2	5	4	480	8
24655	6	2	5	3	481	7
24656	7	9	2	3	246	5
24657	4	4	2	3	1744	4
24658	4	4	2	2	1745	5
24659	5	7	8	7	595	8
24660	6	6	2	3	877	3
24661	6	6	2	2	878	6
24662	5	6	2	3	879	3
24663	5	6	2	2	880	6
24664	3	2	1	3	1570	4
24665	4	1	2	2	1194	6
24666	5	6	2	5	881	8
24667	6	5	8	7	759	8
24668	7	3	6	4	1451	3
24669	7	3	6	3	1452	4
24670	8	9	3	3	1052	4
24671	8	9	3	2	1053	5
24672	9	4	2	5	1745	2
24673	9	4	2	4	1746	3
24674	9	4	2	3	1747	4
24675	9	4	2	2	1748	5
24676	7	3	6	2	1452	5
24677	8	9	3	3	1053	4
24678	8	9	3	2	1054	5
24679	9	4	2	5	1749	2
24680	9	4	2	4	1750	3
24681	9	4	2	3	1751	4
24682	9	4	2	2	1752	5
24683	7	9	3	3	1054	4
24684	7	9	3	2	1055	5
24685	8	4	2	5	1753	2
24686	8	4	2	4	1754	3
24687	8	4	2	3	1755	4
24688	8	4	2	2	1756	5
24689	6	3	6	4	1452	3
24690	6	3	6	3	1453	4
24691	7	9	3	3	1055	4
24692	7	9	3	2	1056	5
24693	8	4	2	5	1757	2
24694	8	4	2	4	1758	3
24695	8	4	2	3	1759	4
24696	8	4	2	2	1760	5
24697	6	3	6	2	1453	5
24698	7	4	2	5	1761	2
24699	7	4	2	4	1762	3
24700	7	4	2	3	1763	4
24701	7	4	2	2	1764	5
24702	6	4	2	5	1765	2
24703	6	4	2	4	1766	3
24704	6	4	2	3	1767	4
24705	6	4	2	2	1768	5
24706	5	4	2	4	1769	3
24707	5	4	2	3	1770	4
24708	6	6	2	2	881	5
24709	5	4	2	2	1770	5
24710	4	3	6	4	1453	7
24711	5	5	8	6	759	8
24712	6	4	2	5	1771	8
24713	6	9	3	3	1056	7
24714	6	9	3	2	1057	4
24715	5	9	3	3	1058	7
24716	6	4	2	4	1772	2
24717	6	4	2	3	1773	3
24718	7	6	2	4	882	4
24719	6	4	2	2	1773	4
24720	5	9	3	2	1058	4
24721	4	3	6	3	1453	6
24722	5	5	8	6	759	8
24723	5	9	3	3	1059	7
24724	5	4	2	5	1774	2
24725	3	2	1	2	1570	5
24726	4	1	2	2	1194	7
24727	4	3	6	4	1453	2
24728	5	4	2	2	1775	5
24729	4	3	6	3	1453	4
24730	5	4	2	5	1776	2
24731	5	4	2	4	1777	3
24732	5	4	2	3	1778	4
24733	5	4	2	2	1779	5
24734	6	9	3	2	1060	5
24735	7	7	1	3	743	8
24736	6	7	8	7	595	8
24737	7	6	2	3	883	3
24738	7	6	2	2	884	6
24739	6	6	2	3	885	3
24740	6	6	2	2	886	6
24741	4	3	6	2	1453	5
24742	5	4	2	5	1779	2
24743	6	9	3	2	1060	4
24744	5	4	2	4	1779	3
24745	6	9	3	2	1061	5
24746	6	6	2	4	887	7
24747	7	7	8	6	595	8
24748	8	2	5	5	481	8
24749	8	2	5	4	482	7
24750	9	5	5	6	275	8
24751	10	5	8	6	760	2
24752	10	5	8	5	761	3
24753	10	5	8	4	762	4
24754	10	5	8	3	763	5
24755	10	5	8	2	764	6
24756	11	9	2	3	247	5
24757	10	9	2	3	248	5
24758	9	5	8	6	764	2
24759	9	5	8	5	765	3
24760	9	5	8	4	766	4
24761	9	5	8	3	767	5
24762	9	5	8	2	768	6
24763	10	9	2	3	249	5
24764	9	9	2	3	250	5
24765	7	2	5	5	482	8
24766	7	2	5	4	483	7
24767	8	9	2	3	251	5
24768	5	4	2	3	1779	4
24769	5	4	2	2	1780	5
24770	6	9	3	2	1062	5
24771	7	7	1	3	744	8
24772	8	5	8	7	768	8
24773	9	6	2	3	887	3
24774	9	6	2	2	888	6
24775	8	7	8	6	595	7
24776	6	7	8	7	596	8
24777	7	6	2	3	889	3
24778	7	6	2	2	890	6
24779	6	6	2	3	891	3
24780	6	6	2	2	892	6
24781	4	4	2	5	1780	2
24782	5	9	3	2	1062	4
24783	4	4	2	4	1780	3
24784	5	9	3	2	1063	5
24785	5	6	2	4	893	7
24786	6	7	8	6	596	8
24787	7	2	5	4	483	8
24788	7	2	5	3	484	7
24789	8	5	5	6	275	8
24790	9	5	8	6	768	2
24791	9	5	8	5	769	3
24792	9	5	8	4	770	4
24793	9	5	8	3	771	5
24794	9	5	8	2	772	6
24795	10	9	2	3	252	5
24796	9	9	2	3	253	5
24797	8	5	8	6	772	2
24798	8	5	8	5	773	3
24799	8	5	8	4	774	4
24800	8	5	8	3	775	5
24801	8	5	8	2	776	6
24802	9	9	2	3	254	5
24803	8	9	2	3	255	5
24804	6	2	5	4	484	8
24805	6	2	5	3	485	7
24806	7	9	2	3	256	5
24807	4	4	2	3	1780	4
24808	4	4	2	2	1781	5
24809	5	9	3	2	1064	5
24810	6	7	1	3	744	8
24811	7	5	8	7	776	8
24812	8	6	2	3	893	3
24813	8	6	2	2	894	6
24814	7	6	2	3	895	3
24815	7	6	2	2	896	6
24816	5	6	2	3	897	3
24817	5	6	2	2	898	6
24818	3	3	6	4	1453	7
24819	4	4	2	5	1781	2
24820	5	9	3	3	1064	4
24821	5	9	3	2	1065	6
24822	5	6	2	5	899	7
24823	6	5	8	6	776	8
24824	7	7	8	5	596	6
24825	8	2	5	4	485	8
24826	6	2	5	4	486	8
24827	4	4	2	4	1781	3
24828	4	4	2	3	1782	4
24829	4	4	2	2	1783	5
24830	5	9	3	2	1066	6
24831	5	6	2	3	899	3
24832	5	6	2	2	900	6
24833	3	3	6	3	1453	6
24834	4	4	2	5	1783	2
24835	5	5	8	6	776	7
24836	6	9	3	3	1067	4
24837	6	9	3	2	1068	6
24838	6	6	2	5	901	7
24839	5	5	8	5	776	8
24840	4	4	2	4	1783	3
24841	4	4	2	3	1784	4
24842	4	4	2	2	1785	5
24843	5	9	3	2	1069	6
24844	5	6	2	3	902	3
24845	5	6	2	2	903	6
24846	2	3	2	6	1859	2
24847	3	2	1	5	1570	3
24848	4	1	2	3	1195	4
24849	4	1	2	2	1196	7
24850	5	3	6	3	1453	3
24851	5	3	6	2	1454	5
24852	6	6	2	5	904	8
24853	7	4	2	4	1785	3
24854	8	9	3	2	1070	5
24855	9	5	8	4	777	8
24856	7	4	2	3	1785	4
24857	7	4	2	2	1786	5
24858	6	4	2	3	1787	4
24859	7	9	3	3	1070	7
24860	6	4	2	2	1787	5
24861	5	6	2	5	904	8
24862	6	4	2	4	1788	3
24863	7	9	3	2	1071	5
24864	8	5	8	4	778	8
24865	6	4	2	3	1788	4
24866	6	4	2	2	1789	5
24867	5	4	2	3	1790	4
24868	6	9	3	3	1071	7
24869	5	4	2	2	1790	5
24870	3	2	1	4	1570	4
24871	4	1	2	2	1196	5
24872	4	3	6	3	1454	4
24873	5	6	2	5	904	8
24874	6	4	2	4	1791	3
24875	7	9	3	2	1072	5
24876	6	4	2	3	1791	4
24877	6	4	2	2	1792	5
24878	5	4	2	3	1793	4
24879	5	4	2	2	1794	5
24880	4	3	6	2	1454	5
24881	5	6	2	5	904	8
24882	6	4	2	4	1795	3
24883	7	9	3	2	1073	5
24884	8	5	8	4	779	8
24885	6	4	2	3	1795	4
24886	6	4	2	2	1796	5
24887	5	4	2	3	1797	4
24888	6	9	3	3	1073	7
24889	5	4	2	2	1797	5
24890	4	6	2	5	904	8
24891	5	4	2	4	1798	3
24892	6	9	3	2	1074	5
24893	7	5	8	4	780	8
24894	5	4	2	3	1798	4
24895	5	4	2	2	1799	5
24896	4	4	2	3	1800	4
24897	5	9	3	3	1074	7
24898	4	4	2	2	1800	5
24899	3	2	1	3	1570	5
24900	4	1	2	2	1197	6
24901	5	5	8	7	781	8
24902	5	3	6	4	1454	3
24903	5	3	6	3	1455	4
24904	6	4	2	5	1801	3
24905	6	4	2	4	1802	4
24906	6	4	2	3	1803	5
24907	6	4	2	2	1804	7
24908	5	3	6	2	1455	5
24909	6	4	2	5	1805	3
24910	6	4	2	4	1806	4
24911	6	4	2	3	1807	5
24912	6	4	2	2	1808	7
24913	5	4	2	5	1809	3
24914	5	4	2	4	1810	4
24915	5	4	2	3	1811	5
24916	5	4	2	2	1812	7
24917	3	2	1	2	1570	6
24918	4	3	6	3	1455	7
24919	5	4	2	4	1813	3
24920	5	4	2	3	1814	4
24921	6	9	3	2	1075	5
24922	5	4	2	2	1814	5
24923	4	3	6	2	1455	5
24924	2	3	2	5	1859	3
24925	3	4	2	5	1815	4
24926	4	1	2	4	1197	8
24927	5	2	1	3	1570	2
24928	6	3	6	2	1456	4
24929	7	9	3	2	1076	6
24930	7	7	1	2	744	5
24931	6	9	3	2	1077	6
24932	6	7	1	2	745	5
24933	5	2	1	2	1570	6
24934	6	9	3	2	1078	6
24935	6	3	6	3	1456	4
24936	6	3	6	2	1457	5
24937	7	7	1	2	746	5
24938	6	7	1	2	747	5
24939	5	3	6	3	1457	7
24940	6	9	3	3	1079	7
24941	7	6	2	3	904	7
24942	8	5	8	5	782	8
24943	9	7	8	6	596	7
24944	10	2	5	4	487	8
24945	8	7	8	6	596	7
24946	8	5	8	3	782	7
24947	7	6	2	2	904	5
24948	5	3	6	2	1457	4
24949	6	9	3	3	1079	7
24950	7	6	2	3	905	7
24951	5	9	3	3	1079	7
24952	6	6	2	3	906	7
24953	6	6	2	2	907	5
24954	4	1	2	3	1197	5
24955	5	9	3	3	1079	4
24956	5	9	3	2	1080	5
24957	4	1	2	2	1197	6
24958	5	2	1	3	1570	2
24959	6	3	6	2	1457	6
24960	7	9	3	3	1081	4
24961	7	9	3	2	1082	6
24962	6	9	3	3	1083	4
24963	6	9	3	2	1084	6
24964	5	2	1	2	1570	4
24965	6	3	6	3	1457	7
24966	7	9	3	3	1085	4
24967	7	9	3	2	1086	6
24968	6	3	6	2	1457	4
24969	7	9	3	3	1087	4
24970	7	9	3	2	1088	6
24971	6	9	3	3	1089	4
24972	6	9	3	2	1090	6
24973	4	2	1	3	1570	2
24974	4	2	1	2	1571	5
24975	3	4	2	4	1815	5
24976	4	1	2	3	1197	6
24977	5	2	1	3	1572	2
24978	6	3	6	2	1457	6
24979	6	9	3	2	1091	6
24980	5	2	1	2	1572	4
24981	6	3	6	3	1458	7
24982	7	9	3	2	1092	6
24983	4	1	2	2	1197	7
24984	5	2	1	3	1572	2
24985	5	2	1	2	1573	5
24986	4	2	1	3	1574	2
24987	5	3	6	3	1458	2
24988	5	3	6	2	1459	4
24989	6	9	3	3	1093	4
24990	6	9	3	2	1094	6
24991	7	6	2	3	908	6
24992	6	6	2	2	909	4
24993	5	9	3	3	1094	4
24994	5	9	3	2	1095	6
24995	6	6	2	3	910	6
24996	5	6	2	2	911	4
24997	5	5	8	3	783	7
24998	4	2	1	2	1574	6
24999	5	3	6	3	1459	4
25000	6	6	2	2	912	6
25001	6	9	3	3	1095	8
25002	5	3	6	2	1459	5
25003	6	9	3	3	1096	4
25004	6	9	3	2	1097	6
25005	7	6	2	3	913	6
25006	6	6	2	2	914	4
25007	6	5	8	3	784	7
25008	5	9	3	3	1097	4
25009	5	9	3	2	1098	6
25010	6	6	2	3	915	6
25011	5	6	2	2	916	4
25012	4	3	6	4	1459	7
25013	5	9	3	3	1098	7
25014	6	7	1	4	748	8
25015	4	9	3	3	1098	7
25016	5	3	6	3	1459	2
25017	5	3	6	2	1460	4
25018	6	7	1	4	749	8
25019	5	7	1	4	750	8
25020	3	4	2	3	1815	6
25021	4	1	2	3	1197	5
25022	4	1	2	2	1198	7
25023	5	2	1	3	1574	2
25024	5	2	1	2	1575	5
25025	4	2	1	3	1576	2
25026	5	3	6	3	1460	2
25027	6	9	3	3	1098	8
25028	7	6	2	3	917	4
25029	7	6	2	2	918	5
25030	5	3	6	2	1460	4
25031	6	9	3	3	1098	4
25032	6	9	3	2	1099	6
25033	6	6	2	3	919	4
25034	6	6	2	2	920	5
25035	5	9	3	3	1100	4
25036	5	9	3	2	1101	6
25037	5	6	2	3	921	4
25038	5	6	2	2	922	5
25039	4	2	1	2	1576	6
25040	5	3	6	3	1460	4
25041	6	6	2	2	923	5
25042	7	9	3	3	1102	6
25043	7	9	3	2	1103	4
25044	6	9	3	3	1104	4
25045	6	9	3	2	1105	6
25046	5	3	6	2	1460	5
25047	6	9	3	3	1106	4
25048	6	9	3	2	1107	6
25049	6	6	2	3	923	4
25050	6	6	2	2	924	5
25051	5	9	3	3	1108	4
25052	5	9	3	2	1109	6
25053	5	6	2	3	925	4
25054	5	6	2	2	926	5
25055	4	3	6	4	1460	7
25056	5	9	3	3	1110	7
25057	6	6	2	3	927	7
25058	7	7	1	4	751	8
25059	8	5	8	7	785	8
25060	8	2	5	5	488	8
25061	9	7	8	6	597	7
25062	10	5	8	5	786	2
25063	10	5	8	4	787	3
25064	11	5	5	4	275	7
25065	12	9	2	2	257	2
25066	11	9	2	2	258	2
25067	10	5	8	3	787	4
25068	10	5	8	2	788	5
25069	10	5	5	5	275	7
25070	11	9	2	2	259	2
25071	10	9	2	2	260	2
25072	9	5	8	6	789	7
25073	10	9	2	2	261	2
25074	8	5	5	7	275	8
25075	8	7	8	6	597	7
25076	9	5	8	5	789	2
25077	9	5	8	4	790	3
25078	10	9	2	2	262	2
25079	9	5	8	3	790	4
25080	9	5	8	2	791	5
25081	9	9	2	2	263	2
25082	4	9	3	3	1110	7
25083	5	3	6	3	1460	2
25084	5	3	6	2	1461	4
25085	6	6	2	3	927	7
25086	7	7	1	4	751	8
25087	8	5	8	6	792	8
25088	8	7	8	6	597	7
25089	9	2	5	3	488	6
25090	8	5	8	5	793	7
25091	9	2	5	3	489	6
25092	5	6	2	3	927	7
25093	6	7	1	4	751	8
25094	7	5	8	7	793	8
25095	7	7	8	6	597	7
25096	8	2	5	3	490	5
25097	9	5	8	5	794	2
25098	9	5	8	4	795	3
25099	10	5	5	3	276	8
25100	10	5	5	2	277	4
25101	10	9	2	2	264	2
25102	9	5	8	3	795	4
25103	9	5	8	2	796	5
25104	9	5	5	4	278	8
25105	7	5	8	6	797	7
25106	8	2	5	3	490	5
25107	9	5	5	5	279	8
25108	9	5	5	4	280	6
25109	10	9	2	2	265	2
25110	3	4	2	2	1815	7
25111	4	1	2	3	1198	5
25112	4	1	2	2	1199	6
25113	5	2	1	3	1576	2
25114	5	2	1	2	1577	4
25115	4	2	1	3	1578	2
25116	5	9	3	2	1110	6
25117	6	3	6	3	1461	2
25118	6	3	6	2	1462	4
25119	7	6	2	2	927	5
25120	6	6	2	2	928	5
25121	4	2	1	2	1578	6
25122	5	9	3	2	1110	6
25123	6	3	6	3	1462	4
25124	7	6	2	2	929	5
25125	6	3	6	2	1462	5
25126	7	6	2	2	930	5
25127	6	6	2	2	931	5
25128	4	3	6	4	1462	7
25129	5	9	3	2	1110	7
25130	6	6	2	2	932	5
25131	7	7	1	4	751	8
25132	4	9	3	2	1110	7
25133	5	3	6	3	1462	2
25134	5	3	6	2	1463	4
25135	6	6	2	2	932	5
25136	7	7	1	4	752	8
25137	5	6	2	2	932	5
25138	6	7	1	4	753	8
25139	3	1	2	3	1199	5
25140	3	1	2	2	1200	6
25141	4	2	1	3	1578	2
25142	4	2	1	2	1579	4
25143	3	2	1	3	1580	2
25144	3	2	1	2	1581	5
25145	2	3	2	4	1859	4
25146	3	4	2	4	1815	5
25147	4	1	2	3	1200	8
25148	5	3	6	4	1463	3
25149	6	9	3	5	1110	8
25150	7	2	1	5	1582	2
25151	7	2	1	4	1583	3
25152	7	2	1	2	1584	6
25153	5	3	6	3	1463	5
25154	6	2	1	5	1585	2
25155	6	2	1	4	1586	3
25156	6	2	1	3	1586	5
25157	6	2	1	2	1587	6
25158	6	9	3	3	1110	7
25159	7	6	2	3	932	7
25160	8	7	1	4	754	8
25161	5	3	6	2	1463	6
25162	6	2	1	5	1588	2
25163	6	2	1	4	1588	3
25164	6	2	1	3	1589	5
25165	6	2	1	2	1590	6
25166	5	2	1	5	1591	7
25167	6	9	3	3	1110	7
25168	7	6	2	3	932	7
25169	8	7	1	4	755	8
25170	7	7	1	3	756	8
25171	4	1	2	2	1200	6
25172	4	2	1	3	1591	2
25173	4	2	1	2	1592	5
25174	4	5	8	7	797	8
25175	5	9	3	4	1110	7
25176	5	9	3	3	1111	4
25177	5	9	3	2	1112	5
25178	5	3	6	5	1463	3
25179	5	3	6	4	1464	5
25180	6	2	5	4	490	8
25181	5	3	6	3	1464	6
25182	6	2	5	5	491	8
25183	5	3	6	2	1464	7
25184	4	9	3	4	1113	7
25185	4	9	3	3	1114	4
25186	4	9	3	2	1115	5
25187	4	3	6	5	1465	3
25188	4	3	6	4	1466	5
25189	5	2	5	4	492	8
25190	5	2	5	3	493	7
25191	6	5	5	4	280	8
25192	7	9	2	2	266	1
25193	4	3	6	3	1466	6
25194	5	2	5	5	493	8
25195	5	2	5	4	494	7
25196	4	3	6	2	1466	7
25197	3	4	2	3	1815	6
25198	4	1	2	3	1201	5
25199	5	2	1	2	1593	2
25200	6	6	2	3	932	8
25201	5	6	2	3	933	8
25202	4	1	2	2	1201	7
25203	5	2	1	3	1593	2
25204	5	2	1	2	1594	5
25205	5	6	2	3	934	8
25206	5	9	3	4	1116	7
25207	4	2	1	5	1595	2
25208	4	2	1	4	1596	3
25209	4	2	1	3	1597	5
25210	4	2	1	2	1598	6
25211	4	3	6	4	1467	7
25212	5	9	3	3	1117	7
25213	6	7	1	4	757	8
25214	7	5	8	7	797	8
25215	7	2	5	5	495	8
25216	8	7	8	6	597	7
25217	9	5	8	5	798	2
25218	9	5	8	4	799	3
25219	10	5	5	4	280	7
25220	11	9	2	3	267	2
25221	10	5	5	3	280	4
25222	10	5	5	2	281	5
25223	9	5	8	3	799	4
25224	9	5	8	2	800	5
25225	9	5	5	5	282	7
25226	10	9	2	3	268	2
25227	9	9	2	3	269	2
25228	8	5	8	6	801	7
25229	9	7	8	5	597	2
25230	9	7	8	4	598	3
25231	9	7	8	3	599	4
25232	9	7	8	2	600	5
25233	10	9	2	3	270	2
25234	7	2	5	4	495	6
25235	8	5	5	6	282	8
25236	8	7	8	6	600	7
25237	9	5	8	5	801	2
25238	9	5	8	4	802	3
25239	9	5	8	3	803	4
25240	9	5	8	2	804	5
25241	7	2	5	3	495	3
25242	7	2	5	2	496	4
25243	4	9	3	3	1117	7
25244	5	3	6	3	1467	2
25245	5	3	6	2	1468	3
25246	5	7	1	4	757	8
25247	6	5	8	7	805	8
25248	6	7	8	6	600	7
25249	7	2	5	3	497	6
25250	6	5	8	6	806	7
25251	7	2	5	3	498	6
25252	3	4	2	2	1815	7
25253	4	1	2	3	1201	5
25254	5	2	1	2	1599	2
25255	6	6	2	2	935	6
25256	5	6	2	2	936	6
25257	4	1	2	2	1201	6
25258	4	6	2	2	937	5
25259	5	2	1	5	1599	7
25260	4	2	1	5	1600	2
25261	4	2	1	4	1601	3
25262	4	2	1	3	1602	5
25263	4	2	1	2	1603	6
25264	4	3	6	4	1469	7
25265	5	9	3	3	1117	7
25266	6	7	1	4	757	8
25267	7	5	8	7	806	8
25268	7	2	5	5	499	8
25269	8	7	8	5	600	7
25270	9	5	8	5	807	2
25271	9	5	8	4	808	3
25272	9	5	8	3	809	4
25273	9	5	8	2	810	5
25274	9	5	5	5	283	7
25275	10	9	2	3	271	2
25276	9	9	2	3	272	2
25277	8	7	8	4	600	6
25278	7	2	5	4	499	6
25279	8	5	5	6	283	8
25280	8	5	8	5	811	2
25281	8	5	8	4	812	3
25282	8	5	8	3	813	4
25283	8	5	8	2	814	5
25284	7	2	5	3	499	3
25285	7	2	5	2	500	4
25286	4	9	3	3	1117	7
25287	5	3	6	3	1469	2
25288	5	3	6	2	1470	3
25289	5	7	1	4	757	8
25290	6	5	8	7	815	8
25291	6	7	8	5	601	7
25292	7	2	5	4	501	8
25293	7	2	5	3	502	6
25294	6	2	5	4	503	8
25295	6	2	5	3	504	6
25296	3	5	8	7	816	8
25297	4	2	1	4	1604	2
25298	5	1	2	2	1202	5
25299	6	9	3	3	1117	5
25300	6	9	3	2	1118	6
25301	4	2	1	3	1604	3
25302	5	9	3	3	1119	5
25303	5	9	3	2	1120	6
25304	4	2	1	2	1604	5
25305	5	3	6	4	1471	7
25306	6	1	2	2	1202	6
25307	5	1	2	2	1203	6
25308	3	1	2	3	1204	5
25309	4	2	1	2	1604	2
25310	5	9	3	3	1121	5
25311	5	9	3	2	1122	6
25312	4	9	3	3	1123	5
25313	4	9	3	2	1124	6
25314	3	1	2	2	1204	6
25315	3	9	3	3	1125	7
25316	2	3	2	3	1859	5
25317	3	4	2	3	1815	6
25318	4	1	2	3	1205	8
25319	5	2	1	3	1604	2
25320	6	3	6	3	1471	3
25321	7	9	3	5	1126	8
25322	8	6	2	3	937	3
25323	8	6	2	2	938	4
25324	6	3	6	2	1471	4
25325	7	6	2	3	939	3
25326	7	6	2	2	940	4
25327	7	9	3	4	1126	8
25328	5	2	1	2	1604	6
25329	6	3	6	4	1471	3
25330	6	3	6	3	1472	4
25331	7	6	2	3	941	3
25332	7	6	2	2	942	4
25333	7	9	3	4	1127	8
25334	6	3	6	2	1472	6
25335	7	6	2	3	943	3
25336	7	6	2	2	944	4
25337	7	9	3	4	1128	8
25338	5	3	6	3	1472	7
25339	6	9	3	4	1129	7
25340	7	6	2	2	945	3
25341	5	3	6	2	1472	4
25342	6	9	3	4	1129	7
25343	7	6	2	2	946	3
25344	5	9	3	4	1129	7
25345	6	6	2	2	947	3
25346	4	1	2	2	1205	4
25347	4	2	1	3	1604	3
25348	4	2	1	2	1605	4
25349	3	4	2	2	1815	7
25350	4	1	2	3	1206	4
25351	4	1	2	2	1207	6
25352	5	2	1	2	1606	2
25353	4	2	1	3	1607	2
25354	5	3	6	4	1472	2
25355	6	9	3	5	1129	8
25356	5	3	6	3	1472	3
25357	6	6	2	3	948	3
25358	6	6	2	2	949	4
25359	7	9	3	4	1130	5
25360	7	9	3	3	1131	6
25361	7	9	3	2	1132	7
25362	6	9	3	5	1133	6
25363	7	7	1	3	757	7
25364	6	9	3	4	1133	8
25365	5	3	6	2	1472	4
25366	6	6	2	3	949	3
25367	6	6	2	2	950	4
25368	7	9	3	4	1134	5
25369	7	9	3	3	1135	6
25370	7	9	3	2	1136	7
25371	6	9	3	5	1137	6
25372	7	7	1	3	758	7
25373	6	9	3	4	1137	8
25374	5	6	2	2	950	4
25375	5	9	3	4	1138	6
25376	6	7	1	3	759	7
25377	5	9	3	3	1138	8
25378	4	2	1	2	1607	6
25379	5	3	6	4	1472	3
25380	6	6	2	3	951	3
25381	6	6	2	2	952	4
25382	5	3	6	3	1472	4
25383	6	6	2	3	953	3
25384	6	6	2	2	954	4
25385	7	9	3	4	1139	5
25386	7	9	3	3	1140	6
25387	7	9	3	2	1141	7
25388	6	9	3	5	1142	6
25389	7	7	1	3	760	7
25390	6	9	3	4	1142	8
25391	5	3	6	2	1472	6
25392	6	6	2	3	954	3
25393	6	6	2	2	955	4
25394	7	9	3	4	1143	5
25395	7	9	3	3	1144	6
25396	7	9	3	2	1145	7
25397	6	9	3	5	1146	6
25398	7	7	1	3	761	7
25399	6	9	3	4	1146	8
25400	5	6	2	2	955	4
25401	5	9	3	4	1147	6
25402	6	7	1	3	762	7
25403	5	9	3	3	1147	8
25404	4	3	6	4	1472	7
25405	5	9	3	4	1148	7
25406	6	7	1	4	763	8
25407	7	5	8	7	816	8
25408	7	6	2	3	956	3
25409	7	6	2	2	957	4
25410	7	2	5	5	505	8
25411	8	7	8	5	601	7
25412	9	5	8	5	817	2
25413	9	5	8	4	818	3
25414	10	5	5	4	284	7
25415	11	9	2	2	273	2
25416	10	9	2	2	274	2
25417	9	5	8	3	818	4
25418	9	5	8	2	819	5
25419	9	5	5	5	284	7
25420	10	9	2	2	275	2
25421	9	9	2	2	276	2
25422	8	7	8	4	601	6
25423	7	5	5	7	284	8
25424	7	5	8	5	820	2
25425	7	5	8	4	821	3
25426	8	9	2	2	277	2
25427	7	5	8	3	821	4
25428	7	5	8	2	822	5
25429	7	9	2	2	278	2
25430	4	9	3	4	1148	7
25431	5	3	6	3	1472	2
25432	5	3	6	2	1473	4
25433	6	7	1	4	763	8
25434	7	5	8	6	823	8
25435	7	6	2	3	958	3
25436	7	6	2	2	959	4
25437	7	7	8	5	602	7
25438	8	2	5	4	505	8
25439	8	2	5	3	506	6
25440	7	2	5	4	507	8
25441	7	2	5	3	508	6
25442	5	7	1	4	763	8
25443	6	5	8	7	824	8
25444	6	6	2	3	960	3
25445	6	6	2	2	961	4
25446	6	7	8	5	602	7
25447	7	2	5	4	509	8
25448	7	2	5	3	510	5
25449	8	5	8	5	825	2
25450	8	5	8	4	826	3
25451	8	5	8	3	827	4
25452	8	5	8	2	828	5
25453	8	5	5	4	285	8
25454	6	2	5	4	510	8
25455	6	2	5	3	511	5
25456	7	7	8	4	602	3
25457	7	7	8	3	603	4
25458	7	7	8	2	604	5
25459	3	5	8	7	829	8
25460	4	1	2	3	1207	4
25461	4	1	2	2	1208	6
25462	5	2	1	2	1607	2
25463	4	9	3	4	1148	7
25464	5	2	1	3	1608	3
25465	5	2	1	2	1609	4
25466	3	1	2	3	1208	4
25467	3	1	2	2	1209	6
25468	4	2	1	2	1610	2
25469	3	9	3	4	1148	7
25470	4	2	1	3	1611	3
25471	4	2	1	2	1612	4
25472	2	3	2	2	1859	6
25473	3	4	2	2	1815	7
25474	4	1	2	3	1209	8
25475	5	2	1	3	1613	3
25476	5	2	1	2	1614	5
25477	4	1	2	2	1209	4
25478	4	2	1	3	1615	2
25479	4	2	1	2	1616	3
25480	3	5	8	7	829	8
25481	4	2	1	4	1617	2
25482	5	1	2	2	1210	5
25483	6	3	6	3	1473	7
25484	7	9	3	3	1148	5
25485	7	9	3	2	1149	6
25486	7	6	2	3	962	7
25487	6	3	6	2	1473	2
25488	6	9	3	3	1150	5
25489	6	9	3	2	1151	6
25490	6	6	2	3	963	7
25491	5	9	3	3	1152	7
25492	4	2	1	3	1617	3
25493	5	1	2	3	1210	4
25494	5	1	2	2	1211	5
25495	6	3	6	3	1474	7
25496	7	9	3	3	1153	5
25497	7	9	3	2	1154	6
25498	7	6	2	3	964	7
25499	6	3	6	2	1474	3
25500	6	9	3	3	1155	5
25501	6	9	3	2	1156	6
25502	6	6	2	3	965	7
25503	4	2	1	2	1617	4
25504	5	1	2	2	1211	5
25505	4	9	3	3	1157	7
25506	3	2	1	4	1617	2
25507	4	1	2	2	1212	5
25508	5	3	6	3	1475	7
25509	6	9	3	3	1158	5
25510	6	9	3	2	1159	6
25511	6	6	2	3	966	7
25512	5	3	6	2	1475	2
25513	5	9	3	3	1160	5
25514	5	9	3	2	1161	6
25515	5	6	2	3	967	7
25516	4	9	3	3	1162	7
25517	3	2	1	3	1617	3
25518	4	1	2	3	1212	4
25519	5	9	3	2	1163	5
25520	6	6	2	2	968	5
25521	4	1	2	2	1212	5
25522	5	3	6	3	1476	7
25523	6	9	3	3	1163	5
25524	6	9	3	2	1164	6
25525	6	6	2	3	969	7
25526	5	3	6	2	1476	3
25527	5	9	3	3	1165	5
25528	5	9	3	2	1166	6
25529	5	6	2	3	970	7
25530	3	2	1	2	1617	4
25531	4	1	2	2	1212	5
25532	3	9	3	3	1167	7
25533	2	5	8	7	829	8
25534	3	9	3	4	1168	7
25535	4	1	2	3	1213	4
25536	4	1	2	2	1214	5
25537	4	2	1	3	1617	2
25538	4	2	1	2	1618	4
25539	2	9	3	4	1168	7
25540	3	1	2	3	1215	4
25541	3	1	2	2	1216	5
25542	3	2	1	3	1619	2
25543	3	2	1	2	1620	4
25544	1	6	2	7	971	9
25545	2	2	1	6	1621	2
25546	3	3	2	6	1859	1
25547	4	1	2	4	1217	5
25548	4	1	2	3	1218	6
25549	5	9	3	3	1168	4
25550	5	9	3	2	1169	5
25551	6	3	6	4	1477	2
25552	6	3	6	3	1478	3
25553	7	4	2	4	1815	3
25554	7	4	2	3	1816	4
25555	7	4	2	2	1817	5
25556	6	3	6	2	1478	5
25557	7	4	2	5	1818	2
25558	7	4	2	4	1819	3
25559	7	4	2	3	1820	4
25560	8	5	1	2	1553	6
25561	8	5	8	3	829	8
25562	9	2	5	4	511	8
25563	10	7	8	4	605	3
25564	10	7	8	3	606	4
25565	10	7	8	2	607	5
25566	9	2	5	3	511	7
25567	7	4	2	2	1820	5
25568	8	5	1	2	1554	3
25569	8	7	8	7	608	8
25570	6	4	2	5	1820	2
25571	6	4	2	4	1821	3
25572	6	4	2	3	1822	4
25573	7	5	1	2	1554	6
25574	7	5	8	3	829	8
25575	8	2	5	4	512	8
25576	9	7	8	4	609	3
25577	9	7	8	3	610	4
25578	9	7	8	2	611	5
25579	8	2	5	3	512	7
25580	9	7	8	4	612	3
25581	9	7	8	3	613	4
25582	9	7	8	2	614	5
25583	7	5	8	2	829	3
25584	6	4	2	2	1822	5
25585	7	5	1	2	1555	3
25586	7	7	8	7	615	8
25587	4	1	2	2	1218	7
25588	4	3	6	4	1478	7
25589	5	9	3	3	1169	4
25590	5	9	3	2	1170	6
25591	6	5	1	2	1555	7
25592	5	4	2	5	1822	2
25593	5	4	2	4	1823	3
25594	5	4	2	3	1824	4
25595	5	4	2	2	1825	5
25596	6	5	1	3	1556	3
25597	6	5	1	2	1556	7
25598	6	7	8	7	616	8
25599	7	2	5	5	512	8
25600	6	2	5	5	513	8
25601	4	3	6	3	1478	2
25602	4	3	6	2	1479	3
25603	5	4	2	4	1825	3
25604	5	4	2	3	1826	4
25605	5	4	2	2	1827	5
25606	6	5	1	2	1557	7
25607	6	9	3	2	1170	6
25608	6	7	8	6	616	8
25609	7	2	5	3	514	8
25610	6	2	5	3	515	8
25611	4	9	3	3	1171	4
25612	4	9	3	2	1172	6
25613	5	5	1	2	1558	7
25614	4	5	1	4	1559	4
25615	4	5	1	3	1560	5
25616	5	4	2	3	1827	3
25617	5	4	2	2	1828	4
25618	4	5	1	2	1560	7
25619	5	4	2	4	1829	2
25620	5	4	2	3	1830	3
25621	5	4	2	2	1831	4
25622	4	4	2	5	1832	2
25623	4	4	2	4	1833	3
25624	4	4	2	3	1834	4
25625	4	4	2	2	1835	5
25626	5	7	8	7	616	8
25627	6	2	5	4	516	8
25628	5	2	5	4	517	8
25629	3	3	2	5	1859	3
25630	4	1	2	3	1219	6
25631	5	3	6	3	1479	7
25632	6	4	2	3	1835	4
25633	7	5	1	3	1560	5
25634	7	5	1	2	1561	7
25635	7	5	8	6	830	7
25636	8	9	3	3	1172	4
25637	8	9	3	2	1173	6
25638	7	9	3	3	1174	4
25639	7	9	3	2	1175	6
25640	6	4	2	2	1835	5
25641	7	5	1	2	1562	7
25642	7	9	3	2	1176	6
25643	5	3	6	2	1479	2
25644	5	4	2	3	1835	4
25645	6	5	1	3	1563	5
25646	6	5	1	2	1564	7
25647	6	5	8	6	830	7
25648	7	9	3	3	1177	4
25649	7	9	3	2	1178	6
25650	6	9	3	3	1179	4
25651	6	9	3	2	1180	6
25652	5	4	2	2	1835	5
25653	6	5	1	2	1565	7
25654	6	9	3	2	1181	6
25655	4	1	2	2	1219	7
25656	4	3	6	3	1480	2
25657	5	4	2	3	1835	5
25658	5	4	2	2	1836	6
25659	5	5	1	2	1566	5
25660	5	9	3	2	1182	6
25661	5	5	8	4	830	7
25662	6	7	8	3	616	8
25663	7	2	5	5	518	8
25664	8	9	2	4	279	2
25665	5	7	8	4	616	7
25666	4	3	6	2	1480	4
25667	5	4	2	4	1837	4
25668	6	9	3	2	1183	6
25669	5	4	2	3	1837	5
25670	6	5	1	3	1567	4
25671	6	5	1	2	1568	7
25672	7	5	8	5	830	8
25673	8	9	3	3	1184	8
25674	7	9	3	3	1185	8
25675	5	4	2	2	1837	6
25676	6	9	3	2	1186	4
25677	5	5	1	2	1568	5
25678	5	9	3	2	1187	6
25679	5	7	8	7	617	8
25680	6	2	5	5	518	8
25681	7	5	8	5	830	2
25682	7	5	8	4	831	4
25683	8	9	2	4	280	2
25684	7	5	8	3	831	5
25685	8	9	2	4	281	2
25686	7	5	8	2	831	6
25687	7	9	2	4	282	2
25688	6	2	5	4	518	7
25689	7	5	8	5	832	2
25690	7	5	8	4	833	4
25691	8	9	2	4	283	2
25692	7	5	8	3	833	5
25693	7	5	8	2	834	6
25694	4	4	2	4	1837	4
25695	5	9	3	2	1188	6
25696	4	4	2	3	1837	5
25697	5	5	1	3	1569	4
25698	5	5	1	2	1570	7
25699	6	5	8	6	835	8
25700	7	9	3	3	1189	8
25701	6	9	3	3	1190	8
25702	4	4	2	2	1837	6
25703	5	9	3	2	1191	4
25704	4	9	3	2	1192	6
25705	4	5	1	3	1570	3
25706	4	5	1	2	1570	5
25707	4	7	8	7	617	8
25708	5	2	5	5	518	8
25709	6	5	8	6	835	2
25710	6	5	8	5	836	3
25711	6	5	8	4	837	4
25712	7	9	2	4	284	2
25713	6	5	8	3	837	5
25714	7	9	2	4	285	2
25715	6	5	8	2	837	6
25716	6	9	2	4	286	2
25717	5	2	5	4	518	7
25718	6	5	8	6	838	2
25719	6	5	8	5	839	3
25720	6	5	8	4	840	4
25721	7	9	2	4	287	2
25722	6	5	8	3	840	5
25723	7	9	2	4	288	2
25724	6	5	8	2	840	6
25725	6	9	2	4	289	2
25726	6	6	8	5	170	5
25727	3	3	2	4	1859	4
25728	4	4	2	4	1837	5
25729	5	1	2	2	1220	7
25730	4	4	2	3	1837	6
25731	5	1	2	3	1221	5
25732	6	5	1	4	1571	4
25733	6	5	1	3	1572	5
25734	6	5	1	2	1573	7
25735	7	3	6	3	1480	2
25736	7	3	6	2	1481	5
25737	8	5	8	2	841	5
25738	7	5	8	2	842	5
25739	7	7	8	2	617	3
25740	6	3	6	5	1481	2
25741	6	3	6	4	1482	5
25742	7	2	5	5	518	8
25743	8	9	3	5	1193	4
25744	8	9	3	4	1194	5
25745	8	9	3	3	1195	6
25746	8	9	3	2	1196	7
25747	7	9	3	5	1197	4
25748	7	9	3	4	1198	5
25749	7	9	3	3	1199	6
25750	7	9	3	2	1200	7
25751	8	7	8	7	618	8
25752	6	3	6	3	1482	6
25753	7	9	3	2	1200	4
25754	6	3	6	2	1482	7
25755	7	2	5	5	518	8
25756	8	9	3	5	1201	4
25757	8	9	3	4	1202	5
25758	8	9	3	3	1203	6
25759	8	9	3	2	1204	7
25760	9	7	8	7	619	8
25761	7	9	3	5	1204	4
25762	7	9	3	4	1205	5
25763	7	9	3	3	1206	6
25764	7	9	3	2	1207	7
25765	8	7	8	7	620	8
25766	5	1	2	2	1221	7
25767	4	4	2	2	1837	7
25768	5	1	2	2	1222	5
25769	6	5	1	3	1573	5
25770	6	5	1	2	1574	6
25771	7	5	8	6	843	8
25772	8	9	3	3	1207	4
25773	8	9	3	2	1208	7
25774	7	9	3	3	1209	4
25775	7	9	3	2	1210	7
25776	6	3	6	5	1482	2
25777	6	3	6	4	1483	5
25778	7	2	5	5	518	8
25779	8	9	3	5	1211	4
25780	8	9	3	4	1212	5
25781	8	9	3	3	1213	6
25782	8	9	3	2	1214	7
25783	7	2	5	4	518	7
25784	8	9	3	5	1215	4
25785	8	9	3	4	1216	5
25786	8	9	3	3	1217	6
25787	8	9	3	2	1218	7
25788	6	3	6	3	1483	6
25789	7	2	5	5	518	8
25790	8	9	3	5	1219	4
25791	8	9	3	4	1220	5
25792	8	9	3	3	1221	6
25793	8	9	3	2	1222	7
25794	7	2	5	4	518	7
25795	8	9	3	5	1223	4
25796	8	9	3	4	1224	5
25797	8	9	3	3	1225	6
25798	8	9	3	2	1226	7
25799	6	3	6	2	1483	7
25800	3	3	2	3	1859	5
25801	4	4	2	3	1837	6
25802	5	5	1	3	1574	5
25803	5	5	1	2	1575	7
25804	4	4	2	2	1837	7
25805	5	1	2	2	1222	6
25806	3	3	2	2	1859	6
25807	4	4	2	2	1837	7
25808	4	3	6	3	1484	7
25809	5	1	2	2	1223	5
25810	2	2	1	5	1621	3
25811	3	5	1	5	1576	4
25812	4	4	2	3	1838	6
25813	5	3	2	3	1859	1
25814	6	1	2	2	1224	5
25815	5	1	2	2	1225	5
25816	4	4	2	2	1838	7
25817	5	3	2	4	1859	1
25818	5	3	2	3	1860	2
25819	6	1	2	2	1226	4
25820	4	3	2	4	1860	6
25821	3	5	1	4	1576	5
25822	4	5	8	6	843	8
25823	5	1	2	3	1227	4
25824	6	4	2	4	1838	8
25825	6	4	2	3	1839	7
25826	5	1	2	2	1227	5
25827	6	3	2	4	1861	4
25828	7	4	2	3	1840	6
25829	7	4	2	2	1841	7
25830	6	4	2	2	1842	7
25831	5	3	2	4	1861	1
25832	6	3	6	4	1484	7
25833	7	4	2	3	1843	3
25834	7	4	2	2	1844	4
25835	6	3	6	3	1484	6
25836	5	3	2	3	1861	2
25837	5	3	2	2	1862	5
25838	4	1	2	3	1227	4
25839	5	4	2	4	1845	8
25840	5	4	2	3	1846	7
25841	4	1	2	2	1227	5
25842	5	3	2	4	1863	4
25843	6	4	2	3	1847	6
25844	6	4	2	2	1848	7
25845	5	4	2	2	1849	7
25846	4	3	2	4	1863	1
25847	5	3	6	4	1485	7
25848	6	4	2	3	1850	3
25849	6	4	2	2	1851	4
25850	5	3	6	3	1485	6
25851	4	3	2	3	1863	2
25852	4	3	2	2	1864	5
25853	3	5	1	3	1576	6
25854	4	4	2	5	1852	3
25855	5	3	2	2	1865	1
25856	6	1	2	2	1227	7
25857	5	1	2	2	1228	7
25858	4	4	2	4	1852	4
25859	5	3	2	2	1865	1
25860	6	1	2	2	1229	7
25861	5	1	2	2	1230	7
25862	4	4	2	3	1852	5
25863	5	3	2	3	1865	1
25864	5	3	2	2	1866	2
25865	6	1	2	2	1231	7
25866	4	4	2	2	1852	7
25867	5	3	2	4	1866	2
25868	5	3	2	3	1867	4
25869	6	1	2	2	1232	5
25870	7	5	8	6	843	8
25871	8	9	3	3	1227	4
25872	8	9	3	2	1228	7
25873	7	9	3	3	1229	4
25874	7	9	3	2	1230	7
25875	5	3	2	2	1867	5
25876	5	5	8	6	843	7
25877	6	9	3	4	1231	7
25878	6	1	2	3	1232	4
25879	6	1	2	2	1233	5
25880	5	9	3	4	1232	7
25881	5	1	2	3	1234	4
25882	5	1	2	2	1235	5
25883	4	3	6	5	1486	7
25884	5	3	2	3	1868	4
25885	5	3	2	2	1869	5
25886	4	3	2	3	1870	4
25887	4	3	2	2	1871	5
25888	4	1	2	2	1236	4
25889	3	5	1	2	1576	7
25890	4	5	8	6	843	8
25891	5	3	2	6	1872	1
25892	6	1	2	3	1237	5
25893	6	1	2	2	1238	7
25894	7	3	6	4	1486	7
25895	8	4	2	4	1852	2
25896	9	9	3	2	1233	4
25897	8	4	2	3	1852	3
25898	8	4	2	2	1853	4
25899	9	9	3	3	1234	4
25900	9	9	3	2	1235	6
25901	9	2	5	4	518	8
25902	7	3	6	3	1486	6
25903	8	4	2	4	1853	2
25904	9	9	3	2	1236	4
25905	8	4	2	3	1853	3
25906	8	4	2	2	1854	4
25907	6	9	3	3	1237	8
25908	7	3	6	4	1486	2
25909	8	4	2	4	1855	3
25910	8	4	2	3	1856	4
25911	8	4	2	2	1857	5
25912	8	2	5	5	519	8
25913	9	7	8	3	621	5
25914	9	7	8	2	622	6
25915	8	2	5	4	519	7
25916	7	3	6	3	1486	3
25917	8	4	2	4	1858	3
25918	8	4	2	3	1859	4
25919	8	4	2	2	1860	5
25920	8	2	5	4	520	8
25921	9	9	2	5	290	3
25922	8	2	5	3	520	7
25923	7	3	6	2	1486	4
25924	8	4	2	5	1861	2
25925	8	4	2	4	1862	3
25926	8	4	2	3	1863	4
25927	9	2	5	3	521	8
25928	10	9	2	3	291	3
25929	9	2	5	2	521	6
25930	9	9	2	3	292	3
25931	8	4	2	2	1863	5
25932	8	2	5	4	522	8
25933	9	9	2	5	293	5
25934	8	2	5	3	522	7
25935	9	9	2	5	294	5
25936	7	4	2	5	1864	2
25937	7	4	2	4	1865	3
25938	7	4	2	3	1866	4
25939	8	2	5	4	522	8
25940	9	9	2	3	295	3
25941	8	2	5	3	522	7
25942	9	9	2	3	296	3
25943	7	4	2	2	1866	5
25944	7	2	5	4	522	8
25945	8	9	2	5	297	5
25946	7	2	5	3	522	7
25947	8	9	2	5	298	5
25948	6	9	3	2	1237	4
25949	6	4	2	4	1867	5
25950	5	3	2	5	1872	2
25951	6	1	2	3	1238	4
25952	6	1	2	2	1239	7
25953	7	3	6	3	1486	3
25954	7	3	6	2	1487	5
25955	8	4	2	4	1868	3
25956	8	4	2	3	1869	4
25957	8	4	2	2	1870	5
25958	7	4	2	4	1871	3
25959	7	4	2	3	1872	4
25960	7	4	2	2	1873	5
25961	5	4	2	3	1874	5
25962	5	4	2	2	1875	6
25963	6	3	2	2	1872	4
25964	7	1	2	2	1239	5
25965	8	3	6	3	1487	3
25966	8	3	6	2	1488	5
25967	6	1	2	2	1239	4
25968	5	3	6	5	1489	7
25969	6	3	2	3	1872	4
25970	6	3	2	2	1873	5
25971	5	3	6	4	1489	6
25972	6	3	2	3	1874	4
25973	6	3	2	2	1875	5
25974	6	1	2	2	1240	4
25975	4	3	2	6	1876	1
25976	5	1	2	3	1241	5
25977	5	1	2	2	1242	7
25978	6	3	6	4	1489	7
25979	7	4	2	4	1875	2
25980	8	9	3	2	1238	4
25981	7	4	2	3	1875	3
25982	7	4	2	2	1876	4
25983	8	9	3	3	1239	4
25984	8	9	3	2	1240	6
25985	8	7	8	7	623	7
25986	6	3	6	3	1489	6
25987	7	4	2	4	1876	2
25988	8	9	3	2	1241	4
25989	7	4	2	3	1876	3
25990	7	4	2	2	1877	4
25991	5	9	3	3	1242	8
25992	6	4	2	5	1878	2
25993	6	4	2	4	1879	3
25994	6	4	2	3	1880	4
25995	7	3	6	4	1489	2
25996	7	3	6	3	1490	3
25997	7	3	6	2	1491	4
25998	8	5	8	4	843	4
25999	7	7	8	7	624	8
26000	8	2	5	4	522	8
26001	9	5	8	5	844	2
26002	9	5	8	4	845	3
26003	9	5	8	3	846	4
26004	9	5	8	2	847	5
26005	8	2	5	3	522	7
26006	9	5	8	5	848	2
26007	9	5	8	4	849	3
26008	9	5	8	3	850	4
26009	9	5	8	2	851	5
26010	7	2	5	4	522	8
26011	7	2	5	3	523	7
26012	8	5	8	4	852	3
26013	8	5	8	3	853	4
26014	8	5	8	2	854	5
26015	6	4	2	2	1880	5
26016	6	3	6	4	1491	2
26017	6	3	6	3	1492	3
26018	6	3	6	2	1493	4
26019	7	7	8	7	624	8
26020	8	2	5	4	523	8
26021	9	5	8	4	855	2
26022	9	5	8	3	856	4
26023	9	5	8	2	857	5
26024	10	9	2	5	299	5
26025	9	9	2	5	300	5
26026	8	2	5	3	523	7
26027	9	5	8	4	857	2
26028	9	5	8	3	858	4
26029	9	5	8	2	859	5
26030	10	9	2	5	301	5
26031	9	9	2	5	302	5
26032	7	5	8	3	859	4
26033	7	5	8	2	860	5
26034	8	2	5	4	523	8
26035	8	2	5	3	524	7
26036	9	7	8	4	624	3
26037	9	7	8	3	625	4
26038	10	9	2	5	303	4
26039	9	7	8	2	625	6
26040	7	2	5	4	524	8
26041	7	2	5	3	525	7
26042	8	9	2	5	303	5
26043	6	5	8	5	860	6
26044	7	7	8	6	626	8
26045	8	2	5	4	525	8
26046	9	9	2	5	304	5
26047	8	2	5	3	525	7
26048	7	2	5	4	526	8
26049	7	2	5	3	527	7
26050	5	9	3	2	1242	4
26051	5	4	2	4	1881	5
26052	4	4	2	5	1882	3
26053	5	1	2	3	1242	4
26054	5	1	2	2	1243	7
26055	4	4	2	4	1882	4
26056	5	1	2	2	1244	7
26057	4	4	2	3	1882	5
26058	5	3	2	2	1876	2
26059	6	1	2	3	1245	4
26060	6	1	2	2	1246	7
26061	4	4	2	2	1882	6
26062	5	3	2	3	1876	2
26063	6	1	2	3	1247	8
26064	5	3	2	2	1876	4
26065	6	1	2	2	1248	5
26066	5	1	2	2	1249	4
26067	6	3	6	3	1493	3
26068	6	3	6	2	1494	4
26069	4	3	6	5	1495	7
26070	5	9	3	3	1243	6
26071	4	3	6	4	1495	6
26072	5	9	3	3	1244	6
26073	3	3	2	5	1876	1
26074	4	1	2	3	1249	5
26075	4	1	2	2	1250	7
26076	5	3	6	4	1495	7
26077	6	4	2	4	1882	2
26078	6	4	2	3	1883	3
26079	6	4	2	2	1884	4
26080	7	9	3	3	1245	4
26081	7	9	3	2	1246	6
26082	7	7	8	7	626	8
26083	5	3	6	3	1495	6
26084	6	4	2	4	1884	2
26085	6	4	2	3	1885	3
26086	6	4	2	2	1886	4
26087	4	9	3	3	1247	4
26088	4	9	3	2	1248	5
26089	5	4	2	4	1887	5
26090	6	3	6	4	1495	2
26091	6	3	6	3	1496	3
26092	7	7	8	6	627	8
26093	7	2	5	4	528	8
26094	8	5	8	4	860	4
26095	8	5	8	3	861	5
26096	9	7	8	4	628	3
26097	9	7	8	3	629	4
26098	9	7	8	2	630	6
26099	8	5	8	2	861	6
26100	7	2	5	3	528	7
26101	6	3	6	2	1496	4
26102	7	7	8	7	631	8
26103	7	2	5	4	529	8
26104	8	5	8	5	862	2
26105	8	5	8	4	863	4
26106	9	7	8	3	632	5
26107	9	7	8	2	633	6
26108	8	5	8	3	863	5
26109	9	7	8	4	634	3
26110	9	7	8	3	635	4
26111	9	7	8	2	636	6
26112	10	9	2	4	305	7
26113	8	5	8	2	863	6
26114	7	2	5	3	529	7
26115	8	5	8	5	864	2
26116	8	5	8	4	865	4
26117	9	7	8	3	636	5
26118	9	7	8	2	637	6
26119	8	5	8	3	865	5
26120	9	7	8	4	638	3
26121	9	7	8	3	639	4
26122	9	7	8	2	640	6
26123	10	9	2	4	306	7
26124	8	5	8	2	865	6
26125	6	7	8	7	640	8
26126	6	2	5	4	529	8
26127	7	9	2	4	307	7
26128	7	5	8	6	866	7
26129	6	2	5	3	529	7
26130	7	9	2	4	308	7
26131	7	5	8	6	867	7
26132	4	4	2	5	1887	2
26133	5	3	6	2	1496	4
26134	5	5	8	6	868	6
26135	4	4	2	4	1887	3
26136	4	4	2	3	1888	4
26137	4	4	2	2	1889	5
26138	3	3	2	4	1876	2
26139	4	1	2	3	1250	4
26140	4	1	2	2	1251	7
26141	5	3	6	3	1497	3
26142	5	3	6	2	1498	5
26143	6	4	2	4	1890	3
26144	6	4	2	3	1891	4
26145	7	9	3	2	1248	5
26146	6	4	2	2	1891	5
26147	6	9	3	2	1249	5
26148	6	7	8	7	641	8
26149	5	4	2	4	1892	3
26150	5	4	2	3	1893	4
26151	6	9	3	2	1250	5
26152	5	4	2	2	1893	5
26153	5	9	3	2	1251	5
26154	5	7	8	7	642	8
26155	3	4	2	3	1894	5
26156	3	4	2	2	1895	6
26157	4	3	2	2	1876	4
26158	5	1	2	2	1251	5
26159	6	3	6	5	1498	3
26160	6	3	6	4	1499	5
26161	7	2	5	4	529	8
26162	8	9	3	5	1252	4
26163	8	9	3	4	1253	5
26164	8	9	3	3	1254	6
26165	8	9	3	2	1255	7
26166	9	7	8	7	643	8
26167	7	9	3	5	1255	4
26168	7	9	3	4	1256	5
26169	7	9	3	3	1257	6
26170	7	9	3	2	1258	7
26171	8	7	8	7	644	8
26172	6	3	6	3	1499	6
26173	7	9	3	2	1258	4
26174	6	3	6	2	1499	7
26175	7	2	5	4	529	8
26176	8	9	3	5	1259	4
26177	8	9	3	4	1260	5
26178	8	9	3	3	1261	6
26179	8	9	3	2	1262	7
26180	9	7	8	7	645	8
26181	7	9	3	5	1262	4
26182	7	9	3	4	1263	5
26183	7	9	3	3	1264	6
26184	7	9	3	2	1265	7
26185	8	7	8	7	646	8
26186	4	1	2	2	1251	4
26187	5	3	6	3	1499	3
26188	5	3	6	2	1500	4
26189	6	5	8	2	869	4
26190	5	5	8	2	870	4
26191	3	3	2	3	1876	4
26192	4	1	2	2	1251	5
26193	5	3	6	5	1500	3
26194	5	3	6	4	1501	5
26195	6	2	5	4	529	8
26196	7	9	3	5	1265	4
26197	7	9	3	4	1266	5
26198	7	9	3	3	1267	6
26199	7	9	3	2	1268	7
26200	6	2	5	3	529	7
26201	7	9	3	5	1269	4
26202	7	9	3	4	1270	5
26203	7	9	3	3	1271	6
26204	7	9	3	2	1272	7
26205	5	3	6	3	1501	6
26206	6	2	5	4	529	8
26207	7	9	3	5	1273	4
26208	7	9	3	4	1274	5
26209	7	9	3	3	1275	6
26210	7	9	3	2	1276	7
26211	6	2	5	3	529	7
26212	7	9	3	5	1277	4
26213	7	9	3	4	1278	5
26214	7	9	3	3	1279	6
26215	7	9	3	2	1280	7
26216	5	3	6	2	1501	7
26217	3	3	2	2	1876	5
26218	3	5	8	6	871	7
26219	4	1	2	3	1251	4
26220	4	1	2	2	1252	5
26221	3	1	2	3	1253	4
26222	3	1	2	2	1254	5
26223	2	2	1	4	1621	4
26224	3	1	2	3	1255	5
26225	4	4	2	5	1895	8
26226	5	3	2	4	1877	7
26227	6	9	3	3	1281	7
26228	7	5	1	3	1576	5
26229	7	5	1	2	1577	6
26230	7	5	8	5	871	6
26231	4	4	2	3	1895	4
26232	5	9	3	2	1281	4
26233	6	3	6	3	1502	4
26234	6	3	6	2	1503	5
26235	6	5	8	3	872	7
26236	7	7	8	4	647	4
26237	5	5	8	3	872	7
26238	6	7	8	5	648	2
26239	6	2	5	4	529	8
26240	7	7	8	4	649	3
26241	7	7	8	3	650	4
26242	7	7	8	2	651	5
26243	5	5	8	2	872	4
26244	4	4	2	2	1895	6
26245	5	3	6	3	1504	4
26246	6	5	8	3	873	7
26247	7	7	8	4	652	4
26248	5	3	6	2	1504	5
26249	5	5	8	2	873	7
26250	3	1	2	2	1255	6
26251	4	3	2	4	1877	1
26252	5	9	3	3	1281	4
26253	5	9	3	2	1282	5
26254	6	4	2	5	1895	2
26255	6	4	2	4	1896	3
26256	6	4	2	3	1897	4
26257	7	5	1	2	1578	6
26258	7	5	8	3	874	8
26259	8	3	6	4	1505	3
26260	8	3	6	3	1506	4
26261	8	3	6	2	1507	5
26262	9	2	5	2	529	6
26263	9	7	8	4	653	3
26264	9	7	8	3	654	4
26265	9	7	8	2	655	5
26266	8	2	5	2	530	5
26267	7	5	8	2	874	3
26268	6	4	2	2	1897	5
26269	7	5	1	2	1579	3
26270	7	3	6	4	1507	3
26271	7	3	6	3	1508	4
26272	8	7	8	7	656	8
26273	7	3	6	2	1508	5
26274	8	7	8	7	657	8
26275	7	7	8	6	658	8
26276	4	3	2	3	1877	3
26277	5	3	6	3	1508	7
26278	6	4	2	3	1897	4
26279	7	5	1	3	1579	5
26280	7	5	1	2	1580	7
26281	7	5	8	6	875	7
26282	8	9	3	3	1282	4
26283	8	9	3	2	1283	6
26284	7	9	3	3	1284	4
26285	7	9	3	2	1285	6
26286	6	4	2	2	1897	5
26287	7	5	1	2	1581	7
26288	7	9	3	2	1286	6
26289	5	3	6	2	1508	4
26290	6	4	2	3	1897	4
26291	7	5	1	3	1582	5
26292	7	5	1	2	1583	7
26293	7	5	8	5	875	7
26294	8	9	3	3	1287	4
26295	8	9	3	2	1288	6
26296	7	5	8	4	875	4
26297	8	9	3	3	1289	4
26298	8	9	3	2	1290	6
26299	6	4	2	2	1897	5
26300	7	5	1	2	1584	7
26301	7	9	3	2	1291	6
26302	5	4	2	3	1897	4
26303	6	5	1	3	1585	5
26304	6	5	1	2	1586	7
26305	6	5	8	6	875	7
26306	7	9	3	3	1292	4
26307	7	9	3	2	1293	6
26308	6	9	3	3	1294	4
26309	6	9	3	2	1295	6
26310	5	4	2	2	1897	5
26311	6	5	1	2	1587	7
26312	6	9	3	2	1296	6
26313	4	4	2	2	1897	7
26314	4	3	2	2	1877	5
26315	3	3	2	4	1878	1
26316	4	3	6	4	1508	7
26317	5	9	3	3	1297	4
26318	5	9	3	2	1298	6
26319	6	5	1	4	1588	5
26320	6	5	1	3	1589	6
26321	6	5	1	2	1590	7
26322	7	4	2	4	1898	2
26323	7	4	2	3	1899	3
26324	7	4	2	2	1900	4
26325	6	4	2	4	1901	2
26326	6	4	2	3	1902	3
26327	6	4	2	2	1903	4
26328	5	4	2	4	1904	2
26329	5	4	2	3	1905	3
26330	6	5	1	3	1590	5
26331	5	4	2	2	1905	4
26332	6	5	1	3	1591	6
26333	6	5	1	2	1592	7
26334	7	5	8	5	875	8
26335	8	2	5	4	531	8
26336	7	7	8	7	659	7
26337	6	7	8	7	660	8
26338	4	3	6	3	1508	6
26339	5	9	3	3	1298	4
26340	5	9	3	2	1299	6
26341	5	4	2	3	1905	5
26342	5	4	2	2	1906	3
26343	5	5	1	2	1592	6
26344	3	3	2	3	1878	2
26345	4	3	6	3	1508	4
26346	5	4	2	4	1907	3
26347	5	4	2	3	1908	4
26348	6	9	3	2	1300	5
26349	6	5	1	2	1593	7
26350	5	4	2	2	1908	5
26351	6	5	1	3	1594	6
26352	5	9	3	2	1301	5
26353	5	5	1	3	1595	5
26354	5	5	1	2	1596	7
26355	5	7	8	7	661	8
26356	4	3	6	2	1508	5
26357	5	4	2	4	1908	3
26358	6	9	3	2	1302	5
26359	6	5	1	3	1597	6
26360	5	4	2	3	1908	4
26361	6	9	3	2	1303	5
26362	6	5	1	2	1598	7
26363	5	4	2	2	1908	5
26364	6	5	1	3	1599	6
26365	5	9	3	2	1304	5
26366	5	5	1	3	1600	5
26367	5	5	1	2	1601	7
26368	5	7	8	7	662	8
26369	4	4	2	4	1908	3
26370	5	9	3	2	1305	5
26371	5	5	1	3	1602	6
26372	4	4	2	3	1908	4
26373	5	9	3	2	1306	5
26374	5	5	1	2	1603	7
26375	4	4	2	2	1908	5
26376	5	5	1	3	1604	6
26377	4	9	3	2	1307	5
26378	4	5	1	3	1605	5
26379	4	5	1	2	1606	7
26380	4	7	8	7	663	8
26381	3	4	2	2	1908	6
26382	3	3	2	2	1878	5
26383	2	2	1	3	1621	5
26384	3	1	2	3	1255	6
26385	4	4	2	5	1909	8
26386	4	4	2	4	1910	3
26387	5	3	6	3	1508	3
26388	5	3	6	2	1508	5
26389	4	4	2	3	1910	4
26390	5	5	1	2	1607	6
26391	5	5	8	2	875	4
26392	4	4	2	2	1910	5
26393	5	5	1	3	1608	6
26394	6	5	8	3	876	8
26395	7	3	6	4	1509	3
26396	7	3	6	3	1510	4
26397	7	3	6	2	1511	5
26398	6	3	6	4	1512	3
26399	5	5	1	2	1608	7
26400	3	1	2	2	1255	7
26401	3	3	2	4	1879	1
26402	4	9	3	3	1308	4
26403	4	9	3	2	1309	5
26404	5	4	2	4	1910	5
26405	6	5	1	2	1609	7
26406	6	3	6	4	1512	2
26407	6	3	6	3	1513	4
26408	7	7	8	7	664	8
26409	7	2	5	4	532	8
26410	8	5	8	5	876	2
26411	8	5	8	4	877	4
26412	9	7	8	3	665	5
26413	9	7	8	2	666	6
26414	8	5	8	3	877	5
26415	9	7	8	4	667	3
26416	9	7	8	3	668	4
26417	9	7	8	2	669	6
26418	8	5	8	2	877	6
26419	7	2	5	3	532	7
26420	8	5	8	5	878	2
26421	8	5	8	4	879	4
26422	8	5	8	3	880	5
26423	8	5	8	2	881	6
26424	6	3	6	2	1513	5
26425	7	5	8	6	882	5
26426	8	7	8	5	670	8
26427	8	2	5	5	532	8
26428	9	7	8	4	671	3
26429	9	7	8	3	672	4
26430	9	7	8	2	673	6
26431	8	2	5	4	532	7
26432	7	5	8	5	882	7
26433	6	7	8	7	674	8
26434	6	2	5	4	533	8
26435	7	9	2	4	309	7
26436	7	5	8	6	883	7
26437	6	2	5	3	533	7
26438	7	9	2	4	310	7
26439	7	5	8	6	884	7
26440	5	4	2	3	1910	2
26441	5	4	2	2	1911	3
26442	4	5	1	4	1610	4
26443	4	5	1	3	1611	6
26444	4	5	1	2	1612	7
26445	5	5	8	6	885	8
26446	6	4	2	5	1912	2
26447	6	4	2	4	1913	3
26448	6	4	2	3	1914	4
26449	7	3	6	4	1513	2
26450	7	3	6	3	1514	4
26451	8	2	5	4	533	8
26452	9	9	2	3	311	3
26453	8	2	5	3	533	7
26454	7	3	6	2	1514	5
26455	8	2	5	5	534	8
26456	9	9	2	3	312	3
26457	8	2	5	4	534	7
26458	9	9	2	3	313	3
26459	7	2	5	4	534	8
26460	8	9	2	3	314	3
26461	7	2	5	3	534	7
26462	6	4	2	2	1914	5
26463	6	3	6	4	1514	2
26464	6	3	6	3	1515	4
26465	7	2	5	4	535	8
26466	8	9	2	5	315	5
26467	7	2	5	3	535	7
26468	8	9	2	5	316	5
26469	6	3	6	2	1515	5
26470	7	2	5	5	535	8
26471	8	9	2	5	317	5
26472	7	2	5	4	535	7
26473	8	9	2	5	318	5
26474	6	2	5	4	535	8
26475	7	9	2	5	319	5
26476	6	2	5	3	535	7
26477	7	9	2	5	320	5
26478	5	4	2	5	1915	2
26479	5	4	2	4	1916	3
26480	5	4	2	3	1917	4
26481	6	3	6	4	1515	2
26482	6	3	6	3	1516	4
26483	7	5	8	4	885	4
26484	6	3	6	2	1516	5
26485	7	7	8	7	675	8
26486	8	2	5	5	535	8
26487	9	5	8	5	886	2
26488	9	5	8	4	887	3
26489	9	5	8	3	888	4
26490	9	5	8	2	889	5
26491	8	2	5	4	535	7
26492	9	5	8	5	890	2
26493	9	5	8	4	891	3
26494	9	5	8	3	892	4
26495	9	5	8	2	893	5
26496	7	2	5	5	535	8
26497	7	2	5	4	536	7
26498	8	5	8	4	894	3
26499	8	5	8	3	895	4
26500	8	5	8	2	896	5
26501	6	7	8	7	675	8
26502	7	2	5	4	536	8
26503	8	5	8	5	897	2
26504	8	5	8	4	898	3
26505	9	9	2	3	321	3
26506	8	5	8	3	898	4
26507	8	5	8	2	899	5
26508	7	2	5	3	536	7
26509	6	2	5	4	537	8
26510	6	2	5	3	538	7
26511	5	4	2	2	1917	5
26512	5	3	6	4	1516	2
26513	5	3	6	3	1517	4
26514	6	7	8	7	675	8
26515	7	2	5	4	539	8
26516	8	5	8	4	900	2
26517	8	5	8	3	901	4
26518	8	5	8	2	902	5
26519	9	9	2	5	322	5
26520	8	9	2	5	323	5
26521	7	2	5	3	539	7
26522	8	5	8	4	902	2
26523	8	5	8	3	903	4
26524	8	5	8	2	904	5
26525	9	9	2	5	324	5
26526	8	9	2	5	325	5
26527	6	5	8	3	904	4
26528	6	5	8	2	905	5
26529	7	2	5	4	539	8
26530	7	2	5	3	540	7
26531	8	7	8	4	675	3
26532	8	7	8	3	676	4
26533	9	9	2	5	326	4
26534	8	7	8	2	676	6
26535	6	2	5	4	540	8
26536	6	2	5	3	541	7
26537	7	9	2	5	326	5
26538	5	3	6	2	1517	5
26539	6	5	8	5	905	5
26540	7	7	8	5	677	8
26541	8	2	5	5	541	8
26542	9	9	2	5	327	5
26543	8	2	5	4	541	7
26544	9	9	2	5	328	5
26545	7	2	5	5	541	8
26546	7	2	5	4	542	7
26547	8	7	8	4	677	3
26548	8	7	8	3	678	4
26549	9	9	2	5	329	5
26550	8	7	8	2	678	6
26551	5	5	8	5	905	6
26552	6	7	8	6	679	8
26553	7	2	5	4	542	8
26554	8	9	2	5	330	5
26555	7	2	5	3	542	7
26556	6	2	5	4	543	8
26557	6	2	5	3	544	7
26558	4	4	2	5	1918	2
26559	5	3	6	3	1517	4
26560	5	3	6	2	1518	5
26561	6	5	8	6	905	7
26562	7	7	8	6	679	8
26563	8	2	5	4	545	8
26564	9	9	2	3	331	5
26565	8	2	5	3	545	7
26566	6	5	8	5	905	4
26567	5	5	8	6	906	6
26568	4	4	2	4	1918	3
26569	4	4	2	3	1919	4
26570	4	4	2	2	1920	5
26571	3	3	2	3	1879	2
26572	3	3	2	2	1880	4
26573	2	2	1	2	1621	6
26574	3	1	2	2	1256	7
26575	4	4	2	5	1921	8
26576	5	3	2	4	1881	4
26577	4	3	2	4	1882	4
26578	5	4	2	2	1921	5
26579	6	5	1	2	1612	7
26580	6	9	3	3	1309	4
26581	6	9	3	2	1310	5
26582	5	5	8	7	907	8
26583	6	9	3	4	1311	7
26584	6	5	1	3	1613	4
26585	6	5	1	2	1614	5
26586	5	5	1	4	1615	8
26587	6	9	3	4	1312	7
26588	5	9	3	4	1313	7
26589	5	5	1	2	1615	4
26590	4	3	6	3	1518	7
26591	5	4	2	3	1921	3
26592	5	4	2	2	1922	4
26593	4	3	6	2	1518	5
26594	3	3	2	4	1882	1
26595	4	3	6	4	1519	7
26596	5	9	3	3	1314	4
26597	5	9	3	2	1315	6
26598	6	5	1	2	1616	7
26599	5	4	2	5	1923	2
26600	5	4	2	4	1924	3
26601	5	4	2	3	1925	4
26602	6	5	1	2	1617	7
26603	6	7	8	7	679	8
26604	7	2	5	3	546	8
26605	6	2	5	3	547	8
26606	5	4	2	2	1925	5
26607	6	5	1	3	1618	3
26608	6	5	1	2	1618	7
26609	6	7	8	7	679	8
26610	7	2	5	4	548	8
26611	6	2	5	4	549	8
26612	4	3	6	3	1519	6
26613	5	9	3	3	1315	4
26614	5	9	3	2	1316	6
26615	6	5	1	2	1619	7
26616	5	4	2	5	1925	2
26617	5	4	2	4	1926	3
26618	5	4	2	3	1927	4
26619	6	5	1	2	1620	7
26620	6	7	8	7	679	8
26621	7	2	5	3	550	8
26622	6	2	5	3	551	8
26623	5	4	2	2	1927	5
26624	6	5	1	3	1621	3
26625	6	5	1	2	1621	7
26626	6	7	8	7	679	8
26627	7	2	5	4	552	8
26628	6	2	5	4	553	8
26629	3	3	2	3	1882	3
26630	4	3	6	3	1519	4
26631	5	4	2	3	1927	5
26632	5	4	2	2	1928	6
26633	6	9	3	2	1316	4
26634	5	5	1	2	1622	5
26635	5	5	8	4	907	4
26636	4	3	6	2	1519	5
26637	5	4	2	4	1928	4
26638	6	9	3	2	1317	6
26639	5	4	2	3	1928	5
26640	6	5	1	3	1623	4
26641	6	5	1	2	1624	7
26642	7	5	8	6	908	8
26643	8	9	3	3	1318	8
26644	7	9	3	3	1319	8
26645	5	4	2	2	1928	6
26646	6	9	3	2	1320	4
26647	5	9	3	2	1321	6
26648	5	5	1	3	1624	3
26649	5	5	1	2	1624	5
26650	5	7	8	7	679	8
26651	6	2	5	4	554	8
26652	7	5	8	6	908	2
26653	7	5	8	5	909	3
26654	7	5	8	4	910	4
26655	8	9	2	4	332	2
26656	7	5	8	3	910	5
26657	8	9	2	4	333	2
26658	7	5	8	2	910	6
26659	7	9	2	4	334	2
26660	6	2	5	3	554	7
26661	7	5	8	6	911	2
26662	7	5	8	5	912	3
26663	7	5	8	4	913	4
26664	8	9	2	4	335	2
26665	7	5	8	3	913	5
26666	8	9	2	4	336	2
26667	7	5	8	2	913	6
26668	7	9	2	4	337	2
26669	7	6	8	5	171	5
26670	4	4	2	4	1928	4
26671	5	9	3	2	1322	6
26672	4	4	2	3	1928	5
26673	5	5	1	3	1625	4
26674	5	5	1	2	1626	7
26675	6	5	8	6	914	8
26676	7	9	3	3	1323	8
26677	6	9	3	3	1324	8
26678	4	4	2	2	1928	6
26679	5	9	3	2	1325	4
26680	4	9	3	2	1326	6
26681	4	5	1	3	1626	3
26682	4	5	1	2	1626	5
26683	4	7	8	7	679	8
26684	5	2	5	5	554	8
26685	6	5	8	6	914	2
26686	6	5	8	5	915	3
26687	7	6	8	2	172	1
26688	7	9	2	4	338	2
26689	6	5	8	4	915	4
26690	7	9	2	4	339	2
26691	7	6	8	2	173	2
26692	6	5	8	3	915	5
26693	7	9	2	4	340	2
26694	6	5	8	2	915	6
26695	6	9	2	4	341	2
26696	5	2	5	4	554	7
26697	6	5	8	6	916	2
26698	6	5	8	5	917	3
26699	7	6	8	2	174	1
26700	6	5	8	4	917	4
26701	7	9	2	4	342	2
26702	6	5	8	3	917	5
26703	7	9	2	4	343	2
26704	6	5	8	2	917	6
26705	6	9	2	4	344	2
26706	6	7	2	2	100	2
26707	3	3	2	2	1882	4
26708	3	4	2	2	1928	6
26709	4	5	1	3	1627	5
26710	4	5	1	2	1628	7
26711	2	3	6	6	1519	7
26712	3	4	2	5	1928	3
26713	3	4	2	4	1929	4
26714	4	3	2	2	1883	2
26715	3	4	2	3	1929	5
26716	4	3	2	3	1884	2
26717	4	3	2	2	1885	3
26718	5	5	1	2	1629	4
26719	5	9	3	3	1327	4
26720	5	9	3	2	1328	7
26721	5	7	8	6	679	8
26722	6	2	5	5	554	8
26723	3	4	2	2	1929	6
26724	4	3	2	4	1885	2
26725	4	3	2	3	1886	3
26726	4	3	2	2	1887	4
26727	5	5	1	3	1629	4
26728	5	5	1	2	1629	5
26729	5	9	3	3	1329	4
26730	5	9	3	2	1330	7
26731	5	7	8	7	679	8
26732	6	2	5	5	555	8
26733	7	5	8	5	918	2
26734	8	9	2	2	345	3
26735	7	5	8	4	918	3
26736	8	9	2	4	346	7
26737	7	5	8	3	918	4
26738	8	9	2	4	347	7
26739	8	6	8	2	175	2
26740	7	5	8	2	918	5
26741	8	9	2	4	348	7
26742	8	9	2	2	349	3
26743	7	9	2	4	350	7
26744	7	9	2	2	351	3
26745	6	2	5	4	555	6
26746	7	5	8	5	918	2
26747	8	9	2	2	352	3
26748	7	5	8	4	918	3
26749	8	9	2	4	353	7
26750	7	5	8	3	918	4
26751	8	9	2	4	354	7
26752	7	5	8	2	918	5
26753	8	9	2	4	355	7
26754	8	9	2	2	356	3
26755	7	9	2	4	357	7
26756	7	9	2	2	358	3
26757	5	2	5	4	555	6
26758	6	5	8	4	918	3
26759	6	5	8	3	919	4
26760	7	7	8	3	679	5
26761	7	7	8	2	680	6
26762	8	9	2	4	359	7
26763	6	5	8	2	919	5
26764	7	9	2	4	360	7
26765	7	7	8	3	680	6
26766	8	9	2	2	361	3
26767	6	9	2	4	362	7
26768	5	5	8	4	919	3
26769	5	5	8	3	920	4
26770	6	7	8	3	680	5
26771	6	7	8	2	681	6
26772	7	2	5	3	555	3
26773	7	2	5	2	556	4
26774	5	5	8	2	920	5
26775	6	2	5	3	557	3
26776	6	2	5	2	558	4
26777	3	5	8	7	920	7
26778	4	5	1	5	1630	8
26779	5	9	3	4	1331	7
26780	6	3	2	5	1887	6
26781	5	9	3	3	1331	4
26782	5	9	3	2	1332	5
26783	4	9	3	5	1333	7
26784	5	5	1	4	1630	3
26785	5	5	1	3	1630	4
26786	5	5	1	2	1631	5
26787	6	3	2	4	1888	3
26788	6	3	2	3	1889	4
26789	6	3	2	2	1890	5
26790	4	9	3	4	1333	8
26791	5	3	2	4	1891	2
26792	5	3	2	3	1892	3
26793	5	3	2	2	1893	4
26794	4	9	3	3	1333	4
26795	4	9	3	2	1334	5
26796	5	5	1	2	1631	4
26797	5	2	5	5	559	8
26798	6	9	2	2	363	3
26799	5	9	2	2	364	3
26800	3	5	1	5	1631	8
26801	4	9	3	4	1334	7
26802	5	3	2	5	1894	6
26803	3	9	3	5	1334	7
26804	4	5	1	4	1631	3
26805	4	5	1	3	1631	4
26806	4	5	1	2	1632	5
26807	5	3	2	4	1895	3
26808	5	3	2	3	1896	4
26809	5	3	2	2	1897	5
26810	3	9	3	4	1334	8
26811	4	3	2	4	1898	2
26812	4	3	2	3	1899	3
26813	4	3	2	2	1900	4
26814	3	9	3	3	1334	4
26815	3	9	3	2	1335	5
26816	4	5	1	2	1632	4
26817	2	4	2	5	1929	3
26818	2	4	2	4	1930	4
26819	3	3	2	2	1901	2
26820	2	4	2	3	1930	5
26821	3	3	2	3	1902	2
26822	3	3	2	2	1903	3
26823	4	5	1	2	1632	4
26824	4	3	6	3	1519	2
26825	4	3	6	2	1520	4
26826	5	9	3	3	1335	4
26827	5	9	3	2	1336	7
26828	4	9	3	3	1337	4
26829	4	9	3	2	1338	7
26830	4	5	8	4	920	6
26831	2	4	2	2	1930	6
26832	3	3	2	4	1903	2
26833	3	3	2	3	1904	3
26834	3	3	2	2	1905	4
26835	4	5	1	3	1632	4
26836	4	5	1	2	1632	5
26837	4	3	6	3	1520	2
26838	4	3	6	2	1521	3
26839	4	9	3	3	1339	4
26840	4	9	3	2	1340	7
26841	4	5	8	5	921	5
26842	5	7	8	5	681	8
26843	6	2	5	4	559	8
26844	7	9	2	4	365	7
26845	7	9	2	2	366	3
26846	6	2	5	3	559	6
26847	5	2	5	3	560	6
26848	4	5	8	4	921	6
26849	5	7	8	6	681	8
26850	6	2	5	4	561	8
26851	7	9	2	4	367	7
26852	7	9	2	2	368	3
26853	6	2	5	3	561	6
26854	5	2	5	3	562	6
26855	2	5	8	7	921	7
26856	3	5	1	5	1633	8
26857	4	9	3	4	1341	7
26858	5	3	2	5	1905	6
26859	4	9	3	3	1341	4
26860	4	9	3	2	1342	5
26861	3	5	1	4	1633	6
26862	4	9	3	5	1343	7
26863	4	9	3	4	1344	8
26864	4	9	3	3	1345	4
26865	4	9	3	2	1346	5
26866	3	5	1	3	1633	5
26867	4	9	3	5	1347	7
26868	5	3	2	3	1906	3
26869	5	3	2	2	1907	4
26870	4	9	3	4	1347	8
26871	4	3	2	3	1908	3
26872	4	3	2	2	1909	4
26873	2	5	1	5	1633	8
26874	3	9	3	4	1348	7
26875	4	3	2	5	1910	6
26876	2	5	1	4	1633	6
26877	3	9	3	5	1348	7
26878	3	9	3	4	1349	8
26879	3	9	3	3	1350	4
26880	3	9	3	2	1351	5
26881	2	5	1	3	1633	5
26882	3	9	3	5	1352	7
26883	4	3	2	3	1911	3
26884	4	3	2	2	1912	4
26885	3	9	3	4	1352	8
26886	1	2	5	6	563	8
26887	2	4	2	7	1930	2
26888	3	5	1	2	1633	7
26889	4	1	2	4	1256	8
26890	5	5	8	6	921	8
26891	6	9	3	5	1353	8
26892	5	9	3	5	1354	8
26893	4	1	2	3	1256	7
26894	5	5	8	6	921	8
26895	6	9	3	4	1355	7
26896	6	3	6	4	1522	7
26897	5	9	3	4	1356	7
26898	4	9	3	2	1357	5
26899	3	9	3	5	1358	8
26900	4	6	2	5	971	7
26901	2	4	2	6	1930	3
26902	3	3	2	2	1913	1
26903	4	1	2	4	1256	8
26904	5	5	1	4	1633	5
26905	6	2	1	2	1621	2
26906	5	5	1	3	1633	6
26907	6	2	1	2	1622	3
26908	5	5	1	2	1633	7
26909	6	6	2	2	972	4
26910	5	9	3	3	1358	8
26911	4	1	2	3	1256	7
26912	5	5	1	3	1633	7
26913	6	9	3	2	1359	5
26914	5	5	1	2	1633	5
26915	4	5	1	3	1634	7
26916	4	5	1	2	1635	5
26917	3	1	2	5	1256	8
26918	4	5	1	3	1636	6
26919	5	2	1	3	1623	3
26920	5	2	1	2	1624	5
26921	4	5	1	2	1636	7
26922	5	2	1	2	1625	3
26923	4	9	3	5	1360	8
26924	5	2	1	3	1626	3
26925	5	2	1	2	1627	5
26926	3	5	1	2	1636	6
26927	3	5	8	4	921	8
26928	4	1	2	3	1256	4
26929	4	1	2	2	1257	6
26930	3	5	8	3	921	6
26931	4	1	2	3	1258	4
26932	4	1	2	2	1259	6
26933	2	4	2	5	1930	4
26934	3	3	2	3	1913	1
26935	4	1	2	4	1260	8
26936	5	5	1	3	1637	6
26937	6	2	1	2	1628	3
26938	5	5	1	2	1637	7
26939	6	6	2	2	973	5
26940	6	2	1	4	1629	2
26941	6	2	1	3	1630	3
26942	6	2	1	2	1631	5
26943	5	9	3	5	1360	8
26944	6	2	1	4	1632	2
26945	6	2	1	3	1633	3
26946	6	2	1	2	1634	5
26947	6	3	6	3	1523	7
26948	7	6	2	3	974	5
26949	6	3	6	2	1523	4
26950	6	6	2	2	975	5
26951	4	5	1	2	1637	6
26952	5	1	2	2	1260	6
26953	4	1	2	3	1261	7
26954	5	5	8	6	921	8
26955	6	9	3	4	1360	7
26956	7	2	1	4	1635	2
26957	7	2	1	3	1636	3
26958	7	2	1	2	1637	4
26959	6	9	3	3	1360	4
26960	6	9	3	2	1361	5
26961	5	9	3	4	1362	7
26962	6	2	1	4	1638	2
26963	6	2	1	3	1639	3
26964	6	2	1	2	1640	4
26965	4	9	3	2	1362	5
26966	3	3	2	2	1913	2
26967	4	1	2	4	1261	8
26968	5	2	1	3	1641	3
26969	5	2	1	2	1642	5
26970	4	5	1	2	1637	6
26971	5	2	1	3	1643	3
26972	5	2	1	2	1644	4
26973	6	9	3	4	1363	4
26974	7	1	2	2	1261	5
26975	6	1	2	2	1262	5
26976	4	5	8	6	921	8
26977	5	1	2	3	1263	5
26978	5	1	2	2	1264	6
26979	5	9	3	4	1363	7
26980	6	2	1	3	1644	3
26981	6	2	1	2	1645	4
26982	5	2	1	3	1646	3
26983	5	2	1	2	1647	4
26984	4	1	2	3	1265	5
26985	4	1	2	2	1266	6
26986	4	9	3	4	1363	7
26987	5	2	1	3	1648	3
26988	5	2	1	2	1649	4
26989	3	1	2	4	1267	8
26990	4	2	1	3	1650	2
26991	5	3	6	2	1524	4
26992	6	9	3	2	1363	6
26993	6	5	1	3	1637	8
26994	7	6	2	3	976	7
26995	6	5	1	2	1637	5
26996	5	9	3	2	1364	6
26997	5	5	1	3	1638	8
26998	6	6	2	3	977	7
26999	5	5	1	2	1638	5
27000	4	2	1	2	1650	6
27001	5	9	3	2	1365	6
27002	5	5	1	3	1639	8
27003	6	3	6	3	1524	4
27004	6	3	6	2	1525	5
27005	7	6	2	3	978	7
27006	6	6	2	3	979	7
27007	5	5	1	2	1639	5
27008	3	5	1	2	1640	5
27009	3	5	8	6	921	8
27010	4	1	2	3	1267	5
27011	4	1	2	2	1268	6
27012	5	2	1	3	1650	2
27013	5	2	1	2	1651	4
27014	4	9	3	4	1366	7
27015	5	2	1	3	1652	2
27016	5	2	1	2	1653	5
27017	4	2	1	3	1654	2
27018	4	2	1	2	1655	5
27019	3	1	2	3	1268	5
27020	3	1	2	2	1269	6
27021	4	2	1	3	1656	2
27022	4	2	1	2	1657	4
27023	3	9	3	4	1366	7
27024	4	2	1	3	1658	2
27025	4	2	1	2	1659	5
27026	2	4	2	4	1930	5
27027	3	1	2	4	1269	8
27028	4	3	2	4	1913	1
27029	5	5	1	3	1641	3
27030	5	5	1	2	1641	7
27031	5	9	3	4	1366	8
27032	6	2	1	4	1660	2
27033	6	2	1	3	1661	3
27034	7	6	2	3	980	3
27035	6	2	1	2	1661	5
27036	7	6	2	3	981	3
27037	4	3	2	3	1913	2
27038	5	2	1	3	1661	3
27039	5	2	1	2	1662	5
27040	4	3	2	2	1913	3
27041	5	2	1	3	1663	2
27042	6	5	1	3	1642	4
27043	6	5	1	2	1643	7
27044	7	9	3	3	1366	6
27045	6	3	6	2	1525	4
27046	6	9	3	3	1367	8
27047	5	2	1	2	1663	6
27048	6	5	1	3	1643	4
27049	6	5	1	2	1644	7
27050	7	9	3	3	1368	6
27051	6	9	3	3	1369	8
27052	5	5	1	2	1644	4
27053	5	3	6	4	1526	7
27054	6	9	3	3	1370	8
27055	7	6	2	2	982	4
27056	5	9	3	3	1370	8
27057	4	5	1	3	1645	6
27058	5	2	1	3	1663	3
27059	5	2	1	2	1664	5
27060	4	5	1	2	1645	7
27061	4	9	3	5	1371	8
27062	5	6	2	3	983	7
27063	6	3	6	4	1526	3
27064	7	7	8	6	681	8
27065	8	7	1	4	763	7
27066	9	2	1	4	1665	2
27067	9	2	1	3	1666	3
27068	6	3	6	3	1526	5
27069	7	7	8	7	681	8
27070	8	2	1	5	1667	2
27071	8	2	1	4	1668	3
27072	8	2	1	3	1668	5
27073	8	2	1	2	1669	6
27074	6	3	6	2	1526	6
27075	7	7	8	7	681	8
27076	8	2	1	5	1670	2
27077	8	2	1	4	1670	3
27078	8	2	1	3	1671	5
27079	8	2	1	2	1672	6
27080	6	2	1	5	1673	7
27081	3	3	2	4	1913	1
27082	4	5	1	2	1646	3
27083	3	3	2	3	1913	2
27084	4	5	1	2	1646	6
27085	5	1	2	2	1269	6
27086	5	2	1	2	1674	3
27087	4	5	8	6	921	8
27088	5	9	3	3	1371	5
27089	5	9	3	2	1372	6
27090	4	1	2	3	1270	4
27091	4	1	2	2	1271	6
27092	4	9	3	4	1373	7
27093	5	2	1	3	1675	3
27094	5	2	1	2	1676	4
27095	3	3	2	2	1913	3
27096	4	5	1	2	1646	4
27097	4	1	2	2	1272	6
27098	5	2	1	3	1677	2
27099	5	2	1	2	1678	4
27100	4	2	1	3	1679	2
27101	4	2	1	2	1680	5
27102	3	5	1	2	1647	6
27103	2	4	2	3	1930	6
27104	3	1	2	4	1272	8
27105	4	3	2	5	1913	1
27106	5	2	1	4	1681	2
27107	5	2	1	3	1682	3
27108	6	5	1	3	1648	8
27109	5	2	1	2	1682	5
27110	6	5	1	3	1649	8
27111	4	3	2	4	1913	2
27112	5	2	1	3	1682	3
27113	5	2	1	2	1683	5
27114	4	3	2	3	1913	3
27115	5	2	1	3	1684	2
27116	6	5	1	3	1650	5
27117	6	5	1	2	1651	7
27118	5	2	1	2	1684	6
27119	6	5	1	3	1652	5
27120	6	5	1	2	1653	7
27121	5	5	1	2	1654	5
27122	6	3	6	4	1526	7
27123	7	9	3	3	1373	7
27124	8	7	1	3	763	8
27125	6	9	3	3	1373	7
27126	7	3	6	3	1526	2
27127	7	3	6	2	1527	4
27128	8	7	1	3	764	8
27129	7	7	1	3	765	8
27130	5	3	6	4	1527	7
27131	6	9	3	3	1373	8
27132	5	9	3	3	1374	8
27133	4	3	2	2	956	4
27134	5	5	1	4	827	4
27135	5	5	1	3	828	5
27136	6	9	3	4	687	8
27137	7	2	1	3	842	2
27138	7	2	1	2	843	6
27139	5	5	1	2	828	7
27140	6	2	1	4	844	2
27141	6	2	1	3	845	3
27142	6	2	1	2	846	5
27143	5	9	3	5	687	8
27144	6	7	8	7	340	8
27145	7	2	1	5	847	2
27146	7	2	1	4	848	3
27147	7	2	1	3	849	5
27148	7	2	1	2	850	6
27149	7	3	6	4	763	7
27150	8	6	2	3	491	7
27151	8	7	1	3	383	6
27152	7	3	6	2	763	3
27153	7	6	2	3	492	7
27154	4	2	1	3	851	2
27155	5	5	1	3	828	5
27156	6	3	6	3	764	3
27157	6	3	6	2	765	4
27158	7	5	8	5	460	8
27159	8	9	3	5	687	8
27160	7	9	3	5	688	8
27161	5	5	1	2	828	7
27162	6	9	3	5	689	6
27163	6	9	3	4	690	8
27164	5	9	3	4	691	8
27165	6	3	6	3	765	3
27166	6	3	6	2	766	4
27167	7	6	2	2	493	4
27168	4	2	1	2	851	6
27169	5	5	1	3	828	5
27170	6	5	8	6	460	8
27171	7	9	3	5	691	8
27172	6	9	3	5	692	8
27173	5	5	1	2	828	7
27174	6	9	3	5	693	6
27175	6	9	3	4	694	8
27176	5	9	3	4	695	8
27177	6	6	2	2	494	4
27178	4	5	1	2	828	5
27179	5	3	6	3	766	7
27180	5	3	6	2	767	4
27181	5	9	3	4	695	7
27182	6	5	8	4	460	6
27183	4	3	6	3	768	7
27184	5	9	3	3	695	7
27185	4	3	6	2	768	4
27186	5	9	3	3	696	7
27187	4	9	3	3	697	7
27188	3	5	8	7	461	8
27189	4	1	2	3	636	4
27190	4	1	2	2	637	5
27191	5	2	1	3	851	2
27192	6	3	2	2	956	1
27193	6	5	1	3	828	4
27194	6	5	1	2	829	5
27195	5	2	1	2	851	3
27196	6	3	2	2	957	1
27197	6	5	1	3	830	4
27198	6	5	1	2	831	5
27199	7	3	6	3	768	7
27200	8	7	8	5	340	2
27201	8	7	8	4	341	3
27202	8	7	8	3	342	4
27203	8	7	8	2	343	5
27204	7	3	6	2	768	3
27205	4	9	3	4	698	7
27206	5	5	1	4	831	7
27207	6	3	2	5	958	1
27208	6	3	2	4	959	2
27209	6	3	2	3	960	3
27210	6	3	2	2	961	4
27211	6	2	1	3	851	3
27212	6	2	1	2	852	4
27213	5	5	1	3	831	3
27214	6	3	2	2	962	1
27215	5	5	1	2	831	4
27216	5	2	1	3	853	3
27217	5	2	1	2	854	4
27218	4	9	3	3	698	4
27219	4	9	3	2	699	5
27220	5	3	2	4	963	2
27221	5	3	2	3	964	3
27222	5	3	2	2	965	4
27223	5	5	1	2	832	5
27224	6	2	1	3	855	3
27225	6	2	1	2	856	4
27226	4	5	1	4	832	3
27227	4	5	1	3	833	4
27228	5	2	1	3	857	2
27229	5	2	1	2	858	5
27230	4	5	1	2	833	5
27231	5	2	1	3	859	3
27232	5	2	1	2	860	4
27233	5	3	2	4	966	4
27234	4	3	2	5	967	1
27235	4	3	2	4	968	2
27236	4	3	2	3	969	3
27237	4	3	2	2	970	4
27238	3	1	2	3	637	4
27239	3	1	2	2	638	5
27240	4	2	1	3	861	2
27241	5	3	2	2	971	1
27242	5	5	1	3	833	4
27243	5	5	1	2	834	5
27244	5	9	3	2	699	5
27245	5	3	6	3	769	2
27246	5	3	6	2	770	5
27247	6	5	8	2	461	5
27248	7	6	8	3	88	2
27249	5	5	8	2	461	5
27250	4	2	1	2	861	3
27251	5	3	2	2	972	1
27252	5	5	1	3	835	4
27253	5	5	1	2	836	5
27254	6	3	6	3	770	7
27255	6	3	6	2	771	3
27256	5	9	3	2	700	5
27257	5	3	6	3	772	3
27258	5	3	6	2	773	5
27259	6	5	8	2	462	5
27260	5	5	8	2	463	5
27261	3	9	3	4	701	7
27262	4	5	1	4	836	7
27263	5	3	2	5	973	1
27264	5	3	2	4	974	2
27265	5	3	2	3	975	3
27266	6	2	1	3	861	2
27267	6	2	1	2	862	5
27268	5	3	2	2	975	4
27269	5	2	1	3	863	3
27270	5	2	1	2	864	4
27271	4	5	1	3	836	3
27272	5	3	2	2	976	1
27273	4	5	1	2	836	4
27274	4	2	1	3	865	3
27275	4	2	1	2	866	4
27276	3	5	1	3	837	3
27277	4	3	2	2	977	1
27278	3	5	1	2	837	4
27279	3	2	1	3	867	3
27280	4	3	2	2	978	2
27281	3	2	1	2	867	4
27282	4	3	2	2	979	2
27283	3	3	2	4	980	4
27284	2	4	2	2	965	7
27285	3	1	2	4	638	8
27286	4	2	1	5	867	2
27287	5	3	2	4	981	1
27288	5	3	2	3	982	3
27289	6	9	3	2	701	6
27290	7	5	1	3	838	3
27291	7	5	1	2	838	5
27292	6	5	1	3	839	8
27293	6	5	1	2	840	3
27294	5	3	2	2	982	4
27295	5	5	1	3	840	4
27296	5	5	1	2	841	5
27297	6	9	3	2	701	5
27298	7	6	2	3	495	3
27299	4	2	1	4	867	3
27300	5	5	1	3	841	4
27301	6	9	3	5	701	8
27302	7	3	2	3	983	1
27303	5	5	1	2	841	6
27304	6	3	2	3	984	2
27305	6	3	2	2	985	4
27306	5	9	3	5	701	8
27307	6	3	2	4	986	1
27308	6	3	2	3	987	2
27309	6	3	2	2	988	4
27310	4	2	1	3	867	5
27311	5	5	1	3	841	4
27312	6	9	3	5	701	8
27313	7	3	2	3	989	1
27314	5	5	1	2	841	6
27315	6	3	2	3	990	2
27316	6	3	2	2	991	4
27317	5	9	3	5	701	8
27318	6	3	2	4	992	1
27319	6	3	2	3	993	2
27320	6	3	2	2	994	4
27321	4	2	1	2	867	6
27322	5	3	2	4	995	1
27323	5	3	2	3	996	3
27324	6	9	3	2	701	6
27325	7	5	1	3	841	3
27326	7	5	1	2	841	5
27327	6	5	1	3	842	8
27328	6	5	1	2	843	3
27329	5	3	2	2	996	4
27330	5	5	1	3	843	4
27331	5	5	1	2	844	5
27332	6	9	3	2	701	5
27333	7	6	2	3	496	3
27334	4	3	6	6	773	7
27335	5	9	3	5	701	7
27336	6	3	2	5	997	2
27337	6	3	2	4	998	3
27338	7	6	2	2	497	5
27339	8	5	1	2	844	3
27340	7	5	1	3	844	3
27341	6	3	2	3	998	4
27342	7	5	1	3	844	5
27343	7	5	1	2	845	6
27344	6	3	2	2	998	5
27345	7	5	1	4	846	4
27346	7	5	1	3	847	5
27347	8	6	2	3	497	3
27348	7	5	1	2	847	6
27349	6	5	1	3	848	5
27350	7	6	2	2	498	3
27351	6	5	1	2	848	6
27352	5	9	3	4	701	8
27353	6	5	1	5	849	8
27354	6	5	8	7	464	8
27355	6	5	1	4	850	3
27356	6	5	1	3	851	4
27357	6	5	1	2	852	5
27358	7	3	2	4	998	5
27359	4	9	3	5	701	7
27360	5	3	2	5	999	2
27361	5	3	2	4	1000	3
27362	6	3	6	3	773	2
27363	6	3	6	2	774	4
27364	7	5	1	3	852	5
27365	7	5	1	2	853	6
27366	6	6	2	2	499	5
27367	7	5	1	2	854	3
27368	6	5	1	3	854	3
27369	5	3	2	3	1000	4
27370	6	5	1	3	854	5
27371	6	5	1	2	855	6
27372	5	3	2	2	1000	5
27373	6	3	6	3	774	2
27374	6	3	6	2	775	4
27375	7	5	1	4	856	4
27376	7	5	1	3	857	5
27377	8	6	2	3	499	3
27378	7	5	1	2	857	6
27379	6	5	1	4	858	4
27380	6	5	1	3	859	5
27381	7	6	2	3	500	3
27382	6	5	1	2	859	6
27383	5	3	6	2	775	3
27384	5	5	1	3	860	5
27385	6	6	2	2	501	3
27386	5	5	1	2	860	6
27387	4	5	1	5	861	8
27388	4	5	8	4	465	7
27389	4	5	1	3	862	6
27390	4	5	1	2	863	4
27391	3	5	8	7	466	8
27392	4	9	3	4	701	7
27393	5	3	6	6	776	7
27394	6	1	2	2	638	5
27395	5	1	2	2	639	5
27396	4	9	3	3	701	4
27397	4	9	3	2	702	5
27398	5	2	1	4	867	2
27399	6	1	2	2	640	5
27400	6	3	2	3	1000	1
27401	6	3	2	2	1001	3
27402	5	2	1	3	867	3
27403	6	1	2	2	641	4
27404	5	2	1	2	867	4
27405	6	1	2	2	642	5
27406	6	3	2	3	1002	1
27407	6	3	2	2	1003	3
27408	4	5	1	4	864	6
27409	5	2	1	4	867	2
27410	6	1	2	2	643	5
27411	5	2	1	3	867	3
27412	5	2	1	2	868	4
27413	6	1	2	2	644	5
27414	4	5	1	3	864	3
27415	5	3	2	2	1004	2
27416	4	5	1	2	864	4
27417	4	2	1	3	868	2
27418	5	1	2	2	645	5
27419	4	2	1	2	868	3
27420	4	3	2	3	1005	3
27421	4	3	2	2	1006	5
27422	3	9	3	4	702	7
27423	4	3	6	6	776	7
27424	5	1	2	2	646	5
27425	4	1	2	2	647	5
27426	3	9	3	3	702	4
27427	3	9	3	2	703	5
27428	4	2	1	4	869	2
27429	5	1	2	2	648	5
27430	5	3	2	3	1007	1
27431	5	3	2	2	1008	3
27432	4	2	1	3	869	3
27433	5	1	2	2	649	4
27434	4	2	1	2	869	4
27435	5	1	2	2	650	5
27436	5	3	2	3	1009	1
27437	5	3	2	2	1010	3
27438	3	5	1	4	865	6
27439	4	2	1	4	869	2
27440	5	1	2	2	651	5
27441	4	2	1	3	869	3
27442	4	2	1	2	870	4
27443	5	1	2	2	652	5
27444	3	5	1	3	865	3
27445	4	3	2	2	1011	2
27446	3	5	1	2	865	4
27447	3	2	1	3	870	2
27448	4	1	2	2	653	5
27449	3	2	1	2	870	3
27450	3	3	2	3	1012	3
27451	3	3	2	2	1013	5
27452	2	5	8	7	466	8
27453	3	9	3	4	703	4
27454	4	6	2	2	502	6
27455	3	9	3	3	703	5
27456	4	2	1	5	871	2
27457	5	1	2	3	654	5
27458	6	3	2	4	1014	4
27459	5	1	2	2	654	6
27460	6	3	2	4	1015	1
27461	6	3	2	3	1016	3
27462	6	3	2	2	1016	5
27463	4	2	1	4	871	3
27464	5	1	2	3	654	4
27465	6	3	2	4	1017	2
27466	6	3	2	3	1018	5
27467	6	3	2	2	1019	6
27468	7	5	1	4	866	7
27469	7	5	1	3	867	4
27470	7	5	1	2	868	5
27471	5	1	2	2	654	5
27472	6	3	2	4	1019	4
27473	5	5	1	3	869	7
27474	6	3	6	4	776	7
27475	4	2	1	3	871	4
27476	5	1	2	3	654	5
27477	6	3	2	4	1020	3
27478	5	1	2	2	654	6
27479	6	3	2	4	1020	1
27480	6	3	2	3	1021	3
27481	6	3	2	2	1021	5
27482	5	5	1	3	869	7
27483	6	3	6	4	777	7
27484	4	2	1	2	871	5
27485	5	1	2	2	654	6
27486	3	9	3	2	703	6
27487	4	2	1	5	871	2
27488	5	1	2	3	655	5
27489	6	3	2	4	1022	4
27490	5	1	2	2	655	6
27491	4	2	1	4	871	3
27492	5	1	2	3	656	4
27493	6	3	2	4	1023	2
27494	6	3	2	3	1023	5
27495	6	3	2	2	1024	6
27496	7	5	1	4	869	7
27497	7	5	1	3	870	6
27498	5	1	2	2	656	5
27499	6	3	2	4	1024	4
27500	4	2	1	3	871	4
27501	5	1	2	3	656	5
27502	6	3	2	4	1025	3
27503	5	1	2	2	656	6
27504	4	2	1	2	871	5
27505	5	1	2	2	657	6
27506	4	3	2	4	1026	4
27507	3	2	1	5	871	2
27508	4	1	2	3	658	5
27509	5	3	2	3	1027	4
27510	5	3	6	3	778	7
27511	6	5	1	4	871	7
27512	7	6	2	2	503	3
27513	6	5	1	3	871	4
27514	6	5	1	2	872	5
27515	5	3	6	2	778	2
27516	4	1	2	2	658	6
27517	5	3	2	3	1028	3
27518	5	3	2	2	1029	5
27519	3	2	1	4	871	3
27520	4	1	2	3	658	4
27521	4	1	2	2	659	5
27522	5	3	2	3	1030	4
27523	5	3	6	3	779	7
27524	6	5	1	4	873	7
27525	7	6	2	2	504	3
27526	6	5	1	3	873	4
27527	6	5	1	2	874	5
27528	5	3	6	2	779	3
27529	5	6	2	3	505	7
27530	5	5	1	4	875	7
27531	6	6	2	2	506	3
27532	5	5	1	3	875	4
27533	4	5	1	3	875	7
27534	5	3	2	3	1031	2
27535	5	3	2	2	1032	5
27536	4	5	1	2	875	5
27537	5	3	2	3	1033	2
27538	5	3	2	2	1034	5
27539	4	3	2	2	1035	5
27540	3	2	1	3	871	4
27541	4	1	2	3	659	5
27542	4	1	2	2	660	6
27543	5	3	2	3	1036	3
27544	5	3	2	2	1037	5
27545	4	5	1	3	875	7
27546	5	3	2	3	1038	2
27547	5	3	2	2	1039	5
27548	4	5	1	2	875	5
27549	5	3	2	3	1040	2
27550	5	3	2	2	1041	5
27551	4	3	2	2	1042	5
27552	3	2	1	2	871	5
27553	4	1	2	2	660	6
27554	3	3	2	4	1043	4
27555	2	9	3	4	703	4
27556	3	6	2	2	507	6
27557	2	9	3	3	703	5
27558	3	5	1	5	875	3
27559	4	3	2	2	1044	1
27560	4	2	1	3	871	4
27561	4	2	1	2	872	5
27562	3	5	1	4	875	4
27563	4	6	2	3	508	5
27564	5	1	2	3	661	4
27565	5	1	2	2	662	6
27566	4	2	1	3	873	2
27567	4	2	1	2	874	3
27568	5	1	2	2	663	4
27569	3	5	1	3	875	5
27570	4	2	1	4	874	2
27571	5	1	2	2	664	5
27572	6	3	2	4	1045	4
27573	5	3	2	4	1046	5
27574	4	2	1	3	874	3
27575	5	1	2	3	664	4
27576	6	3	2	4	1047	5
27577	5	1	2	2	664	5
27578	6	3	2	4	1048	4
27579	5	3	2	4	1049	5
27580	4	2	1	2	874	4
27581	5	1	2	3	664	5
27582	6	3	2	4	1050	3
27583	5	3	2	6	1050	5
27584	5	1	2	2	664	6
27585	3	5	1	2	875	6
27586	4	2	1	4	874	2
27587	5	1	2	3	665	5
27588	5	1	2	2	666	6
27589	6	3	2	4	1051	1
27590	6	3	2	3	1052	3
27591	6	3	2	2	1052	5
27592	4	2	1	3	874	3
27593	5	6	2	4	508	3
27594	4	2	1	2	874	4
27595	5	1	2	3	666	5
27596	5	1	2	2	667	6
27597	6	3	2	4	1053	1
27598	6	3	2	3	1054	3
27599	6	3	2	2	1054	5
27600	5	3	6	4	780	7
27601	4	1	2	2	667	6
27602	3	3	2	6	1055	2
27603	4	2	1	4	874	3
27604	4	2	1	3	875	4
27605	5	1	2	2	668	5
27606	4	2	1	2	875	5
27607	3	3	2	5	1055	3
27608	3	3	2	4	1055	4
27609	3	3	2	3	1056	5
27610	3	3	2	2	1057	6
27611	4	6	2	3	509	5
27612	5	1	2	2	669	4
27613	2	9	3	2	703	6
27614	3	2	1	5	876	2
27615	4	1	2	3	670	5
27616	5	3	2	4	1057	4
27617	4	1	2	2	670	6
27618	3	2	1	4	876	3
27619	4	1	2	3	671	4
27620	5	3	2	4	1058	2
27621	5	3	2	3	1058	5
27622	5	3	2	2	1059	6
27623	6	5	1	4	875	6
27624	7	6	2	3	509	3
27625	6	5	1	3	875	4
27626	4	1	2	2	671	5
27627	5	3	2	4	1059	4
27628	3	2	1	3	876	4
27629	4	1	2	3	671	5
27630	5	3	2	4	1060	3
27631	4	1	2	2	671	6
27632	3	2	1	2	876	5
27633	4	1	2	2	672	6
27634	2	3	2	6	1061	2
27635	3	2	1	4	876	3
27636	3	2	1	3	877	4
27637	3	2	1	2	878	5
27638	2	3	2	5	1061	3
27639	3	1	2	3	673	5
27640	3	1	2	2	674	6
27641	4	2	1	3	879	5
27642	3	5	1	4	876	7
27643	4	2	1	3	880	2
27644	4	2	1	2	881	5
27645	3	2	1	3	882	2
27646	3	2	1	2	883	5
27647	2	3	2	4	1061	4
27648	3	1	2	3	674	5
27649	4	2	1	2	884	2
27650	3	1	2	2	674	6
27651	3	5	1	4	876	7
27652	4	2	1	3	885	2
27653	4	2	1	2	886	5
27654	3	5	1	3	876	3
27655	2	3	2	3	1061	5
27656	3	5	1	3	877	5
27657	4	6	2	3	510	7
27658	3	5	1	2	877	6
27659	4	2	1	3	887	2
27660	4	2	1	2	888	3
27661	5	1	2	2	675	4
27662	3	1	2	3	676	7
27663	4	2	1	3	888	3
27664	4	2	1	2	889	4
27665	2	3	2	2	1061	6
27666	3	1	2	3	676	4
27667	3	1	2	2	677	5
27668	4	2	1	3	890	2
27669	5	3	6	3	781	7
27670	6	6	2	3	511	7
27671	6	5	1	4	877	7
27672	7	6	2	2	512	3
27673	6	5	1	3	877	4
27674	5	3	6	2	781	2
27675	4	3	6	3	782	7
27676	5	6	2	3	513	7
27677	5	5	1	4	877	7
27678	6	6	2	2	514	3
27679	5	5	1	3	877	4
27680	4	3	6	2	782	3
27681	4	6	2	3	515	7
27682	4	5	1	4	877	7
27683	5	6	2	2	516	3
27684	4	5	1	3	877	4
27685	3	5	1	4	877	7
27686	4	2	1	4	890	2
27687	4	2	1	3	891	3
27688	4	2	1	2	892	4
27689	3	5	1	3	877	6
27690	2	5	1	3	878	7
27691	3	1	2	3	677	4
27692	3	1	2	2	678	5
27693	3	2	1	3	893	2
27694	3	2	1	2	894	4
27695	2	5	1	2	878	5
27696	3	2	1	3	895	2
27697	4	1	2	2	679	5
27698	3	2	1	2	895	3
27699	4	1	2	2	680	4
27700	3	1	2	2	681	5
27701	2	6	2	3	517	3
27702	1	3	2	7	1061	1
27703	2	2	1	5	895	2
27704	3	1	2	4	682	5
27705	3	1	2	3	683	6
27706	4	4	2	5	965	7
27707	4	5	1	2	878	6
27708	3	1	2	2	683	7
27709	2	2	1	4	895	3
27710	3	1	2	3	684	5
27711	3	1	2	2	685	7
27712	4	4	2	5	966	8
27713	4	4	2	4	967	4
27714	5	5	1	2	879	6
27715	5	3	6	4	783	7
27716	6	9	3	2	703	4
27717	5	3	6	3	783	6
27718	4	4	2	2	967	2
27719	3	9	3	3	704	4
27720	3	9	3	2	705	5
27721	4	4	2	4	968	2
27722	4	4	2	3	969	3
27723	4	4	2	2	970	4
27724	4	5	1	2	880	7
27725	3	5	1	4	881	8
27726	4	3	6	4	784	2
27727	4	3	6	3	785	3
27728	5	4	2	4	971	3
27729	5	4	2	3	972	4
27730	5	4	2	2	973	5
27731	6	6	2	3	518	3
27732	4	3	6	2	785	4
27733	5	4	2	5	973	2
27734	5	4	2	4	974	3
27735	5	4	2	3	975	4
27736	5	4	2	2	976	5
27737	6	6	2	3	519	3
27738	4	4	2	5	976	2
27739	4	4	2	4	977	3
27740	4	4	2	3	978	4
27741	4	4	2	2	979	5
27742	5	6	2	3	520	3
27743	3	5	1	3	881	7
27744	4	3	6	4	785	2
27745	4	3	6	3	786	3
27746	5	4	2	4	979	3
27747	5	4	2	3	980	4
27748	5	4	2	2	981	5
27749	4	3	6	2	786	4
27750	5	4	2	5	982	2
27751	5	4	2	4	983	3
27752	5	4	2	3	984	4
27753	5	4	2	2	985	5
27754	4	4	2	5	986	2
27755	4	4	2	4	987	3
27756	4	4	2	3	988	4
27757	4	4	2	2	989	5
27758	2	2	1	3	895	4
27759	3	4	2	7	990	8
27760	3	1	2	2	685	6
27761	4	4	2	5	991	7
27762	3	4	2	4	992	4
27763	4	5	1	2	881	6
27764	3	4	2	2	992	2
27765	2	2	1	2	895	5
27766	3	1	2	2	685	7
27767	3	9	3	3	705	4
27768	3	9	3	2	706	5
27769	4	4	2	4	993	2
27770	4	4	2	3	994	3
27771	4	4	2	2	995	4
27772	4	5	1	2	882	7
27773	4	3	6	3	786	5
27774	3	5	1	4	883	8
27775	4	4	2	5	996	2
27776	4	4	2	4	997	3
27777	4	4	2	3	998	4
27778	4	4	2	2	999	5
27779	5	6	2	3	521	3
27780	3	5	1	3	883	7
27781	4	4	2	5	999	2
27782	4	4	2	4	1000	3
27783	4	4	2	3	1001	4
27784	4	4	2	2	1002	5
27785	2	5	1	4	883	8
27786	3	3	6	3	787	7
27787	4	9	3	3	706	8
27788	5	4	2	4	1003	2
27789	5	4	2	3	1004	3
27790	5	4	2	2	1005	5
27791	3	3	6	2	787	3
27792	3	9	3	3	706	8
27793	4	4	2	4	1006	2
27794	4	4	2	3	1006	3
27795	4	4	2	2	1007	5
27796	2	3	6	3	787	7
27797	3	9	3	3	706	8
27798	4	5	1	3	883	4
27799	4	5	1	2	884	5
27800	2	3	6	2	787	3
27801	2	9	3	3	706	8
27802	3	5	1	3	885	4
27803	3	5	1	2	886	5
27804	1	3	2	6	1061	2
27805	2	2	1	5	895	3
27806	3	1	2	3	686	4
27807	3	1	2	2	687	7
27808	4	5	1	3	887	5
27809	4	5	1	2	888	6
27810	5	4	2	3	1008	3
27811	5	4	2	2	1009	4
27812	4	3	6	3	787	3
27813	4	3	6	2	788	5
27814	5	4	2	4	1010	3
27815	5	4	2	3	1011	4
27816	5	4	2	2	1012	5
27817	4	4	2	4	1013	3
27818	4	4	2	3	1014	4
27819	4	4	2	2	1015	5
27820	2	2	1	4	895	4
27821	3	4	2	6	1016	8
27822	4	1	2	2	687	5
27823	3	1	2	2	688	5
27824	3	5	1	3	888	5
27825	3	5	1	2	889	6
27826	4	4	2	3	1016	3
27827	4	4	2	2	1017	4
27828	3	3	6	3	788	4
27829	4	4	2	4	1018	3
27830	4	4	2	3	1019	4
27831	4	4	2	2	1020	5
27832	3	3	6	2	788	5
27833	4	4	2	4	1021	3
27834	4	4	2	3	1022	4
27835	4	4	2	2	1023	5
27836	3	4	2	4	1024	3
27837	3	4	2	3	1025	4
27838	3	4	2	2	1026	5
27839	2	2	1	3	895	5
27840	3	1	2	2	689	6
27841	4	4	2	5	1027	8
27842	4	4	2	4	1028	7
27843	2	2	1	2	895	6
27844	3	4	2	4	1029	8
27845	4	5	1	4	889	7
27846	4	5	1	3	890	4
27847	4	5	1	2	891	3
27848	3	3	6	3	788	7
27849	4	4	2	3	1029	3
27850	4	4	2	2	1030	4
27851	3	3	6	2	788	5
27852	1	3	2	5	1061	3
27853	2	4	2	5	1031	4
27854	3	1	2	4	689	8
27855	4	2	1	3	895	2
27856	5	3	6	2	789	4
27857	6	9	3	2	706	6
27858	6	5	1	3	891	8
27859	7	6	2	3	522	7
27860	6	5	1	2	891	5
27861	5	9	3	2	707	6
27862	5	5	1	3	892	8
27863	6	6	2	3	523	7
27864	5	5	1	2	892	5
27865	4	2	1	2	895	6
27866	5	9	3	2	708	6
27867	5	5	1	3	893	8
27868	6	3	6	3	789	4
27869	6	3	6	2	790	5
27870	7	6	2	3	524	7
27871	6	6	2	3	525	7
27872	5	5	1	2	893	5
27873	3	5	1	2	894	5
27874	3	5	8	6	466	8
27875	4	1	2	3	689	5
27876	4	1	2	2	690	6
27877	5	2	1	3	895	2
27878	5	2	1	2	896	4
27879	4	9	3	4	709	7
27880	5	2	1	3	897	2
27881	5	2	1	2	898	5
27882	4	2	1	3	899	2
27883	4	2	1	2	900	5
27884	3	1	2	3	690	5
27885	3	1	2	2	691	6
27886	4	2	1	3	901	2
27887	4	2	1	2	902	4
27888	3	9	3	4	709	7
27889	4	2	1	3	903	2
27890	4	2	1	2	904	5
27891	2	4	2	4	1031	5
27892	3	1	2	3	691	8
27893	4	2	1	3	905	2
27894	5	5	1	3	895	4
27895	5	5	1	2	896	7
27896	6	9	3	3	709	6
27897	5	3	6	2	790	4
27898	5	9	3	3	710	8
27899	4	2	1	2	905	6
27900	5	5	1	3	896	4
27901	5	5	1	2	897	7
27902	6	9	3	3	711	6
27903	5	9	3	3	712	8
27904	6	3	6	3	791	6
27905	4	5	1	2	897	4
27906	4	3	6	4	792	7
27907	5	9	3	3	712	8
27908	6	6	2	2	526	4
27909	5	6	2	2	527	4
27910	4	9	3	3	712	8
27911	4	6	2	2	528	4
27912	3	5	1	2	898	4
27913	3	1	2	2	691	6
27914	4	2	1	3	905	2
27915	4	2	1	2	906	4
27916	3	2	1	3	907	2
27917	3	2	1	2	908	5
27918	2	4	2	3	1031	6
27919	3	1	2	3	691	8
27920	4	2	1	3	909	2
27921	5	5	1	3	899	5
27922	5	5	1	2	900	7
27923	4	2	1	2	909	6
27924	5	5	1	3	901	5
27925	5	5	1	2	902	7
27926	4	5	1	2	903	5
27927	5	3	6	4	792	7
27928	6	9	3	3	713	7
27929	7	7	1	3	384	8
27930	5	9	3	3	713	7
27931	6	3	6	3	792	2
27932	6	3	6	2	793	4
27933	7	7	1	3	385	8
27934	6	7	1	3	386	8
27935	4	3	6	4	793	7
27936	5	9	3	3	713	8
27937	4	9	3	3	714	8
27938	3	5	1	2	903	5
27939	4	2	1	2	909	4
27940	3	1	2	2	691	5
27941	3	2	1	3	910	2
27942	3	2	1	2	911	5
27943	2	4	2	2	1031	7
27944	3	1	2	3	692	8
27945	4	2	1	3	912	2
27946	5	9	3	2	715	6
27947	6	5	1	3	903	3
27948	6	5	1	2	903	5
27949	5	5	1	3	904	8
27950	5	5	1	2	905	3
27951	4	2	1	2	912	6
27952	5	9	3	2	715	6
27953	6	5	1	3	905	3
27954	6	5	1	2	905	5
27955	5	5	1	3	906	8
27956	5	5	1	2	907	3
27957	4	3	6	4	793	7
27958	5	9	3	2	715	7
27959	6	6	2	2	529	5
27960	7	5	1	2	907	3
27961	6	5	1	3	907	3
27962	5	5	1	4	907	8
27963	5	5	1	3	908	6
27964	4	9	3	2	715	7
27965	5	6	2	2	529	5
27966	6	5	1	2	909	3
27967	5	5	1	3	909	3
27968	4	5	1	4	909	8
27969	4	5	1	3	910	6
27970	3	1	2	2	692	5
27971	3	2	1	3	912	2
27972	3	2	1	2	913	4
27973	2	9	3	3	715	4
27974	2	9	3	2	716	6
27975	3	5	8	7	466	8
27976	4	1	2	3	693	5
27977	4	1	2	2	694	6
27978	5	5	1	4	911	6
27979	5	5	1	3	912	3
27980	3	1	2	3	694	5
27981	3	1	2	2	695	6
27982	4	5	1	4	913	6
27983	5	2	1	3	914	2
27984	5	2	1	2	915	4
27985	4	5	1	3	913	3
27986	2	5	8	7	466	8
27987	3	1	2	3	695	5
27988	3	1	2	2	696	6
27989	4	2	1	3	916	5
27990	3	5	1	4	914	7
27991	3	2	1	3	917	2
27992	3	2	1	2	918	5
27993	2	1	2	3	696	5
27994	2	1	2	2	697	6
27995	3	2	1	3	919	5
27996	2	5	1	4	915	7
27997	3	2	1	3	920	2
27998	3	2	1	2	921	5
27999	2	2	1	3	922	2
28000	2	2	1	2	923	5
28001	1	3	2	4	1061	4
28002	2	4	2	4	1031	5
28003	3	1	2	3	697	8
28004	4	5	1	3	915	6
28005	5	2	1	3	924	3
28006	5	2	1	2	925	5
28007	4	5	1	2	915	7
28008	4	9	3	5	716	8
28009	5	6	2	3	529	7
28010	6	3	6	4	793	3
28011	7	7	1	4	387	7
28012	8	2	1	4	926	2
28013	8	2	1	3	927	3
28014	6	3	6	3	793	5
28015	7	2	1	5	928	2
28016	7	2	1	4	929	3
28017	7	2	1	3	929	5
28018	7	2	1	2	930	6
28019	6	3	6	2	793	6
28020	7	2	1	5	931	2
28021	7	2	1	4	931	3
28022	7	2	1	3	932	5
28023	7	2	1	2	933	6
28024	6	2	1	5	934	7
28025	4	3	6	4	793	7
28026	5	2	1	5	935	7
28027	4	9	3	4	716	7
28028	5	2	1	5	936	7
28029	4	3	6	3	793	3
28030	4	3	6	2	794	5
28031	5	9	3	3	716	4
28032	5	9	3	2	717	5
28033	6	2	1	4	937	5
28034	4	9	3	3	717	4
28035	4	9	3	2	718	5
28036	5	2	1	4	938	2
28037	5	2	1	3	938	3
28038	5	2	1	2	939	5
28039	3	5	1	2	916	6
28040	2	4	2	3	1031	6
28041	3	1	2	3	697	8
28042	4	5	1	4	917	4
28043	4	5	1	3	918	5
28044	5	9	3	4	718	8
28045	6	2	1	3	940	2
28046	6	2	1	2	941	6
28047	5	3	6	3	794	7
28048	6	2	1	3	942	7
28049	5	3	6	2	794	5
28050	5	2	1	3	943	6
28051	4	5	1	2	918	7
28052	5	2	1	4	944	2
28053	5	2	1	3	945	3
28054	5	2	1	2	946	5
28055	4	9	3	5	718	8
28056	5	2	1	5	947	2
28057	5	2	1	4	948	3
28058	5	2	1	3	949	5
28059	5	2	1	2	950	6
28060	5	3	6	4	795	7
28061	6	6	2	3	529	7
28062	6	7	1	3	387	6
28063	5	3	6	2	795	3
28064	5	6	2	3	530	7
28065	4	3	6	3	796	7
28066	5	2	1	5	951	7
28067	6	6	2	3	531	7
28068	6	7	1	3	388	6
28069	4	3	6	2	796	5
28070	5	9	3	3	718	7
28071	6	2	1	5	951	7
28072	4	9	3	4	718	7
28073	5	2	1	5	952	6
28074	4	6	2	3	532	7
28075	3	1	2	2	697	5
28076	4	2	1	2	953	2
28077	5	5	1	3	918	4
28078	5	5	1	2	919	5
28079	5	9	3	2	718	5
28080	5	3	6	3	796	2
28081	5	3	6	2	797	5
28082	6	5	8	2	466	5
28083	7	6	8	3	89	2
28084	5	5	8	2	466	5
28085	4	5	1	3	920	4
28086	4	5	1	2	921	5
28087	4	9	3	2	719	5
28088	4	3	6	3	797	3
28089	4	3	6	2	798	5
28090	4	5	8	2	467	5
28091	3	2	1	3	953	2
28092	3	2	1	2	954	5
28093	3	5	1	3	922	4
28094	3	5	1	2	923	5
28095	2	4	2	2	1031	7
28096	3	1	2	3	697	8
28097	4	5	1	3	924	5
28098	5	9	3	4	720	8
28099	6	2	1	3	955	2
28100	6	2	1	2	956	6
28101	5	3	6	3	799	7
28102	6	2	1	3	957	7
28103	5	3	6	2	799	5
28104	4	5	1	2	924	6
28105	5	2	1	3	958	3
28106	5	2	1	2	959	5
28107	4	9	3	4	720	8
28108	5	2	1	4	960	2
28109	5	2	1	3	961	3
28110	5	2	1	2	962	5
28111	4	3	6	4	800	7
28112	5	2	1	4	963	5
28113	5	2	1	3	964	6
28114	4	3	6	3	800	5
28115	5	9	3	2	720	5
28116	6	2	1	4	965	5
28117	3	5	1	2	924	5
28118	3	1	2	2	697	5
28119	4	2	1	2	966	2
28120	5	5	8	6	468	8
28121	6	9	3	4	720	7
28122	5	9	3	4	721	7
28123	4	5	8	6	468	8
28124	5	9	3	4	722	7
28125	4	9	3	4	723	7
28126	2	2	1	4	966	2
28127	3	1	2	2	697	5
28128	4	5	1	3	925	5
28129	5	9	3	3	724	5
28130	5	9	3	2	725	6
28131	4	5	1	2	925	6
28132	4	6	2	2	533	3
28133	2	2	1	3	966	3
28134	3	5	1	3	926	5
28135	4	9	3	3	726	5
28136	4	9	3	2	727	6
28137	3	5	1	2	926	6
28138	3	6	2	2	534	3
28139	2	2	1	2	966	5
28140	3	3	6	4	800	7
28141	4	1	2	2	697	6
28142	3	1	2	2	698	6
28143	2	5	1	3	927	3
28144	2	5	1	2	928	5
28145	2	9	3	3	728	7
28146	1	3	2	3	1061	5
28147	2	4	2	3	1031	6
28148	3	1	2	3	699	8
28149	4	2	1	3	966	2
28150	5	5	1	3	929	5
28151	6	3	6	3	800	3
28152	6	3	6	2	801	4
28153	7	5	8	5	468	8
28154	8	9	3	5	729	8
28155	8	6	2	3	535	7
28156	7	9	3	5	730	8
28157	7	6	2	3	536	7
28158	5	5	1	2	929	7
28159	6	9	3	5	731	6
28160	6	9	3	4	732	8
28161	5	9	3	4	733	8
28162	6	6	2	2	537	4
28163	4	2	1	2	966	6
28164	5	5	1	3	929	5
28165	6	5	8	6	468	8
28166	7	9	3	5	733	8
28167	7	6	2	3	538	7
28168	8	3	6	4	801	7
28169	6	9	3	5	734	8
28170	6	6	2	3	538	7
28171	7	3	6	4	802	7
28172	5	5	1	2	929	7
28173	6	9	3	5	735	6
28174	6	9	3	4	736	8
28175	5	9	3	4	737	8
28176	6	6	2	2	538	4
28177	4	5	1	2	929	5
28178	5	3	6	3	803	7
28179	5	3	6	2	804	4
28180	5	9	3	4	737	7
28181	6	5	8	4	468	6
28182	4	3	6	3	805	7
28183	5	9	3	3	737	7
28184	6	5	8	3	469	6
28185	4	3	6	2	805	4
28186	5	9	3	3	737	7
28187	4	9	3	3	738	7
28188	5	7	1	3	389	6
28189	3	5	1	2	929	5
28190	4	1	2	2	699	4
28191	4	2	1	3	966	3
28192	4	2	1	2	967	4
28193	3	1	2	2	700	4
28194	3	2	1	3	968	3
28195	3	2	1	2	969	4
28196	2	4	2	2	1031	7
28197	3	1	2	3	701	8
28198	4	2	1	3	970	2
28199	5	5	1	3	929	4
28200	5	5	1	2	930	5
28201	6	9	3	2	738	5
28202	7	6	2	3	539	3
28203	4	2	1	2	970	6
28204	5	5	1	3	930	4
28205	5	5	1	2	931	5
28206	6	9	3	2	738	5
28207	7	6	2	3	540	3
28208	4	3	6	4	805	7
28209	5	9	3	4	738	7
28210	6	5	1	4	931	4
28211	6	5	1	3	932	5
28212	7	6	2	3	541	3
28213	6	5	1	2	932	6
28214	5	9	3	3	738	8
28215	6	5	1	4	933	8
28216	6	5	1	3	934	6
28217	4	9	3	4	738	7
28218	5	3	6	3	805	2
28219	5	3	6	2	806	4
28220	6	5	1	4	935	4
28221	6	5	1	3	936	5
28222	7	6	2	3	542	3
28223	6	5	1	2	936	6
28224	5	5	1	4	937	4
28225	5	5	1	3	938	5
28226	6	6	2	3	543	3
28227	5	5	1	2	938	6
28228	4	5	1	4	939	8
28229	4	5	1	3	940	6
28230	3	1	2	2	701	4
28231	3	2	1	2	970	2
28232	2	5	1	3	941	5
28233	3	2	1	4	971	2
28234	3	2	1	3	972	3
28235	4	1	2	2	702	4
28236	3	2	1	2	972	4
28237	2	5	1	2	941	6
28238	3	2	1	3	973	2
28239	3	2	1	2	974	3
28240	4	1	2	2	703	4
28241	2	6	2	2	544	4
28242	3	2	1	3	974	3
28243	3	2	1	2	975	4
28244	2	1	2	2	704	4
28245	1	3	2	2	1061	6
28246	2	4	2	2	1031	7
28247	3	1	2	3	705	8
28248	4	2	1	3	976	3
28249	4	2	1	2	977	5
28250	4	3	6	3	806	7
28251	5	9	3	3	738	7
28252	6	5	1	3	941	5
28253	7	6	2	2	544	3
28254	6	5	1	2	941	6
28255	6	6	2	3	545	4
28256	6	6	2	2	546	3
28257	5	9	3	2	738	6
28258	5	5	1	3	942	8
28259	4	3	6	2	806	3
28260	4	9	3	3	739	7
28261	5	5	1	3	943	5
28262	6	6	2	2	547	3
28263	5	5	1	2	943	6
28264	3	5	1	2	944	5
28265	4	1	2	2	705	4
28266	4	2	1	3	978	2
28267	4	2	1	2	979	3
28268	3	1	2	2	706	4
28269	3	2	1	3	980	2
28270	3	2	1	2	981	3
28271	2	2	1	4	982	2
28272	3	1	2	2	707	5
28273	4	3	6	3	807	7
28274	5	9	3	3	739	5
28275	5	9	3	2	740	6
28276	6	5	1	3	944	6
28277	6	5	1	2	945	5
28278	5	6	2	3	548	7
28279	5	5	1	4	946	7
28280	6	6	2	2	549	3
28281	5	5	1	3	946	4
28282	4	3	6	2	807	2
28283	4	9	3	3	740	5
28284	4	9	3	2	741	6
28285	5	5	1	3	946	6
28286	5	5	1	2	947	5
28287	4	6	2	3	550	7
28288	4	5	1	4	948	7
28289	5	6	2	2	551	3
28290	4	5	1	3	948	4
28291	3	5	1	3	948	4
28292	3	5	1	2	949	6
28293	4	3	6	3	808	2
28294	4	3	6	2	809	3
28295	4	5	8	4	470	8
28296	3	9	3	3	741	7
28297	2	2	1	3	982	3
28298	3	5	1	4	949	4
28299	3	5	1	3	950	5
28300	4	6	2	3	552	3
28301	3	5	1	2	950	6
28302	4	6	2	4	553	3
28303	3	1	2	3	707	4
28304	3	1	2	2	708	5
28305	4	3	6	3	810	7
28306	5	9	3	3	742	7
28307	6	6	2	2	554	3
28308	5	9	3	2	742	5
28309	4	3	6	2	810	3
28310	4	9	3	3	743	7
28311	5	6	2	2	555	3
28312	2	2	1	2	982	4
28313	3	1	2	2	708	5
28314	2	5	1	3	950	4
28315	2	5	1	2	951	6
28316	3	3	6	3	811	3
28317	3	3	6	2	812	4
28318	4	5	8	4	471	8
28319	2	9	3	3	743	7
28320	1	5	1	3	951	5
28321	2	2	1	3	982	2
28322	3	1	2	2	709	5
28323	2	2	1	2	982	3
28324	3	1	2	2	710	4
28325	2	1	2	2	711	5
28326	1	5	1	2	951	6
28327	2	2	1	4	982	2
28328	3	1	2	2	712	5
28329	2	2	1	3	982	3
28330	3	1	2	2	713	4
28331	2	2	1	2	982	4
28332	3	1	2	2	714	5
28333	1	9	3	4	744	7
28334	2	2	1	4	982	2
28335	3	1	2	2	715	5
28336	2	2	1	3	982	3
28337	3	1	2	2	716	4
28338	2	2	1	2	982	4
28339	3	1	2	2	717	5
28340	0	9	3	5	744	4
28341	1	2	1	7	982	2
28342	2	3	2	7	1061	1
28343	2	3	2	6	1062	3
28344	3	4	2	5	1031	4
28345	4	6	2	4	556	9
28346	4	6	2	3	557	8
28347	4	6	2	2	558	5
28348	3	4	2	4	1031	5
28349	4	5	1	3	951	7
28350	4	5	1	2	952	8
28351	4	1	2	3	718	9
28352	3	4	2	3	1031	6
28353	4	1	2	3	719	7
28354	4	1	2	2	720	8
28355	5	6	2	3	559	9
28356	3	4	2	2	1031	8
28357	2	3	2	5	1062	4
28358	3	4	2	4	1032	5
28359	4	5	1	2	953	8
28360	5	7	1	2	390	7
28361	4	1	2	4	720	9
28362	4	1	2	3	721	3
28363	4	1	2	2	721	7
28364	3	4	2	3	1032	6
28365	4	5	1	3	953	4
28366	4	5	1	2	954	8
28367	5	6	2	2	560	7
28368	6	1	2	4	722	9
28369	5	1	2	4	723	3
28370	5	1	2	3	724	5
28371	5	1	2	2	725	7
28372	4	1	2	5	726	9
28373	4	1	2	4	727	5
28374	3	4	2	2	1032	7
28375	4	5	1	3	954	6
28376	5	6	2	2	560	8
28377	4	5	1	2	954	8
28378	5	7	1	2	391	7
28379	5	1	2	3	728	3
28380	5	1	2	2	729	5
28381	4	1	2	4	730	9
28382	4	1	2	3	731	5
28383	2	3	2	4	1062	5
28384	3	4	2	3	1032	6
28385	4	1	2	3	732	3
28386	4	1	2	2	733	8
28387	3	4	2	2	1032	7
28388	4	5	1	5	954	4
28389	4	5	1	4	955	5
28390	5	7	1	2	392	8
28391	5	1	2	3	734	3
28392	5	1	2	2	734	6
28393	4	5	1	3	955	6
28394	4	5	1	2	956	8
28395	4	1	2	4	735	9
28396	4	6	2	2	561	6
28397	4	1	2	2	736	3
28398	3	2	3	3	548	8
28399	4	1	2	3	737	9
28400	3	2	3	2	548	6
28401	4	1	2	2	738	3
28402	2	3	2	3	1062	6
28403	3	4	2	3	1032	7
28404	4	1	2	3	739	3
28405	5	6	2	3	562	8
28406	4	1	2	2	739	5
28407	3	4	2	2	1032	8
28408	4	6	2	2	563	7
28409	5	1	2	3	740	9
28410	5	1	2	2	741	3
28411	3	5	1	3	957	5
28412	3	5	1	2	958	6
28413	4	6	2	2	563	7
28414	5	1	2	2	742	3
28415	2	3	2	2	1062	7
28416	3	4	2	2	1032	8
28417	4	6	2	4	563	9
28418	4	2	3	3	548	8
28419	4	2	3	2	549	5
28420	4	1	2	2	743	3
28421	3	6	2	2	564	6
28422	1	2	1	6	982	3
28423	1	2	1	5	983	4
28424	2	4	2	8	1032	4
28425	3	3	2	3	1062	1
28426	3	3	2	2	1063	2
28427	4	1	2	3	744	5
28428	5	5	1	3	958	7
28429	6	2	3	2	550	7
28430	7	3	6	5	812	5
28431	8	5	8	4	472	8
28432	9	7	8	5	344	7
28433	10	6	8	3	90	2
28434	10	6	8	2	91	4
28435	7	3	6	4	812	7
28436	7	3	6	3	813	6
28437	6	5	8	4	472	8
28438	7	3	6	5	814	3
28439	7	3	6	4	815	4
28440	7	3	6	3	816	5
28441	8	2	5	2	281	6
28442	7	3	6	2	816	6
28443	6	7	8	5	344	7
28444	5	5	1	2	958	8
28445	4	1	2	2	744	7
28446	4	2	3	3	550	8
28447	5	5	1	4	959	6
28448	5	5	1	3	960	7
28449	5	5	1	2	961	8
28450	3	1	2	3	745	5
28451	4	6	2	4	565	8
28452	5	5	1	3	962	5
28453	5	5	1	2	963	7
28454	5	2	3	3	550	8
28455	6	5	8	7	472	8
28456	5	3	6	4	817	7
28457	6	2	3	2	550	6
28458	4	5	1	3	964	5
28459	4	2	3	3	551	8
28460	4	3	6	4	817	5
28461	5	2	3	2	552	6
28462	4	2	3	2	553	6
28463	3	1	2	2	745	6
28464	4	6	2	4	565	9
28465	4	6	2	3	566	8
28466	4	6	2	2	567	5
28467	3	5	1	3	965	7
28468	3	5	1	2	966	8
28469	2	5	1	4	967	5
28470	3	1	2	3	745	5
28471	4	4	2	3	1032	6
28472	5	6	2	3	568	8
28473	4	4	2	2	1032	8
28474	5	3	2	3	1063	3
28475	4	6	2	4	569	8
28476	4	2	3	3	554	8
28477	5	3	2	4	1063	2
28478	5	3	2	3	1064	3
28479	5	3	2	2	1065	6
28480	3	1	2	2	745	6
28481	4	3	2	4	1066	1
28482	4	3	2	3	1067	3
28483	4	3	2	2	1068	5
28484	2	5	1	3	967	6
28485	3	4	2	5	1032	3
28486	4	1	2	2	745	5
28487	3	4	2	4	1032	5
28488	4	1	2	2	746	7
28489	3	4	2	3	1032	7
28490	4	6	2	2	570	8
28491	5	1	2	3	747	9
28492	5	1	2	2	748	5
28493	4	1	2	2	749	5
28494	3	4	2	2	1032	8
28495	4	6	2	2	570	7
28496	5	1	2	3	750	9
28497	5	1	2	2	751	5
28498	3	6	2	2	570	7
28499	4	1	2	2	752	5
28500	2	5	1	2	967	7
28501	3	4	2	5	1032	2
28502	3	4	2	4	1033	5
28503	4	1	2	2	753	6
28504	4	2	3	3	554	8
28505	4	2	3	2	555	6
28506	3	4	2	3	1033	6
28507	4	3	2	4	1069	1
28508	4	3	2	3	1070	2
28509	3	4	2	2	1033	8
28510	4	2	3	4	556	8
28511	5	1	2	4	754	9
28512	4	3	2	5	1070	2
28513	5	6	2	2	570	5
28514	4	3	2	4	1070	3
28515	4	3	2	3	1071	5
28516	4	3	2	2	1071	6
28517	2	1	2	4	755	9
28518	3	2	3	3	556	8
28519	4	3	2	5	1072	1
28520	4	3	2	4	1073	2
28521	5	4	2	2	1033	3
28522	4	3	2	3	1073	3
28523	4	3	2	2	1074	6
28524	5	4	2	2	1034	7
28525	3	2	3	2	556	6
28526	4	3	2	4	1074	1
28527	4	3	2	3	1075	2
28528	4	3	2	2	1076	3
28529	3	3	2	4	1077	1
28530	3	3	2	3	1078	2
28531	3	3	2	2	1079	3
28532	3	4	2	2	1035	7
28533	2	1	2	3	755	5
28534	2	1	2	2	756	6
28535	3	4	2	4	1036	2
28536	1	2	1	4	983	5
28537	2	1	2	4	756	6
28538	3	2	3	2	556	7
28539	3	3	2	4	1080	2
28540	4	4	2	2	1037	4
28541	5	5	1	2	967	6
28542	5	5	8	2	473	4
28543	5	3	6	5	817	3
28544	4	5	8	3	474	8
28545	3	3	2	3	1080	3
28546	3	3	2	2	1081	4
28547	4	4	2	2	1037	5
28548	5	5	1	2	968	8
28549	2	1	2	3	756	7
28550	3	4	2	3	1037	5
28551	4	5	1	2	969	8
28552	3	4	2	2	1037	6
28553	4	5	1	3	970	4
28554	4	5	1	2	971	8
28555	2	1	2	2	756	8
28556	2	4	2	7	1037	4
28557	3	3	2	3	1081	3
28558	4	5	1	3	972	7
28559	4	5	1	2	973	8
28560	3	2	3	3	557	8
28561	4	5	1	4	974	6
28562	4	5	1	3	975	7
28563	4	5	1	2	976	8
28564	2	5	1	3	977	6
28565	3	3	2	5	1081	2
28566	2	5	1	2	977	7
28567	3	2	3	3	557	8
28568	3	3	6	4	817	7
28569	3	3	6	3	818	2
28570	2	2	3	3	558	8
28571	3	3	2	5	1082	1
28572	3	3	2	4	1083	2
28573	4	4	2	2	1037	3
28574	3	3	2	3	1083	3
28575	3	3	2	2	1084	6
28576	4	4	2	2	1038	7
28577	2	2	3	2	558	6
28578	3	3	2	4	1084	1
28579	3	3	2	3	1085	2
28580	3	3	2	2	1086	3
28581	2	3	2	4	1087	1
28582	2	3	2	3	1088	2
28583	2	3	2	2	1089	3
28584	2	4	2	2	1039	7
28585	1	2	1	3	983	6
28586	2	2	3	3	558	8
28587	3	1	2	2	757	7
28588	4	3	2	4	1090	2
28589	4	3	2	3	1091	3
28590	5	4	2	4	1040	4
28591	6	6	2	3	571	8
28592	5	4	2	3	1040	6
28593	5	4	2	2	1041	8
28594	4	3	2	2	1091	4
28595	2	2	3	2	558	5
28596	3	1	2	3	757	7
28597	3	1	2	2	758	8
28598	2	1	2	2	759	8
28599	3	3	2	4	1092	3
28600	4	4	2	4	1042	4
28601	4	4	2	3	1043	5
28602	5	5	1	3	977	7
28603	5	5	1	2	978	8
28604	4	4	2	2	1043	6
28605	5	6	2	3	572	9
28606	1	2	1	2	983	7
28607	2	1	2	2	759	8
28608	3	2	3	2	558	5
28609	3	3	2	4	1092	2
28610	3	3	2	3	1093	3
28611	3	3	2	2	1094	4
28612	2	2	3	3	559	8
28613	3	3	2	5	1095	3
28614	3	3	2	4	1096	6
28615	3	4	2	2	1043	5
28616	2	2	3	2	559	5
28617	2	3	2	4	1097	1
28618	2	3	2	3	1098	3
28619	2	3	2	2	1099	4
28620	0	9	3	4	744	5
28621	1	2	1	7	983	2
28622	2	3	2	7	1100	1
28623	3	2	3	3	560	8
28624	4	1	2	4	759	5
28625	4	1	2	3	760	6
28626	4	1	2	2	761	7
28627	5	6	2	6	573	5
28628	5	5	1	3	979	6
28629	5	5	1	2	980	7
28630	3	2	3	2	560	6
28631	4	1	2	3	761	5
28632	4	1	2	2	762	7
28633	4	4	2	4	1044	2
28634	4	4	2	3	1045	3
28635	4	4	2	2	1046	4
28636	4	5	8	8	475	8
28637	5	5	1	5	981	9
28638	5	5	1	4	982	6
28639	4	5	1	5	983	9
28640	4	5	1	4	984	6
28641	3	6	2	7	574	9
28642	4	1	2	3	763	5
28643	4	1	2	2	764	6
28644	5	4	2	5	1047	2
28645	5	4	2	4	1048	3
28646	5	4	2	3	1049	4
28647	6	5	1	2	985	6
28648	5	4	2	2	1049	5
28649	6	5	1	2	986	3
28650	6	7	8	7	345	8
28651	4	3	6	4	819	7
28652	5	4	2	4	1049	2
28653	5	4	2	3	1050	3
28654	6	5	1	3	986	5
28655	5	4	2	2	1050	5
28656	4	3	6	3	819	5
28657	3	1	2	3	764	5
28658	3	1	2	2	765	6
28659	4	6	2	5	574	8
28660	5	5	8	8	475	9
28661	6	4	2	5	1051	7
28662	5	5	1	5	987	9
28663	6	3	6	5	820	7
28664	5	4	2	5	1052	7
28665	4	3	6	4	821	7
28666	3	3	6	4	822	7
28667	4	4	2	4	1053	2
28668	4	4	2	3	1054	3
28669	5	5	1	4	987	5
28670	5	5	1	3	988	7
28671	5	5	1	2	989	8
28672	4	4	2	2	1054	5
28673	3	3	6	3	822	5
28674	3	3	6	2	823	2
28675	3	4	2	3	1055	3
28676	2	3	2	6	1100	3
28677	3	4	2	5	1056	4
28678	4	5	1	4	990	5
28679	4	5	1	3	991	7
28680	5	6	2	3	574	9
28681	5	6	2	2	575	6
28682	5	1	2	2	765	6
28683	4	5	1	2	991	8
28684	5	1	2	4	766	6
28685	5	1	2	3	767	7
28686	6	3	6	3	824	8
28687	7	6	2	3	576	5
28688	7	6	2	2	577	6
28689	6	3	6	2	824	4
28690	5	1	2	2	767	8
28691	4	1	2	4	768	9
28692	5	6	2	4	578	5
28693	4	6	2	4	579	5
28694	5	1	2	3	768	8
28695	5	3	6	3	825	8
28696	6	2	3	2	560	4
28697	3	4	2	4	1056	5
28698	4	5	1	4	991	4
28699	4	5	1	3	992	7
28700	5	6	2	4	579	9
28701	6	1	2	3	769	6
28702	6	1	2	2	770	7
28703	7	2	3	3	561	4
28704	5	1	2	3	770	6
28705	5	1	2	2	771	7
28706	6	6	2	3	579	8
28707	4	5	1	2	992	8
28708	5	1	2	4	771	6
28709	5	1	2	3	772	7
28710	5	1	2	2	773	8
28711	4	1	2	4	774	9
28712	5	6	2	4	580	7
28713	4	1	2	3	774	6
28714	4	1	2	2	775	7
28715	5	2	3	3	562	4
28716	6	3	6	3	825	4
28717	6	3	6	2	826	7
28718	5	3	6	4	827	2
28719	5	3	6	3	828	6
28720	6	7	1	3	393	8
28721	5	3	6	2	828	7
28722	5	6	2	2	581	4
28723	6	7	1	3	394	8
28724	4	3	6	4	829	7
28725	5	6	2	2	581	6
28726	3	4	2	3	1056	6
28727	4	1	2	3	775	7
28728	5	5	1	3	992	7
28729	5	5	1	2	993	8
28730	5	6	2	3	582	5
28731	6	2	3	3	562	4
28732	7	3	6	2	829	7
28733	7	7	1	3	395	6
28734	6	3	6	4	830	2
28735	6	3	6	3	831	6
28736	7	7	1	3	396	6
28737	6	3	6	2	831	7
28738	6	7	1	3	397	6
28739	4	1	2	2	775	8
28740	5	3	6	4	832	7
28741	6	5	1	3	994	5
28742	7	6	2	2	582	7
28743	6	5	1	2	994	7
28744	6	6	2	2	583	5
28745	5	3	6	3	832	5
28746	5	5	1	2	995	7
28747	3	4	2	2	1056	7
28748	4	1	2	3	775	6
28749	4	1	2	2	776	8
28750	5	3	6	4	833	7
28751	6	6	2	3	584	9
28752	6	6	2	2	585	5
28753	5	3	6	3	833	5
28754	3	1	2	3	776	6
28755	3	1	2	2	777	7
28756	2	3	2	5	1100	4
28757	3	4	2	4	1056	5
28758	4	5	1	4	996	6
28759	4	5	1	3	997	7
28760	4	5	1	2	998	8
28761	5	1	2	4	778	3
28762	5	1	2	3	778	7
28763	6	6	2	3	586	9
28764	7	2	3	2	562	6
28765	4	1	2	4	778	9
28766	4	1	2	3	779	3
28767	4	1	2	2	779	7
28768	5	6	2	3	586	8
28769	6	2	3	2	563	6
28770	3	4	2	3	1056	6
28771	4	5	1	5	998	4
28772	4	5	1	4	999	5
28773	4	5	1	3	1000	7
28774	5	6	2	3	586	9
28775	5	6	2	2	587	5
28776	5	1	2	2	779	5
28777	4	5	1	2	1000	8
28778	5	2	3	3	564	6
28779	6	7	1	3	398	6
28780	5	2	3	2	564	7
28781	6	6	2	4	588	9
28782	7	1	2	3	780	3
28783	7	1	2	2	781	5
28784	5	1	2	4	782	3
28785	5	1	2	3	783	5
28786	5	1	2	2	784	7
28787	4	1	2	5	785	9
28788	5	6	2	4	588	7
28789	4	7	1	3	399	8
28790	5	5	8	7	475	8
28791	5	1	2	4	785	3
28792	5	1	2	3	786	5
28793	5	1	2	2	787	7
28794	6	6	2	3	589	5
28795	3	4	2	2	1056	7
28796	4	5	1	4	1000	5
28797	4	5	1	3	1001	6
28798	5	1	2	3	787	3
28799	5	1	2	2	788	5
28800	4	5	1	2	1001	8
28801	5	1	2	4	789	3
28802	5	1	2	3	790	5
28803	5	1	2	2	791	8
28804	4	1	2	4	792	9
28805	4	1	2	3	793	3
28806	4	1	2	2	794	5
28807	3	2	3	3	564	8
28808	4	5	1	5	1001	3
28809	4	5	1	4	1001	5
28810	5	1	2	3	795	5
28811	4	5	1	3	1001	6
28812	5	6	2	2	590	7
28813	4	5	1	2	1001	7
28814	5	6	2	4	591	9
28815	3	2	3	2	564	6
28816	4	5	1	5	1001	3
28817	4	5	1	4	1001	5
28818	5	1	2	3	796	5
28819	4	5	1	3	1001	6
28820	5	6	2	2	592	7
28821	4	5	1	2	1001	7
28822	5	6	2	4	593	9
28823	5	1	2	3	797	3
28824	5	1	2	2	798	5
28825	4	1	2	4	799	9
28826	3	1	2	2	800	3
28827	2	3	2	4	1100	5
28828	3	4	2	4	1056	6
28829	4	5	1	3	1001	5
28830	5	1	2	3	801	3
28831	5	1	2	2	802	8
28832	6	6	2	4	594	9
28833	6	6	2	3	595	7
28834	7	2	3	2	564	4
28835	7	3	6	3	834	3
28836	7	3	6	2	835	4
28837	8	5	8	6	476	8
28838	5	6	2	4	595	8
28839	4	5	1	2	1001	7
28840	4	1	2	3	802	9
28841	5	6	2	4	596	8
28842	4	1	2	2	802	3
28843	3	4	2	3	1056	7
28844	4	5	1	3	1002	4
28845	4	5	1	2	1003	5
28846	5	1	2	4	803	3
28847	5	1	2	3	804	6
28848	6	6	2	4	597	9
28849	6	6	2	3	598	8
28850	5	1	2	2	804	8
28851	6	6	2	4	599	9
28852	4	1	2	4	804	9
28853	4	1	2	3	805	3
28854	4	1	2	2	806	6
28855	5	6	2	3	600	4
28856	5	6	2	2	601	3
28857	3	4	2	2	1056	8
28858	4	2	3	4	565	8
28859	5	1	2	3	806	3
28860	5	1	2	2	807	6
28861	4	1	2	3	808	3
28862	4	1	2	2	809	6
28863	3	1	2	3	810	3
28864	3	1	2	2	811	6
28865	2	3	2	3	1100	6
28866	3	4	2	3	1056	7
28867	4	1	2	3	812	3
28868	5	6	2	4	602	8
28869	4	1	2	2	812	5
28870	5	6	2	4	603	9
28871	6	5	1	3	1003	5
28872	7	2	3	3	565	4
28873	5	6	2	3	603	8
28874	3	4	2	2	1056	8
28875	4	2	3	3	566	8
28876	5	1	2	4	812	3
28877	6	6	2	4	604	9
28878	6	6	2	3	605	7
28879	5	1	2	3	812	5
28880	5	1	2	2	813	7
28881	6	6	2	4	606	5
28882	7	5	1	3	1003	4
28883	7	5	1	2	1004	7
28884	4	2	3	2	566	4
28885	5	3	6	3	835	4
28886	6	5	1	2	1005	7
28887	5	3	6	2	835	5
28888	5	1	2	2	813	5
28889	4	1	2	2	814	3
28890	5	6	2	3	606	7
28891	3	1	2	3	814	3
28892	3	1	2	2	815	5
28893	4	2	3	3	566	4
28894	3	5	1	3	1006	6
28895	4	6	2	3	607	5
28896	3	5	1	2	1006	7
28897	4	6	2	3	608	5
28898	4	6	2	2	609	4
28899	3	2	3	2	567	4
28900	3	3	6	4	836	2
28901	3	3	6	3	837	3
28902	4	9	2	4	184	8
28903	3	3	6	2	837	4
28904	4	9	2	4	185	8
28905	2	3	2	2	1100	7
28906	3	4	2	2	1056	8
28907	4	6	2	5	610	9
28908	5	5	1	3	1006	5
28909	6	1	2	3	815	5
28910	5	5	1	2	1006	6
28911	6	1	2	3	816	5
28912	5	2	3	3	568	8
28913	4	2	3	3	569	8
28914	5	1	2	3	817	3
28915	6	5	1	4	1006	5
28916	6	5	1	3	1007	6
28917	6	5	1	2	1008	7
28918	6	5	8	7	477	8
28919	5	1	2	2	817	5
28920	4	2	3	2	569	4
28921	4	1	2	2	818	3
28922	3	1	2	4	819	3
28923	4	6	2	4	610	8
28924	4	2	3	2	570	6
28925	4	6	2	3	611	4
28926	4	6	2	2	612	5
28927	5	5	1	3	1009	4
28928	5	5	1	2	1010	7
28929	3	1	2	3	819	5
28930	4	2	3	3	571	4
28931	3	1	2	2	819	6
28932	1	2	1	6	983	3
28933	2	5	1	6	1011	4
28934	3	4	2	4	1056	6
28935	3	4	2	3	1057	7
28936	4	3	2	4	1100	1
28937	5	1	2	3	820	9
28938	3	4	2	2	1057	8
28939	4	2	3	4	572	8
28940	5	1	2	3	821	4
28941	5	1	2	2	822	5
28942	4	1	2	3	823	4
28943	4	1	2	2	824	5
28944	4	6	2	3	612	6
28945	3	1	2	3	825	4
28946	3	1	2	2	826	5
28947	2	5	1	5	1011	5
28948	3	1	2	4	827	4
28949	4	3	2	5	1100	5
28950	5	2	3	3	572	8
28951	6	4	2	4	1057	6
28952	7	6	2	4	613	8
28953	6	4	2	3	1057	7
28954	6	4	2	2	1058	8
28955	5	2	3	2	572	6
28956	6	3	6	5	837	4
28957	7	4	2	4	1059	6
28958	8	6	2	4	614	8
28959	7	4	2	3	1059	7
28960	7	4	2	2	1060	8
28961	6	3	6	4	837	7
28962	7	4	2	3	1061	6
28963	6	3	6	3	837	6
28964	7	4	2	4	1062	6
28965	8	6	2	4	615	8
28966	7	4	2	3	1062	7
28967	7	4	2	2	1063	8
28968	5	4	2	4	1064	6
28969	5	4	2	3	1065	7
28970	5	4	2	2	1066	8
28971	4	3	2	2	1100	6
28972	3	1	2	3	827	5
28973	4	5	8	7	478	9
28974	5	4	2	6	1067	9
28975	6	3	2	4	1101	4
28976	6	3	2	3	1101	6
28977	6	3	2	2	1102	7
28978	7	6	2	4	616	3
28979	5	3	2	4	1102	1
28980	5	3	2	3	1103	4
28981	5	3	2	2	1104	6
28982	6	4	2	2	1067	7
28983	7	6	2	3	617	8
28984	4	6	2	6	618	9
28985	5	3	2	4	1104	1
28986	5	3	2	3	1105	4
28987	6	4	2	3	1067	6
28988	6	4	2	2	1068	7
28989	5	3	2	2	1105	6
28990	6	4	2	2	1069	7
28991	7	2	3	3	572	4
28992	4	3	2	4	1105	1
28993	4	3	2	3	1106	4
28994	4	3	2	2	1107	6
28995	5	4	2	2	1069	7
28996	6	6	2	3	618	8
28997	3	3	2	7	1107	5
28998	4	1	2	2	827	7
28999	5	4	2	3	1069	6
29000	6	6	2	4	619	9
29001	6	6	2	3	620	8
29002	5	4	2	2	1069	8
29003	6	6	2	3	621	9
29004	7	2	3	2	573	6
29005	5	2	3	2	574	6
29006	3	1	2	2	827	7
29007	3	3	2	2	1107	1
29008	2	5	1	4	1011	6
29009	3	1	2	4	828	4
29010	4	2	3	3	575	8
29011	5	3	2	4	1108	6
29012	6	4	2	3	1069	7
29013	6	4	2	2	1070	8
29014	4	2	3	2	575	6
29015	5	3	2	4	1108	8
29016	3	1	2	3	828	5
29017	4	5	8	7	478	9
29018	5	4	2	5	1071	9
29019	4	6	2	5	621	9
29020	3	1	2	2	828	7
29021	4	2	3	2	575	6
29022	4	4	2	4	1072	3
29023	4	4	2	3	1073	4
29024	4	4	2	2	1074	5
29025	3	5	8	7	478	9
29026	3	6	2	5	622	9
29027	4	4	2	4	1075	3
29028	3	3	2	4	1109	1
29029	4	4	2	3	1076	3
29030	4	4	2	2	1077	4
29031	3	3	2	3	1109	2
29032	3	3	2	2	1110	4
29033	4	4	2	2	1078	5
29034	5	6	2	2	622	3
29035	2	5	1	3	1011	7
29036	3	1	2	5	828	4
29037	4	2	3	3	576	8
29038	5	3	2	4	1110	6
29039	6	4	2	2	1078	8
29040	7	6	2	3	623	5
29041	4	2	3	2	576	6
29042	5	3	2	4	1110	8
29043	4	4	2	3	1078	6
29044	4	4	2	2	1079	8
29045	3	1	2	4	828	5
29046	4	5	8	7	479	9
29047	5	4	2	6	1080	9
29048	5	4	2	5	1081	2
29049	4	6	2	5	624	9
29050	5	4	2	5	1082	2
29051	4	4	2	5	1083	2
29052	3	1	2	3	828	7
29053	4	2	3	2	576	6
29054	5	4	2	3	1084	6
29055	6	6	2	3	624	9
29056	5	4	2	2	1084	8
29057	4	6	2	6	625	9
29058	5	4	2	4	1085	3
29059	5	4	2	3	1086	4
29060	5	4	2	2	1087	5
29061	4	4	2	2	1088	3
29062	3	1	2	2	828	8
29063	4	5	8	7	479	9
29064	4	3	2	3	1111	1
29065	5	6	2	5	625	9
29066	6	4	2	4	1089	5
29067	5	2	3	2	576	6
29068	4	3	2	2	1111	2
29069	4	4	2	2	1090	5
29070	3	4	2	6	1091	8
29071	4	2	3	3	577	8
29072	4	2	3	2	578	4
29073	5	3	2	3	1112	2
29074	3	2	3	3	578	8
29075	4	3	2	4	1113	1
29076	5	4	2	3	1091	2
29077	5	4	2	2	1092	3
29078	3	2	3	2	578	4
29079	4	3	2	2	1113	2
29080	2	5	1	2	1011	8
29081	3	1	2	5	828	4
29082	4	3	2	5	1114	8
29083	4	4	2	5	1093	9
29084	5	2	3	3	578	8
29085	6	3	2	4	1115	6
29086	7	6	2	2	625	5
29087	6	6	2	3	626	3
29088	5	3	6	6	837	7
29089	6	3	2	3	1115	2
29090	6	3	2	2	1116	5
29091	7	6	2	3	627	3
29092	4	3	2	3	1116	2
29093	4	3	2	2	1117	5
29094	3	1	2	4	828	5
29095	4	5	8	7	480	9
29096	5	4	2	6	1093	9
29097	6	3	2	4	1118	4
29098	6	3	2	3	1118	6
29099	7	6	2	2	628	4
29100	6	3	2	2	1118	7
29101	4	3	2	3	1119	1
29102	4	3	2	2	1120	4
29103	4	6	2	3	629	9
29104	3	1	2	3	828	7
29105	4	2	3	2	578	6
29106	4	5	8	7	480	9
29107	5	4	2	5	1093	9
29108	4	6	2	5	630	9
29109	5	4	2	4	1094	3
29110	5	4	2	3	1095	4
29111	5	4	2	2	1096	5
29112	3	1	2	2	828	8
29113	4	5	8	7	480	9
29114	4	6	2	6	630	9
29115	5	4	2	6	1097	5
29116	6	3	2	3	1121	1
29117	7	2	3	2	579	6
29118	7	7	8	7	346	8
29119	7	3	6	5	837	2
29120	7	3	6	4	838	3
29121	7	3	6	3	839	4
29122	8	5	8	5	481	5
29123	9	7	8	4	347	6
29124	8	5	8	4	481	4
29125	7	3	6	2	839	6
29126	6	3	2	2	1121	2
29127	6	2	3	2	580	6
29128	5	3	2	4	1122	1
29129	6	4	2	2	1097	2
29130	5	3	2	3	1122	2
29131	5	3	2	2	1123	4
29132	6	2	3	2	581	6
29133	3	2	3	3	582	8
29134	4	3	2	4	1123	1
29135	5	4	2	4	1098	2
29136	5	4	2	3	1099	3
29137	5	4	2	2	1100	4
29138	4	4	2	2	1101	6
29139	3	2	3	2	582	4
29140	4	3	2	2	1123	2
29141	2	1	2	5	828	9
29142	3	2	3	3	582	8
29143	4	3	2	4	1124	1
29144	5	6	2	6	630	5
29145	6	4	2	3	1102	3
29146	6	4	2	2	1103	4
29147	4	4	2	3	1104	6
29148	4	4	2	2	1105	7
29149	5	6	2	2	630	6
29150	3	2	3	2	582	4
29151	4	3	2	3	1124	2
29152	4	3	2	2	1125	5
29153	5	4	2	2	1105	6
29154	2	1	2	4	828	4
29155	3	2	3	3	582	8
29156	4	3	2	4	1125	6
29157	5	4	2	2	1106	7
29158	6	5	8	7	482	8
29159	7	3	6	5	840	3
29160	7	3	6	4	841	4
29161	8	2	5	3	282	7
29162	7	3	6	3	841	5
29163	8	2	5	3	283	7
29164	7	3	6	2	841	7
29165	6	3	6	5	842	3
29166	6	3	6	4	843	4
29167	7	2	5	3	284	7
29168	8	9	2	2	186	1
29169	6	3	6	3	843	5
29170	7	2	5	3	284	7
29171	8	9	2	2	187	1
29172	6	3	6	2	843	7
29173	5	6	2	2	631	5
29174	4	4	2	3	1106	6
29175	4	4	2	2	1107	7
29176	3	3	6	6	844	7
29177	4	3	2	3	1125	2
29178	4	3	2	2	1126	5
29179	5	4	2	3	1108	6
29180	5	4	2	2	1109	7
29181	6	6	2	3	632	8
29182	3	4	2	3	1109	6
29183	3	4	2	2	1110	7
29184	2	1	2	3	828	5
29185	3	3	2	4	1126	1
29186	3	3	2	3	1127	4
29187	3	3	2	2	1128	6
29188	4	4	2	2	1111	7
29189	2	1	2	2	828	7
29190	3	2	3	2	582	6
29191	4	4	2	2	1112	6
29192	3	6	2	5	633	8
29193	4	4	2	4	1113	3
29194	4	4	2	3	1114	4
29195	4	4	2	2	1115	5
29196	2	3	6	5	844	7
29197	3	3	2	4	1128	1
29198	3	3	2	3	1129	2
29199	3	3	2	2	1130	4
29200	4	4	2	3	1116	5
29201	4	4	2	2	1117	6
29202	5	6	2	3	633	3
29203	2	3	2	4	1130	1
29204	1	2	1	5	983	4
29205	2	1	2	4	828	5
29206	3	2	3	3	582	8
29207	4	3	2	4	1131	2
29208	4	3	2	3	1132	3
29209	5	4	2	2	1117	4
29210	4	3	2	2	1132	6
29211	5	4	2	2	1118	7
29212	5	5	1	3	1011	5
29213	6	6	2	4	634	9
29214	6	6	2	3	635	3
29215	5	5	1	2	1011	7
29216	4	6	2	3	636	9
29217	3	2	3	2	582	6
29218	4	3	2	4	1132	3
29219	3	3	2	4	1133	2
29220	3	3	2	3	1134	3
29221	3	3	2	2	1135	6
29222	2	1	2	3	828	6
29223	3	2	3	2	582	7
29224	4	3	2	4	1136	1
29225	5	6	2	6	637	9
29226	6	4	2	5	1119	2
29227	6	4	2	4	1120	3
29228	6	4	2	3	1121	4
29229	7	5	1	2	1012	6
29230	6	4	2	2	1121	5
29231	7	5	1	2	1013	3
29232	7	7	8	7	348	8
29233	5	6	2	5	637	8
29234	6	5	8	8	482	9
29235	7	4	2	5	1121	7
29236	7	5	1	2	1013	6
29237	7	3	6	5	844	7
29238	6	5	1	5	1014	9
29239	7	3	6	5	845	7
29240	7	5	8	7	482	8
29241	7	4	2	5	1122	2
29242	7	4	2	4	1123	3
29243	7	4	2	3	1124	4
29244	7	4	2	2	1125	5
29245	6	4	2	5	1126	7
29246	6	5	1	2	1014	6
29247	5	3	6	5	846	7
29248	5	4	2	4	1127	4
29249	4	3	2	3	1136	3
29250	4	3	2	2	1137	5
29251	5	4	2	2	1128	7
29252	6	5	1	2	1015	5
29253	7	6	2	4	637	9
29254	7	6	2	3	638	8
29255	6	6	2	3	639	4
29256	6	6	2	2	640	3
29257	2	1	2	2	828	7
29258	3	2	3	2	582	6
29259	4	4	2	3	1128	6
29260	4	4	2	2	1129	8
29261	3	5	8	8	483	9
29262	4	4	2	5	1130	9
29263	4	5	1	3	1015	5
29264	4	5	1	2	1016	6
29265	3	5	1	5	1017	9
29266	4	6	2	5	641	8
29267	5	4	2	4	1131	3
29268	5	4	2	3	1132	4
29269	5	4	2	2	1133	5
29270	3	6	2	6	641	9
29271	4	4	2	4	1134	3
29272	4	4	2	3	1135	4
29273	4	4	2	2	1136	5
29274	3	5	1	3	1017	5
29275	3	5	1	2	1018	6
29276	2	2	3	3	582	8
29277	3	3	2	5	1137	1
29278	3	3	2	4	1138	2
29279	4	6	2	6	641	5
29280	5	4	2	4	1137	3
29281	5	4	2	3	1138	4
29282	5	4	2	2	1139	6
29283	5	5	1	3	1019	3
29284	5	5	1	2	1019	7
29285	4	5	1	3	1020	6
29286	4	5	1	2	1021	7
29287	5	4	2	3	1140	3
29288	5	4	2	2	1141	6
29289	4	4	2	2	1142	3
29290	4	6	2	2	641	3
29291	3	3	2	3	1138	3
29292	4	4	2	3	1143	4
29293	5	3	6	4	847	4
29294	5	3	6	3	848	6
29295	5	3	6	2	849	7
29296	5	7	8	4	349	9
29297	6	5	8	3	483	4
29298	6	5	8	2	484	6
29299	7	2	5	4	284	7
29300	4	4	2	2	1143	6
29301	5	6	2	2	642	7
29302	4	6	2	3	643	5
29303	5	5	1	3	1021	3
29304	5	5	1	2	1021	8
29305	5	3	6	4	850	4
29306	5	3	6	3	851	6
29307	6	7	1	3	399	7
29308	5	3	6	2	851	7
29309	5	7	1	3	400	7
29310	4	5	1	2	1022	6
29311	3	4	2	2	1143	7
29312	4	5	1	3	1023	6
29313	4	5	1	2	1024	8
29314	4	6	2	3	643	5
29315	4	6	2	2	644	3
29316	3	3	2	2	1138	6
29317	4	5	1	3	1025	6
29318	4	5	1	2	1026	7
29319	4	6	2	4	645	5
29320	4	6	2	2	646	3
29321	2	2	3	2	582	6
29322	3	3	2	4	1138	1
29323	3	3	2	3	1139	2
29324	4	4	2	3	1143	3
29325	4	4	2	2	1144	4
29326	4	6	2	4	647	5
29327	3	3	2	2	1139	3
29328	4	4	2	3	1145	4
29329	4	4	2	2	1146	6
29330	5	5	1	2	1027	8
29331	5	6	2	4	648	5
29332	2	3	2	4	1139	1
29333	3	4	2	4	1146	2
29334	3	4	2	3	1147	3
29335	4	6	2	5	649	5
29336	4	5	1	2	1028	6
29337	4	6	2	3	650	8
29338	4	3	6	4	852	7
29339	5	5	8	5	484	8
29340	6	9	2	2	188	4
29341	5	5	8	4	484	7
29342	5	5	8	3	485	2
29343	5	5	8	2	486	3
29344	5	9	2	2	189	4
29345	3	4	2	2	1147	5
29346	4	5	1	4	1029	3
29347	4	5	1	3	1029	7
29348	4	5	1	2	1030	8
29349	5	6	2	3	651	7
29350	6	3	6	4	852	2
29351	6	3	6	3	853	4
29352	6	3	6	2	854	6
29353	7	7	8	6	349	9
29354	8	9	2	3	190	3
29355	6	7	8	6	349	9
29356	7	9	2	3	190	3
29357	6	5	8	7	487	9
29358	4	3	6	4	854	2
29359	4	3	6	3	855	4
29360	5	6	2	3	651	3
29361	5	6	2	2	652	7
29362	4	3	6	2	855	6
29363	5	7	1	3	401	8
29364	6	6	2	4	653	8
29365	5	6	2	3	654	7
29366	4	7	1	3	401	8
29367	5	6	2	4	655	8
29368	6	5	8	7	488	8
29369	7	9	2	3	190	7
29370	6	9	2	3	191	7
29371	4	6	2	3	655	7
29372	3	5	1	2	1030	3
29373	3	3	6	4	855	7
29374	4	5	8	3	488	8
29375	2	3	2	3	1139	2
29376	2	3	2	2	1140	3
29377	3	4	2	3	1147	5
29378	4	5	1	2	1031	7
29379	5	6	2	3	656	8
29380	6	3	6	4	855	7
29381	7	5	8	6	489	8
29382	8	9	2	4	192	7
29383	7	5	8	5	489	5
29384	8	9	2	4	193	7
29385	6	3	6	3	855	6
29386	7	5	8	6	489	8
29387	8	9	2	4	194	7
29388	7	5	8	5	489	5
29389	8	9	2	4	195	7
29390	6	3	6	2	855	2
29391	3	4	2	2	1147	6
29392	3	5	1	3	1031	3
29393	3	5	1	2	1031	8
29394	4	6	2	2	656	5
29395	5	3	6	4	856	2
29396	5	3	6	3	857	4
29397	5	3	6	2	858	6
29398	6	7	8	5	349	9
29399	7	9	2	3	196	1
29400	5	7	8	5	349	9
29401	6	9	2	3	197	1
29402	5	5	8	7	489	7
29403	2	4	2	2	1148	7
29404	3	5	1	3	1031	6
29405	3	5	1	2	1032	8
29406	3	6	2	3	656	5
29407	3	6	2	2	657	3
29408	2	5	1	3	1033	6
29409	2	5	1	2	1034	7
29410	2	6	2	4	658	5
29411	2	6	2	2	659	3
29412	1	2	1	4	983	5
29413	2	1	2	4	828	6
29414	3	2	3	2	582	7
29415	3	3	2	4	1140	2
29416	4	6	2	6	660	9
29417	5	4	2	4	1148	5
29418	6	5	1	3	1035	6
29419	6	5	1	2	1036	7
29420	5	4	2	3	1148	8
29421	5	3	6	2	858	6
29422	3	3	2	3	1140	3
29423	4	4	2	3	1149	4
29424	5	5	1	3	1037	7
29425	5	5	1	2	1038	8
29426	4	4	2	2	1149	5
29427	5	6	2	4	660	9
29428	6	5	1	3	1039	4
29429	6	5	1	2	1040	7
29430	5	5	1	3	1041	4
29431	5	5	1	2	1042	7
29432	5	6	2	2	660	4
29433	3	3	2	2	1140	4
29434	4	4	2	2	1149	5
29435	5	6	2	4	661	8
29436	6	5	1	3	1043	6
29437	6	5	1	2	1044	7
29438	6	5	8	7	490	8
29439	7	3	6	4	859	5
29440	7	3	6	3	860	6
29441	8	9	2	3	198	7
29442	8	9	2	2	198	1
29443	7	3	6	2	860	7
29444	8	2	5	3	285	6
29445	9	9	2	3	199	7
29446	9	9	2	2	199	1
29447	7	2	5	4	285	7
29448	7	2	5	3	286	6
29449	8	9	2	2	200	1
29450	6	3	6	4	860	5
29451	6	3	6	3	861	6
29452	7	9	2	3	201	7
29453	7	5	8	6	490	7
29454	6	3	6	2	861	7
29455	7	2	5	3	286	6
29456	8	9	2	3	201	7
29457	8	5	8	6	491	7
29458	7	2	5	2	286	3
29459	7	9	2	3	201	7
29460	7	5	8	6	492	7
29461	6	2	5	4	287	7
29462	5	5	1	3	1045	6
29463	5	5	1	2	1046	7
29464	4	6	2	4	661	5
29465	4	5	1	2	1047	6
29466	2	1	2	3	828	7
29467	3	5	8	8	493	9
29468	4	4	2	7	1149	9
29469	5	6	2	5	662	5
29470	6	3	2	4	1140	3
29471	6	3	2	3	1141	4
29472	6	3	2	2	1141	6
29473	7	5	1	3	1048	6
29474	7	5	1	2	1049	7
29475	7	2	3	2	583	4
29476	7	3	6	4	861	3
29477	7	3	6	3	862	4
29478	8	9	2	4	201	8
29479	7	3	6	2	862	5
29480	8	9	2	4	202	8
29481	5	5	1	3	1050	6
29482	5	5	1	2	1051	7
29483	6	3	2	4	1141	3
29484	6	3	2	3	1142	4
29485	6	3	2	2	1142	6
29486	7	6	2	2	662	4
29487	5	6	2	2	663	4
29488	4	3	2	4	1142	1
29489	4	3	2	3	1143	3
29490	5	4	2	3	1149	4
29491	6	5	1	2	1051	7
29492	7	6	2	2	664	6
29493	5	4	2	2	1149	5
29494	6	5	1	3	1051	4
29495	6	5	1	2	1052	7
29496	7	6	2	3	665	8
29497	5	5	1	2	1052	7
29498	4	3	2	2	1143	4
29499	5	4	2	3	1149	5
29500	6	5	1	3	1053	6
29501	6	5	1	2	1054	7
29502	5	4	2	2	1149	6
29503	6	5	1	3	1055	4
29504	6	5	1	2	1056	7
29505	5	5	1	3	1057	3
29506	5	5	1	2	1057	6
29507	4	5	1	3	1058	4
29508	4	5	1	2	1059	6
29509	3	5	1	6	1060	9
29510	4	3	2	4	1143	1
29511	4	3	2	3	1144	3
29512	5	4	2	3	1149	4
29513	5	4	2	2	1150	5
29514	6	2	3	3	584	4
29515	7	6	2	3	666	4
29516	7	6	2	2	667	6
29517	6	6	2	3	668	4
29518	6	6	2	2	669	6
29519	5	6	2	3	670	5
29520	6	2	3	3	584	4
29521	7	3	6	3	862	5
29522	7	3	6	2	863	7
29523	6	3	6	4	864	5
29524	6	3	6	3	865	6
29525	6	3	6	2	866	7
29526	6	7	1	3	401	6
29527	4	3	2	2	1144	4
29528	5	4	2	3	1150	5
29529	6	6	2	3	670	8
29530	7	2	3	2	584	6
29531	5	4	2	2	1150	6
29532	6	6	2	3	670	5
29533	7	2	3	2	585	6
29534	6	6	2	2	670	3
29535	6	2	3	2	586	6
29536	5	2	3	2	587	6
29537	4	6	2	3	671	5
29538	5	2	3	2	588	4
29539	3	6	2	6	671	9
29540	4	4	2	6	1150	5
29541	5	3	2	3	1144	1
29542	5	3	2	2	1145	3
29543	6	5	1	3	1060	4
29544	6	5	1	2	1061	7
29545	7	2	3	3	589	4
29546	5	5	1	3	1061	6
29547	5	5	1	2	1062	7
29548	5	2	3	2	590	6
29549	4	5	1	3	1063	6
29550	5	4	2	3	1150	3
29551	5	4	2	2	1151	4
29552	5	2	3	3	591	8
29553	4	5	1	2	1063	7
29554	5	4	2	3	1152	4
29555	5	4	2	2	1153	6
29556	6	3	2	2	1145	3
29557	5	3	2	3	1146	3
29558	4	4	2	3	1153	2
29559	4	4	2	2	1154	4
29560	4	3	2	2	1146	3
29561	4	2	3	2	592	6
29562	3	3	2	4	1146	1
29563	3	3	2	3	1147	3
29564	4	4	2	3	1155	4
29565	5	5	1	2	1063	7
29566	6	6	2	2	671	6
29567	4	4	2	2	1155	5
29568	5	5	1	3	1063	4
29569	5	5	1	2	1064	7
29570	6	6	2	3	672	8
29571	4	5	1	2	1064	7
29572	3	3	2	2	1147	4
29573	4	4	2	3	1155	5
29574	5	5	1	3	1065	6
29575	5	5	1	2	1066	7
29576	4	4	2	2	1155	6
29577	5	5	1	3	1067	4
29578	5	5	1	2	1068	7
29579	4	5	1	3	1069	3
29580	4	5	1	2	1069	6
29581	3	5	1	3	1070	4
29582	3	5	1	2	1071	6
29583	2	1	2	2	828	8
29584	3	5	8	8	493	9
29585	3	5	1	5	1072	9
29586	4	3	6	5	867	7
29587	5	3	2	4	1147	1
29588	5	3	2	3	1148	2
29589	5	3	2	2	1149	4
29590	6	4	2	3	1155	5
29591	6	4	2	2	1156	6
29592	7	6	2	3	673	3
29593	4	3	2	4	1149	1
29594	3	6	2	6	674	9
29595	4	4	2	6	1156	5
29596	5	3	2	3	1150	1
29597	6	5	1	2	1072	7
29598	6	2	3	2	593	6
29599	6	7	8	7	349	8
29600	6	3	6	5	867	2
29601	6	3	6	4	868	4
29602	6	3	6	3	869	5
29603	7	5	8	6	494	5
29604	8	7	8	4	350	6
29605	7	5	8	5	494	6
29606	6	3	6	2	869	6
29607	5	3	2	2	1150	2
29608	5	5	1	3	1073	6
29609	5	5	1	2	1074	7
29610	5	2	3	2	594	6
29611	4	5	1	3	1075	6
29612	5	4	2	3	1156	3
29613	4	5	1	2	1075	7
29614	5	4	2	3	1157	3
29615	5	4	2	2	1158	4
29616	5	3	2	2	1151	2
29617	4	4	2	4	1159	2
29618	4	4	2	3	1160	4
29619	4	4	2	2	1161	6
29620	5	3	2	2	1152	2
29621	5	2	3	2	595	6
29622	4	3	2	4	1153	1
29623	4	3	2	3	1154	2
29624	4	3	2	2	1154	4
29625	3	3	2	4	1154	1
29626	4	2	3	2	596	6
29627	4	4	2	4	1161	2
29628	4	4	2	3	1162	3
29629	4	4	2	2	1163	4
29630	4	5	1	2	1075	7
29631	3	3	2	3	1154	2
29632	3	3	2	2	1155	4
29633	4	4	2	3	1164	5
29634	5	5	1	3	1076	6
29635	6	6	2	2	674	3
29636	5	5	1	2	1076	7
29637	4	4	2	2	1164	6
29638	5	5	1	3	1077	4
29639	5	5	1	2	1078	7
29640	4	5	1	2	1079	6
29641	2	2	3	3	597	8
29642	3	3	2	5	1155	1
29643	3	3	2	4	1156	2
29644	4	6	2	6	675	5
29645	5	4	2	4	1164	3
29646	5	4	2	3	1165	4
29647	5	4	2	2	1166	6
29648	5	5	1	3	1080	3
29649	5	5	1	2	1080	7
29650	4	5	1	3	1081	6
29651	4	5	1	2	1082	7
29652	5	4	2	3	1167	3
29653	5	4	2	2	1168	6
29654	4	4	2	2	1169	3
29655	4	6	2	2	675	3
29656	3	3	2	3	1156	3
29657	4	4	2	3	1170	4
29658	5	3	6	3	870	6
29659	5	3	6	2	871	7
29660	4	4	2	2	1170	6
29661	5	6	2	2	676	7
29662	5	3	6	4	872	5
29663	5	3	6	3	873	6
29664	5	3	6	2	874	7
29665	5	7	8	4	351	9
29666	6	5	8	3	495	6
29667	6	5	8	2	496	7
29668	7	2	5	2	288	6
29669	4	6	2	3	677	5
29670	5	5	1	3	1082	3
29671	5	5	1	2	1082	8
29672	5	3	6	4	875	5
29673	5	3	6	3	876	6
29674	6	7	1	3	402	7
29675	5	3	6	2	876	7
29676	5	7	1	3	403	7
29677	4	5	1	2	1083	6
29678	3	4	2	2	1170	7
29679	4	5	1	3	1084	6
29680	4	5	1	2	1085	8
29681	4	6	2	3	677	5
29682	4	6	2	2	678	3
29683	3	3	2	2	1156	6
29684	4	5	1	3	1086	6
29685	4	5	1	2	1087	7
29686	4	6	2	4	679	5
29687	4	6	2	2	680	3
29688	2	2	3	2	597	6
29689	3	3	2	4	1156	1
29690	3	3	2	3	1157	2
29691	3	3	2	2	1158	3
29692	2	3	2	4	1159	1
29693	2	3	2	3	1160	2
29694	2	3	2	2	1161	3
29695	2	4	2	2	1170	7
29696	3	5	1	3	1088	6
29697	3	5	1	2	1089	8
29698	3	6	2	3	681	5
29699	3	6	2	2	682	3
29700	2	5	1	3	1090	6
29701	2	5	1	2	1091	7
29702	2	6	2	4	683	5
29703	2	6	2	2	684	3
29704	1	2	1	3	983	6
29705	2	2	3	3	597	8
29706	3	1	2	2	828	7
29707	4	3	2	4	1162	2
29708	5	5	8	8	496	9
29709	6	4	2	5	1170	9
29710	6	4	2	4	1171	8
29711	6	4	2	3	1172	3
29712	6	4	2	2	1173	4
29713	5	5	1	6	1092	9
29714	6	4	2	4	1174	3
29715	6	4	2	3	1175	4
29716	6	4	2	2	1176	6
29717	5	6	2	6	685	9
29718	6	4	2	4	1177	8
29719	5	4	2	4	1178	8
29720	5	4	2	3	1179	3
29721	5	4	2	2	1180	4
29722	4	4	2	3	1181	4
29723	4	4	2	2	1182	6
29724	5	5	1	3	1092	5
29725	5	5	1	2	1093	8
29726	3	3	2	4	1162	1
29727	4	4	2	4	1182	2
29728	4	4	2	3	1183	3
29729	4	4	2	2	1184	4
29730	3	4	2	3	1185	6
29731	4	6	2	2	685	7
29732	3	4	2	2	1185	7
29733	4	5	1	3	1094	5
29734	4	5	1	2	1095	8
29735	4	6	2	2	686	6
29736	2	2	3	2	597	4
29737	3	1	2	2	828	8
29738	3	3	2	3	1162	2
29739	3	3	2	2	1163	5
29740	4	4	2	2	1185	6
29741	2	1	2	2	829	8
29742	3	3	2	4	1163	1
29743	4	3	6	3	877	7
29744	5	4	2	3	1186	3
29745	5	4	2	2	1187	5
29746	4	3	6	2	877	5
29747	4	4	2	3	1188	3
29748	4	4	2	2	1189	5
29749	3	3	2	3	1163	3
29750	4	3	6	3	878	7
29751	5	4	2	4	1190	5
29752	6	5	1	3	1096	4
29753	6	5	1	2	1096	7
29754	5	4	2	3	1190	6
29755	6	5	1	2	1097	7
29756	6	6	2	2	687	5
29757	5	4	2	2	1190	7
29758	4	3	6	2	878	5
29759	4	4	2	4	1191	5
29760	4	4	2	3	1192	6
29761	5	5	1	2	1098	7
29762	4	4	2	2	1192	7
29763	3	3	2	2	1163	4
29764	3	4	2	2	1193	6
29765	4	5	1	3	1099	5
29766	5	6	2	4	688	9
29767	5	6	2	3	689	7
29768	6	5	8	7	496	8
29769	4	5	1	2	1099	7
29770	3	5	1	3	1100	4
29771	3	5	1	2	1101	5
29772	1	2	1	2	983	7
29773	2	1	2	2	829	8
29774	3	3	2	4	1164	2
29775	2	2	3	3	597	8
29776	3	3	2	5	1165	1
29777	3	3	2	4	1166	3
29778	4	4	2	3	1193	4
29779	5	5	1	3	1102	5
29780	5	5	1	2	1103	8
29781	5	6	2	4	689	5
29782	4	4	2	2	1193	5
29783	5	5	1	2	1104	8
29784	5	6	2	4	690	7
29785	3	3	2	3	1166	4
29786	4	4	2	3	1193	5
29787	4	4	2	2	1194	6
29788	5	5	1	4	1105	4
29789	5	5	1	3	1106	5
29790	5	5	1	2	1107	8
29791	5	6	2	4	691	7
29792	3	3	2	2	1166	5
29793	4	4	2	3	1194	6
29794	5	5	1	2	1108	5
29795	6	6	2	4	692	8
29796	5	6	2	4	693	8
29797	4	4	2	2	1194	7
29798	2	2	3	2	597	4
29799	3	3	2	3	1166	3
29800	4	4	2	3	1195	4
29801	4	4	2	2	1196	5
29802	5	5	1	2	1108	8
29803	3	3	2	2	1166	5
29804	2	3	2	4	1167	1
29805	2	3	2	3	1168	3
29806	2	3	2	2	1169	4
29807	2	3	6	4	879	4
29808	3	4	2	3	1196	6
29809	4	5	1	2	1109	5
29810	4	6	2	4	694	8
29811	3	4	2	2	1196	7
29812	2	4	2	3	1197	6
29813	3	5	1	2	1110	5
29814	3	6	2	4	695	8
29815	2	4	2	2	1197	7
29816	0	9	3	3	744	6
29817	1	5	1	7	1111	3
29818	2	2	3	2	597	7
29819	3	4	2	5	1198	5
29820	3	4	2	4	1199	6
29821	4	3	2	2	1170	1
29822	3	4	2	3	1199	7
29823	4	3	2	2	1171	2
29824	3	4	2	2	1199	8
29825	4	3	2	2	1172	3
29826	2	4	2	5	1199	5
29827	2	4	2	4	1200	6
29828	3	3	2	2	1173	1
29829	2	4	2	3	1200	7
29830	3	3	2	2	1174	2
29831	2	4	2	2	1200	8
29832	3	3	2	4	1175	1
29833	4	1	2	2	829	6
29834	5	2	1	2	983	2
29835	3	3	2	3	1175	2
29836	3	3	2	2	1175	3
29837	4	6	2	2	696	6
29838	2	3	2	3	1175	2
29839	2	1	2	3	829	3
29840	1	5	1	6	1111	4
29841	2	4	2	5	1200	5
29842	2	4	2	4	1201	6
29843	3	3	2	4	1176	1
29844	4	2	3	2	597	7
29845	5	3	6	2	879	6
29846	6	2	1	4	984	6
29847	4	2	1	5	985	6
29848	5	6	2	2	697	7
29849	4	6	2	2	698	7
29850	3	2	3	2	597	7
29851	3	6	2	4	699	8
29852	2	4	2	3	1201	7
29853	3	3	2	4	1176	2
29854	4	6	2	3	700	6
29855	5	1	2	3	830	9
29856	6	2	1	3	985	3
29857	6	2	1	2	986	6
29858	4	1	2	4	830	6
29859	4	2	1	3	987	5
29860	2	4	2	2	1201	8
29861	3	3	2	6	1176	1
29862	4	1	2	3	831	9
29863	4	1	2	2	832	5
29864	3	3	2	5	1176	2
29865	3	3	2	4	1176	3
29866	4	1	2	3	833	6
29867	4	1	2	2	834	7
29868	3	3	6	2	879	7
29869	3	1	2	3	835	9
29870	2	2	1	5	988	2
29871	2	2	1	4	989	3
29872	3	1	2	3	836	4
29873	4	6	2	4	700	8
29874	4	2	3	3	598	8
29875	3	1	2	2	836	5
29876	2	2	1	3	989	5
29877	3	6	2	4	701	5
29878	3	1	2	2	837	7
29879	2	2	1	2	989	6
29880	3	1	2	2	838	7
29881	1	5	1	5	1111	5
29882	2	4	2	6	1201	3
29883	2	4	2	5	1202	4
29884	3	3	2	3	1176	1
29885	3	3	2	2	1177	2
29886	2	4	2	4	1202	6
29887	3	3	2	4	1178	2
29888	4	6	2	3	702	7
29889	5	1	2	4	839	9
29890	6	2	1	3	989	3
29891	6	2	1	2	990	6
29892	4	6	2	2	702	8
29893	5	1	2	4	839	9
29894	5	2	1	3	991	3
29895	5	2	1	2	992	4
29896	4	5	8	4	497	8
29897	5	2	1	4	993	3
29898	5	2	1	3	994	4
29899	4	2	1	4	995	3
29900	4	2	1	3	996	4
29901	3	3	2	3	1178	3
29902	4	1	2	4	840	5
29903	4	1	2	3	841	7
29904	4	1	2	2	842	8
29905	5	6	2	2	702	4
29906	5	2	1	3	997	2
29907	5	2	1	2	998	6
29908	4	2	1	2	999	2
29909	3	3	2	2	1178	4
29910	4	2	1	5	1000	2
29911	5	1	2	4	842	3
29912	5	1	2	3	842	5
29913	5	1	2	2	843	8
29914	4	2	1	4	1000	3
29915	5	1	2	2	844	5
29916	4	2	1	3	1000	6
29917	5	2	3	3	599	8
29918	6	1	2	2	845	7
29919	5	2	3	2	599	5
29920	6	6	2	4	703	3
29921	4	1	2	2	846	8
29922	3	2	3	3	599	4
29923	4	1	2	2	847	8
29924	4	3	6	2	880	6
29925	5	2	1	4	1000	6
29926	3	2	3	2	599	7
29927	4	2	1	4	1001	2
29928	4	2	1	3	1002	3
29929	5	1	2	2	848	4
29930	4	2	1	2	1002	6
29931	3	1	2	4	849	3
29932	3	1	2	3	850	4
29933	3	1	2	2	851	7
29934	3	6	2	2	704	7
29935	2	4	2	3	1202	7
29936	3	3	2	4	1178	3
29937	4	6	2	3	705	6
29938	5	1	2	3	852	9
29939	5	1	2	2	853	5
29940	5	2	1	3	1003	2
29941	5	2	1	2	1004	6
29942	4	1	2	4	854	6
29943	5	2	1	2	1005	2
29944	3	3	2	3	1178	4
29945	4	6	2	3	705	6
29946	5	1	2	4	854	9
29947	6	2	1	3	1006	3
29948	6	2	1	2	1007	6
29949	5	1	2	3	854	8
29950	3	3	2	2	1178	5
29951	4	2	3	3	599	4
29952	4	2	3	2	600	7
29953	5	7	1	3	404	7
29954	6	1	2	5	855	9
29955	5	7	1	2	404	8
29956	4	1	2	4	856	3
29957	4	1	2	3	857	4
29958	4	1	2	2	858	6
29959	4	6	2	2	705	6
29960	3	2	1	5	1008	2
29961	4	1	2	3	859	3
29962	4	1	2	2	860	5
29963	3	2	1	4	1008	3
29964	4	1	2	2	861	4
29965	3	2	1	3	1008	4
29966	3	2	1	2	1009	7
29967	4	1	2	2	862	8
29968	2	4	2	2	1202	8
29969	3	3	2	7	1178	1
29970	4	1	2	4	863	9
29971	5	2	1	4	1009	7
29972	4	2	1	3	1010	2
29973	4	2	1	2	1011	3
29974	4	1	2	2	863	6
29975	3	3	2	6	1178	2
29976	3	3	2	4	1178	4
29977	4	6	2	4	706	6
29978	5	1	2	4	864	9
29979	5	2	1	3	1012	2
29980	5	2	1	2	1013	3
29981	4	1	2	2	865	5
29982	3	3	2	3	1178	5
29983	4	2	3	3	600	4
29984	4	2	3	2	601	7
29985	5	2	1	5	1014	8
29986	5	2	1	4	1014	2
29987	5	2	1	3	1015	3
29988	5	2	1	2	1016	4
29989	4	2	1	5	1017	2
29990	4	2	1	4	1018	3
29991	4	2	1	3	1019	4
29992	4	2	1	2	1020	6
29993	3	3	2	2	1178	6
29994	4	2	1	5	1021	2
29995	5	2	3	4	601	8
29996	6	1	2	3	866	3
29997	6	1	2	2	867	5
29998	5	1	2	3	868	3
29999	5	1	2	2	869	5
30000	4	2	1	4	1021	3
30001	5	6	2	4	706	3
30002	4	2	1	3	1021	4
30003	5	1	2	2	870	5
30004	3	2	1	5	1021	2
30005	4	6	2	4	707	9
30006	5	1	2	3	871	6
30007	4	2	3	3	601	8
30008	5	1	2	3	872	3
30009	5	1	2	2	873	5
30010	4	2	3	2	601	4
30011	4	1	2	2	874	3
30012	3	2	1	4	1021	3
30013	4	6	2	4	707	6
30014	5	1	2	3	874	9
30015	3	2	1	3	1021	4
30016	4	1	2	2	875	5
30017	2	2	1	5	1021	2
30018	3	1	2	4	876	3
30019	3	1	2	3	877	5
30020	3	1	2	2	878	6
30021	2	2	1	4	1021	3
30022	3	6	2	5	707	3
30023	4	3	2	6	1178	6
30024	3	1	2	3	879	4
30025	3	1	2	2	880	5
30026	3	6	2	3	707	4
30027	2	2	1	3	1021	4
30028	3	1	2	3	881	5
30029	3	1	2	2	882	6
30030	3	6	2	4	708	3
30031	3	6	2	3	709	4
30032	2	2	1	2	1021	6
30033	3	1	2	2	883	7
30034	1	5	1	4	1111	6
30035	2	4	2	6	1202	3
30036	3	3	2	2	1178	1
30037	4	1	2	4	884	6
30038	3	1	2	5	885	6
30039	2	4	2	5	1202	4
30040	3	1	2	5	886	6
30041	4	3	2	3	1178	1
30042	4	3	2	2	1179	2
30043	3	3	2	3	1180	1
30044	3	3	2	2	1181	2
30045	4	2	1	4	1021	4
30046	5	6	2	5	710	3
30047	4	2	1	2	1021	3
30048	2	4	2	4	1202	5
30049	3	1	2	6	886	6
30050	4	6	2	5	711	9
30051	5	3	2	4	1181	3
30052	5	3	2	3	1182	1
30053	4	6	2	4	711	8
30054	5	2	1	3	1022	2
30055	5	2	1	2	1023	4
30056	4	3	2	3	1183	3
30057	3	2	3	4	602	8
30058	4	3	2	4	1184	1
30059	4	3	2	3	1185	2
30060	4	3	2	2	1186	3
30061	3	3	2	4	1187	1
30062	3	3	2	3	1188	2
30063	3	3	2	2	1189	3
30064	2	4	2	3	1202	7
30065	3	3	2	5	1190	2
30066	4	1	2	4	886	6
30067	3	3	2	4	1190	3
30068	4	1	2	4	887	6
30069	5	6	2	3	711	9
30070	6	2	1	3	1024	2
30071	6	2	1	2	1025	4
30072	5	6	2	2	711	5
30073	5	2	1	3	1026	2
30074	5	2	1	2	1027	4
30075	4	2	1	4	1028	4
30076	5	1	2	2	887	5
30077	5	6	2	2	712	5
30078	4	6	2	2	713	5
30079	3	3	2	3	1190	4
30080	4	1	2	5	888	6
30081	3	3	2	2	1190	5
30082	4	1	2	4	889	6
30083	3	1	2	5	890	3
30084	4	6	2	4	714	8
30085	3	1	2	4	890	4
30086	3	1	2	3	891	5
30087	4	6	2	4	715	9
30088	4	6	2	3	716	8
30089	5	2	1	3	1028	2
30090	5	2	1	2	1029	3
30091	4	2	1	2	1030	2
30092	5	6	2	2	716	3
30093	4	6	2	2	717	3
30094	3	1	2	2	891	8
30095	4	6	2	4	718	9
30096	4	2	1	3	1030	3
30097	4	2	1	2	1031	5
30098	3	6	2	4	719	8
30099	4	2	3	4	602	8
30100	5	2	1	4	1032	2
30101	5	2	1	3	1033	4
30102	5	2	1	2	1034	5
30103	4	2	1	4	1035	2
30104	4	2	1	3	1036	4
30105	4	2	1	2	1037	5
30106	3	2	1	3	1038	4
30107	3	2	1	2	1039	5
30108	2	4	2	2	1202	8
30109	3	2	1	6	1040	2
30110	4	2	3	4	602	8
30111	5	7	1	4	405	8
30112	6	1	2	5	891	9
30113	6	5	8	7	497	9
30114	7	1	2	4	892	3
30115	7	1	2	3	893	5
30116	7	1	2	2	894	6
30117	7	3	2	4	1190	6
30118	6	5	8	6	497	8
30119	7	1	2	4	895	3
30120	7	1	2	3	896	5
30121	7	1	2	2	897	6
30122	6	1	2	4	898	3
30123	6	1	2	3	899	5
30124	6	1	2	2	900	6
30125	4	7	1	4	405	8
30126	5	1	2	5	901	9
30127	5	5	8	7	497	9
30128	6	3	6	6	880	7
30129	7	3	2	5	1191	1
30130	7	3	2	4	1192	3
30131	8	1	2	2	902	6
30132	7	3	2	3	1192	4
30133	7	3	2	2	1193	5
30134	8	1	2	2	903	3
30135	7	6	2	4	719	4
30136	6	1	2	3	904	3
30137	6	1	2	2	905	5
30138	5	5	8	6	497	8
30139	6	1	2	4	906	3
30140	6	1	2	3	907	5
30141	6	1	2	2	908	6
30142	5	1	2	4	909	3
30143	5	1	2	3	910	5
30144	5	1	2	2	911	6
30145	4	3	2	5	1193	6
30146	4	3	2	2	1194	3
30147	4	3	6	2	880	5
30148	5	6	2	2	720	3
30149	4	6	2	2	721	3
30150	3	2	1	5	1040	3
30151	4	3	2	6	1195	6
30152	5	6	2	5	722	3
30153	4	6	2	5	723	3
30154	5	1	2	3	912	4
30155	5	3	2	5	1195	1
30156	3	2	1	4	1040	4
30157	4	2	3	3	602	8
30158	5	1	2	4	913	5
30159	6	3	2	4	1196	6
30160	5	1	2	3	913	6
30161	5	3	2	6	1197	6
30162	6	1	2	2	914	7
30163	6	6	2	4	723	3
30164	5	3	2	5	1197	2
30165	5	3	2	4	1197	1
30166	4	2	3	2	602	5
30167	5	1	2	2	915	6
30168	6	3	2	2	1198	3
30169	5	3	2	3	1198	6
30170	4	3	2	3	1199	3
30171	5	1	2	3	915	6
30172	5	1	2	2	916	5
30173	4	3	2	2	1199	5
30174	4	1	2	2	917	5
30175	4	6	2	4	724	3
30176	3	2	1	3	1040	5
30177	4	1	2	3	918	6
30178	5	6	2	5	725	9
30179	6	3	2	4	1200	3
30180	5	2	3	2	602	7
30181	5	3	2	4	1201	2
30182	5	3	2	3	1201	3
30183	5	3	2	2	1202	4
30184	4	3	2	6	1203	6
30185	5	1	2	2	918	7
30186	6	6	2	4	725	9
30187	6	5	8	6	497	9
30188	6	5	8	5	498	8
30189	5	6	2	4	726	3
30190	4	1	2	2	918	7
30191	5	3	2	2	1203	1
30192	4	3	2	4	1204	3
30193	5	6	2	2	727	4
30194	4	3	2	3	1204	1
30195	2	2	1	5	1040	2
30196	3	1	2	4	918	3
30197	3	1	2	3	919	5
30198	4	3	2	4	1205	6
30199	3	1	2	2	919	6
30200	4	3	2	3	1205	5
30201	4	3	2	2	1206	7
30202	5	6	2	4	728	3
30203	3	3	2	3	1206	6
30204	2	2	1	4	1040	3
30205	3	3	2	6	1207	6
30206	3	2	3	4	603	8
30207	2	2	1	3	1040	4
30208	3	1	2	3	919	5
30209	4	3	2	5	1207	6
30210	4	3	2	4	1208	3
30211	4	3	2	2	1208	2
30212	3	1	2	2	919	6
30213	4	3	2	4	1209	3
30214	4	3	2	3	1209	5
30215	4	3	2	2	1210	7
30216	5	6	2	4	729	3
30217	2	2	1	2	1040	5
30218	3	1	2	3	919	6
30219	4	6	2	4	730	8
30220	3	3	2	6	1210	6
30221	3	3	2	5	1211	3
30222	3	1	2	2	919	7
30223	1	5	1	3	1111	7
30224	2	2	1	6	1040	2
30225	3	1	2	5	920	3
30226	3	1	2	4	921	5
30227	4	5	8	7	499	9
30228	5	4	2	6	1202	9
30229	6	3	2	4	1211	4
30230	6	3	2	3	1212	6
30231	6	3	2	2	1213	7
30232	5	3	2	4	1214	1
30233	5	4	2	2	1202	6
30234	5	3	2	3	1215	4
30235	6	6	2	2	731	3
30236	5	3	2	2	1215	6
30237	4	6	2	5	732	9
30238	5	3	2	4	1216	1
30239	5	4	2	2	1203	6
30240	5	3	2	3	1217	4
30241	5	3	2	2	1218	6
30242	6	2	3	3	604	8
30243	4	3	2	4	1218	1
30244	4	4	2	2	1204	6
30245	4	3	2	3	1219	4
30246	5	6	2	2	732	3
30247	4	3	2	2	1219	6
30248	3	1	2	3	921	6
30249	4	5	8	7	499	9
30250	5	4	2	6	1205	9
30251	6	3	2	3	1220	5
30252	6	3	2	2	1221	7
30253	5	3	2	4	1222	1
30254	5	3	2	3	1223	3
30255	5	3	2	2	1224	5
30256	4	6	2	5	733	9
30257	5	3	2	4	1225	1
30258	5	3	2	3	1226	3
30259	6	4	2	3	1205	4
30260	6	4	2	2	1206	5
30261	5	3	2	2	1226	5
30262	4	3	2	4	1227	1
30263	4	3	2	3	1228	3
30264	4	3	2	2	1229	5
30265	3	1	2	2	921	7
30266	4	2	3	2	605	4
30267	5	3	2	3	1230	3
30268	5	3	2	2	1231	6
30269	4	3	2	4	1232	1
30270	5	6	2	6	733	9
30271	6	4	2	4	1207	2
30272	6	4	2	3	1208	3
30273	6	4	2	2	1209	4
30274	4	3	2	3	1232	3
30275	4	3	2	2	1233	4
30276	5	4	2	3	1210	6
30277	5	4	2	2	1211	8
30278	6	6	2	4	733	6
30279	4	4	2	2	1211	8
30280	5	6	2	2	734	5
30281	3	5	8	7	499	9
30282	3	6	2	5	735	9
30283	4	4	2	5	1211	6
30284	5	3	2	4	1233	1
30285	5	3	2	3	1234	3
30286	5	3	2	2	1235	4
30287	2	2	1	5	1040	3
30288	3	1	2	5	921	4
30289	4	2	3	3	605	8
30290	4	2	3	2	606	5
30291	5	4	2	2	1211	8
30292	5	3	2	2	1236	6
30293	4	4	2	3	1212	6
30294	4	4	2	2	1213	8
30295	3	1	2	4	921	5
30296	4	5	8	7	500	9
30297	5	4	2	6	1214	9
30298	6	3	2	4	1237	4
30299	6	3	2	3	1238	6
30300	6	3	2	2	1239	7
30301	5	3	2	4	1240	1
30302	5	4	2	2	1214	6
30303	6	3	6	4	880	6
30304	5	3	2	3	1241	4
30305	6	6	2	2	735	3
30306	5	3	2	2	1241	6
30307	4	6	2	5	736	9
30308	5	3	2	4	1242	1
30309	5	4	2	2	1214	6
30310	5	3	2	3	1243	4
30311	5	3	2	2	1244	6
30312	6	2	3	3	606	8
30313	4	3	2	4	1244	1
30314	4	4	2	2	1215	6
30315	5	5	8	2	500	5
30316	5	3	6	4	881	3
30317	5	3	6	3	881	5
30318	5	3	6	2	882	6
30319	4	3	2	3	1245	4
30320	5	6	2	2	736	3
30321	4	3	2	2	1245	6
30322	3	1	2	3	921	7
30323	4	2	3	2	607	5
30324	5	3	2	4	1246	1
30325	5	3	2	3	1247	2
30326	5	3	2	2	1248	6
30327	3	1	2	2	921	8
30328	4	2	3	2	607	4
30329	3	2	3	4	608	8
30330	4	3	2	5	1249	1
30331	5	6	2	5	737	8
30332	6	4	2	4	1215	6
30333	6	4	2	2	1216	3
30334	4	3	2	4	1249	2
30335	5	6	2	5	737	8
30336	6	4	2	4	1217	6
30337	4	3	2	3	1249	4
30338	5	4	2	2	1218	6
30339	4	3	2	2	1249	5
30340	3	5	8	7	501	8
30341	4	3	2	5	1250	1
30342	4	3	2	4	1251	2
30343	5	6	2	5	737	8
30344	6	4	2	4	1219	6
30345	4	3	2	3	1251	4
30346	5	4	2	3	1220	5
30347	5	4	2	2	1221	6
30348	4	3	2	2	1251	5
30349	3	5	8	6	501	9
30350	3	3	2	5	1252	1
30351	3	3	2	4	1253	2
30352	4	6	2	5	737	8
30353	5	4	2	4	1222	6
30354	3	3	2	3	1253	4
30355	4	4	2	3	1223	5
30356	4	4	2	2	1224	6
30357	3	3	2	2	1253	5
30358	2	2	1	4	1040	4
30359	3	1	2	4	921	5
30360	4	2	3	2	608	7
30361	5	3	2	4	1254	2
30362	6	4	2	3	1225	3
30363	6	4	2	2	1226	4
30364	5	3	2	3	1254	3
30365	5	3	2	2	1255	6
30366	4	3	2	4	1256	2
30367	5	4	2	3	1227	3
30368	5	4	2	2	1228	4
30369	4	3	2	3	1256	3
30370	4	3	2	2	1257	6
30371	4	6	2	3	737	6
30372	4	6	2	2	738	4
30373	3	1	2	3	921	6
30374	4	3	2	5	1258	1
30375	4	3	2	4	1259	3
30376	5	4	2	3	1229	4
30377	6	6	2	3	739	9
30378	6	6	2	2	740	5
30379	5	4	2	2	1229	5
30380	4	4	2	2	1230	8
30381	5	3	2	2	1259	5
30382	5	6	2	4	741	9
30383	4	3	2	3	1260	5
30384	4	3	2	2	1261	7
30385	3	1	2	2	921	7
30386	4	2	3	2	608	5
30387	5	3	2	4	1262	1
30388	5	3	2	3	1263	2
30389	5	3	2	2	1264	6
30390	3	4	2	6	1230	8
30391	4	3	2	3	1265	3
30392	5	6	2	2	742	4
30393	4	3	2	2	1265	6
30394	3	3	2	3	1266	1
30395	4	3	6	4	883	7
30396	5	4	2	4	1230	2
30397	5	4	2	3	1231	3
30398	5	4	2	2	1232	5
30399	4	3	6	3	883	6
30400	5	4	2	4	1233	2
30401	5	4	2	3	1234	3
30402	5	4	2	2	1235	5
30403	4	3	6	2	883	2
30404	3	3	2	2	1266	2
30405	4	4	2	3	1236	3
30406	4	4	2	2	1237	4
30407	3	4	2	3	1238	4
30408	3	4	2	2	1239	5
30409	2	2	1	3	1040	5
30410	3	1	2	4	921	6
30411	3	1	2	3	922	7
30412	4	2	3	2	608	4
30413	5	3	2	3	1266	3
30414	5	3	2	2	1267	6
30415	4	3	2	4	1268	1
30416	5	6	2	6	743	9
30417	6	4	2	4	1240	2
30418	6	4	2	3	1241	3
30419	6	4	2	2	1242	4
30420	4	3	2	3	1268	3
30421	4	3	2	2	1269	4
30422	5	4	2	3	1243	6
30423	5	4	2	2	1244	8
30424	6	6	2	4	743	6
30425	4	4	2	2	1244	8
30426	5	6	2	2	744	5
30427	3	1	2	2	922	8
30428	4	2	3	2	608	4
30429	3	4	2	6	1244	8
30430	4	3	2	3	1269	3
30431	5	6	2	2	745	4
30432	4	3	2	2	1269	6
30433	3	3	2	3	1270	1
30434	3	3	2	2	1271	2
30435	4	4	2	3	1244	3
30436	4	4	2	2	1245	4
30437	3	4	2	3	1246	4
30438	3	4	2	2	1247	5
30439	2	2	1	2	1040	6
30440	3	1	2	3	922	7
30441	4	2	3	2	609	5
30442	4	3	2	4	1271	2
30443	5	4	2	3	1248	3
30444	5	4	2	2	1249	4
30445	4	3	2	3	1271	3
30446	5	4	2	3	1250	4
30447	5	4	2	2	1251	6
30448	5	6	2	3	746	6
30449	5	6	2	2	747	4
30450	4	3	2	2	1271	4
30451	5	4	2	3	1252	5
30452	5	4	2	2	1253	6
30453	5	6	2	4	748	6
30454	3	1	2	2	922	8
30455	4	3	2	5	1271	1
30456	5	3	6	3	884	7
30457	6	6	2	4	749	9
30458	5	3	6	2	884	5
30459	5	6	2	4	750	9
30460	4	3	2	4	1271	3
30461	5	4	2	3	1254	4
30462	5	4	2	2	1255	5
30463	6	6	2	3	751	6
30464	6	6	2	2	752	4
30465	4	3	2	3	1271	4
30466	4	3	2	2	1272	5
30467	5	4	2	2	1255	6
30468	6	6	2	3	753	9
30469	3	2	3	4	610	8
30470	4	3	2	5	1272	1
30471	5	6	2	5	754	8
30472	6	4	2	4	1255	6
30473	6	4	2	2	1256	3
30474	4	3	2	4	1272	2
30475	5	6	2	5	754	8
30476	6	4	2	4	1257	6
30477	4	3	2	3	1272	4
30478	5	4	2	2	1258	6
30479	4	3	2	2	1272	5
30480	3	3	2	5	1273	1
30481	3	3	2	4	1274	2
30482	4	6	2	5	754	8
30483	5	4	2	4	1259	6
30484	3	3	2	3	1274	4
30485	4	4	2	3	1260	5
30486	4	4	2	2	1261	6
30487	4	6	2	3	754	6
30488	3	3	2	2	1274	5
30489	1	5	1	2	1111	8
30490	2	4	2	7	1262	2
30491	3	2	3	2	610	7
30492	4	1	2	4	922	5
30493	4	1	2	3	923	6
30494	5	2	1	2	1040	2
30495	4	1	2	2	923	8
30496	5	6	2	6	755	6
30497	3	1	2	4	923	5
30498	3	1	2	3	924	6
30499	4	2	1	2	1041	2
30500	3	1	2	2	924	7
30501	4	6	2	5	756	6
30502	4	2	1	2	1042	2
30503	2	4	2	6	1262	3
30504	3	3	2	2	1275	1
30505	4	2	3	3	610	8
30506	5	1	2	3	924	5
30507	5	1	2	2	925	6
30508	6	2	1	2	1043	2
30509	4	2	3	2	610	5
30510	4	1	2	4	925	5
30511	4	1	2	3	926	6
30512	5	2	1	2	1044	2
30513	4	1	2	2	926	8
30514	3	2	1	5	1045	3
30515	4	1	2	4	927	4
30516	4	1	2	3	928	7
30517	4	1	2	2	929	8
30518	3	2	1	4	1045	4
30519	3	2	1	3	1046	5
30520	4	1	2	2	930	8
30521	3	2	1	2	1046	6
30522	4	1	2	2	931	7
30523	2	4	2	5	1262	4
30524	3	3	2	3	1275	1
30525	4	2	3	3	611	8
30526	5	1	2	4	932	5
30527	5	1	2	3	933	6
30528	6	2	1	2	1046	2
30529	5	1	2	2	933	7
30530	5	2	1	4	1047	6
30531	4	2	3	2	611	5
30532	5	1	2	4	934	6
30533	5	1	2	3	935	7
30534	5	1	2	2	936	8
30535	5	2	1	2	1048	3
30536	4	1	2	4	937	5
30537	4	1	2	3	938	6
30538	5	2	1	2	1049	2
30539	4	1	2	2	938	8
30540	5	6	2	4	757	9
30541	4	6	2	3	758	7
30542	5	2	1	4	1050	3
30543	5	2	1	3	1051	4
30544	5	2	1	2	1052	5
30545	3	3	2	2	1275	2
30546	4	2	1	5	1053	3
30547	5	6	2	5	758	6
30548	6	1	2	3	938	9
30549	4	2	1	4	1053	4
30550	5	6	2	5	758	6
30551	5	1	2	3	939	9
30552	5	2	3	2	611	7
30553	6	3	6	5	885	5
30554	6	3	6	4	886	7
30555	6	3	6	3	887	6
30556	5	5	8	2	502	4
30557	6	3	6	2	888	4
30558	5	3	6	5	889	3
30559	5	3	6	4	890	4
30560	5	3	6	3	891	5
30561	5	3	6	2	892	6
30562	6	7	8	4	351	7
30563	4	2	1	3	1053	5
30564	4	2	1	2	1054	6
30565	3	2	1	5	1055	2
30566	4	1	2	4	940	6
30567	4	1	2	3	941	7
30568	4	1	2	2	942	8
30569	5	6	2	4	759	6
30570	5	6	2	3	760	9
30571	3	2	1	4	1055	4
30572	4	1	2	3	942	5
30573	4	1	2	2	943	6
30574	3	2	1	3	1055	5
30575	4	1	2	3	944	6
30576	4	1	2	2	945	7
30577	3	2	1	2	1055	6
30578	4	1	2	2	946	7
30579	4	6	2	4	761	6
30580	4	6	2	3	762	9
30581	3	1	2	2	947	8
30582	2	4	2	4	1262	5
30583	3	3	2	4	1275	1
30584	4	2	3	3	611	8
30585	5	1	2	3	948	6
30586	5	1	2	2	949	7
30587	4	2	3	2	611	5
30588	5	1	2	4	950	6
30589	5	1	2	3	951	7
30590	5	1	2	2	952	8
30591	4	1	2	3	953	6
30592	4	1	2	2	954	8
30593	5	6	2	4	763	9
30594	6	2	1	4	1055	2
30595	6	2	1	3	1056	3
30596	6	2	1	2	1057	5
30597	3	3	2	3	1275	2
30598	4	2	1	5	1058	3
30599	5	1	2	4	954	4
30600	5	1	2	3	955	7
30601	5	1	2	2	956	8
30602	4	2	1	4	1058	4
30603	5	1	2	2	957	7
30604	4	2	1	3	1058	5
30605	4	2	1	2	1059	6
30606	5	1	2	2	958	7
30607	3	3	2	2	1275	3
30608	4	1	2	4	959	6
30609	5	6	2	3	763	9
30610	6	2	1	3	1059	2
30611	6	2	1	2	1060	4
30612	4	6	2	4	763	6
30613	5	1	2	3	959	9
30614	4	1	2	3	960	9
30615	3	6	2	2	763	7
30616	4	1	2	3	961	9
30617	5	2	1	2	1061	3
30618	3	1	2	3	961	3
30619	2	4	2	3	1262	6
30620	3	3	2	5	1275	1
30621	4	1	2	3	961	5
30622	4	1	2	2	962	8
30623	5	3	6	5	892	7
30624	6	6	2	3	763	9
30625	5	6	2	3	764	9
30626	3	3	2	4	1275	2
30627	4	2	1	5	1062	3
30628	5	1	2	4	962	4
30629	5	1	2	3	963	7
30630	5	1	2	2	964	8
30631	5	2	3	3	611	8
30632	6	6	2	3	765	7
30633	6	6	2	2	766	3
30634	5	2	3	2	611	5
30635	5	6	2	3	767	7
30636	5	6	2	2	768	3
30637	4	2	1	4	1062	4
30638	5	1	2	3	965	5
30639	6	2	3	2	612	7
30640	5	1	2	2	965	7
30641	5	6	2	3	769	7
30642	4	2	1	3	1062	5
30643	5	6	2	3	770	7
30644	4	2	1	2	1062	6
30645	5	1	2	2	966	7
30646	5	2	3	3	613	8
30647	6	6	2	3	771	7
30648	6	6	2	2	772	3
30649	5	2	3	2	613	5
30650	5	6	2	3	773	7
30651	5	6	2	2	774	3
30652	3	3	2	3	1275	3
30653	4	1	2	4	967	5
30654	4	1	2	3	968	7
30655	4	1	2	2	969	8
30656	3	3	2	2	1275	4
30657	4	2	1	5	1062	2
30658	5	2	3	3	614	5
30659	6	1	2	3	970	3
30660	6	1	2	2	970	8
30661	5	2	3	2	614	7
30662	6	6	2	4	775	9
30663	7	1	2	3	971	3
30664	7	1	2	2	972	5
30665	5	1	2	3	973	5
30666	5	1	2	2	974	7
30667	6	3	6	5	892	2
30668	6	3	6	4	893	3
30669	6	3	6	3	894	6
30670	7	5	8	6	502	6
30671	7	5	8	5	503	7
30672	6	3	6	2	894	7
30673	6	7	8	7	352	8
30674	4	2	1	4	1062	3
30675	5	1	2	3	974	5
30676	5	1	2	2	975	8
30677	5	2	3	3	614	8
30678	5	2	3	2	615	5
30679	4	2	1	3	1062	5
30680	5	1	2	2	976	7
30681	6	3	6	5	895	3
30682	6	3	6	4	895	5
30683	6	3	6	3	896	6
30684	6	3	6	2	897	7
30685	6	7	8	7	353	8
30686	4	2	1	2	1062	6
30687	5	1	2	3	976	7
30688	5	1	2	2	977	8
30689	5	2	3	3	616	8
30690	5	2	3	2	617	5
30691	4	1	2	2	978	8
30692	3	6	2	3	775	4
30693	4	1	2	3	979	9
30694	3	6	2	2	775	7
30695	4	1	2	3	980	9
30696	5	2	1	2	1062	3
30697	3	1	2	3	980	4
30698	3	1	2	2	981	7
30699	4	2	1	3	1063	3
30700	4	2	1	2	1064	4
30701	2	4	2	2	1262	7
30702	3	3	2	5	1275	2
30703	4	6	2	3	775	3
30704	4	6	2	2	776	4
30705	3	3	2	4	1275	3
30706	4	6	2	3	777	5
30707	4	6	2	2	778	6
30708	5	1	2	2	981	8
30709	4	1	2	3	982	5
30710	4	1	2	2	983	6
30711	4	2	1	3	1065	2
30712	5	2	3	2	618	5
30713	5	5	8	4	504	7
30714	4	2	1	2	1065	6
30715	5	2	3	2	619	5
30716	5	5	8	4	505	7
30717	3	3	2	3	1275	4
30718	4	6	2	2	778	5
30719	5	1	2	3	984	9
30720	6	2	1	2	1065	3
30721	3	3	2	2	1275	5
30722	4	1	2	4	984	9
30723	5	2	1	2	1066	3
30724	4	1	2	3	984	6
30725	3	2	1	5	1067	2
30726	4	1	2	3	985	3
30727	4	1	2	2	986	5
30728	5	6	2	2	778	4
30729	5	2	3	3	620	4
30730	3	2	1	4	1067	3
30731	4	6	2	4	779	9
30732	5	1	2	3	986	4
30733	5	1	2	2	987	5
30734	6	2	3	3	621	4
30735	3	2	1	3	1067	4
30736	4	1	2	2	987	5
30737	3	2	1	2	1067	5
30738	4	1	2	2	988	8
30739	3	1	2	2	989	8
30740	2	3	2	7	1275	2
30741	3	2	1	5	1067	3
30742	3	2	1	4	1068	4
30743	4	1	2	2	990	5
30744	3	2	1	3	1068	5
30745	4	1	2	2	991	6
30746	3	2	1	2	1068	6
30747	2	3	2	6	1275	3
30748	2	3	2	5	1275	4
30749	3	2	3	2	622	7
30750	4	2	1	4	1069	2
30751	5	1	2	3	992	3
30752	5	1	2	2	993	5
30753	4	2	1	3	1069	3
30754	5	1	2	2	994	5
30755	4	2	1	2	1069	5
30756	5	1	2	2	995	6
30757	3	2	1	4	1069	2
30758	4	1	2	3	996	5
30759	4	6	2	2	779	3
30760	3	2	1	3	1069	3
30761	3	2	1	2	1070	5
30762	4	1	2	2	997	6
30763	4	6	2	2	780	3
30764	2	3	2	4	1275	5
30765	3	2	3	2	622	7
30766	4	2	1	4	1070	2
30767	4	2	1	3	1071	3
30768	4	2	1	2	1072	4
30769	3	2	1	4	1073	2
30770	4	1	2	2	998	3
30771	3	2	1	3	1073	3
30772	4	1	2	2	999	4
30773	3	2	1	2	1073	4
30774	4	1	2	2	1000	6
30775	2	3	2	3	1275	6
30776	2	3	2	2	1276	7
30777	3	2	1	5	1073	2
30778	4	1	2	4	1001	3
30779	4	1	2	3	1002	5
30780	4	1	2	2	1003	6
30781	5	6	2	3	781	4
30782	3	2	1	4	1073	3
30783	4	6	2	4	782	6
30784	3	2	1	3	1073	4
30785	4	1	2	2	1003	5
30786	4	6	2	3	783	4
30787	3	2	1	2	1073	5
30788	4	1	2	2	1004	6
30789	1	1	2	7	1005	9
30790	2	7	1	3	405	8
30791	3	2	3	4	622	8
30792	4	3	2	7	1276	1
30793	5	2	1	6	1073	6
30794	6	6	2	6	784	8
30795	7	4	2	4	1262	6
30796	6	4	2	3	1263	6
30797	7	6	2	3	784	3
30798	5	6	2	6	785	8
30799	6	4	2	4	1263	6
30800	5	4	2	3	1264	6
30801	6	6	2	3	785	3
30802	4	3	2	6	1276	2
30803	5	6	2	6	786	8
30804	6	2	1	4	1073	3
30805	7	4	2	4	1264	6
30806	6	2	1	3	1073	4
30807	7	4	2	4	1265	6
30808	6	2	1	2	1073	5
30809	7	4	2	4	1266	6
30810	6	4	2	4	1267	6
30811	5	4	2	4	1268	4
30812	5	4	2	3	1269	5
30813	6	6	2	2	786	6
30814	7	2	1	4	1073	3
30815	7	2	1	3	1074	4
30816	7	2	1	2	1075	5
30817	5	4	2	2	1269	6
30818	6	2	1	4	1076	3
30819	7	6	2	3	786	3
30820	6	2	1	3	1076	4
30821	7	6	2	3	787	3
30822	6	2	1	2	1076	5
30823	7	6	2	3	788	3
30824	6	6	2	3	789	3
30825	4	3	2	5	1276	3
30826	5	2	1	4	1076	2
30827	5	2	1	3	1077	4
30828	6	4	2	4	1269	4
30829	6	4	2	3	1270	6
30830	6	4	2	2	1271	7
30831	5	2	1	2	1077	5
30832	6	4	2	4	1272	4
30833	6	4	2	3	1273	6
30834	6	4	2	2	1274	7
30835	4	3	2	4	1276	4
30836	5	4	2	4	1275	5
30837	5	4	2	3	1276	6
30838	6	6	2	4	790	8
30839	6	6	2	2	791	5
30840	5	4	2	2	1276	7
30841	6	6	2	3	792	6
30842	5	2	1	4	1077	2
30843	5	2	1	3	1078	3
30844	5	2	1	2	1079	6
30845	4	3	2	3	1276	5
30846	5	4	2	3	1276	6
30847	6	2	1	4	1080	2
30848	6	2	1	3	1081	3
30849	6	2	1	2	1082	6
30850	5	4	2	2	1276	7
30851	6	6	2	4	793	8
30852	7	2	1	4	1083	2
30853	7	2	1	3	1084	3
30854	7	2	1	2	1085	6
30855	5	6	2	3	793	6
30856	6	2	1	4	1086	2
30857	6	2	1	3	1087	3
30858	6	2	1	2	1088	6
30859	4	3	2	2	1276	6
30860	5	4	2	2	1276	7
30861	6	2	1	4	1089	2
30862	6	2	1	3	1090	4
30863	6	2	1	2	1091	5
30864	5	2	1	4	1092	2
30865	5	2	1	3	1093	4
30866	6	5	8	7	506	8
30867	7	3	6	3	898	2
30868	7	3	6	2	899	3
30869	7	6	2	4	793	3
30870	7	6	2	3	794	4
30871	7	6	2	2	795	5
30872	6	3	6	4	900	2
30873	6	3	6	3	901	3
30874	6	3	6	2	902	4
30875	7	6	2	4	796	3
30876	7	6	2	3	797	4
30877	7	6	2	2	798	5
30878	5	2	1	2	1093	5
30879	6	5	8	7	506	8
30880	7	3	6	4	902	2
30881	7	3	6	3	903	3
30882	7	3	6	2	904	5
30883	8	6	2	4	799	3
30884	8	6	2	3	800	4
30885	8	6	2	2	801	5
30886	6	3	6	4	904	2
30887	6	3	6	3	905	3
30888	6	3	6	2	906	5
30889	7	6	2	4	802	3
30890	7	6	2	3	803	4
30891	7	6	2	2	804	5
30892	3	2	3	3	622	4
30893	4	2	1	4	1093	2
30894	4	2	1	3	1094	3
30895	5	3	2	3	1276	2
30896	6	3	6	2	906	4
30897	6	4	2	3	1276	3
30898	6	4	2	2	1277	4
30899	5	3	2	2	1276	5
30900	6	4	2	2	1278	6
30901	4	2	1	2	1094	6
30902	5	3	2	3	1276	2
30903	6	4	2	3	1279	3
30904	6	4	2	2	1280	4
30905	5	3	2	2	1276	5
30906	6	4	2	2	1281	6
30907	3	2	3	2	622	5
30908	4	2	1	4	1094	2
30909	4	2	1	3	1095	3
30910	5	3	2	4	1276	2
30911	6	3	6	2	907	5
30912	6	4	2	3	1282	3
30913	6	4	2	2	1283	4
30914	5	3	6	2	908	5
30915	5	4	2	3	1284	5
30916	5	4	2	2	1285	7
30917	4	2	1	2	1095	6
30918	5	3	2	4	1276	2
30919	4	4	2	2	1286	7
30920	3	2	1	4	1095	3
30921	4	6	2	6	805	8
30922	5	4	2	4	1287	6
30923	4	4	2	3	1288	6
30924	5	6	2	3	805	3
30925	3	2	1	3	1095	4
30926	4	3	2	4	1277	1
30927	5	6	2	6	806	8
30928	6	4	2	4	1288	6
30929	5	4	2	3	1289	3
30930	5	4	2	2	1290	5
30931	4	3	2	3	1277	2
30932	4	3	2	2	1278	3
30933	5	4	2	4	1291	8
30934	6	3	6	4	909	7
30935	7	6	2	3	806	4
30936	5	3	6	4	909	7
30937	6	4	2	3	1291	5
30938	6	4	2	2	1292	6
30939	5	4	2	3	1293	6
30940	4	4	2	2	1294	7
30941	4	5	8	7	506	8
30942	5	3	6	4	909	2
30943	5	3	6	3	910	3
30944	5	3	6	2	911	4
30945	6	6	2	4	807	3
30946	6	6	2	3	808	4
30947	6	6	2	2	809	5
30948	4	5	8	6	506	7
30949	5	6	2	4	810	7
30950	4	3	6	4	911	2
30951	4	3	6	3	912	3
30952	4	3	6	2	913	4
30953	5	6	2	4	811	7
30954	3	2	1	2	1095	5
30955	4	3	2	4	1278	1
30956	4	3	2	3	1279	2
30957	4	3	2	2	1280	3
30958	4	4	2	2	1295	7
30959	4	5	8	7	506	8
30960	5	3	6	4	913	2
30961	5	3	6	3	914	3
30962	5	3	6	2	915	5
30963	6	6	2	4	812	3
30964	6	6	2	3	813	4
30965	6	6	2	2	814	5
30966	4	5	8	6	506	7
30967	5	6	2	4	815	7
30968	4	3	6	4	915	2
30969	4	3	6	3	916	3
30970	4	3	6	2	917	5
30971	5	5	8	5	506	6
30972	6	6	2	4	816	3
30973	6	6	2	3	817	4
30974	6	6	2	2	818	5
30975	3	6	2	6	819	8
30976	4	4	2	4	1296	6
30977	3	4	2	3	1297	6
30978	4	6	2	3	819	3
30979	2	2	1	5	1095	3
30980	3	3	2	4	1281	1
30981	4	6	2	5	820	7
30982	5	4	2	4	1297	6
30983	3	3	2	3	1281	2
30984	4	2	3	4	622	8
30985	5	6	2	5	820	7
30986	6	4	2	4	1298	6
30987	5	4	2	3	1299	6
30988	4	3	6	4	917	7
30989	5	2	3	3	622	7
30990	4	3	6	3	917	3
30991	4	3	6	2	918	4
30992	5	4	2	5	1300	3
30993	5	4	2	4	1301	4
30994	5	4	2	3	1302	5
30995	5	4	2	2	1303	6
30996	6	6	2	3	820	3
30997	4	2	3	3	623	5
30998	4	6	2	5	821	7
30999	5	4	2	4	1303	6
31000	3	3	2	2	1281	4
31001	4	4	2	3	1304	5
31002	5	6	2	3	821	6
31003	4	4	2	2	1304	6
31004	5	6	2	3	822	3
31005	2	2	1	4	1095	4
31006	3	3	2	4	1281	1
31007	4	3	6	4	918	7
31008	5	6	2	5	823	7
31009	6	4	2	4	1304	3
31010	4	6	2	5	823	7
31011	5	4	2	4	1305	3
31012	3	3	2	3	1281	2
31013	4	4	2	4	1306	3
31014	4	4	2	3	1307	4
31015	4	4	2	2	1308	6
31016	3	3	2	2	1281	3
31017	4	4	2	4	1309	4
31018	4	4	2	3	1310	5
31019	4	4	2	2	1311	6
31020	4	6	2	2	823	5
31021	3	6	2	2	824	3
31022	2	2	1	3	1095	5
31023	3	3	2	4	1281	1
31024	3	3	2	3	1282	2
31025	4	4	2	4	1312	3
31026	4	4	2	3	1313	4
31027	4	4	2	2	1314	6
31028	3	3	2	2	1282	3
31029	4	4	2	4	1315	4
31030	4	4	2	3	1316	5
31031	4	4	2	2	1317	6
31032	4	6	2	2	825	5
31033	3	6	2	2	826	3
31034	2	2	1	2	1095	6
31035	3	3	2	4	1282	1
31036	4	6	2	5	827	7
31037	5	4	2	4	1318	6
31038	3	3	2	3	1282	2
31039	4	2	3	4	624	8
31040	5	6	2	5	827	7
31041	6	4	2	4	1319	6
31042	5	4	2	3	1320	6
31043	4	3	6	4	918	7
31044	5	2	3	3	624	7
31045	6	6	2	5	827	7
31046	7	4	2	4	1321	6
31047	6	4	2	3	1322	6
31048	4	3	6	3	918	4
31049	5	4	2	5	1323	3
31050	5	4	2	4	1324	4
31051	5	4	2	3	1325	5
31052	5	4	2	2	1326	6
31053	6	6	2	3	827	3
31054	4	3	6	2	918	5
31055	4	4	2	5	1326	3
31056	4	4	2	4	1327	4
31057	4	4	2	3	1328	5
31058	4	4	2	2	1329	6
31059	5	6	2	3	828	3
31060	3	3	2	2	1282	4
31061	4	4	2	3	1329	5
31062	5	6	2	3	829	6
31063	4	4	2	2	1329	6
31064	5	6	2	3	830	3
31065	1	7	1	3	405	8
31066	2	5	8	7	506	8
31067	3	4	2	7	1329	8
31068	4	2	3	4	624	8
31069	5	2	1	5	1095	2
31070	6	1	2	4	1005	3
31071	6	1	2	3	1006	5
31072	6	1	2	2	1007	6
31073	5	2	1	4	1095	3
31074	6	1	2	3	1008	4
31075	6	1	2	2	1009	5
31076	5	2	1	3	1095	4
31077	6	1	2	3	1010	5
31078	6	1	2	2	1011	6
31079	5	2	1	2	1095	5
31080	6	1	2	2	1012	6
31081	4	3	6	6	919	7
31082	5	3	2	6	1282	1
31083	4	2	1	4	1095	2
31084	5	1	2	3	1013	3
31085	5	1	2	2	1014	5
31086	4	2	1	3	1095	3
31087	5	1	2	2	1015	4
31088	4	2	1	2	1095	4
31089	5	1	2	2	1016	5
31090	3	6	2	6	831	8
31091	4	2	3	4	624	8
31092	5	4	2	6	1329	2
31093	6	1	2	3	1017	5
31094	6	1	2	2	1018	6
31095	7	2	1	2	1095	2
31096	5	4	2	5	1329	3
31097	6	3	2	2	1283	1
31098	7	1	2	3	1018	6
31099	8	2	1	2	1096	2
31100	6	1	2	4	1018	6
31101	6	2	1	2	1097	3
31102	6	1	2	2	1019	5
31103	5	4	2	4	1329	4
31104	6	3	2	3	1283	1
31105	7	1	2	3	1020	6
31106	8	2	1	2	1098	2
31107	6	3	2	2	1283	2
31108	6	1	2	3	1020	5
31109	6	1	2	2	1021	6
31110	7	2	1	3	1099	2
31111	7	2	1	2	1100	4
31112	5	4	2	3	1329	5
31113	6	3	2	4	1284	1
31114	7	1	2	2	1021	6
31115	8	2	1	2	1101	2
31116	6	3	2	3	1284	2
31117	6	3	2	2	1285	3
31118	6	2	1	3	1102	2
31119	7	1	2	2	1021	3
31120	6	2	1	2	1102	5
31121	5	4	2	2	1329	6
31122	6	3	2	5	1286	1
31123	6	3	2	4	1287	2
31124	6	3	2	3	1288	3
31125	6	3	2	2	1289	4
31126	6	1	2	3	1021	3
31127	6	1	2	2	1022	4
31128	5	2	1	4	1103	2
31129	5	2	1	3	1104	3
31130	6	1	2	2	1023	4
31131	5	2	1	2	1104	4
31132	6	1	2	2	1024	5
31133	4	3	6	6	919	7
31134	5	3	2	6	1290	1
31135	6	1	2	2	1025	5
31136	5	2	3	2	624	5
31137	5	3	2	5	1290	2
31138	6	2	1	3	1104	3
31139	4	2	1	4	1105	2
31140	5	1	2	3	1026	3
31141	5	1	2	2	1027	5
31142	4	2	1	3	1105	3
31143	5	1	2	2	1028	4
31144	6	4	2	3	1329	3
31145	6	4	2	2	1330	6
31146	4	2	1	2	1105	4
31147	5	1	2	2	1028	5
31148	6	4	2	3	1331	3
31149	6	4	2	2	1332	4
31150	3	1	2	5	1028	8
31151	4	3	6	4	919	7
31152	2	4	2	7	1333	2
31153	3	1	2	4	1028	8
31154	3	1	2	3	1029	5
31155	3	1	2	2	1030	6
31156	4	2	1	2	1105	2
31157	2	4	2	6	1333	3
31158	3	3	2	2	1290	1
31159	4	2	3	3	625	8
31160	5	6	2	5	831	8
31161	6	1	2	3	1030	6
31162	7	2	1	2	1106	2
31163	5	1	2	3	1030	5
31164	6	2	1	2	1107	2
31165	5	1	2	2	1030	6
31166	6	2	1	2	1108	2
31167	4	3	6	6	920	7
31168	5	2	3	2	625	5
31169	6	6	2	5	831	8
31170	5	6	2	5	832	7
31171	5	1	2	3	1030	5
31172	5	1	2	2	1031	6
31173	4	6	2	5	833	8
31174	5	1	2	2	1032	5
31175	5	2	1	2	1109	2
31176	4	1	2	2	1033	5
31177	4	2	1	2	1110	2
31178	3	6	2	5	833	8
31179	4	1	2	4	1034	6
31180	4	2	1	2	1111	3
31181	4	1	2	2	1035	5
31182	2	4	2	5	1333	4
31183	3	3	2	3	1290	1
31184	4	2	3	3	625	8
31185	5	6	2	4	833	8
31186	6	1	2	3	1036	6
31187	7	2	1	2	1112	2
31188	5	1	2	3	1036	5
31189	5	1	2	2	1037	6
31190	6	2	1	2	1113	2
31191	4	3	6	6	920	7
31192	5	2	3	2	625	5
31193	5	1	2	3	1037	5
31194	5	1	2	2	1038	6
31195	6	2	1	2	1114	2
31196	4	6	2	4	833	8
31197	5	1	2	2	1038	5
31198	5	2	1	2	1115	2
31199	4	1	2	2	1039	5
31200	4	2	1	2	1116	2
31201	3	3	2	2	1290	2
31202	3	6	2	4	833	8
31203	4	1	2	3	1040	5
31204	4	1	2	2	1041	6
31205	5	2	1	3	1117	2
31206	5	2	1	2	1118	4
31207	3	1	2	2	1041	6
31208	2	4	2	4	1333	5
31209	3	3	2	4	1291	1
31210	4	1	2	3	1042	6
31211	5	2	1	2	1119	2
31212	4	1	2	2	1042	7
31213	3	3	2	3	1291	2
31214	4	1	2	4	1043	4
31215	4	1	2	3	1044	6
31216	4	1	2	2	1045	7
31217	5	6	2	3	833	6
31218	4	3	6	5	920	7
31219	5	6	2	3	834	6
31220	4	6	2	3	835	6
31221	3	3	2	2	1291	3
31222	4	1	2	3	1045	6
31223	5	2	1	3	1120	2
31224	5	2	1	2	1121	4
31225	4	1	2	2	1045	7
31226	4	3	6	5	920	7
31227	5	2	1	3	1122	2
31228	5	2	1	2	1123	6
31229	4	2	1	3	1124	6
31230	3	6	2	4	836	8
31231	4	2	1	3	1125	2
31232	5	1	2	2	1046	3
31233	4	2	1	2	1125	5
31234	4	3	6	3	920	6
31235	5	9	2	2	203	1
31236	4	3	6	2	920	3
31237	4	9	2	2	204	1
31238	3	1	2	3	1046	8
31239	2	4	2	3	1333	6
31240	3	3	2	5	1291	1
31241	4	1	2	3	1047	5
31242	4	1	2	2	1048	7
31243	3	3	2	4	1291	2
31244	4	1	2	4	1049	4
31245	4	1	2	3	1050	5
31246	4	1	2	2	1051	7
31247	5	2	1	3	1126	3
31248	5	2	1	2	1127	4
31249	3	3	2	3	1291	3
31250	3	3	2	2	1292	4
31251	4	1	2	4	1051	3
31252	4	1	2	3	1052	5
31253	5	2	1	2	1128	2
31254	4	1	2	2	1052	7
31255	5	2	1	3	1129	2
31256	5	2	1	2	1130	5
31257	5	3	6	4	921	6
31258	6	6	2	3	836	8
31259	5	6	2	3	837	8
31260	4	3	6	5	921	7
31261	5	2	3	2	626	5
31262	6	2	1	3	1131	2
31263	6	2	1	2	1132	6
31264	4	2	3	2	626	5
31265	3	6	2	4	838	8
31266	4	1	2	3	1052	3
31267	4	1	2	2	1053	4
31268	4	2	1	3	1133	3
31269	4	2	1	2	1134	4
31270	2	4	2	2	1333	7
31271	3	3	2	5	1292	2
31272	4	2	1	4	1135	3
31273	5	1	2	2	1054	4
31274	4	2	1	3	1135	4
31275	4	2	1	2	1136	5
31276	5	1	2	2	1055	6
31277	3	3	2	4	1292	3
31278	4	1	2	3	1056	5
31279	4	1	2	2	1057	6
31280	5	6	2	2	838	5
31281	3	3	2	3	1292	4
31282	4	6	2	3	839	5
31283	4	6	2	2	840	6
31284	3	3	2	2	1292	5
31285	4	1	2	4	1057	3
31286	4	1	2	3	1058	4
31287	5	6	2	3	841	8
31288	4	1	2	2	1058	6
31289	5	2	1	2	1136	2
31290	3	6	2	4	842	8
31291	4	2	1	3	1137	2
31292	4	2	1	2	1138	3
31293	2	2	3	4	627	8
31294	3	2	1	5	1139	2
31295	4	1	2	4	1058	3
31296	4	1	2	3	1059	5
31297	4	1	2	2	1060	6
31298	3	2	1	4	1139	3
31299	4	1	2	3	1061	4
31300	4	1	2	2	1062	5
31301	3	2	1	3	1139	4
31302	4	1	2	3	1063	5
31303	5	3	2	4	1292	2
31304	5	3	2	3	1292	3
31305	5	3	2	2	1293	6
31306	4	1	2	2	1063	6
31307	3	2	1	2	1139	5
31308	4	1	2	2	1064	6
31309	2	3	6	6	921	7
31310	3	2	1	5	1139	2
31311	4	1	2	4	1065	3
31312	4	1	2	3	1066	5
31313	4	1	2	2	1067	6
31314	3	2	1	4	1139	3
31315	4	1	2	3	1068	4
31316	4	1	2	2	1069	5
31317	3	2	1	3	1139	4
31318	4	1	2	3	1070	5
31319	4	1	2	2	1071	6
31320	3	2	1	2	1139	5
31321	4	1	2	2	1072	6
31322	2	2	1	4	1139	2
31323	3	1	2	3	1073	3
31324	3	1	2	2	1074	5
31325	2	2	1	3	1139	3
31326	3	1	2	2	1075	4
31327	4	3	2	4	1294	2
31328	4	3	2	3	1294	5
31329	4	3	2	2	1295	6
31330	2	2	1	2	1139	4
31331	3	1	2	2	1075	5
31332	4	3	2	2	1296	3
31333	0	9	3	2	744	7
31334	1	4	2	8	1333	2
31335	2	5	1	3	1111	7
31336	3	1	2	5	1075	7
31337	4	6	2	6	842	9
31338	5	2	3	2	627	6
31339	6	2	1	4	1139	2
31340	5	2	1	4	1140	2
31341	5	2	1	3	1141	3
31342	5	2	1	2	1142	4
31343	2	5	1	2	1111	8
31344	3	2	3	2	627	6
31345	4	2	1	5	1143	2
31346	5	1	2	3	1075	7
31347	4	1	2	3	1076	7
31348	3	1	2	4	1077	5
31349	3	1	2	3	1078	6
31350	4	2	1	2	1143	2
31351	3	1	2	2	1078	7
31352	4	6	2	5	842	9
31353	5	2	1	4	1144	2
31354	6	3	6	3	921	6
31355	7	5	8	6	506	6
31356	8	7	8	6	354	7
31357	7	7	8	6	355	8
31358	6	3	6	2	921	7
31359	6	5	8	6	506	6
31360	7	7	8	6	356	7
31361	6	7	8	6	357	8
31362	5	2	1	3	1144	3
31363	5	2	1	2	1145	4
31364	5	5	8	6	506	6
31365	5	3	6	4	922	5
31366	5	3	6	3	923	6
31367	5	3	6	2	924	7
31368	2	1	2	5	1078	9
31369	3	2	1	6	1146	7
31370	2	1	2	4	1078	8
31371	2	1	2	2	1079	5
31372	2	2	3	2	627	6
31373	2	2	1	4	1147	2
31374	2	2	1	3	1148	3
31375	2	2	1	2	1149	4
31376	1	4	2	7	1333	3
31377	2	3	2	2	1297	1
31378	3	2	3	3	628	8
31379	4	1	2	4	1080	5
31380	5	2	1	2	1150	2
31381	4	1	2	3	1080	6
31382	5	2	1	2	1151	2
31383	4	1	2	2	1080	7
31384	5	6	2	5	842	9
31385	6	5	1	3	1111	5
31386	6	5	1	2	1112	6
31387	7	2	1	4	1152	2
31388	7	2	1	3	1153	3
31389	7	2	1	2	1154	4
31390	5	6	2	4	842	8
31391	6	2	1	4	1155	2
31392	6	2	1	3	1156	3
31393	6	2	1	2	1157	4
31394	4	2	1	6	1158	7
31395	3	2	3	2	628	5
31396	4	3	6	3	925	5
31397	4	3	6	2	926	6
31398	5	1	2	3	1080	9
31399	6	2	1	4	1159	7
31400	4	2	1	3	1159	2
31401	4	2	1	2	1160	4
31402	3	3	6	3	926	5
31403	4	1	2	4	1080	9
31404	3	3	6	2	926	6
31405	4	1	2	4	1081	5
31406	4	1	2	3	1082	7
31407	4	1	2	2	1083	8
31408	4	2	1	4	1161	7
31409	4	6	2	3	842	7
31410	3	1	2	4	1084	5
31411	3	1	2	3	1085	7
31412	3	1	2	2	1086	8
31413	2	5	1	4	1112	6
31414	3	2	1	5	1162	3
31415	4	1	2	2	1087	7
31416	5	6	2	3	843	9
31417	3	2	1	4	1162	4
31418	4	1	2	3	1087	5
31419	4	1	2	2	1088	7
31420	5	6	2	3	844	9
31421	3	6	2	4	845	7
31422	4	1	2	3	1088	9
31423	2	5	1	3	1112	7
31424	3	1	2	5	1089	7
31425	2	5	1	2	1112	8
31426	3	2	1	5	1162	3
31427	4	1	2	4	1090	4
31428	4	1	2	3	1091	7
31429	5	6	2	3	845	4
31430	5	6	2	2	846	5
31431	4	1	2	2	1091	8
31432	3	2	1	4	1162	4
31433	4	6	2	4	847	4
31434	4	1	2	3	1092	5
31435	4	1	2	2	1093	7
31436	5	6	2	2	848	5
31437	3	2	1	3	1162	5
31438	4	1	2	2	1093	8
31439	3	2	1	2	1162	6
31440	4	1	2	2	1094	7
31441	2	1	2	6	1095	9
31442	3	6	2	5	849	8
31443	4	2	3	3	628	8
31444	4	2	3	2	629	4
31445	4	2	1	2	1162	4
31446	5	3	6	3	926	7
31447	6	5	8	7	507	8
31448	7	9	2	2	205	5
31449	6	5	8	6	507	6
31450	7	9	2	2	206	5
31451	3	6	2	4	849	6
31452	4	2	1	3	1162	4
31453	4	2	1	2	1163	5
31454	2	2	1	5	1164	3
31455	3	1	2	3	1095	4
31456	3	1	2	2	1096	7
31457	4	6	2	4	849	8
31458	5	2	3	2	630	6
31459	2	2	1	4	1164	4
31460	3	1	2	2	1096	5
31461	3	6	2	4	849	8
31462	4	2	3	2	631	6
31463	2	2	1	3	1164	5
31464	3	1	2	2	1097	6
31465	2	2	1	2	1164	6
31466	1	4	2	6	1333	4
31467	2	3	2	3	1297	1
31468	3	2	3	3	632	8
31469	4	5	1	4	1112	6
31470	5	6	2	3	849	8
31471	4	5	1	3	1112	7
31472	5	1	2	4	1098	7
31473	6	6	2	4	850	9
31474	7	2	1	4	1165	2
31475	8	5	8	6	507	8
31476	9	3	6	5	926	2
31477	9	3	6	4	927	3
31478	9	3	6	3	928	6
31479	10	2	5	4	289	7
31480	11	9	2	4	207	8
31481	9	3	6	2	928	7
31482	9	9	2	4	208	8
31483	10	7	8	5	358	7
31484	8	3	6	5	929	2
31485	8	3	6	4	930	3
31486	8	3	6	3	931	6
31487	9	7	8	7	359	7
31488	9	7	8	5	360	8
31489	8	3	6	2	931	7
31490	8	7	8	7	361	7
31491	8	7	8	5	362	8
31492	7	2	1	3	1165	3
31493	7	2	1	2	1166	4
31494	7	5	8	6	507	8
31495	8	3	6	5	932	3
31496	8	3	6	4	932	5
31497	8	3	6	3	933	6
31498	9	2	5	3	289	7
31499	10	9	2	4	208	8
31500	8	3	6	2	933	7
31501	8	9	2	4	209	8
31502	9	7	8	5	363	7
31503	7	3	6	5	934	3
31504	7	3	6	4	934	5
31505	7	3	6	3	935	6
31506	8	7	8	7	364	7
31507	8	7	8	5	365	8
31508	7	3	6	2	935	7
31509	7	7	8	7	366	7
31510	7	7	8	5	367	8
31511	6	2	1	4	1167	2
31512	6	2	1	3	1168	3
31513	6	2	1	2	1169	4
31514	4	5	1	2	1112	8
31515	5	1	2	4	1098	5
31516	6	2	1	2	1170	2
31517	5	1	2	3	1098	6
31518	6	2	1	2	1171	2
31519	5	1	2	2	1098	7
31520	6	6	2	3	850	9
31521	7	2	1	4	1172	2
31522	7	2	1	3	1173	3
31523	7	2	1	2	1174	4
31524	5	2	1	6	1175	7
31525	4	1	2	4	1098	9
31526	5	2	1	6	1176	7
31527	4	6	2	4	850	8
31528	3	2	3	2	632	5
31529	4	5	1	4	1112	6
31530	4	5	1	3	1113	7
31531	5	1	2	4	1098	7
31532	6	2	1	2	1177	3
31533	4	5	1	2	1113	8
31534	5	1	2	4	1098	6
31535	5	1	2	3	1099	7
31536	6	2	1	2	1178	3
31537	5	1	2	2	1099	8
31538	5	2	1	4	1179	3
31539	4	1	2	4	1100	9
31540	5	2	1	4	1180	3
31541	4	3	6	4	936	7
31542	5	6	2	4	851	8
31543	3	5	1	4	1113	6
31544	4	1	2	3	1100	7
31545	4	1	2	2	1101	8
31546	5	2	1	2	1181	3
31547	3	5	1	3	1113	7
31548	4	1	2	4	1101	7
31549	5	6	2	4	852	9
31550	6	2	1	4	1182	2
31551	6	2	1	3	1183	3
31552	6	2	1	2	1184	4
31553	5	3	6	6	936	7
31554	4	2	1	2	1185	3
31555	5	3	6	4	937	7
31556	6	6	2	3	852	9
31557	5	3	6	3	937	6
31558	3	5	1	2	1113	8
31559	4	1	2	4	1101	5
31560	4	1	2	3	1102	7
31561	5	6	2	2	853	5
31562	4	1	2	2	1102	8
31563	5	2	1	2	1185	3
31564	6	3	6	4	938	7
31565	7	6	2	4	854	9
31566	6	3	6	3	938	6
31567	4	2	1	4	1185	7
31568	4	6	2	3	855	7
31569	3	1	2	4	1102	9
31570	4	2	1	4	1186	7
31571	4	6	2	4	856	7
31572	4	6	2	3	857	8
31573	3	3	6	6	939	7
31574	4	6	2	4	858	8
31575	2	3	2	2	1297	2
31576	3	5	1	4	1113	6
31577	4	2	1	5	1187	3
31578	5	1	2	2	1102	7
31579	6	6	2	4	859	3
31580	4	2	1	4	1187	4
31581	5	1	2	3	1102	5
31582	5	1	2	2	1103	7
31583	6	6	2	4	860	3
31584	4	6	2	5	861	7
31585	5	1	2	3	1103	9
31586	5	2	1	2	1187	5
31587	3	5	1	3	1113	7
31588	4	1	2	5	1104	7
31589	5	6	2	5	861	9
31590	6	2	1	3	1188	3
31591	6	2	1	2	1189	4
31592	5	6	2	4	861	8
31593	6	2	1	3	1190	3
31594	6	2	1	2	1191	4
31595	5	2	1	2	1192	3
31596	6	3	6	4	939	8
31597	7	6	2	3	861	3
31598	6	6	2	3	862	3
31599	4	6	2	4	863	8
31600	4	2	1	4	1192	3
31601	4	2	1	3	1193	4
31602	4	2	1	2	1194	5
31603	3	5	1	2	1113	8
31604	4	2	1	5	1195	3
31605	5	1	2	3	1104	7
31606	6	6	2	4	864	9
31607	5	1	2	2	1104	8
31608	5	6	2	4	865	6
31609	4	2	1	4	1195	4
31610	5	1	2	3	1105	5
31611	5	1	2	2	1106	7
31612	6	6	2	4	866	9
31613	4	2	1	3	1195	5
31614	5	1	2	3	1106	6
31615	5	1	2	2	1107	8
31616	4	2	1	2	1195	6
31617	5	1	2	2	1108	7
31618	5	6	2	4	867	6
31619	3	1	2	5	1109	9
31620	4	6	2	5	868	7
31621	5	2	1	4	1195	3
31622	5	2	1	3	1196	4
31623	5	2	1	2	1197	5
31624	5	3	6	2	939	6
31625	5	5	8	5	507	7
31626	5	5	8	4	508	8
31627	4	2	1	4	1198	3
31628	5	2	3	2	632	4
31629	6	3	6	2	940	4
31630	6	6	2	4	868	3
31631	6	6	2	3	869	5
31632	6	6	2	2	870	6
31633	5	3	6	2	941	5
31634	5	6	2	4	871	3
31635	5	6	2	3	872	5
31636	5	6	2	2	873	6
31637	4	2	1	3	1198	4
31638	4	2	1	2	1199	5
31639	4	2	3	2	632	4
31640	5	3	6	3	942	4
31641	5	3	6	2	943	6
31642	5	6	2	4	874	3
31643	5	6	2	3	875	5
31644	5	6	2	2	876	6
31645	3	1	2	4	1109	5
31646	3	1	2	3	1110	6
31647	3	1	2	2	1111	7
31648	4	2	1	3	1200	3
31649	5	6	2	4	877	3
31650	5	6	2	3	878	5
31651	6	2	3	3	632	5
31652	6	2	3	2	633	6
31653	5	6	2	2	878	6
31654	4	2	1	2	1200	4
31655	5	6	2	4	879	3
31656	5	6	2	3	880	5
31657	6	2	3	3	634	5
31658	6	2	3	2	635	6
31659	5	6	2	2	880	6
31660	3	2	1	3	1200	7
31661	2	5	1	4	1113	5
31662	2	5	1	3	1114	7
31663	3	1	2	5	1111	7
31664	4	6	2	4	881	9
31665	5	2	1	3	1201	2
31666	5	2	1	2	1202	5
31667	4	6	2	3	881	8
31668	5	2	1	3	1203	2
31669	5	2	1	2	1204	5
31670	4	2	1	2	1205	2
31671	3	2	3	4	636	8
31672	4	2	1	2	1206	4
31673	3	2	1	4	1207	2
31674	3	2	1	3	1208	4
31675	4	1	2	3	1111	5
31676	4	1	2	2	1112	6
31677	3	2	1	2	1208	5
31678	4	1	2	2	1113	6
31679	2	5	1	2	1114	8
31680	3	2	1	5	1208	2
31681	4	1	2	4	1114	6
31682	5	6	2	3	881	7
31683	4	1	2	3	1114	7
31684	4	1	2	2	1115	8
31685	4	2	3	4	636	8
31686	5	3	6	4	944	4
31687	5	3	6	3	945	5
31688	6	7	8	7	368	9
31689	7	2	5	4	289	7
31690	8	5	8	6	509	7
31691	9	7	1	3	405	4
31692	9	7	1	2	406	5
31693	6	5	8	7	509	9
31694	7	7	8	6	368	7
31695	8	2	5	4	289	7
31696	9	7	1	3	407	4
31697	9	7	1	2	408	5
31698	6	5	8	6	509	7
31699	6	5	8	5	510	4
31700	7	7	8	3	368	7
31701	5	3	6	2	945	6
31702	6	7	1	3	409	4
31703	6	7	1	2	410	5
31704	5	5	8	6	510	7
31705	6	7	1	3	411	4
31706	6	7	1	2	412	5
31707	3	2	1	4	1208	4
31708	4	6	2	4	882	7
31709	5	1	2	3	1116	9
31710	4	1	2	3	1117	5
31711	4	1	2	2	1118	6
31712	3	2	1	3	1208	5
31713	4	1	2	3	1119	6
31714	5	3	6	3	945	6
31715	6	5	8	3	510	7
31716	7	2	5	2	289	3
31717	6	5	8	2	510	4
31718	5	3	6	2	945	7
31719	6	5	8	3	511	7
31720	7	2	5	3	290	6
31721	8	7	8	5	369	2
31722	8	7	8	4	370	3
31723	8	7	8	3	371	4
31724	9	6	8	3	92	1
31725	8	7	8	2	371	5
31726	6	5	8	2	511	4
31727	7	7	8	3	372	7
31728	4	1	2	2	1119	7
31729	3	2	1	2	1208	6
31730	4	1	2	2	1120	7
31731	3	1	2	2	1121	8
31732	3	2	3	4	636	8
31733	4	3	6	5	945	4
31734	4	3	6	4	946	5
31735	5	7	8	7	373	9
31736	6	7	1	3	413	4
31737	6	7	1	2	414	5
31738	5	5	8	7	511	9
31739	6	7	8	6	373	7
31740	7	2	5	3	290	6
31741	7	2	5	2	291	3
31742	5	5	8	6	511	7
31743	4	3	6	3	946	6
31744	5	7	1	3	415	4
31745	5	7	1	2	416	5
31746	4	3	6	2	946	7
31747	5	7	8	7	373	9
31748	6	7	1	3	417	4
31749	6	7	1	2	418	5
31750	5	5	8	7	512	9
31751	6	7	8	6	373	7
31752	7	2	5	4	292	6
31753	6	2	5	4	293	6
31754	5	5	8	6	512	7
31755	6	2	5	4	294	6
31756	5	7	8	6	373	7
31757	6	5	8	5	512	6
31758	4	7	8	7	373	9
31759	5	7	1	3	419	4
31760	5	7	1	2	420	5
31761	4	5	8	7	513	7
31762	5	2	5	4	295	6
31763	5	2	5	3	296	3
31764	4	7	8	6	373	7
31765	4	7	8	4	374	5
31766	3	2	3	3	636	4
31767	4	3	6	3	946	6
31768	2	1	2	5	1122	9
31769	3	6	2	4	882	8
31770	3	6	2	3	883	5
31771	4	2	1	5	1208	2
31772	4	2	1	4	1209	4
31773	4	2	1	3	1210	5
31774	4	2	1	2	1211	7
31775	3	6	2	2	883	6
31776	2	1	2	4	1122	5
31777	2	1	2	3	1123	6
31778	3	2	1	3	1212	4
31779	2	1	2	2	1123	7
31780	3	6	2	2	884	5
31781	3	2	1	3	1213	2
31782	3	2	1	2	1214	5
31783	1	4	2	5	1333	5
31784	2	3	2	4	1297	1
31785	3	2	3	3	636	8
31786	4	1	2	3	1123	6
31787	5	2	1	2	1215	2
31788	4	1	2	2	1123	7
31789	5	6	2	4	885	9
31790	6	5	1	3	1114	3
31791	6	5	1	2	1114	7
31792	6	2	1	4	1216	2
31793	6	2	1	3	1217	3
31794	6	2	1	2	1218	4
31795	5	6	2	3	885	8
31796	6	5	1	3	1115	3
31797	6	5	1	2	1115	7
31798	6	2	1	4	1219	2
31799	6	2	1	3	1220	3
31800	6	2	1	2	1221	4
31801	4	2	1	6	1222	7
31802	3	2	3	2	636	5
31803	4	5	1	3	1116	7
31804	4	5	1	2	1117	8
31805	5	1	2	4	1123	6
31806	5	1	2	3	1124	7
31807	6	2	1	2	1223	3
31808	5	1	2	2	1124	8
31809	5	2	1	4	1224	7
31810	4	1	2	4	1125	9
31811	5	2	1	4	1224	7
31812	4	3	6	4	947	7
31813	5	6	2	4	885	8
31814	6	2	1	2	1224	2
31815	3	1	2	3	1125	7
31816	4	6	2	4	885	9
31817	5	5	1	3	1117	3
31818	5	5	1	2	1117	7
31819	4	6	2	3	885	8
31820	5	3	6	6	947	7
31821	5	5	1	2	1118	3
31822	3	1	2	2	1125	8
31823	4	2	1	2	1225	3
31824	3	2	1	4	1226	4
31825	2	3	2	3	1297	2
31826	3	5	1	4	1118	6
31827	4	6	2	3	885	7
31828	5	1	2	3	1125	9
31829	5	1	2	2	1126	6
31830	5	2	1	3	1227	7
31831	4	1	2	4	1127	7
31832	5	2	1	2	1228	3
31833	3	5	1	3	1118	7
31834	4	1	2	5	1127	7
31835	5	6	2	4	885	9
31836	6	2	1	3	1229	3
31837	6	2	1	2	1230	4
31838	5	6	2	3	885	8
31839	6	2	1	3	1231	3
31840	6	2	1	2	1232	4
31841	5	2	1	2	1233	3
31842	4	2	1	4	1234	3
31843	3	5	1	2	1118	8
31844	4	2	1	5	1235	3
31845	5	1	2	4	1127	4
31846	5	1	2	3	1128	7
31847	5	1	2	2	1129	8
31848	5	2	3	3	636	8
31849	5	2	3	2	637	4
31850	6	6	2	3	885	4
31851	6	6	2	2	886	6
31852	5	3	6	2	948	5
31853	5	6	2	3	887	4
31854	5	6	2	2	888	6
31855	4	2	1	4	1235	4
31856	5	1	2	2	1130	7
31857	4	2	1	3	1235	5
31858	5	1	2	3	1131	6
31859	5	1	2	2	1132	8
31860	4	2	1	2	1235	6
31861	5	1	2	2	1133	7
31862	5	2	3	3	637	8
31863	5	2	3	2	638	4
31864	6	3	6	2	949	6
31865	6	6	2	3	889	4
31866	6	6	2	2	890	6
31867	3	1	2	5	1134	9
31868	4	2	1	5	1235	3
31869	5	6	2	4	891	6
31870	4	2	1	4	1235	4
31871	4	2	1	3	1236	5
31872	4	2	1	2	1237	6
31873	5	6	2	4	892	6
31874	3	1	2	4	1134	4
31875	3	1	2	3	1135	6
31876	3	1	2	2	1136	7
31877	4	2	1	3	1237	3
31878	4	2	1	2	1238	4
31879	3	2	1	3	1239	7
31880	2	3	2	2	1297	3
31881	3	1	2	4	1136	6
31882	4	6	2	4	893	9
31883	5	2	1	3	1240	2
31884	6	5	1	2	1118	7
31885	5	2	1	2	1240	4
31886	6	5	1	2	1119	7
31887	4	2	1	3	1240	2
31888	5	5	1	3	1120	7
31889	5	5	1	2	1121	8
31890	5	6	2	3	893	7
31891	4	2	1	2	1240	4
31892	5	5	1	3	1122	7
31893	5	5	1	2	1123	8
31894	5	6	2	3	894	7
31895	3	1	2	3	1136	7
31896	4	6	2	4	895	9
31897	5	5	1	2	1124	4
31898	5	2	1	3	1240	2
31899	5	2	1	2	1241	5
31900	4	2	1	3	1242	2
31901	5	5	1	3	1125	4
31902	5	5	1	2	1126	7
31903	6	6	2	3	895	8
31904	6	3	6	4	950	8
31905	7	6	2	2	896	4
31906	6	6	2	2	897	4
31907	5	6	2	3	898	4
31908	4	2	1	2	1242	5
31909	5	5	1	3	1126	4
31910	5	5	1	2	1127	7
31911	6	6	2	3	899	8
31912	5	6	2	3	900	4
31913	3	1	2	2	1136	8
31914	4	6	2	4	901	9
31915	5	2	1	3	1242	2
31916	5	2	1	2	1243	6
31917	4	2	1	3	1244	2
31918	4	2	1	2	1245	6
31919	4	6	2	3	901	7
31920	5	5	1	2	1127	4
31921	5	3	6	4	950	7
31922	6	2	3	2	638	5
31923	3	5	1	4	1128	4
31924	3	5	1	3	1129	7
31925	3	5	1	2	1130	8
31926	4	6	2	2	901	4
31927	4	2	3	4	639	8
31928	5	2	1	4	1246	7
31929	6	7	1	3	421	6
31930	6	3	6	4	950	4
31931	6	3	6	3	951	5
31932	6	3	6	2	952	7
31933	7	7	8	4	375	9
31934	8	2	5	2	296	3
31935	8	5	8	4	513	2
31936	8	5	8	3	514	3
31937	8	5	8	2	515	4
31938	6	7	8	4	375	9
31939	7	2	5	2	297	3
31940	7	5	8	4	516	2
31941	7	5	8	3	517	3
31942	7	5	8	2	518	4
31943	7	8	7	3	151	7
31944	5	3	6	4	952	4
31945	5	3	6	3	953	5
31946	6	7	1	3	422	6
31947	6	7	8	4	375	9
31948	7	2	5	2	298	3
31949	7	5	8	4	519	2
31950	7	5	8	3	520	3
31951	7	5	8	2	521	4
31952	7	8	7	3	152	7
31953	7	8	7	2	153	6
31954	5	3	6	2	953	6
31955	5	7	1	2	423	5
31956	4	2	1	4	1246	2
31957	4	2	1	3	1247	4
31958	4	2	1	2	1248	5
31959	3	6	2	4	902	7
31960	4	2	1	5	1249	2
31961	5	2	3	4	639	8
31962	6	7	1	4	424	8
31963	6	7	1	3	425	6
31964	6	3	6	4	954	2
31965	6	3	6	3	955	4
31966	6	3	6	2	956	5
31967	4	2	1	4	1249	4
31968	4	2	1	3	1250	5
31969	4	2	1	2	1251	7
31970	5	2	3	4	639	8
31971	6	7	1	4	426	8
31972	6	7	1	3	427	6
31973	6	3	6	4	957	4
31974	7	7	8	3	375	9
31975	8	5	8	3	522	4
31976	8	5	8	2	523	5
31977	6	3	6	3	957	5
31978	7	5	8	3	524	5
31979	6	3	6	2	957	7
31980	7	7	8	3	375	7
31981	7	5	8	3	525	4
31982	7	5	8	2	526	5
31983	8	2	5	3	299	3
31984	8	2	5	2	300	5
31985	6	7	8	3	376	9
31986	7	5	8	3	526	4
31987	7	5	8	2	527	5
31988	8	2	5	3	301	3
31989	8	2	5	2	302	5
31990	5	2	3	3	639	6
31991	6	3	6	4	957	4
31992	7	7	1	4	428	8
31993	6	3	6	3	957	5
31994	6	3	6	2	958	6
31995	7	7	1	4	429	8
31996	7	5	8	5	527	8
31997	8	7	1	3	430	6
31998	6	7	1	4	431	8
31999	6	5	8	5	527	8
32000	2	5	1	4	1130	6
32001	3	2	1	5	1251	2
32002	4	1	2	3	1136	3
32003	4	1	2	2	1136	7
32004	5	6	2	3	902	9
32005	3	2	1	4	1251	3
32006	3	2	1	3	1252	5
32007	4	6	2	4	903	9
32008	3	2	1	2	1252	7
32009	4	1	2	2	1136	8
32010	2	5	1	3	1130	7
32011	3	1	2	4	1137	7
32012	4	6	2	3	904	9
32013	4	6	2	2	905	6
32014	3	1	2	3	1137	6
32015	2	5	1	2	1130	8
32016	3	2	1	5	1252	2
32017	4	1	2	4	1138	3
32018	4	1	2	3	1138	7
32019	5	6	2	3	906	9
32020	4	1	2	2	1138	8
32021	4	2	3	3	639	8
32022	4	2	3	2	640	5
32023	3	2	1	4	1252	3
32024	4	1	2	2	1139	8
32025	3	2	1	3	1252	5
32026	4	6	2	4	907	9
32027	5	1	2	3	1140	7
32028	3	2	1	2	1252	6
32029	4	1	2	3	1141	7
32030	4	1	2	2	1142	8
32031	3	1	2	2	1143	8
32032	3	2	3	3	641	8
32033	3	2	3	2	642	5
32034	2	1	2	5	1144	9
32035	3	6	2	4	907	8
32036	3	6	2	3	908	3
32037	3	6	2	2	909	6
32038	4	2	1	5	1252	2
32039	5	2	3	3	643	8
32040	5	2	3	2	644	5
32041	4	2	1	4	1252	3
32042	4	2	1	3	1253	6
32043	4	2	1	2	1254	7
32044	5	2	3	3	645	8
32045	5	2	3	2	646	5
32046	3	2	1	5	1254	2
32047	3	2	1	4	1255	3
32048	3	2	1	3	1256	6
32049	3	2	1	2	1257	7
32050	2	1	2	4	1144	3
32051	2	1	2	3	1144	6
32052	2	1	2	2	1145	7
32053	3	6	2	3	909	8
32054	4	2	1	3	1258	2
32055	4	2	1	2	1259	5
32056	1	4	2	4	1333	6
32057	2	3	2	5	1297	1
32058	3	2	3	2	647	6
32059	4	1	2	4	1145	5
32060	4	1	2	3	1146	7
32061	5	6	2	4	909	9
32062	5	6	2	3	910	8
32063	4	1	2	2	1146	8
32064	5	2	1	2	1260	3
32065	6	3	6	4	958	7
32066	7	6	2	4	911	9
32067	6	3	6	3	958	6
32068	4	2	1	4	1260	7
32069	4	6	2	4	912	7
32070	5	5	1	3	1130	3
32071	5	5	1	2	1130	4
32072	4	5	1	2	1131	8
32073	4	6	2	3	912	8
32074	3	1	2	3	1146	5
32075	4	2	1	2	1261	2
32076	3	1	2	2	1146	7
32077	4	6	2	4	913	9
32078	5	5	1	3	1132	3
32079	5	5	1	2	1133	4
32080	5	2	1	4	1262	2
32081	5	2	1	3	1263	3
32082	5	2	1	2	1264	4
32083	4	6	2	3	913	8
32084	5	5	1	3	1134	3
32085	5	5	1	2	1135	4
32086	5	2	1	4	1265	2
32087	5	2	1	3	1266	3
32088	5	2	1	2	1267	4
32089	3	2	1	4	1268	5
32090	2	3	2	4	1297	2
32091	3	1	2	5	1146	4
32092	3	1	2	4	1147	5
32093	3	1	2	3	1148	7
32094	4	6	2	4	913	9
32095	5	2	1	3	1269	3
32096	6	5	1	3	1136	5
32097	6	5	1	2	1137	7
32098	6	2	3	3	647	5
32099	6	2	3	2	648	6
32100	6	3	6	4	959	3
32101	6	3	6	3	960	5
32102	7	7	8	7	376	8
32103	6	3	6	2	960	6
32104	5	2	1	2	1269	4
32105	6	5	1	3	1138	5
32106	6	5	1	2	1139	7
32107	6	2	3	3	649	5
32108	6	2	3	2	650	6
32109	6	3	6	4	961	4
32110	6	3	6	3	962	5
32111	7	7	8	7	377	8
32112	6	3	6	2	962	6
32113	4	2	1	3	1269	3
32114	4	2	1	2	1270	4
32115	3	1	2	2	1148	8
32116	4	2	1	3	1271	7
32117	3	2	1	5	1272	3
32118	4	6	2	2	913	7
32119	3	2	1	4	1272	4
32120	4	3	6	3	963	4
32121	5	5	1	3	1140	9
32122	4	3	6	2	963	6
32123	5	5	1	4	1141	3
32124	5	5	1	3	1142	7
32125	5	5	1	2	1143	8
32126	6	6	2	3	914	3
32127	6	6	2	2	915	5
32128	5	6	2	4	916	5
32129	4	5	1	4	1143	3
32130	4	5	1	3	1144	7
32131	4	5	1	2	1145	8
32132	5	6	2	3	917	3
32133	5	6	2	2	918	5
32134	4	6	2	4	919	5
32135	3	2	1	3	1272	5
32136	3	2	1	2	1273	6
32137	4	6	2	2	920	7
32138	2	3	2	3	1297	3
32139	3	1	2	4	1148	5
32140	4	6	2	4	921	9
32141	4	6	2	3	922	8
32142	3	1	2	3	1148	7
32143	4	6	2	4	923	9
32144	4	2	1	3	1273	2
32145	5	5	1	2	1145	7
32146	6	6	2	3	924	8
32147	4	2	1	2	1273	5
32148	5	5	1	2	1145	7
32149	6	6	2	3	925	8
32150	3	1	2	2	1148	8
32151	4	6	2	4	926	9
32152	4	2	1	3	1273	2
32153	4	2	1	2	1274	6
32154	4	6	2	3	927	7
32155	5	5	1	2	1145	5
32156	6	2	3	2	651	5
32157	5	3	6	4	963	7
32158	6	2	3	2	652	5
32159	4	5	1	2	1145	8
32160	3	5	1	4	1146	5
32161	4	6	2	3	927	7
32162	5	2	1	3	1275	2
32163	5	2	1	2	1276	7
32164	3	5	1	3	1146	7
32165	3	5	1	2	1147	8
32166	4	2	3	4	653	8
32167	5	2	1	4	1277	7
32168	4	2	1	4	1278	2
32169	4	2	1	3	1279	4
32170	4	2	1	2	1280	5
32171	3	2	1	5	1281	2
32172	4	6	2	4	927	7
32173	5	2	3	4	653	8
32174	6	7	1	4	432	8
32175	7	3	6	4	963	4
32176	7	3	6	3	964	5
32177	8	7	8	7	378	9
32178	9	2	5	4	303	7
32179	10	9	2	2	209	2
32180	8	5	8	5	528	6
32181	7	3	6	2	964	6
32182	6	7	1	3	432	6
32183	4	6	2	3	927	8
32184	5	2	3	4	653	8
32185	6	3	6	5	965	2
32186	6	3	6	4	966	4
32187	6	3	6	3	967	5
32188	7	7	8	7	378	9
32189	8	2	5	4	303	7
32190	9	5	8	5	529	3
32191	9	5	8	4	530	4
32192	10	9	2	2	210	2
32193	9	5	8	3	530	5
32194	10	9	2	2	211	2
32195	9	5	8	2	530	6
32196	10	9	2	2	212	2
32197	9	9	2	2	213	2
32198	7	5	8	4	530	5
32199	8	7	8	4	378	7
32200	7	5	8	3	530	6
32201	8	7	8	5	379	7
32202	9	2	5	4	303	6
32203	6	3	6	2	967	6
32204	6	9	2	2	214	2
32205	4	6	2	2	927	4
32206	3	2	1	4	1281	4
32207	4	6	2	4	928	7
32208	5	3	6	2	968	6
32209	5	5	8	5	530	7
32210	5	5	8	4	531	8
32211	5	7	1	2	433	6
32212	4	3	6	3	969	4
32213	5	6	2	3	928	4
32214	5	6	2	2	929	5
32215	4	3	6	2	969	6
32216	5	6	2	3	930	4
32217	5	6	2	2	931	5
32218	4	6	2	3	932	4
32219	4	6	2	2	933	5
32220	3	2	1	3	1281	5
32221	3	2	1	2	1282	7
32222	4	6	2	4	934	7
32223	5	2	3	4	653	8
32224	6	7	1	4	434	8
32225	7	3	6	5	969	4
32226	7	3	6	4	970	5
32227	8	7	8	7	379	9
32228	9	9	2	2	215	2
32229	8	5	8	5	532	6
32230	9	2	5	3	304	6
32231	7	3	6	3	970	6
32232	7	3	6	2	971	7
32233	8	7	8	7	379	7
32234	9	5	8	5	532	6
32235	8	5	8	6	533	7
32236	8	9	2	2	216	2
32237	7	7	8	7	379	9
32238	8	9	2	2	217	2
32239	6	7	1	3	434	6
32240	5	2	3	3	653	6
32241	6	3	6	4	971	4
32242	7	7	1	4	435	8
32243	6	3	6	3	971	5
32244	6	3	6	2	972	6
32245	7	7	1	4	436	8
32246	6	7	1	4	437	8
32247	5	3	6	3	972	5
32248	5	3	6	2	973	6
32249	6	7	1	4	438	8
32250	5	7	1	4	439	8
32251	4	6	2	3	934	8
32252	5	2	3	4	653	8
32253	6	3	6	5	973	4
32254	6	3	6	4	974	5
32255	7	7	8	7	379	9
32256	8	9	2	2	218	2
32257	7	5	8	5	534	8
32258	7	7	8	6	379	7
32259	8	5	8	4	535	6
32260	9	2	5	3	305	6
32261	6	3	6	3	974	6
32262	6	3	6	2	975	7
32263	7	7	8	7	379	9
32264	8	9	2	2	219	2
32265	7	7	8	6	379	7
32266	8	5	8	4	535	6
32267	6	7	8	7	379	9
32268	7	9	2	2	220	2
32269	6	5	8	5	536	8
32270	4	6	2	2	934	4
32271	2	3	2	2	1297	4
32272	3	1	2	5	1148	3
32273	3	1	2	4	1149	5
32274	4	2	1	2	1282	2
32275	5	6	2	4	935	9
32276	6	2	3	2	653	6
32277	5	2	3	2	654	6
32278	6	6	2	3	935	3
32279	6	6	2	2	936	7
32280	6	5	1	3	1147	4
32281	6	5	1	2	1148	5
32282	4	6	2	4	937	9
32283	5	2	3	2	654	6
32284	4	2	3	2	655	6
32285	5	6	2	3	937	3
32286	5	6	2	2	938	7
32287	5	5	1	3	1149	4
32288	5	5	1	2	1150	5
32289	3	1	2	3	1149	7
32290	4	6	2	4	939	9
32291	5	2	1	3	1282	2
32292	5	2	1	2	1283	5
32293	4	2	1	3	1284	2
32294	5	6	2	3	939	5
32295	5	5	1	2	1151	8
32296	5	6	2	2	940	3
32297	5	2	3	2	655	6
32298	4	2	1	2	1284	5
32299	5	6	2	3	941	5
32300	5	5	1	2	1152	8
32301	5	6	2	2	942	3
32302	5	2	3	2	656	6
32303	4	6	2	3	943	8
32304	5	5	1	2	1153	4
32305	3	1	2	2	1149	8
32306	4	6	2	4	943	9
32307	5	2	3	2	657	5
32308	6	2	1	3	1284	2
32309	6	2	1	2	1285	6
32310	5	2	1	3	1286	3
32311	5	2	1	2	1287	5
32312	4	2	3	2	657	5
32313	5	2	1	3	1288	2
32314	5	2	1	2	1289	6
32315	4	2	1	3	1290	3
32316	5	3	6	4	975	7
32317	6	6	2	2	943	5
32318	5	3	6	3	975	6
32319	4	2	1	2	1290	5
32320	4	6	2	3	944	7
32321	5	5	1	4	1154	4
32322	5	5	1	3	1154	5
32323	5	5	1	2	1155	8
32324	3	2	1	5	1291	2
32325	4	6	2	4	944	7
32326	5	2	3	3	657	8
32327	6	5	1	4	1156	4
32328	6	5	1	3	1157	5
32329	6	5	1	2	1158	8
32330	7	3	6	4	976	2
32331	7	3	6	3	977	5
32332	8	7	8	3	379	9
32333	9	5	8	2	537	4
32334	7	3	6	2	977	6
32335	8	7	8	3	379	9
32336	9	5	8	2	538	4
32337	9	2	5	3	306	7
32338	10	8	7	3	154	7
32339	6	3	6	4	977	2
32340	6	3	6	3	978	5
32341	7	7	1	4	440	8
32342	6	3	6	2	978	6
32343	7	7	1	4	441	8
32344	6	7	1	4	442	8
32345	5	2	3	2	657	5
32346	5	5	1	4	1158	4
32347	5	5	1	3	1159	5
32348	5	5	1	2	1160	8
32349	6	3	6	4	978	2
32350	6	3	6	3	979	3
32351	6	3	6	2	979	5
32352	7	7	1	3	443	6
32353	6	7	1	3	444	6
32354	4	2	3	3	658	8
32355	4	2	3	2	659	5
32356	3	2	1	4	1291	3
32357	3	2	1	3	1292	6
32358	3	2	1	2	1293	7
32359	4	6	2	4	944	7
32360	5	2	3	3	660	8
32361	6	5	1	4	1160	4
32362	6	5	1	3	1161	5
32363	6	5	1	2	1162	8
32364	7	3	6	4	979	5
32365	7	3	6	3	980	6
32366	8	7	8	3	379	9
32367	9	5	8	2	539	4
32368	9	2	5	2	306	3
32369	7	3	6	2	980	7
32370	8	7	8	3	379	9
32371	9	5	8	2	540	4
32372	9	2	5	3	307	6
32373	9	2	5	2	308	3
32374	7	7	8	3	379	9
32375	8	5	8	2	541	4
32376	6	3	6	4	980	5
32377	6	3	6	3	981	6
32378	7	7	1	4	445	8
32379	6	3	6	2	981	7
32380	7	7	1	4	446	8
32381	6	7	1	4	447	8
32382	5	2	3	2	660	5
32383	4	2	3	3	661	8
32384	4	2	3	2	662	5
32385	2	5	1	4	1162	5
32386	3	1	2	5	1149	3
32387	3	1	2	4	1150	4
32388	3	1	2	3	1151	7
32389	4	6	2	4	944	9
32390	5	2	1	3	1293	3
32391	5	2	1	2	1294	4
32392	4	6	2	3	944	8
32393	5	2	1	3	1295	3
32394	5	2	1	2	1296	4
32395	3	1	2	2	1151	8
32396	4	6	2	4	944	7
32397	5	2	1	3	1297	2
32398	5	2	1	2	1298	6
32399	3	6	2	2	944	7
32400	4	2	1	5	1299	2
32401	4	2	1	4	1300	3
32402	4	2	1	3	1301	6
32403	4	2	1	2	1302	7
32404	2	5	1	3	1162	7
32405	3	1	2	5	1151	7
32406	4	6	2	4	944	9
32407	5	2	1	3	1303	3
32408	6	2	3	2	663	6
32409	5	2	1	2	1303	4
32410	6	2	3	2	664	6
32411	4	6	2	3	944	8
32412	5	2	1	3	1303	3
32413	6	2	3	2	665	6
32414	5	2	1	2	1303	4
32415	6	2	3	2	666	6
32416	3	2	1	3	1303	2
32417	3	2	1	2	1304	3
32418	4	1	2	2	1151	4
32419	5	6	2	3	944	8
32420	2	5	1	2	1162	8
32421	3	6	2	3	945	4
32422	4	1	2	3	1151	7
32423	3	6	2	2	945	7
32424	4	1	2	3	1152	9
32425	5	2	3	3	667	8
32426	6	2	1	4	1304	7
32427	5	2	3	2	667	4
32428	5	2	1	2	1305	2
32429	3	1	2	3	1152	7
32430	4	2	1	3	1306	3
32431	4	2	1	2	1307	4
32432	2	1	2	5	1152	9
32433	3	6	2	4	945	8
32434	4	2	3	3	668	8
32435	4	2	3	2	669	4
32436	3	6	2	3	945	3
32437	3	6	2	2	946	4
32438	4	2	1	2	1308	2
32439	5	3	6	2	981	3
32440	3	2	1	5	1308	2
32441	4	2	3	2	669	6
32442	4	3	6	3	982	3
32443	4	3	6	2	982	4
32444	5	7	1	2	448	5
32445	3	2	1	4	1308	3
32446	3	2	1	3	1309	6
32447	3	2	1	2	1310	7
32448	4	2	3	2	670	6
32449	5	3	6	4	982	4
32450	5	3	6	3	983	3
32451	5	3	6	2	983	6
32452	6	5	8	4	542	8
32453	7	7	1	2	449	5
32454	6	5	8	3	542	7
32455	4	3	6	4	983	3
32456	4	3	6	3	983	4
32457	5	7	1	2	450	5
32458	4	3	6	2	983	7
32459	5	7	1	2	451	5
32460	2	1	2	4	1152	3
32461	2	1	2	3	1153	4
32462	2	1	2	2	1154	7
32463	3	6	2	2	946	3
32464	3	2	1	3	1310	3
32465	3	2	1	2	1311	4
32466	1	4	2	3	1333	7
32467	2	3	2	6	1297	1
32468	3	2	3	2	670	5
32469	4	1	2	3	1154	6
32470	4	1	2	2	1155	8
32471	4	2	1	4	1312	7
32472	3	1	2	3	1156	5
32473	3	1	2	2	1157	6
32474	3	2	1	4	1312	7
32475	2	3	2	5	1297	2
32476	3	5	1	5	1162	3
32477	4	2	1	4	1313	7
32478	3	5	1	4	1162	4
32479	4	6	2	3	947	6
32480	5	1	2	3	1158	9
32481	5	1	2	2	1159	4
32482	4	6	2	2	947	8
32483	4	2	1	3	1314	3
32484	4	2	1	2	1315	5
32485	3	5	1	3	1162	6
32486	4	6	2	3	948	3
32487	4	6	2	2	949	8
32488	3	5	1	2	1162	8
32489	4	6	2	3	950	3
32490	4	6	2	2	951	4
32491	4	1	2	2	1160	4
32492	3	1	2	5	1160	9
32493	4	2	1	4	1316	5
32494	3	2	1	4	1317	3
32495	3	2	1	3	1318	4
32496	3	2	1	2	1319	5
32497	2	3	2	4	1297	3
32498	3	1	2	4	1160	5
32499	4	6	2	3	952	9
32500	5	5	1	3	1162	3
32501	5	5	1	2	1163	6
32502	4	6	2	2	952	6
32503	3	1	2	3	1160	6
32504	4	2	1	3	1320	4
32505	3	1	2	2	1160	8
32506	4	6	2	3	953	9
32507	5	2	1	3	1321	2
32508	5	2	1	2	1322	6
32509	5	2	3	2	670	5
32510	4	6	2	2	953	5
32511	5	2	1	3	1323	2
32512	5	2	1	2	1324	6
32513	5	5	1	3	1164	3
32514	5	5	1	2	1164	8
32515	5	3	6	4	983	7
32516	6	2	3	2	671	5
32517	4	2	1	3	1325	2
32518	4	2	1	2	1326	6
32519	4	2	3	2	672	5
32520	3	6	2	3	953	5
32521	4	5	1	3	1165	3
32522	4	5	1	2	1165	8
32523	5	2	3	3	673	8
32524	6	2	1	4	1327	7
32525	7	3	6	5	983	4
32526	8	7	8	6	379	9
32527	9	7	1	3	452	4
32528	9	7	1	2	453	5
32529	9	5	8	3	543	4
32530	10	9	2	3	221	1
32531	9	5	8	2	543	5
32532	8	5	8	6	544	9
32533	9	7	8	5	379	7
32534	8	7	8	5	380	7
32535	7	3	6	4	983	5
32536	8	7	1	3	454	6
32537	9	7	8	5	381	9
32538	10	5	8	4	544	3
32539	10	5	8	3	545	4
32540	10	5	8	2	546	5
32541	9	5	8	5	547	9
32542	10	7	8	4	381	7
32543	9	7	8	4	382	7
32544	7	3	6	3	983	6
32545	7	3	6	2	984	7
32546	8	7	8	6	383	9
32547	9	7	1	3	454	4
32548	9	7	1	2	455	5
32549	9	5	8	4	547	3
32550	10	9	2	3	222	1
32551	9	5	8	3	547	4
32552	10	9	2	3	223	1
32553	9	5	8	2	547	5
32554	8	5	8	7	548	9
32555	9	7	1	3	456	6
32556	8	7	8	5	383	7
32557	9	5	8	5	548	6
32558	8	5	8	5	549	7
32559	7	7	8	6	383	9
32560	8	7	1	3	457	4
32561	8	7	1	2	458	5
32562	8	5	8	4	550	3
32563	9	9	2	3	224	1
32564	8	5	8	3	550	4
32565	9	9	2	3	225	1
32566	8	5	8	2	550	5
32567	7	5	8	7	551	9
32568	7	5	8	6	552	7
32569	6	3	6	5	984	2
32570	7	7	8	4	383	9
32571	8	5	8	4	553	7
32572	6	3	6	4	984	4
32573	7	7	8	6	383	9
32574	8	2	5	4	309	7
32575	9	7	1	3	459	4
32576	9	7	1	2	460	5
32577	9	5	8	3	554	4
32578	10	9	2	3	226	1
32579	9	5	8	2	554	5
32580	7	5	8	6	555	9
32581	8	7	8	5	383	7
32582	9	2	5	4	309	7
32583	7	7	8	5	383	7
32584	8	5	8	4	555	6
32585	6	3	6	3	984	5
32586	7	7	1	3	461	6
32587	8	7	8	5	383	9
32588	9	2	5	4	310	7
32589	10	5	8	4	556	3
32590	10	5	8	3	557	4
32591	10	5	8	2	558	5
32592	8	5	8	5	559	9
32593	9	7	8	4	383	7
32594	8	7	8	4	384	7
32595	6	3	6	2	984	6
32596	6	5	8	6	559	7
32597	7	7	1	3	461	6
32598	5	2	3	2	673	5
32599	6	2	1	2	1327	2
32600	5	2	1	4	1328	2
32601	5	3	6	4	985	4
32602	5	3	6	3	986	5
32603	5	3	6	2	987	6
32604	5	5	8	4	559	7
32605	4	2	1	5	1329	2
32606	5	2	3	3	673	8
32607	6	7	1	4	462	8
32608	4	2	1	4	1329	4
32609	4	2	1	3	1330	5
32610	4	2	1	2	1331	7
32611	5	2	3	3	673	8
32612	6	7	1	4	463	8
32613	5	2	3	2	673	5
32614	5	3	6	4	988	4
32615	6	7	1	4	464	8
32616	5	3	6	3	988	5
32617	5	3	6	2	989	6
32618	6	7	1	4	465	8
32619	5	7	1	4	466	8
32620	3	6	2	2	953	6
32621	4	5	1	4	1165	3
32622	4	5	1	3	1166	5
32623	5	2	1	3	1331	2
32624	6	2	3	2	674	6
32625	6	3	6	4	989	2
32626	6	3	6	3	990	4
32627	6	3	6	2	991	5
32628	5	2	1	2	1331	7
32629	6	2	3	2	675	6
32630	6	3	6	4	992	4
32631	6	3	6	3	993	5
32632	6	3	6	2	994	7
32633	7	7	8	4	385	9
32634	8	5	8	3	560	4
32635	8	5	8	2	561	6
32636	6	7	8	4	385	9
32637	7	5	8	3	562	4
32638	7	5	8	2	563	6
32639	4	5	1	2	1166	8
32640	5	2	3	3	676	8
32641	6	2	1	4	1331	7
32642	7	7	1	3	467	6
32643	6	7	1	3	468	6
32644	5	2	3	2	676	5
32645	6	2	1	2	1331	2
32646	5	2	1	4	1332	2
32647	5	2	1	3	1333	4
32648	5	2	1	2	1334	5
32649	4	2	1	5	1335	2
32650	4	2	1	4	1336	4
32651	4	2	1	3	1337	5
32652	4	2	1	2	1338	7
32653	3	2	3	3	676	8
32654	4	2	1	4	1339	7
32655	5	5	1	4	1166	3
32656	5	5	1	3	1166	5
32657	5	5	1	2	1167	6
32658	4	5	1	4	1168	3
32659	4	5	1	3	1168	5
32660	4	5	1	2	1169	6
32661	3	2	3	2	676	5
32662	4	2	1	2	1339	2
32663	3	2	1	4	1340	2
32664	3	2	1	3	1341	4
32665	3	2	1	2	1342	5
32666	3	5	1	4	1170	3
32667	3	5	1	3	1170	5
32668	3	5	1	2	1171	6
32669	2	3	2	3	1297	4
32670	3	5	1	4	1172	5
32671	4	6	2	3	953	6
32672	5	1	2	4	1160	9
32673	6	2	1	3	1343	7
32674	5	1	2	3	1160	8
32675	4	6	2	2	953	8
32676	5	1	2	3	1161	9
32677	4	1	2	3	1162	3
32678	4	1	2	2	1162	5
32679	3	5	1	3	1172	6
32680	4	6	2	3	953	5
32681	5	1	2	4	1163	9
32682	5	1	2	3	1164	8
32683	6	2	1	3	1344	7
32684	4	6	2	2	953	8
32685	5	1	2	4	1164	9
32686	5	2	1	3	1345	3
32687	4	2	1	4	1346	2
32688	4	2	1	3	1347	3
32689	4	2	1	2	1348	5
32690	3	5	1	2	1172	8
32691	4	6	2	3	953	5
32692	5	1	2	4	1165	9
32693	6	2	3	3	676	8
32694	7	2	1	4	1349	7
32695	6	2	3	2	676	5
32696	7	2	1	4	1350	3
32697	6	2	1	2	1351	2
32698	4	6	2	2	953	6
32699	4	1	2	4	1165	3
32700	4	1	2	3	1166	5
32701	5	2	1	2	1352	2
32702	4	1	2	2	1166	6
32703	4	2	3	2	676	5
32704	3	1	2	5	1167	9
32705	4	6	2	3	954	5
32706	5	2	1	5	1353	2
32707	6	2	3	3	677	8
32708	6	2	3	2	678	5
32709	5	2	1	4	1353	3
32710	5	2	1	3	1354	6
32711	5	2	1	2	1355	7
32712	4	6	2	2	954	6
32713	5	2	1	5	1356	2
32714	6	2	3	3	679	8
32715	6	2	3	2	680	5
32716	5	2	1	4	1356	3
32717	5	2	1	3	1357	6
32718	5	2	1	2	1358	7
32719	6	2	3	3	681	8
32720	6	2	3	2	682	5
32721	3	6	2	3	954	5
32722	4	1	2	3	1167	3
32723	4	1	2	2	1167	6
32724	4	3	6	4	994	7
32725	5	2	1	5	1358	7
32726	6	2	3	2	683	5
32727	4	2	1	5	1358	7
32728	3	6	2	2	954	6
32729	4	1	2	3	1168	3
32730	4	1	2	2	1169	5
32731	4	3	6	5	994	7
32732	5	2	1	5	1359	7
32733	6	2	3	2	684	5
32734	4	2	1	5	1359	7
32735	2	3	2	2	1297	5
32736	3	5	1	5	1172	4
32737	3	5	1	4	1173	5
32738	4	1	2	5	1170	3
32739	4	1	2	4	1171	4
32740	5	2	3	2	685	6
32741	5	5	8	5	564	9
32742	6	3	6	4	994	3
32743	6	3	6	3	994	4
32744	6	3	6	2	995	7
32745	5	5	8	4	564	8
32746	5	5	8	3	565	7
32747	4	1	2	3	1171	6
32748	4	1	2	2	1172	8
32749	5	6	2	4	954	9
32750	5	2	1	3	1360	2
32751	5	2	1	2	1361	6
32752	4	6	2	2	955	6
32753	5	2	3	2	686	6
32754	6	2	1	3	1362	8
32755	6	2	1	2	1362	2
32756	5	2	1	4	1363	7
32757	4	2	3	3	686	8
32758	5	2	1	4	1364	7
32759	4	2	3	2	686	4
32760	3	5	1	3	1173	6
32761	4	1	2	5	1172	9
32762	5	2	1	3	1365	7
32763	4	2	1	4	1366	2
32764	4	2	1	3	1367	3
32765	4	2	1	2	1368	4
32766	3	5	1	2	1173	8
32767	4	1	2	4	1172	9
32768	5	6	2	2	955	4
32769	6	2	3	2	687	6
32770	5	2	3	3	688	8
32771	6	2	1	4	1369	7
32772	5	2	3	2	688	4
32773	5	2	1	2	1370	2
32774	4	1	2	3	1172	4
32775	4	1	2	2	1173	6
32776	4	2	1	3	1371	2
32777	4	2	1	2	1372	6
32778	3	1	2	5	1174	9
32779	4	2	1	5	1373	2
32780	5	2	3	2	689	6
32781	5	3	6	4	996	2
32782	5	3	6	3	997	3
32783	5	3	6	2	998	4
32784	6	6	2	4	955	3
32785	6	6	2	3	956	4
32786	7	7	1	3	469	8
32787	6	6	2	2	956	6
32788	7	7	1	4	470	8
32789	6	7	8	7	385	9
32790	7	2	5	4	310	7
32791	8	5	8	6	566	7
32792	9	8	7	6	155	7
32793	10	9	2	3	227	2
32794	9	9	2	3	228	2
32795	8	5	8	5	566	8
32796	8	5	8	4	567	2
32797	8	5	8	3	568	4
32798	8	5	8	2	569	5
32799	7	5	8	6	570	2
32800	7	5	8	5	570	4
32801	7	5	8	4	571	5
32802	7	5	8	3	572	6
32803	7	5	8	2	573	7
32804	8	9	2	3	229	2
32805	6	5	8	5	573	7
32806	6	7	8	6	385	7
32807	7	5	8	3	574	4
32808	4	2	1	4	1373	3
32809	4	2	1	3	1374	6
32810	4	2	1	2	1375	7
32811	5	2	3	2	690	6
32812	6	3	6	4	998	4
32813	7	6	2	4	956	3
32814	7	6	2	3	957	4
32815	7	6	2	2	958	6
32816	7	5	8	6	575	8
32817	8	7	8	7	385	9
32818	9	9	2	3	230	2
32819	7	5	8	5	575	7
32820	7	5	8	4	576	6
32821	6	3	6	3	998	3
32822	6	3	6	2	999	6
32823	7	6	2	4	959	3
32824	7	6	2	3	960	4
32825	7	6	2	2	961	6
32826	7	5	8	7	577	8
32827	8	7	8	7	385	9
32828	9	9	2	3	231	2
32829	7	5	8	6	577	7
32830	7	5	8	5	578	6
32831	6	6	2	4	962	3
32832	6	6	2	3	963	4
32833	6	6	2	2	964	6
32834	6	5	8	7	579	7
32835	5	3	6	4	999	3
32836	5	3	6	3	1000	4
32837	6	6	2	4	965	3
32838	6	6	2	3	966	4
32839	7	7	1	3	471	8
32840	6	6	2	2	966	6
32841	7	7	1	4	472	8
32842	6	7	8	7	385	9
32843	7	2	5	3	310	3
32844	7	2	5	2	310	5
32845	8	5	8	6	580	2
32846	8	5	8	5	581	4
32847	8	5	8	4	582	5
32848	8	5	8	3	583	6
32849	8	5	8	2	584	7
32850	9	9	2	3	232	2
32851	8	9	2	3	233	2
32852	7	5	8	6	584	2
32853	7	5	8	5	585	4
32854	7	5	8	4	586	5
32855	7	5	8	3	587	6
32856	7	5	8	2	588	7
32857	8	9	2	3	234	2
32858	7	9	2	3	235	2
32859	6	5	8	6	588	8
32860	6	7	8	6	385	7
32861	7	5	8	3	589	4
32862	6	5	8	5	590	7
32863	7	2	5	3	310	6
32864	8	9	2	3	236	2
32865	5	3	6	2	1000	7
32866	6	6	2	4	966	3
32867	6	6	2	3	967	4
32868	7	7	1	3	473	8
32869	6	6	2	2	967	6
32870	7	7	1	4	474	8
32871	6	7	8	7	385	9
32872	7	5	8	7	590	2
32873	7	5	8	6	591	3
32874	7	5	8	5	592	4
32875	7	5	8	4	593	5
32876	7	5	8	3	594	6
32877	7	5	8	2	595	7
32878	8	9	2	3	237	2
32879	7	2	5	4	310	6
32880	8	9	2	3	238	2
32881	7	9	2	3	239	2
32882	6	5	8	4	595	6
32883	5	6	2	4	967	3
32884	5	6	2	3	968	4
32885	6	7	1	3	475	8
32886	5	6	2	2	968	6
32887	6	7	1	4	476	8
32888	5	7	8	7	385	9
32889	6	5	8	7	596	2
32890	6	5	8	6	597	3
32891	6	5	8	5	598	4
32892	6	5	8	4	599	5
32893	6	5	8	3	600	6
32894	6	5	8	2	601	7
32895	7	9	2	3	240	2
32896	6	9	2	3	241	2
32897	5	5	8	7	601	8
32898	5	5	8	6	602	7
32899	5	5	8	4	603	6
32900	3	1	2	4	1174	3
32901	3	1	2	3	1175	4
32902	4	6	2	3	968	8
32903	3	1	2	2	1175	6
32904	3	3	6	5	1000	7
32905	4	2	1	3	1375	7
32906	3	2	1	3	1376	7
32907	2	5	1	4	1173	5
32908	3	2	1	5	1377	2
32909	4	1	2	3	1176	3
32910	4	1	2	2	1177	5
32911	4	6	2	3	969	8
32912	3	2	1	4	1377	3
32913	4	1	2	2	1178	4
32914	3	2	1	3	1377	4
32915	3	2	1	2	1378	7
32916	4	1	2	2	1179	8
32917	4	6	2	3	970	8
32918	2	5	1	3	1173	6
32919	3	1	2	5	1180	3
32920	3	1	2	4	1181	4
32921	3	1	2	3	1182	5
32922	4	6	2	4	971	9
32923	3	1	2	2	1182	8
32924	4	6	2	4	972	9
32925	2	5	1	2	1173	8
32926	3	2	1	5	1378	2
32927	4	1	2	3	1182	3
32928	4	1	2	2	1183	5
32929	4	2	3	3	690	8
32930	5	6	2	3	973	3
32931	6	3	6	3	1000	4
32932	6	3	6	2	1001	5
32933	5	6	2	2	973	4
32934	5	3	6	4	1002	3
32935	5	3	6	3	1003	4
32936	5	3	6	2	1004	5
32937	4	2	3	2	690	4
32938	3	2	1	4	1378	3
32939	4	6	2	4	974	9
32940	5	1	2	3	1184	4
32941	3	2	1	3	1378	4
32942	3	2	1	2	1379	5
32943	3	1	2	2	1185	8
32944	3	2	3	3	691	8
32945	4	6	2	3	974	3
32946	4	6	2	2	975	4
32947	4	7	1	3	477	5
32948	4	3	6	5	1005	3
32949	4	3	6	4	1006	4
32950	4	3	6	3	1007	5
32951	4	3	6	2	1008	7
32952	5	7	8	4	385	9
32953	6	5	8	4	604	3
32954	6	5	8	3	605	4
32955	6	5	8	2	606	5
32956	6	2	5	4	310	3
32957	6	2	5	3	311	4
32958	6	2	5	2	312	5
32959	6	8	7	5	155	7
32960	6	5	5	4	143	9
32961	7	8	7	4	156	3
32962	7	8	7	3	157	4
32963	4	7	8	4	385	9
32964	5	5	8	4	607	3
32965	5	5	8	3	608	4
32966	5	5	8	2	609	5
32967	5	2	5	4	313	3
32968	5	2	5	3	314	4
32969	5	2	5	2	315	5
32970	5	5	5	4	143	9
32971	6	8	7	5	157	3
32972	6	8	7	4	158	4
32973	6	8	7	3	158	6
32974	6	8	7	2	159	7
32975	7	1	3	2	56	4
32976	4	5	8	5	610	7
32977	3	2	3	2	691	4
32978	2	1	2	5	1186	9
32979	3	6	2	4	976	8
32980	4	2	3	3	692	8
32981	5	2	1	4	1380	7
32982	6	3	6	5	1008	3
32983	6	3	6	4	1009	4
32984	7	7	8	7	385	9
32985	8	9	2	3	242	2
32986	7	5	8	6	611	8
32987	7	7	8	6	385	7
32988	8	5	8	4	612	6
32989	6	3	6	3	1009	5
32990	6	3	6	2	1010	7
32991	7	7	8	7	385	9
32992	8	9	2	3	243	2
32993	7	5	8	6	613	7
32994	7	7	8	6	385	7
32995	8	5	8	5	614	6
32996	6	7	8	7	385	9
32997	7	9	2	3	244	2
32998	6	5	8	7	615	7
32999	5	3	6	4	1010	3
33000	5	3	6	3	1011	4
33001	6	7	8	7	385	9
33002	7	2	5	4	316	7
33003	8	5	8	6	616	7
33004	9	9	2	3	245	2
33005	7	9	2	3	246	2
33006	6	5	8	5	616	7
33007	6	7	8	6	385	7
33008	7	5	8	4	617	6
33009	5	3	6	2	1011	5
33010	4	2	3	2	692	4
33011	4	2	1	2	1380	2
33012	3	6	2	3	976	3
33013	3	6	2	2	977	4
33014	3	2	3	2	693	5
33015	3	2	1	4	1381	7
33016	2	1	2	4	1186	3
33017	2	1	2	3	1187	4
33018	2	1	2	2	1188	5
33019	3	2	1	3	1382	2
33020	3	2	1	2	1383	3
33021	1	4	2	2	1333	8
33022	2	3	2	6	1297	2
33023	3	2	1	5	1384	3
33024	4	2	3	3	694	8
33025	4	2	3	2	695	4
33026	5	3	6	2	1012	4
33027	5	5	8	8	618	8
33028	6	5	1	4	1173	9
33029	5	5	1	4	1174	9
33030	4	3	6	2	1013	5
33031	5	5	8	7	618	8
33032	6	5	1	4	1175	9
33033	5	5	1	4	1176	9
33034	4	5	8	8	618	8
33035	5	5	1	4	1177	9
33036	4	5	1	4	1178	9
33037	3	2	1	4	1384	4
33038	4	1	2	3	1188	5
33039	4	1	2	2	1189	7
33040	3	2	1	3	1384	5
33041	4	1	2	2	1190	6
33042	3	2	1	2	1384	6
33043	4	1	2	2	1191	7
33044	5	6	2	4	978	9
33045	5	5	1	2	1179	3
33046	4	2	3	3	695	8
33047	4	2	3	2	696	4
33048	5	3	6	3	1013	4
33049	5	3	6	2	1014	6
33050	6	5	8	7	618	8
33051	7	5	1	4	1179	9
33052	6	5	1	4	1180	9
33053	5	5	8	8	618	8
33054	6	5	1	4	1181	9
33055	5	5	1	4	1182	9
33056	2	3	2	5	1297	3
33057	3	1	2	4	1191	5
33058	4	6	2	4	979	9
33059	3	1	2	3	1191	6
33060	4	6	2	3	980	9
33061	4	6	2	2	981	4
33062	5	2	1	3	1384	2
33063	5	2	1	2	1385	4
33064	4	2	1	3	1386	5
33065	3	1	2	2	1191	7
33066	4	6	2	3	981	9
33067	5	2	1	3	1387	2
33068	5	2	1	2	1388	5
33069	4	6	2	2	981	4
33070	5	2	1	3	1389	2
33071	5	2	1	2	1390	5
33072	4	2	1	3	1391	2
33073	4	2	1	2	1392	5
33074	3	2	1	4	1393	2
33075	4	6	2	3	981	7
33076	5	2	3	2	696	4
33077	5	5	1	4	1183	3
33078	5	5	1	3	1183	4
33079	5	5	1	2	1184	6
33080	4	6	2	2	981	4
33081	3	2	1	3	1393	4
33082	4	6	2	3	982	7
33083	5	5	1	3	1185	9
33084	4	6	2	2	982	4
33085	4	5	1	2	1186	3
33086	3	2	1	2	1393	5
33087	3	6	2	3	983	7
33088	4	2	3	2	697	4
33089	5	5	1	3	1186	4
33090	5	5	1	2	1187	6
33091	4	5	1	4	1188	3
33092	4	5	1	3	1188	4
33093	4	5	1	2	1189	6
33094	3	6	2	2	983	4
33095	2	3	2	4	1297	4
33096	3	1	2	5	1191	3
33097	3	1	2	4	1192	5
33098	4	2	1	2	1394	2
33099	5	6	2	4	984	9
33100	5	2	3	2	697	6
33101	6	6	2	3	985	3
33102	6	6	2	2	986	6
33103	7	5	1	3	1190	5
33104	7	5	1	2	1191	7
33105	4	6	2	4	986	9
33106	4	2	3	2	697	6
33107	5	6	2	3	987	3
33108	5	6	2	2	988	6
33109	6	5	1	3	1192	5
33110	6	5	1	2	1193	7
33111	3	1	2	3	1192	6
33112	4	6	2	4	988	9
33113	3	1	2	2	1192	7
33114	4	6	2	4	989	9
33115	5	2	1	3	1394	2
33116	6	5	1	3	1194	3
33117	6	5	1	2	1194	6
33118	6	2	3	2	697	6
33119	5	2	1	2	1394	5
33120	6	5	1	3	1195	3
33121	6	5	1	2	1195	6
33122	6	2	3	2	698	6
33123	4	2	1	3	1394	2
33124	5	2	3	2	699	6
33125	4	2	1	2	1394	5
33126	5	2	3	2	700	6
33127	3	5	1	3	1196	5
33128	3	5	1	2	1197	6
33129	2	3	2	3	1297	5
33130	3	5	1	4	1198	5
33131	4	6	2	4	989	4
33132	4	6	2	3	990	6
33133	5	1	2	4	1192	7
33134	6	2	1	3	1394	3
33135	6	2	1	2	1395	4
33136	5	2	3	2	701	6
33137	6	3	6	4	1014	4
33138	7	5	8	4	618	8
33139	7	5	8	3	619	6
33140	6	3	6	3	1014	7
33141	6	3	6	2	1015	3
33142	5	5	8	5	620	9
33143	6	3	6	4	1015	3
33144	6	3	6	3	1015	4
33145	7	2	5	2	316	5
33146	6	3	6	2	1015	7
33147	7	2	5	3	317	4
33148	7	2	5	2	318	5
33149	8	7	8	5	385	3
33150	8	7	8	4	386	4
33151	8	7	8	3	387	5
33152	8	7	8	2	388	6
33153	6	2	5	3	318	6
33154	6	7	8	5	389	3
33155	6	7	8	4	390	4
33156	6	7	8	3	391	5
33157	6	7	8	2	392	6
33158	5	5	8	4	620	8
33159	6	3	6	4	1015	3
33160	6	3	6	3	1015	4
33161	7	2	5	2	319	5
33162	6	3	6	2	1015	7
33163	7	2	5	3	320	6
33164	5	5	8	3	620	6
33165	6	3	6	4	1015	3
33166	6	3	6	3	1015	4
33167	7	2	5	2	321	5
33168	6	3	6	2	1015	7
33169	4	6	2	2	990	7
33170	5	1	2	4	1192	9
33171	6	2	3	3	701	8
33172	7	2	1	4	1396	7
33173	6	2	3	2	701	4
33174	5	3	6	5	1016	7
33175	5	2	3	2	702	6
33176	5	3	6	3	1017	3
33177	5	3	6	2	1017	4
33178	6	5	8	4	620	9
33179	6	5	8	3	621	6
33180	5	5	8	5	622	9
33181	6	7	8	6	393	7
33182	7	5	5	4	143	8
33183	8	6	8	4	93	8
33184	7	5	5	2	143	2
33185	6	7	8	5	393	6
33186	7	5	5	3	143	8
33187	8	6	8	2	94	5
33188	5	5	8	4	622	8
33189	4	1	2	4	1192	7
33190	5	2	1	3	1397	3
33191	5	2	1	2	1398	4
33192	3	5	1	3	1198	6
33193	4	6	2	3	990	4
33194	5	1	2	4	1192	7
33195	4	6	2	2	990	7
33196	5	1	2	4	1193	9
33197	6	2	1	2	1399	2
33198	5	2	1	3	1400	3
33199	4	1	2	4	1193	7
33200	5	2	1	2	1401	3
33201	3	5	1	2	1198	7
33202	4	1	2	5	1193	7
33203	5	6	2	3	990	9
33204	6	2	1	3	1402	3
33205	6	2	1	2	1403	4
33206	5	6	2	2	990	4
33207	6	2	1	3	1404	3
33208	6	2	1	2	1405	4
33209	5	2	1	3	1406	3
33210	5	2	1	2	1407	4
33211	4	2	1	4	1408	3
33212	5	1	2	2	1193	4
33213	6	6	2	2	990	6
33214	3	1	2	5	1193	9
33215	4	2	1	4	1408	2
33216	5	6	2	3	991	7
33217	5	6	2	2	992	4
33218	4	2	1	3	1408	3
33219	4	2	1	2	1409	6
33220	4	6	2	3	993	7
33221	4	6	2	2	994	4
33222	3	2	1	4	1410	2
33223	4	1	2	2	1193	3
33224	3	2	1	3	1410	3
33225	4	1	2	2	1193	4
33226	4	2	3	2	703	6
33227	3	2	1	2	1410	4
33228	4	1	2	2	1194	6
33229	4	2	3	2	704	6
33230	2	3	2	2	1297	6
33231	3	5	1	5	1198	4
33232	3	5	1	4	1199	5
33233	4	2	1	5	1410	2
33234	5	6	2	4	995	7
33235	6	1	2	3	1195	9
33236	4	2	1	4	1410	3
33237	5	6	2	4	995	9
33238	6	1	2	3	1196	7
33239	5	6	2	3	995	3
33240	5	6	2	2	996	4
33241	4	2	1	3	1410	4
33242	5	1	2	2	1197	5
33243	6	6	2	4	997	7
33244	6	6	2	3	998	9
33245	3	5	1	3	1199	6
33246	4	1	2	5	1197	3
33247	4	1	2	4	1198	4
33248	5	6	2	4	999	7
33249	5	6	2	3	1000	9
33250	4	1	2	3	1198	5
33251	4	1	2	2	1199	7
33252	5	6	2	4	1001	9
33253	6	2	1	4	1410	2
33254	6	2	1	3	1411	3
33255	6	2	1	2	1412	4
33256	3	5	1	2	1199	7
33257	4	1	2	5	1199	7
33258	5	6	2	4	1001	9
33259	6	2	1	4	1413	2
33260	6	2	1	3	1414	3
33261	6	2	1	2	1415	4
33262	5	2	1	4	1416	2
33263	5	2	1	3	1417	3
33264	5	2	1	2	1418	4
33265	4	1	2	3	1199	4
33266	5	6	2	3	1001	9
33267	5	6	2	2	1002	3
33268	5	2	3	2	705	5
33269	5	5	8	7	623	9
33270	6	3	6	5	1017	2
33271	6	3	6	4	1018	3
33272	6	3	6	3	1019	4
33273	7	2	5	2	322	5
33274	7	9	2	2	247	2
33275	6	3	6	2	1019	7
33276	7	9	2	2	248	2
33277	6	9	2	2	249	2
33278	5	5	8	6	623	8
33279	6	3	6	5	1019	2
33280	6	3	6	4	1020	3
33281	6	3	6	3	1021	4
33282	7	2	5	2	323	5
33283	7	9	2	2	250	2
33284	6	3	6	2	1021	7
33285	7	9	2	2	251	2
33286	6	9	2	2	252	2
33287	5	3	6	5	1021	2
33288	5	3	6	4	1022	3
33289	5	3	6	3	1023	4
33290	6	2	5	2	324	5
33291	6	5	8	4	623	2
33292	6	5	8	3	624	4
33293	6	5	8	2	625	5
33294	7	9	2	2	253	2
33295	5	3	6	2	1023	7
33296	6	9	2	2	254	2
33297	5	7	8	5	393	7
33298	6	9	2	2	255	2
33299	4	1	2	2	1199	5
33300	5	6	2	3	1003	9
33301	5	6	2	2	1004	3
33302	3	1	2	5	1199	9
33303	4	6	2	4	1005	7
33304	5	2	1	4	1419	2
33305	6	2	3	3	706	8
33306	7	5	8	7	625	8
33307	8	3	6	5	1023	2
33308	8	3	6	4	1024	3
33309	8	3	6	3	1025	4
33310	9	2	5	4	325	7
33311	8	3	6	2	1025	5
33312	9	2	5	4	326	7
33313	7	3	6	5	1025	2
33314	8	5	8	4	625	7
33315	9	7	8	3	393	9
33316	10	9	2	3	256	2
33317	7	3	6	4	1025	3
33318	7	3	6	3	1026	4
33319	8	7	8	7	393	9
33320	9	2	5	4	327	7
33321	10	5	8	5	625	7
33322	11	9	2	3	257	2
33323	11	9	2	2	258	3
33324	9	5	8	5	625	7
33325	10	9	2	3	259	2
33326	10	9	2	2	260	3
33327	7	3	6	2	1026	5
33328	8	7	8	7	393	9
33329	9	2	5	4	327	7
33330	10	5	8	6	625	7
33331	11	9	2	3	261	2
33332	11	9	2	2	262	3
33333	6	2	3	2	706	4
33334	5	2	1	3	1419	4
33335	5	2	1	2	1420	5
33336	5	2	3	3	707	8
33337	6	5	8	7	625	8
33338	7	3	6	5	1026	3
33339	7	3	6	4	1027	4
33340	8	7	8	7	393	9
33341	9	2	5	3	327	3
33342	9	2	5	2	328	5
33343	10	9	2	3	263	2
33344	10	9	2	2	264	3
33345	9	9	2	3	265	2
33346	9	9	2	2	266	3
33347	7	3	6	3	1027	5
33348	8	7	8	7	393	9
33349	9	2	5	3	328	3
33350	9	2	5	2	329	4
33351	9	9	2	3	267	2
33352	9	9	2	2	268	3
33353	7	3	6	2	1027	7
33354	8	9	2	3	269	2
33355	8	9	2	2	270	3
33356	7	7	8	7	393	9
33357	8	9	2	3	271	2
33358	8	9	2	2	272	3
33359	6	3	6	5	1027	3
33360	6	3	6	4	1028	4
33361	7	7	8	7	393	9
33362	8	5	8	5	625	2
33363	8	5	8	4	626	4
33364	8	5	8	3	627	5
33365	8	5	8	2	628	6
33366	8	2	5	3	329	3
33367	8	2	5	2	330	5
33368	9	9	2	3	273	2
33369	9	9	2	2	274	3
33370	8	9	2	3	275	2
33371	8	9	2	2	276	3
33372	6	3	6	3	1028	5
33373	7	7	8	7	393	9
33374	8	2	5	3	330	3
33375	8	2	5	2	331	4
33376	8	5	8	6	629	2
33377	8	5	8	5	630	3
33378	8	5	8	4	631	4
33379	8	5	8	3	632	5
33380	9	9	2	2	277	2
33381	8	5	8	2	632	6
33382	8	9	2	3	278	2
33383	8	9	2	2	279	3
33384	6	3	6	2	1028	7
33385	7	7	8	7	393	9
33386	8	5	8	6	633	2
33387	8	5	8	5	634	3
33388	8	5	8	4	635	4
33389	9	9	2	2	280	2
33390	8	5	8	3	635	5
33391	9	9	2	2	281	2
33392	8	5	8	2	635	6
33393	8	9	2	3	282	2
33394	8	9	2	2	283	3
33395	6	7	8	7	393	9
33396	7	5	8	6	636	2
33397	7	5	8	5	637	3
33398	7	5	8	4	638	4
33399	8	9	2	2	284	2
33400	7	5	8	3	638	5
33401	8	9	2	2	285	2
33402	7	5	8	2	638	6
33403	7	9	2	3	286	2
33404	7	9	2	2	287	3
33405	5	2	3	2	707	4
33406	3	2	1	4	1421	2
33407	4	1	2	3	1199	3
33408	4	1	2	2	1200	5
33409	5	6	2	3	1005	7
33410	3	2	1	3	1421	3
33411	4	1	2	3	1200	4
33412	4	1	2	2	1201	5
33413	5	6	2	3	1006	7
33414	3	2	1	2	1421	4
33415	4	1	2	2	1201	5
33416	2	5	1	4	1199	5
33417	3	2	1	5	1421	2
33418	4	6	2	4	1007	9
33419	4	1	2	3	1202	3
33420	4	1	2	2	1203	5
33421	4	6	2	2	1008	3
33422	3	2	1	4	1421	3
33423	4	1	2	3	1204	4
33424	4	1	2	2	1205	5
33425	5	6	2	4	1009	9
33426	3	2	1	3	1421	4
33427	4	1	2	2	1205	5
33428	5	6	2	4	1010	9
33429	4	6	2	3	1011	9
33430	4	6	2	2	1012	3
33431	2	5	1	3	1199	6
33432	3	2	1	5	1421	2
33433	4	6	2	4	1013	9
33434	5	1	2	3	1205	3
33435	6	3	6	4	1028	8
33436	5	1	2	2	1205	5
33437	5	2	3	2	708	5
33438	4	1	2	3	1206	3
33439	4	1	2	2	1207	5
33440	3	2	1	4	1421	3
33441	4	1	2	2	1208	4
33442	4	6	2	3	1013	9
33443	3	2	1	3	1421	4
33444	4	1	2	3	1209	5
33445	4	1	2	2	1210	6
33446	5	6	2	4	1014	9
33447	6	2	3	2	709	5
33448	3	2	1	2	1421	5
33449	4	1	2	2	1210	6
33450	2	5	1	2	1199	7
33451	3	1	2	5	1211	3
33452	4	6	2	4	1014	9
33453	5	3	6	4	1029	8
33454	4	2	3	2	710	6
33455	4	5	8	4	639	9
33456	5	3	6	4	1030	3
33457	5	3	6	3	1031	4
33458	5	3	6	2	1032	5
33459	6	2	5	2	331	3
33460	6	7	8	5	393	3
33461	6	7	8	4	394	4
33462	6	7	8	3	395	5
33463	6	7	8	2	396	6
33464	7	5	5	3	143	8
33465	4	5	8	3	639	8
33466	5	3	6	4	1032	3
33467	5	3	6	3	1033	4
33468	5	3	6	2	1034	5
33469	4	5	8	2	639	3
33470	4	3	6	4	1035	3
33471	4	3	6	3	1035	4
33472	4	3	6	2	1036	5
33473	3	1	2	4	1211	4
33474	3	1	2	3	1212	5
33475	4	6	2	4	1014	9
33476	5	2	1	3	1421	2
33477	5	2	1	2	1422	3
33478	4	2	1	3	1423	2
33479	4	2	1	2	1424	3
33480	3	1	2	2	1212	6
33481	4	6	2	4	1014	9
33482	5	2	1	3	1425	2
33483	6	2	3	2	711	5
33484	5	2	1	2	1425	4
33485	6	2	3	2	712	5
33486	4	2	1	3	1425	2
33487	5	2	3	2	713	5
33488	4	2	1	2	1425	4
33489	5	2	3	2	714	5
33490	3	2	3	4	715	8
33491	4	2	1	4	1425	3
33492	4	2	1	3	1426	4
33493	5	3	6	3	1037	3
33494	5	3	6	2	1038	4
33495	6	6	2	3	1014	3
33496	6	6	2	2	1015	5
33497	6	7	8	6	396	9
33498	7	5	8	5	640	8
33499	8	2	5	4	332	7
33500	9	9	2	3	288	2
33501	7	2	5	4	332	7
33502	8	5	8	4	640	2
33503	8	5	8	3	640	4
33504	8	5	8	2	641	5
33505	8	9	2	3	289	2
33506	7	9	2	3	290	2
33507	4	2	1	2	1426	5
33508	5	3	6	3	1038	3
33509	5	3	6	2	1039	5
33510	6	6	2	3	1016	3
33511	6	6	2	2	1017	5
33512	6	7	8	6	396	9
33513	7	5	8	6	642	8
33514	8	2	5	4	332	7
33515	9	9	2	3	291	2
33516	7	2	5	4	332	7
33517	8	5	8	5	642	2
33518	8	5	8	4	643	3
33519	8	5	8	3	643	4
33520	8	5	8	2	644	5
33521	8	9	2	3	292	2
33522	7	9	2	3	293	2
33523	3	2	1	4	1426	3
33524	3	2	1	3	1427	4
33525	3	2	1	2	1428	5
33526	2	1	2	5	1212	9
33527	3	2	3	4	715	8
33528	4	2	1	4	1429	3
33529	4	2	1	3	1430	4
33530	5	3	6	3	1039	3
33531	5	3	6	2	1040	4
33532	6	6	2	3	1018	3
33533	6	6	2	2	1019	5
33534	6	5	8	6	645	8
33535	7	2	5	4	332	7
33536	6	7	8	6	396	9
33537	7	2	5	4	333	7
33538	8	5	8	5	645	7
33539	9	9	2	3	294	2
33540	4	2	1	2	1430	5
33541	5	3	6	3	1040	3
33542	5	3	6	2	1041	5
33543	6	6	2	3	1020	3
33544	6	6	2	2	1021	5
33545	6	5	8	7	645	8
33546	7	2	5	4	333	7
33547	6	7	8	6	396	9
33548	7	2	5	4	334	7
33549	8	5	8	6	645	7
33550	9	9	2	3	295	2
33551	3	2	1	4	1430	3
33552	3	2	1	3	1431	4
33553	3	2	1	2	1432	5
33554	2	2	1	4	1433	2
33555	3	1	2	3	1212	3
33556	3	1	2	2	1213	5
33557	3	6	2	2	1022	4
33558	2	2	1	3	1433	3
33559	3	1	2	2	1214	4
33560	2	2	1	2	1433	4
33561	3	1	2	2	1215	5
33562	3	6	2	2	1023	4
33563	1	2	1	6	1433	2
33564	2	1	2	5	1216	3
33565	3	6	2	4	1024	8
33566	2	1	2	4	1216	5
33567	3	3	2	4	1297	4
33568	4	5	1	3	1199	4
33569	4	5	1	2	1200	7
33570	4	6	2	3	1025	3
33571	3	3	2	3	1297	6
33572	4	2	3	2	715	4
33573	5	3	6	3	1041	5
33574	5	3	6	2	1042	7
33575	6	6	2	3	1026	4
33576	6	6	2	2	1027	7
33577	3	3	2	2	1297	7
33578	4	2	3	3	715	4
33579	2	1	2	3	1216	6
33580	3	2	3	2	716	5
33581	4	3	2	3	1297	3
33582	2	1	2	2	1216	7
33583	3	3	2	4	1298	3
33584	3	3	2	3	1299	4
33585	4	2	3	2	716	6
33586	4	5	1	2	1201	6
33587	4	3	6	5	1042	2
33588	4	3	6	4	1042	3
33589	4	3	6	3	1043	6
33590	4	3	6	2	1044	7
33591	3	3	2	2	1299	6
33592	4	5	1	3	1202	6
33593	5	2	3	2	717	4
33594	5	6	2	3	1028	4
33595	5	6	2	2	1029	5
33596	4	5	1	2	1202	7
33597	5	2	3	2	718	4
33598	5	6	2	3	1030	4
33599	5	6	2	2	1031	5
33600	4	6	2	2	1032	4
33601	1	2	1	5	1433	3
33602	2	1	2	4	1216	4
33603	3	2	3	3	719	8
33604	4	3	2	3	1299	5
33605	4	6	2	2	1033	5
33606	4	5	1	2	1202	5
33607	5	3	6	4	1045	7
33608	5	3	6	3	1046	8
33609	6	9	2	2	296	3
33610	3	5	1	5	1202	8
33611	4	3	6	6	1046	7
33612	5	3	2	2	1300	5
33613	3	3	6	6	1046	7
33614	4	3	2	2	1301	5
33615	3	3	2	2	1302	5
33616	2	1	2	3	1216	5
33617	3	3	2	4	1303	4
33618	4	5	1	3	1202	4
33619	4	5	1	2	1203	7
33620	4	6	2	3	1034	3
33621	3	3	2	3	1303	6
33622	4	2	3	2	719	4
33623	5	3	6	3	1046	5
33624	5	3	6	2	1047	7
33625	6	6	2	3	1035	4
33626	6	6	2	2	1036	7
33627	3	3	2	2	1303	7
33628	4	2	3	3	719	4
33629	2	1	2	2	1216	7
33630	3	3	2	3	1303	5
33631	4	2	3	2	720	6
33632	3	3	2	2	1303	6
33633	1	2	1	4	1433	4
33634	2	1	2	3	1216	5
33635	3	2	3	2	721	6
33636	3	3	2	3	1304	3
33637	3	3	2	2	1305	6
33638	2	1	2	2	1216	6
33639	3	2	3	2	722	5
33640	4	3	2	3	1306	3
33641	2	3	2	3	1307	5
33642	3	2	3	2	722	6
33643	2	3	2	2	1307	6
33644	1	2	1	3	1433	5
33645	2	1	2	3	1216	6
33646	3	3	2	3	1308	3
33647	4	6	2	2	1037	4
33648	5	5	1	3	1204	3
33649	5	5	1	2	1205	7
33650	5	3	6	4	1047	7
33651	5	3	6	3	1048	6
33652	3	6	2	2	1037	3
33653	3	5	1	2	1206	3
33654	2	1	2	2	1216	7
33655	3	3	2	4	1308	3
33656	3	3	2	3	1309	4
33657	4	2	3	2	723	6
33658	4	5	1	2	1207	6
33659	4	3	6	5	1049	3
33660	4	3	6	4	1049	5
33661	4	3	6	3	1050	6
33662	4	3	6	2	1051	7
33663	3	3	2	2	1309	6
33664	4	5	1	3	1208	6
33665	5	2	3	2	724	4
33666	5	6	2	3	1038	4
33667	5	6	2	2	1039	5
33668	4	5	1	2	1208	7
33669	5	2	3	2	725	4
33670	5	6	2	3	1040	4
33671	5	6	2	2	1041	5
33672	4	6	2	2	1042	4
33673	1	2	1	2	1433	6
33674	2	1	2	2	1216	7
33675	3	6	2	5	1043	8
33676	3	6	2	4	1044	6
33677	4	3	2	2	1309	4
33678	3	3	2	3	1310	3
33679	3	3	2	2	1311	4
33680	0	2	1	7	1433	2
33681	1	1	2	6	1216	3
33682	2	5	1	3	1208	8
33683	1	1	2	5	1216	5
33684	2	5	8	8	645	9
33685	3	4	2	7	1333	9
33686	4	3	2	4	1312	4
33687	4	3	2	3	1313	6
33688	5	6	2	3	1044	8
33689	6	5	1	3	1209	7
33690	7	2	3	2	726	4
33691	7	3	6	3	1052	7
33692	6	5	1	2	1209	5
33693	5	6	2	2	1044	4
33694	5	5	1	3	1210	5
33695	5	5	1	2	1211	6
33696	5	2	3	2	727	4
33697	5	3	6	4	1053	2
33698	5	3	6	3	1054	5
33699	6	7	8	5	396	8
33700	7	2	5	3	334	6
33701	6	7	8	4	396	6
33702	5	3	6	2	1054	7
33703	6	7	8	5	397	8
33704	7	2	5	4	335	6
33705	7	2	5	3	336	5
33706	6	7	8	4	397	6
33707	4	3	2	2	1313	7
33708	5	6	2	4	1045	8
33709	6	5	1	3	1212	7
33710	5	2	3	2	728	4
33711	6	3	6	3	1054	4
33712	6	3	6	2	1055	5
33713	5	6	2	3	1045	3
33714	5	6	2	2	1046	4
33715	3	3	2	4	1313	1
33716	3	4	2	3	1333	6
33717	4	6	2	3	1047	8
33718	4	5	1	4	1213	8
33719	5	6	2	2	1048	3
33720	4	5	1	3	1213	4
33721	4	5	1	2	1214	5
33722	3	4	2	2	1333	7
33723	4	3	2	2	1314	4
33724	5	6	2	2	1049	6
33725	4	6	2	3	1050	8
33726	4	5	1	3	1215	8
33727	5	6	2	2	1051	3
33728	4	5	1	2	1215	5
33729	3	3	2	3	1314	4
33730	4	5	1	2	1216	5
33731	5	6	2	3	1052	7
33732	3	3	2	2	1314	6
33733	4	6	2	3	1053	7
33734	3	5	1	3	1216	5
33735	3	5	1	2	1217	6
33736	2	5	1	6	1218	9
33737	3	3	2	4	1314	1
33738	3	4	2	3	1333	6
33739	3	4	2	2	1334	7
33740	4	3	2	2	1315	4
33741	4	6	2	2	1054	4
33742	3	3	2	3	1316	4
33743	4	2	3	2	728	6
33744	5	3	6	3	1056	6
33745	6	6	2	3	1055	3
33746	6	6	2	2	1056	6
33747	5	3	6	2	1056	2
33748	4	3	6	3	1057	7
33749	5	6	2	3	1057	3
33750	5	6	2	2	1058	6
33751	3	3	2	2	1316	6
33752	4	6	2	3	1059	7
33753	5	3	6	4	1057	7
33754	6	5	8	7	645	8
33755	7	9	2	3	297	2
33756	6	9	2	3	298	2
33757	3	2	3	2	728	4
33758	3	3	6	2	1057	5
33759	3	6	2	3	1059	3
33760	3	6	2	2	1060	4
33761	2	6	2	6	1061	9
33762	3	4	2	6	1334	8
33763	4	3	2	3	1316	4
33764	4	3	2	2	1317	6
33765	5	5	1	3	1218	4
33766	5	5	1	2	1219	5
33767	5	2	3	2	729	4
33768	3	4	2	2	1334	6
33769	4	2	3	2	730	6
33770	5	5	1	4	1220	4
33771	5	5	1	3	1221	5
33772	5	5	1	2	1222	7
33773	5	3	6	4	1058	2
33774	5	3	6	3	1059	5
33775	6	7	8	7	398	8
33776	7	2	5	2	337	4
33777	7	9	2	3	299	2
33778	5	3	6	2	1059	6
33779	6	7	8	7	398	8
33780	7	2	5	3	338	7
33781	8	9	2	3	300	2
33782	5	7	8	7	398	8
33783	6	9	2	3	301	2
33784	4	5	1	4	1223	4
33785	4	5	1	3	1224	5
33786	4	5	1	2	1225	7
33787	4	3	6	4	1059	2
33788	4	3	6	3	1060	5
33789	5	7	8	7	398	8
33790	6	2	5	3	338	3
33791	6	2	5	2	338	4
33792	4	3	6	2	1060	7
33793	5	7	8	7	398	8
33794	6	2	5	4	339	5
33795	7	5	8	6	645	2
33796	7	5	8	5	646	3
33797	7	5	8	4	647	4
33798	8	9	2	3	302	2
33799	7	5	8	3	647	5
33800	7	5	8	2	648	6
33801	8	9	2	3	303	2
33802	6	2	5	3	339	3
33803	6	2	5	2	339	4
33804	4	7	8	7	398	8
33805	5	2	5	4	340	5
33806	6	5	8	6	648	2
33807	6	5	8	5	649	3
33808	6	5	8	4	650	4
33809	7	9	2	3	304	2
33810	6	5	8	3	650	5
33811	6	5	8	2	651	6
33812	5	2	5	3	340	3
33813	5	2	5	2	340	4
33814	3	3	2	2	1317	4
33815	4	5	1	3	1226	5
33816	4	5	1	2	1227	6
33817	2	3	2	4	1317	1
33818	2	4	2	3	1334	6
33819	3	6	2	3	1061	8
33820	3	5	1	4	1228	8
33821	4	6	2	2	1062	3
33822	3	5	1	3	1228	4
33823	3	5	1	2	1229	5
33824	2	4	2	2	1334	7
33825	3	3	2	2	1318	4
33826	4	6	2	2	1063	6
33827	3	6	2	3	1064	8
33828	3	5	1	3	1230	8
33829	4	6	2	2	1065	3
33830	3	5	1	2	1230	5
33831	2	3	2	3	1318	4
33832	3	5	1	2	1231	5
33833	4	6	2	3	1066	7
33834	2	3	2	2	1318	6
33835	3	6	2	3	1067	7
33836	2	5	1	3	1231	5
33837	2	5	1	2	1232	6
33838	2	6	2	3	1068	6
33839	1	1	2	4	1216	6
33840	2	3	2	5	1318	3
33841	3	2	3	2	730	5
33842	4	3	6	3	1060	5
33843	5	4	2	4	1334	4
33844	6	6	2	4	1069	8
33845	7	5	1	3	1233	5
33846	6	6	2	3	1069	9
33847	6	6	2	2	1070	5
33848	7	5	1	2	1234	8
33849	6	5	1	2	1235	5
33850	6	5	8	7	652	9
33851	7	7	1	3	478	7
33852	6	7	1	3	479	7
33853	5	4	2	3	1334	5
33854	6	6	2	4	1070	9
33855	6	5	1	3	1236	7
33856	5	4	2	2	1334	7
33857	6	6	2	3	1071	9
33858	7	5	1	3	1237	5
33859	7	5	1	2	1238	6
33860	6	6	2	2	1071	5
33861	4	3	6	2	1060	6
33862	5	4	2	4	1334	4
33863	6	6	2	4	1072	8
33864	7	5	1	3	1239	5
33865	7	5	1	2	1240	7
33866	6	6	2	3	1072	9
33867	6	6	2	2	1073	5
33868	7	5	1	2	1241	8
33869	7	7	1	3	480	5
33870	7	7	1	2	481	6
33871	6	5	1	2	1242	5
33872	6	5	8	7	652	9
33873	7	7	1	3	482	7
33874	6	7	1	3	483	7
33875	5	4	2	3	1334	5
33876	6	6	2	4	1073	9
33877	6	5	1	3	1243	7
33878	6	5	1	2	1244	8
33879	5	4	2	2	1334	7
33880	6	6	2	3	1074	9
33881	7	5	1	3	1245	5
33882	7	5	1	2	1246	6
33883	6	6	2	2	1074	5
33884	3	4	2	4	1334	4
33885	4	6	2	4	1075	8
33886	5	3	6	2	1060	6
33887	6	5	1	3	1247	5
33888	6	5	1	2	1248	7
33889	5	5	1	3	1249	5
33890	5	5	1	2	1250	7
33891	4	6	2	3	1075	9
33892	4	6	2	2	1076	5
33893	5	5	1	2	1251	8
33894	5	3	6	3	1060	6
33895	6	7	1	3	484	5
33896	6	7	1	2	485	6
33897	5	3	6	2	1060	7
33898	6	7	1	3	486	5
33899	6	7	1	2	487	6
33900	5	7	1	3	488	5
33901	5	7	1	2	489	6
33902	4	5	1	2	1252	5
33903	4	3	6	3	1060	6
33904	5	5	8	7	652	9
33905	6	7	1	3	490	7
33906	6	2	5	3	341	3
33907	6	2	5	2	341	4
33908	6	5	5	2	144	4
33909	5	7	1	3	491	7
33910	5	5	8	3	652	6
33911	4	3	6	2	1060	7
33912	5	5	8	7	653	9
33913	6	7	1	3	492	7
33914	5	7	1	3	493	7
33915	5	5	8	3	653	6
33916	4	5	8	7	654	9
33917	5	7	1	3	494	7
33918	4	7	1	3	495	7
33919	3	4	2	3	1334	5
33920	4	6	2	4	1076	9
33921	5	3	6	2	1060	6
33922	6	5	8	4	654	8
33923	7	2	5	3	342	3
33924	7	2	5	2	342	4
33925	6	5	8	3	654	2
33926	6	5	8	2	654	4
33927	7	7	8	3	398	8
33928	8	2	5	3	343	3
33929	8	2	5	2	343	4
33930	5	5	8	4	654	8
33931	6	2	5	4	344	6
33932	7	7	8	5	398	2
33933	7	7	8	4	398	3
33934	7	7	8	3	399	4
33935	8	6	8	5	95	7
33936	8	6	8	4	96	2
33937	8	6	8	2	97	3
33938	7	7	8	2	399	5
33939	8	6	8	4	98	7
33940	8	6	8	3	99	2
33941	6	2	5	3	344	3
33942	6	2	5	2	344	4
33943	5	5	8	3	654	2
33944	5	5	8	2	655	4
33945	5	7	8	4	399	8
33946	5	7	8	3	400	6
33947	4	5	1	3	1253	7
33948	4	5	1	2	1254	8
33949	4	6	2	2	1076	4
33950	3	4	2	2	1334	7
33951	4	6	2	3	1077	9
33952	5	5	1	4	1255	3
33953	5	5	1	3	1255	5
33954	5	5	1	2	1256	6
33955	4	6	2	2	1077	5
33956	2	3	2	4	1318	5
33957	3	4	2	2	1334	7
33958	4	6	2	4	1078	9
33959	4	6	2	3	1079	3
33960	4	6	2	2	1080	4
33961	3	6	2	3	1081	8
33962	4	5	1	3	1257	7
33963	5	3	6	3	1060	7
33964	4	5	1	2	1257	3
33965	3	6	2	2	1081	3
33966	3	5	1	4	1257	3
33967	3	5	1	3	1257	5
33968	3	5	1	2	1258	6
33969	3	3	6	4	1061	2
33970	3	3	6	3	1062	6
33971	4	7	8	6	401	8
33972	5	9	2	2	305	3
33973	6	2	5	3	345	3
33974	6	2	5	2	345	4
33975	4	7	8	5	401	7
33976	5	9	2	2	305	3
33977	3	3	6	2	1062	7
33978	4	7	8	6	401	8
33979	5	2	5	4	346	6
33980	6	9	2	2	306	3
33981	5	2	5	3	346	5
33982	6	9	2	2	307	3
33983	4	7	8	5	401	7
33984	5	2	5	4	346	6
33985	6	9	2	2	308	3
33986	5	2	5	3	346	5
33987	6	9	2	2	309	3
33988	3	7	8	6	401	8
33989	4	2	5	4	346	6
33990	5	9	2	2	310	3
33991	4	9	2	2	311	3
33992	3	7	8	5	401	7
33993	4	2	5	4	346	6
33994	5	9	2	2	312	3
33995	4	9	2	2	313	3
33996	2	4	2	2	1334	8
33997	3	6	2	2	1082	3
33998	1	1	2	3	1216	7
33999	2	2	3	2	730	4
34000	3	3	2	3	1318	3
34001	4	6	2	5	1083	9
34002	5	4	2	4	1334	8
34003	5	3	6	2	1062	4
34004	5	4	2	3	1335	4
34005	5	4	2	2	1336	5
34006	4	3	6	3	1063	4
34007	5	4	2	2	1337	5
34008	4	3	6	2	1063	7
34009	4	4	2	3	1338	4
34010	4	4	2	2	1339	5
34011	5	6	2	2	1083	4
34012	4	6	2	2	1084	4
34013	3	4	2	2	1339	8
34014	3	3	2	2	1318	6
34015	2	3	2	4	1319	1
34016	2	3	2	3	1320	3
34017	3	6	2	5	1085	9
34018	4	4	2	4	1340	8
34019	5	3	6	2	1064	6
34020	6	5	1	3	1259	3
34021	6	5	1	2	1259	6
34022	5	5	1	3	1260	3
34023	5	5	1	2	1260	6
34024	4	3	6	3	1064	8
34025	5	4	2	3	1340	4
34026	5	4	2	2	1341	5
34027	4	3	6	2	1064	2
34028	4	4	2	3	1342	4
34029	4	4	2	2	1343	5
34030	3	4	2	4	1344	4
34031	4	6	2	3	1085	8
34032	4	6	2	2	1086	5
34033	5	5	1	2	1261	8
34034	5	3	6	2	1065	6
34035	5	7	1	3	496	4
34036	4	3	6	2	1066	6
34037	4	5	1	3	1262	7
34038	4	5	1	2	1263	8
34039	3	4	2	3	1344	5
34040	4	6	2	3	1086	4
34041	4	6	2	2	1087	6
34042	5	5	8	8	656	9
34043	6	5	1	3	1264	8
34044	6	5	1	2	1265	4
34045	5	5	1	4	1266	9
34046	5	5	1	3	1267	8
34047	6	3	6	2	1067	6
34048	5	5	1	2	1267	4
34049	3	4	2	2	1344	6
34050	4	5	1	3	1268	7
34051	5	6	2	3	1087	4
34052	4	5	1	2	1268	8
34053	4	6	2	3	1088	4
34054	4	6	2	2	1089	5
34055	4	3	6	2	1068	6
34056	4	5	8	5	656	8
34057	5	7	1	2	497	6
34058	4	7	1	2	498	6
34059	3	6	2	2	1090	4
34060	2	3	2	2	1320	4
34061	3	4	2	4	1344	5
34062	4	6	2	4	1091	8
34063	4	6	2	3	1092	9
34064	4	6	2	2	1093	3
34065	4	5	1	2	1269	7
34066	3	4	2	3	1344	6
34067	4	6	2	4	1094	9
34068	4	6	2	3	1095	3
34069	4	6	2	2	1096	5
34070	5	5	8	8	656	9
34071	6	5	1	3	1270	8
34072	5	5	1	4	1271	9
34073	5	5	1	3	1272	8
34074	4	3	6	2	1069	6
34075	5	5	1	3	1273	4
34076	5	5	1	2	1273	7
34077	4	5	1	3	1274	4
34078	4	5	1	2	1274	7
34079	3	4	2	2	1344	8
34080	4	6	2	4	1096	9
34081	4	3	6	2	1069	6
34082	5	6	2	3	1097	3
34083	5	6	2	2	1098	5
34084	4	6	2	3	1099	3
34085	4	6	2	2	1100	5
34086	3	6	2	3	1101	8
34087	4	5	1	4	1275	7
34088	3	6	2	2	1101	3
34089	4	3	6	3	1069	8
34090	5	5	1	3	1276	6
34091	5	5	1	2	1277	7
34092	5	7	8	5	401	8
34093	6	9	2	3	314	2
34094	6	9	2	2	315	5
34095	5	7	8	4	401	7
34096	3	3	6	3	1069	8
34097	4	5	1	4	1278	3
34098	1	1	2	2	1216	8
34099	2	5	8	8	656	9
34100	3	4	2	7	1344	9
34101	4	5	1	5	1278	8
34102	5	3	2	4	1320	3
34103	5	3	2	3	1321	4
34104	5	3	2	2	1322	5
34105	4	5	1	4	1278	7
34106	5	3	2	4	1323	3
34107	6	6	2	2	1101	4
34108	5	3	2	3	1323	4
34109	5	3	2	2	1324	5
34110	4	5	1	3	1278	3
34111	4	5	1	2	1278	4
34112	4	3	2	4	1325	3
34113	5	6	2	2	1102	4
34114	4	6	2	4	1103	6
34115	5	3	2	3	1325	4
34116	5	3	2	2	1325	5
34117	3	5	1	5	1279	8
34118	4	3	2	4	1326	1
34119	5	2	3	2	730	5
34120	5	3	6	4	1069	7
34121	6	4	2	5	1344	2
34122	6	4	2	4	1345	3
34123	6	4	2	3	1346	5
34124	6	4	2	2	1347	6
34125	5	3	6	2	1069	4
34126	4	3	2	3	1326	3
34127	5	2	3	3	731	7
34128	6	4	2	4	1348	4
34129	7	6	2	3	1103	7
34130	8	3	6	3	1070	4
34131	8	3	6	2	1071	5
34132	9	7	1	3	499	7
34133	8	7	1	3	500	7
34134	6	4	2	3	1348	5
34135	6	4	2	2	1349	6
34136	6	6	2	2	1103	5
34137	4	3	2	2	1326	4
34138	4	4	2	2	1350	6
34139	3	3	2	4	1327	1
34140	4	2	3	2	731	5
34141	4	3	6	4	1071	7
34142	5	5	1	4	1279	3
34143	5	5	1	3	1280	4
34144	5	5	1	2	1281	5
34145	4	5	1	4	1282	7
34146	3	3	2	3	1327	3
34147	4	2	3	3	732	7
34148	5	4	2	4	1351	4
34149	6	5	1	2	1283	5
34150	5	4	2	3	1351	5
34151	6	5	1	2	1284	4
34152	5	4	2	2	1351	6
34153	6	5	1	2	1285	5
34154	5	5	1	2	1286	3
34155	3	3	2	2	1327	4
34156	3	4	2	2	1351	6
34157	2	5	1	6	1287	9
34158	3	3	2	4	1328	1
34159	4	2	3	2	732	5
34160	4	3	6	4	1071	7
34161	5	5	8	7	656	8
34162	6	4	2	5	1352	2
34163	6	4	2	4	1353	3
34164	6	4	2	3	1354	5
34165	6	4	2	2	1355	6
34166	5	4	2	5	1356	2
34167	5	4	2	4	1357	3
34168	5	4	2	3	1358	5
34169	5	4	2	2	1359	6
34170	4	3	6	2	1071	4
34171	3	3	2	3	1328	3
34172	4	2	3	3	733	7
34173	5	4	2	4	1360	4
34174	6	6	2	3	1104	5
34175	6	6	2	2	1105	6
34176	5	4	2	3	1360	5
34177	6	6	2	2	1106	4
34178	5	4	2	2	1360	6
34179	6	6	2	3	1107	4
34180	6	6	2	2	1108	5
34181	6	5	8	6	656	8
34182	7	3	6	4	1072	7
34183	6	3	6	4	1073	2
34184	6	3	6	3	1074	4
34185	6	3	6	2	1075	5
34186	7	5	8	5	656	6
34187	7	7	1	2	501	5
34188	3	3	2	2	1328	4
34189	3	4	2	2	1360	6
34190	4	6	2	3	1109	3
34191	4	6	2	2	1110	4
34192	2	6	2	6	1111	9
34193	3	3	2	4	1329	1
34194	4	2	3	2	733	5
34195	4	3	6	4	1075	7
34196	5	4	2	5	1360	2
34197	5	4	2	4	1361	3
34198	6	5	1	3	1287	5
34199	6	5	1	2	1288	7
34200	5	4	2	3	1361	5
34201	5	4	2	2	1362	6
34202	6	5	1	4	1289	3
34203	4	3	6	3	1075	5
34204	4	3	6	2	1076	2
34205	4	5	1	3	1289	4
34206	4	5	1	2	1290	7
34207	5	4	2	4	1362	2
34208	5	4	2	3	1363	3
34209	5	4	2	2	1364	5
34210	4	4	2	5	1365	2
34211	4	4	2	4	1366	3
34212	4	4	2	3	1367	5
34213	4	4	2	2	1368	6
34214	3	3	2	3	1329	3
34215	4	2	3	3	734	7
34216	5	4	2	4	1369	4
34217	6	5	1	3	1290	5
34218	6	5	1	2	1291	7
34219	6	3	6	3	1077	4
34220	6	3	6	2	1078	5
34221	7	5	8	6	657	7
34222	8	7	8	6	402	8
34223	9	9	2	4	316	2
34224	7	7	8	7	402	8
34225	8	9	2	4	317	2
34226	6	5	8	6	657	7
34227	7	7	8	6	402	8
34228	8	9	2	4	318	2
34229	8	9	2	2	319	5
34230	6	7	8	7	402	8
34231	7	9	2	4	320	2
34232	7	5	8	3	657	3
34233	8	9	2	2	321	5
34234	7	5	8	2	657	4
34235	7	9	2	2	322	5
34236	5	4	2	3	1369	5
34237	6	5	1	3	1292	4
34238	6	5	1	2	1293	7
34239	5	4	2	2	1369	6
34240	5	5	1	3	1294	3
34241	5	5	1	2	1294	5
34242	5	5	8	6	658	7
34243	6	3	6	4	1078	2
34244	7	7	8	3	402	8
34245	8	9	2	4	323	2
34246	6	3	6	3	1078	4
34247	7	7	8	6	402	8
34248	8	9	2	4	324	2
34249	8	9	2	3	325	4
34250	8	9	2	2	326	5
34251	9	1	3	2	57	5
34252	6	3	6	2	1078	5
34253	7	7	8	6	402	8
34254	8	9	2	4	326	2
34255	8	9	2	3	327	4
34256	8	9	2	2	328	5
34257	9	1	3	2	58	5
34258	10	6	8	5	100	5
34259	6	7	8	6	402	8
34260	7	9	2	4	328	2
34261	7	9	2	3	329	4
34262	7	9	2	2	330	5
34263	8	1	3	2	58	5
34264	5	3	6	4	1078	2
34265	6	5	8	2	658	5
34266	5	3	6	3	1078	4
34267	6	5	8	4	659	4
34268	7	7	8	4	402	8
34269	8	9	2	4	330	2
34270	8	9	2	3	331	4
34271	8	9	2	2	332	5
34272	6	5	8	3	659	2
34273	6	5	8	2	660	5
34274	7	7	8	5	402	8
34275	8	9	2	4	333	2
34276	5	3	6	2	1078	5
34277	6	7	8	7	402	8
34278	7	5	8	5	660	2
34279	7	5	8	4	661	3
34280	7	5	8	3	662	4
34281	8	9	2	4	334	2
34282	8	9	2	3	335	4
34283	8	9	2	2	336	5
34284	7	5	8	2	662	5
34285	8	9	2	4	337	2
34286	8	9	2	3	338	4
34287	8	9	2	2	339	5
34288	9	1	3	2	59	5
34289	5	7	8	7	402	8
34290	6	5	8	5	662	2
34291	6	5	8	4	663	3
34292	7	9	2	4	339	2
34293	6	5	8	3	663	4
34294	7	9	2	4	340	2
34295	7	9	2	3	341	4
34296	7	9	2	2	342	5
34297	6	5	8	2	663	5
34298	7	9	2	4	343	2
34299	7	9	2	3	344	4
34300	7	9	2	2	345	5
34301	8	1	3	2	60	5
34302	3	3	2	2	1329	4
34303	3	4	2	2	1370	6
34304	4	5	1	3	1295	5
34305	4	5	1	2	1296	7
34306	2	5	1	5	1297	8
34307	3	3	2	4	1330	1
34308	4	2	3	2	734	5
34309	4	3	6	4	1078	7
34310	5	4	2	5	1370	2
34311	5	4	2	4	1371	3
34312	5	4	2	3	1372	5
34313	5	4	2	2	1373	6
34314	4	3	6	3	1078	5
34315	4	4	2	5	1374	2
34316	3	3	2	3	1330	3
34317	4	2	3	3	735	7
34318	5	4	2	4	1375	4
34319	6	6	2	3	1111	7
34320	7	3	6	3	1079	4
34321	7	3	6	2	1080	5
34322	8	7	1	3	502	7
34323	7	7	1	3	503	7
34324	5	4	2	3	1375	5
34325	5	4	2	2	1376	6
34326	5	6	2	2	1111	5
34327	3	3	2	2	1330	4
34328	3	4	2	2	1377	6
34329	2	3	2	4	1331	1
34330	3	2	3	2	735	5
34331	3	3	6	4	1080	7
34332	4	5	1	4	1297	3
34333	4	5	1	3	1298	4
34334	4	5	1	2	1299	5
34335	3	3	6	3	1080	5
34336	3	4	2	5	1378	2
34337	3	5	1	2	1300	3
34338	2	3	2	3	1331	3
34339	3	2	3	3	736	7
34340	4	4	2	4	1379	4
34341	5	5	1	2	1300	5
34342	4	4	2	3	1379	5
34343	4	4	2	2	1380	6
34344	5	5	1	2	1301	5
34345	4	5	1	2	1302	3
34346	2	3	2	2	1331	4
34347	0	2	1	6	1433	3
34348	1	1	2	5	1216	4
34349	1	1	2	4	1217	5
34350	2	5	8	8	663	9
34351	3	4	2	7	1380	9
34352	4	3	2	4	1332	4
34353	4	3	2	3	1333	6
34354	5	6	2	3	1112	8
34355	6	5	1	3	1303	7
34356	7	2	3	2	736	4
34357	7	3	6	3	1081	7
34358	6	5	1	2	1303	5
34359	5	6	2	2	1112	4
34360	5	5	1	3	1304	5
34361	5	5	1	2	1305	6
34362	5	2	3	2	737	4
34363	5	3	6	4	1082	3
34364	5	3	6	3	1083	5
34365	5	3	6	2	1084	7
34366	6	7	8	5	402	8
34367	7	2	5	2	346	5
34368	6	7	8	4	402	6
34369	4	3	2	2	1333	7
34370	5	6	2	4	1113	8
34371	6	5	1	3	1306	7
34372	5	6	2	3	1113	3
34373	5	6	2	2	1114	4
34374	5	2	3	2	738	4
34375	3	3	2	4	1333	1
34376	3	4	2	3	1380	6
34377	4	6	2	3	1115	8
34378	4	5	1	4	1307	8
34379	5	6	2	2	1116	3
34380	4	5	1	3	1307	4
34381	4	5	1	2	1308	5
34382	3	4	2	2	1380	7
34383	4	3	2	2	1334	4
34384	5	6	2	2	1117	6
34385	4	6	2	3	1118	8
34386	4	5	1	3	1309	8
34387	5	6	2	2	1119	3
34388	4	5	1	2	1309	5
34389	3	3	2	3	1334	4
34390	4	5	1	2	1310	5
34391	5	6	2	3	1120	7
34392	3	3	2	2	1334	6
34393	4	6	2	3	1121	7
34394	3	5	1	3	1310	5
34395	3	5	1	2	1311	6
34396	2	5	1	6	1312	9
34397	3	3	2	4	1334	1
34398	3	4	2	3	1380	6
34399	3	4	2	2	1381	7
34400	4	3	2	2	1335	4
34401	4	6	2	2	1122	4
34402	3	3	2	3	1336	4
34403	4	6	2	3	1123	3
34404	4	6	2	2	1124	6
34405	5	2	3	2	739	6
34406	3	3	2	2	1336	6
34407	4	6	2	3	1124	7
34408	5	3	6	4	1084	7
34409	6	5	8	7	663	8
34410	7	9	2	3	345	2
34411	6	9	2	3	346	2
34412	3	6	2	3	1124	3
34413	3	6	2	2	1125	4
34414	2	6	2	6	1126	9
34415	3	4	2	6	1381	8
34416	4	3	2	3	1336	4
34417	4	3	2	2	1337	6
34418	5	5	1	3	1312	4
34419	5	5	1	2	1313	5
34420	5	2	3	2	740	4
34421	3	4	2	2	1381	6
34422	4	2	3	2	741	6
34423	5	5	1	4	1314	4
34424	5	5	1	3	1315	5
34425	5	5	1	2	1316	7
34426	5	3	6	4	1084	3
34427	5	3	6	3	1085	5
34428	6	7	8	7	403	8
34429	7	2	5	2	347	4
34430	7	9	2	3	347	2
34431	5	3	6	2	1085	6
34432	6	7	8	7	403	8
34433	7	9	2	3	348	2
34434	5	7	8	7	403	8
34435	6	9	2	3	349	2
34436	4	5	1	4	1317	4
34437	4	5	1	3	1318	5
34438	4	5	1	2	1319	7
34439	4	3	6	4	1085	3
34440	4	3	6	3	1086	5
34441	5	7	8	7	403	8
34442	6	2	5	2	347	4
34443	6	9	2	3	350	2
34444	4	3	6	2	1086	7
34445	5	7	8	7	403	8
34446	6	2	5	3	347	5
34447	7	9	2	3	351	2
34448	6	2	5	2	347	4
34449	6	9	2	3	352	2
34450	4	7	8	7	403	8
34451	5	2	5	3	347	5
34452	6	9	2	3	353	2
34453	5	2	5	2	347	4
34454	5	9	2	3	354	2
34455	3	3	2	2	1337	4
34456	4	5	1	3	1320	5
34457	4	5	1	2	1321	6
34458	2	3	2	4	1337	1
34459	2	4	2	3	1381	6
34460	3	6	2	3	1126	8
34461	3	5	1	4	1322	8
34462	4	6	2	2	1127	3
34463	3	5	1	3	1322	4
34464	3	5	1	2	1323	5
34465	2	4	2	2	1381	7
34466	3	3	2	2	1338	4
34467	4	6	2	2	1128	6
34468	3	6	2	3	1129	8
34469	3	5	1	3	1324	8
34470	4	6	2	2	1130	3
34471	3	5	1	2	1324	5
34472	2	3	2	3	1338	4
34473	3	5	1	2	1325	5
34474	4	6	2	3	1131	7
34475	2	3	2	2	1338	6
34476	3	6	2	3	1132	7
34477	2	5	1	3	1325	5
34478	2	5	1	2	1326	6
34479	2	6	2	3	1133	6
34480	1	1	2	3	1217	7
34481	2	3	2	5	1338	2
34482	3	2	3	2	741	5
34483	4	3	6	3	1086	5
34484	5	5	8	7	663	9
34485	6	4	2	5	1381	9
34486	6	6	2	5	1134	8
34487	5	5	1	5	1327	9
34488	6	4	2	4	1382	3
34489	6	4	2	3	1383	4
34490	6	4	2	2	1384	5
34491	5	6	2	6	1135	9
34492	5	6	2	5	1136	8
34493	6	5	1	3	1327	5
34494	6	5	1	2	1328	6
34495	7	4	2	3	1385	3
34496	7	4	2	2	1386	4
34497	6	4	2	4	1387	3
34498	6	4	2	3	1388	4
34499	6	4	2	2	1389	5
34500	4	3	6	2	1086	7
34501	5	6	2	6	1136	8
34502	6	4	2	5	1390	9
34503	6	4	2	4	1391	3
34504	6	4	2	3	1392	4
34505	7	5	1	3	1328	6
34506	7	5	1	2	1329	7
34507	6	4	2	2	1392	5
34508	3	5	8	8	663	9
34509	4	4	2	5	1393	9
34510	5	5	1	3	1330	8
34511	5	5	1	2	1331	5
34512	4	6	2	5	1136	8
34513	5	3	6	2	1086	6
34514	5	5	1	3	1332	5
34515	5	5	1	2	1333	6
34516	6	4	2	3	1393	3
34517	6	4	2	2	1394	4
34518	4	5	1	4	1333	8
34519	5	3	6	3	1087	8
34520	6	4	2	4	1395	3
34521	6	4	2	3	1396	4
34522	7	6	2	3	1136	6
34523	6	4	2	2	1396	5
34524	7	6	2	2	1137	4
34525	5	3	6	2	1087	3
34526	5	4	2	4	1396	3
34527	5	4	2	3	1397	4
34528	6	6	2	3	1138	6
34529	5	4	2	2	1397	5
34530	6	6	2	2	1139	4
34531	4	5	1	3	1333	7
34532	5	3	6	3	1088	8
34533	6	4	2	4	1397	3
34534	6	4	2	3	1398	4
34535	5	3	6	2	1088	3
34536	3	5	1	5	1333	9
34537	4	4	2	4	1399	3
34538	4	4	2	3	1400	4
34539	5	6	2	4	1140	3
34540	5	6	2	3	1141	5
34541	6	3	6	4	1089	3
34542	6	3	6	3	1090	6
34543	7	7	8	6	403	8
34544	8	2	5	4	347	8
34545	6	3	6	2	1090	7
34546	5	6	2	2	1141	6
34547	4	4	2	2	1400	5
34548	3	6	2	6	1142	9
34549	4	3	6	3	1091	8
34550	5	4	2	4	1401	3
34551	5	4	2	3	1402	4
34552	5	4	2	2	1403	5
34553	6	5	1	3	1333	6
34554	4	3	6	2	1091	3
34555	4	4	2	4	1403	3
34556	4	4	2	3	1404	4
34557	4	4	2	2	1405	5
34558	5	5	1	3	1334	6
34559	3	6	2	5	1142	8
34560	4	3	6	2	1092	6
34561	5	5	1	3	1335	5
34562	5	5	1	2	1336	6
34563	6	4	2	3	1405	3
34564	6	4	2	2	1406	4
34565	5	4	2	4	1407	3
34566	5	4	2	3	1408	4
34567	5	4	2	2	1409	5
34568	4	5	1	3	1336	5
34569	4	5	1	2	1337	6
34570	5	4	2	3	1410	3
34571	5	4	2	2	1411	4
34572	4	4	2	4	1412	3
34573	4	4	2	3	1413	4
34574	4	4	2	2	1414	5
34575	3	5	1	4	1337	8
34576	4	3	6	3	1092	8
34577	5	4	2	4	1415	3
34578	5	4	2	3	1416	4
34579	6	6	2	3	1142	6
34580	5	4	2	2	1416	5
34581	6	6	2	2	1143	4
34582	4	3	6	2	1092	3
34583	4	4	2	4	1416	3
34584	4	4	2	3	1417	4
34585	5	6	2	3	1144	6
34586	4	4	2	2	1417	5
34587	5	6	2	2	1145	4
34588	3	5	1	3	1337	7
34589	4	3	6	3	1093	8
34590	5	4	2	4	1417	3
34591	5	4	2	3	1418	4
34592	4	3	6	2	1093	3
34593	2	3	2	4	1338	5
34594	3	4	2	3	1419	6
34595	4	6	2	2	1146	4
34596	3	4	2	2	1419	8
34597	4	6	2	3	1147	9
34598	5	3	6	2	1094	6
34599	6	5	1	3	1337	5
34600	6	5	1	2	1338	6
34601	5	5	1	3	1339	5
34602	5	5	1	2	1340	6
34603	4	6	2	2	1147	4
34604	3	6	2	3	1148	8
34605	4	5	1	2	1341	5
34606	3	6	2	2	1148	3
34607	1	1	2	2	1217	8
34608	2	5	8	8	663	9
34609	3	4	2	7	1419	9
34610	4	5	1	4	1342	8
34611	5	3	2	4	1338	2
34612	5	3	2	3	1339	4
34613	6	6	2	3	1149	3
34614	7	2	3	2	741	6
34615	5	3	2	2	1339	6
34616	4	5	1	3	1342	7
34617	5	3	2	3	1340	4
34618	6	6	2	2	1149	3
34619	7	2	3	2	742	6
34620	5	3	2	2	1340	6
34621	4	5	1	2	1342	4
34622	4	3	2	4	1341	2
34623	4	3	2	3	1342	4
34624	3	5	1	4	1343	8
34625	4	3	2	4	1343	1
34626	5	2	3	2	743	6
34627	6	3	6	4	1094	7
34628	7	4	2	4	1419	2
34629	7	4	2	3	1420	3
34630	7	4	2	2	1421	4
34631	8	7	1	2	504	4
34632	6	3	6	2	1094	3
34633	5	4	2	5	1421	2
34634	5	4	2	4	1422	3
34635	5	4	2	3	1423	4
34636	5	4	2	2	1424	5
34637	6	6	2	3	1149	3
34638	4	3	2	3	1343	2
34639	4	3	2	2	1344	4
34640	5	4	2	3	1424	5
34641	6	6	2	3	1150	3
34642	5	4	2	2	1424	6
34643	6	6	2	3	1151	3
34644	6	6	2	2	1152	5
34645	3	5	1	3	1343	4
34646	4	4	2	2	1424	6
34647	5	6	2	2	1153	5
34648	5	3	2	3	1344	4
34649	4	6	2	2	1154	5
34650	3	5	1	2	1343	6
34651	4	4	2	4	1424	3
34652	4	6	2	4	1155	3
34653	4	4	2	3	1425	4
34654	5	3	2	2	1345	1
34655	4	4	2	2	1425	5
34656	5	6	2	2	1156	4
34657	5	3	2	3	1346	1
34658	5	3	2	2	1347	2
34659	3	3	2	3	1348	1
34660	4	2	3	2	743	6
34661	3	3	2	2	1348	2
34662	3	4	2	2	1425	5
34663	2	5	1	5	1343	9
34664	3	3	2	4	1349	1
34665	4	2	3	2	744	6
34666	5	3	6	4	1094	7
34667	6	4	2	4	1426	2
34668	6	4	2	3	1427	3
34669	6	4	2	2	1428	4
34670	4	5	8	7	663	8
34671	4	4	2	5	1429	2
34672	4	4	2	4	1430	3
34673	5	6	2	4	1157	7
34674	6	3	6	5	1094	7
34675	6	3	6	4	1095	2
34676	6	3	6	3	1096	3
34677	6	3	6	2	1097	4
34678	4	4	2	3	1430	4
34679	4	4	2	2	1431	5
34680	5	6	2	3	1157	3
34681	5	6	2	2	1158	6
34682	3	3	2	3	1349	2
34683	3	3	2	2	1350	4
34684	4	4	2	3	1431	5
34685	5	6	2	3	1159	3
34686	5	6	2	2	1160	6
34687	6	2	3	2	744	6
34688	5	2	3	2	745	6
34689	4	4	2	2	1431	6
34690	5	6	2	2	1160	3
34691	5	2	3	2	746	6
34692	4	2	3	2	747	6
34693	2	6	2	6	1161	9
34694	3	3	2	4	1350	1
34695	4	2	3	2	748	6
34696	5	3	6	4	1098	7
34697	6	4	2	4	1431	2
34698	6	4	2	3	1432	3
34699	7	5	1	3	1343	6
34700	6	4	2	2	1432	4
34701	6	5	1	3	1344	4
34702	6	5	1	2	1345	7
34703	5	3	6	3	1098	6
34704	4	5	1	4	1346	4
34705	4	5	1	3	1347	6
34706	4	5	1	2	1348	7
34707	5	5	8	6	664	8
34708	4	4	2	5	1433	2
34709	4	4	2	4	1434	3
34710	4	4	2	3	1435	4
34711	4	4	2	2	1436	5
34712	3	3	2	3	1350	2
34713	3	3	2	2	1351	4
34714	4	4	2	3	1437	5
34715	5	5	1	3	1348	6
34716	5	5	1	2	1349	7
34717	4	4	2	2	1437	6
34718	5	5	1	3	1350	4
34719	5	5	1	2	1351	7
34720	5	2	3	2	748	6
34721	6	3	6	4	1099	7
34722	7	7	8	7	403	8
34723	8	9	2	4	355	3
34724	6	3	6	3	1099	6
34725	4	5	1	2	1352	6
34726	2	5	1	4	1353	8
34727	3	3	2	4	1351	1
34728	4	2	3	2	748	6
34729	5	3	6	4	1100	7
34730	6	4	2	4	1437	2
34731	6	4	2	3	1438	3
34732	6	4	2	2	1439	4
34733	7	7	1	2	505	4
34734	5	3	6	3	1100	6
34735	4	4	2	5	1439	2
34736	4	4	2	4	1440	3
34737	4	4	2	3	1441	4
34738	4	4	2	2	1442	5
34739	5	6	2	3	1161	3
34740	3	3	2	3	1351	2
34741	3	3	2	2	1352	4
34742	4	4	2	3	1442	5
34743	5	6	2	3	1162	3
34744	4	4	2	2	1442	6
34745	5	6	2	3	1163	3
34746	5	6	2	2	1164	5
34747	2	5	1	3	1353	4
34748	3	4	2	2	1442	6
34749	4	6	2	2	1165	5
34750	4	3	2	3	1352	4
34751	3	6	2	2	1166	5
34752	2	5	1	2	1353	6
34753	3	4	2	4	1442	3
34754	3	6	2	4	1167	3
34755	3	4	2	3	1443	4
34756	4	3	2	2	1353	1
34757	3	4	2	2	1443	5
34758	4	6	2	2	1168	4
34759	4	3	2	3	1354	1
34760	4	3	2	2	1355	2
34761	2	3	2	3	1356	1
34762	3	2	3	2	748	6
34763	2	3	2	2	1356	2
34764	2	4	2	2	1443	5
34765	0	2	1	5	1433	4
34766	1	1	2	4	1217	5
34767	1	1	2	3	1218	6
34768	2	3	2	5	1357	3
34769	3	2	3	2	749	5
34770	4	4	2	4	1444	4
34771	5	6	2	4	1169	8
34772	5	6	2	3	1170	9
34773	5	6	2	2	1171	5
34774	6	5	1	2	1353	8
34775	5	5	1	2	1354	5
34776	5	5	8	7	665	9
34777	6	3	6	4	1101	4
34778	6	3	6	3	1102	5
34779	6	3	6	2	1103	6
34780	5	3	6	4	1104	4
34781	5	3	6	3	1105	5
34782	5	3	6	2	1106	6
34783	4	4	2	3	1444	5
34784	5	6	2	4	1171	9
34785	5	5	1	3	1355	7
34786	4	4	2	2	1444	7
34787	5	6	2	3	1172	9
34788	6	5	1	3	1356	5
34789	6	5	1	2	1357	6
34790	5	6	2	2	1172	5
34791	3	4	2	4	1444	4
34792	4	6	2	4	1173	8
34793	5	3	6	3	1107	7
34794	6	5	1	3	1358	5
34795	6	5	1	2	1359	7
34796	5	3	6	2	1107	4
34797	5	5	1	3	1360	5
34798	5	5	1	2	1361	7
34799	4	6	2	3	1173	9
34800	4	6	2	2	1174	5
34801	5	5	1	2	1362	8
34802	5	3	6	4	1108	4
34803	5	3	6	3	1109	6
34804	6	7	1	3	506	5
34805	6	7	1	2	507	6
34806	5	3	6	2	1109	7
34807	6	7	1	3	508	5
34808	6	7	1	2	509	6
34809	5	7	1	3	510	5
34810	5	7	1	2	511	6
34811	4	5	1	2	1363	5
34812	4	5	8	7	665	9
34813	5	3	6	4	1109	4
34814	5	3	6	3	1110	6
34815	6	7	1	3	512	7
34816	6	2	5	2	348	3
34817	6	5	5	2	145	4
34818	6	7	8	6	403	2
34819	6	7	8	5	404	3
34820	6	7	8	4	405	4
34821	6	7	8	3	406	6
34822	6	7	8	2	407	7
34823	7	6	8	5	101	8
34824	6	6	8	3	102	3
34825	5	3	6	2	1110	7
34826	6	7	1	3	513	7
34827	5	7	1	3	514	7
34828	4	3	6	4	1110	4
34829	4	3	6	3	1111	6
34830	5	7	1	3	515	7
34831	5	5	8	3	665	6
34832	4	3	6	2	1111	7
34833	5	7	1	3	516	7
34834	5	5	8	3	666	6
34835	4	7	1	3	517	7
34836	3	4	2	3	1444	5
34837	4	6	2	4	1174	9
34838	5	3	6	2	1111	6
34839	6	5	8	4	667	8
34840	7	2	5	2	349	3
34841	7	7	8	5	407	2
34842	7	7	8	4	408	3
34843	7	7	8	3	409	4
34844	7	7	8	2	410	5
34845	8	6	8	4	103	2
34846	8	6	8	3	104	3
34847	6	5	8	3	667	2
34848	6	5	8	2	668	4
34849	5	5	8	4	669	8
34850	6	2	5	3	350	6
34851	7	7	8	5	410	2
34852	7	7	8	4	410	3
34853	7	7	8	3	411	4
34854	7	7	8	2	412	5
34855	8	6	8	4	104	7
34856	8	6	8	3	105	2
34857	6	2	5	2	350	3
34858	6	7	8	5	412	2
34859	6	7	8	4	413	3
34860	6	7	8	3	414	4
34861	6	7	8	2	415	5
34862	5	5	8	3	669	2
34863	5	5	8	2	670	4
34864	5	7	8	4	416	8
34865	5	7	8	3	417	6
34866	4	5	1	3	1364	7
34867	4	5	1	2	1365	8
34868	4	6	2	2	1174	4
34869	3	4	2	2	1444	7
34870	4	6	2	3	1175	9
34871	5	5	1	4	1366	3
34872	5	5	1	3	1366	5
34873	5	5	1	2	1367	6
34874	4	6	2	2	1175	5
34875	2	3	2	4	1357	5
34876	3	4	2	2	1444	7
34877	4	6	2	4	1176	9
34878	4	6	2	3	1177	3
34879	4	6	2	2	1178	4
34880	3	6	2	3	1179	8
34881	4	5	1	3	1368	7
34882	5	3	6	3	1111	7
34883	4	5	1	2	1368	3
34884	3	6	2	2	1179	3
34885	3	5	1	4	1368	3
34886	3	5	1	3	1368	5
34887	3	5	1	2	1369	6
34888	3	3	6	4	1112	4
34889	3	3	6	3	1113	6
34890	4	7	8	6	417	8
34891	5	9	2	2	356	3
34892	6	2	5	2	351	3
34893	6	5	5	2	146	4
34894	4	7	8	5	417	7
34895	5	9	2	2	356	3
34896	3	3	6	2	1113	7
34897	4	7	8	6	417	8
34898	5	9	2	2	357	3
34899	6	2	5	3	352	6
34900	4	7	8	5	417	7
34901	5	9	2	2	357	3
34902	3	7	8	6	417	8
34903	4	9	2	2	358	3
34904	3	7	8	5	417	7
34905	4	9	2	2	359	3
34906	2	4	2	2	1444	8
34907	1	1	2	2	1218	7
34908	2	3	2	5	1357	2
34909	3	2	3	2	749	5
34910	4	5	8	8	671	9
34911	5	4	2	5	1445	9
34912	5	6	2	5	1180	8
34913	6	3	6	2	1113	5
34914	6	5	1	3	1370	5
34915	6	5	1	2	1371	6
34916	7	4	2	3	1446	3
34917	7	4	2	2	1447	4
34918	4	5	1	5	1371	9
34919	5	4	2	4	1448	3
34920	5	4	2	3	1449	4
34921	6	6	2	4	1180	3
34922	6	6	2	3	1181	5
34923	7	3	6	4	1114	4
34924	7	3	6	3	1115	5
34925	7	3	6	2	1116	7
34926	6	6	2	2	1181	6
34927	5	4	2	2	1449	5
34928	4	6	2	6	1182	9
34929	4	6	2	5	1183	8
34930	5	3	6	2	1117	5
34931	5	5	1	3	1371	5
34932	5	5	1	2	1372	6
34933	6	4	2	3	1450	3
34934	6	4	2	2	1451	4
34935	5	4	2	4	1452	3
34936	5	4	2	3	1453	4
34937	5	4	2	2	1454	5
34938	3	5	8	8	671	9
34939	4	4	2	5	1455	9
34940	5	5	1	3	1372	8
34941	5	5	1	2	1373	5
34942	4	6	2	5	1183	8
34943	5	3	6	2	1118	6
34944	5	5	1	3	1374	5
34945	5	5	1	2	1375	6
34946	6	4	2	3	1455	3
34947	6	4	2	2	1456	4
34948	4	5	1	4	1375	8
34949	5	3	6	3	1119	8
34950	6	4	2	4	1457	3
34951	6	4	2	3	1458	4
34952	7	6	2	3	1183	6
34953	6	4	2	2	1458	5
34954	7	6	2	2	1184	4
34955	5	3	6	2	1119	4
34956	4	5	1	3	1375	7
34957	5	3	6	3	1120	8
34958	6	4	2	4	1458	3
34959	6	4	2	3	1459	4
34960	3	5	1	5	1375	9
34961	4	4	2	4	1460	3
34962	4	4	2	3	1461	4
34963	5	6	2	4	1185	3
34964	5	6	2	3	1186	5
34965	6	3	6	4	1120	4
34966	6	3	6	3	1121	6
34967	7	7	8	5	417	8
34968	8	2	5	3	353	7
34969	6	3	6	2	1121	7
34970	5	6	2	2	1186	6
34971	4	4	2	2	1461	5
34972	3	6	2	6	1187	9
34973	4	3	6	3	1122	8
34974	5	4	2	4	1462	3
34975	5	4	2	3	1463	4
34976	5	4	2	2	1464	5
34977	6	5	1	3	1375	6
34978	4	3	6	2	1122	4
34979	5	4	2	4	1464	3
34980	5	4	2	3	1465	4
34981	5	4	2	2	1466	5
34982	4	4	2	4	1467	3
34983	4	4	2	3	1468	4
34984	4	4	2	2	1469	5
34985	5	5	1	3	1376	6
34986	3	6	2	5	1187	8
34987	4	3	6	2	1122	6
34988	5	5	1	3	1377	5
34989	5	5	1	2	1378	6
34990	6	4	2	3	1469	3
34991	6	4	2	2	1470	4
34992	5	4	2	4	1471	3
34993	5	4	2	3	1472	4
34994	5	4	2	2	1473	5
34995	4	5	1	3	1378	5
34996	4	5	1	2	1379	6
34997	5	4	2	3	1474	3
34998	5	4	2	2	1475	4
34999	4	4	2	4	1476	3
35000	4	4	2	3	1477	4
35001	4	4	2	2	1478	5
35002	3	5	1	4	1379	8
35003	4	3	6	3	1122	8
35004	5	4	2	4	1479	3
35005	5	4	2	3	1480	4
35006	6	6	2	3	1187	6
35007	5	4	2	2	1480	5
35008	6	6	2	2	1188	4
35009	4	3	6	2	1122	4
35010	5	4	2	4	1480	3
35011	5	4	2	3	1481	4
35012	5	4	2	2	1482	5
35013	4	4	2	4	1483	3
35014	4	4	2	3	1484	4
35015	5	6	2	3	1189	6
35016	4	4	2	2	1484	5
35017	5	6	2	2	1190	4
35018	3	5	1	3	1379	7
35019	2	3	2	3	1357	5
35020	3	4	2	3	1484	6
35021	3	4	2	2	1485	8
35022	4	6	2	3	1191	9
35023	5	3	6	2	1122	6
35024	6	5	1	3	1380	5
35025	6	5	1	2	1381	6
35026	5	5	1	3	1382	5
35027	5	5	1	2	1383	6
35028	4	6	2	2	1191	4
35029	3	6	2	3	1192	8
35030	4	5	1	2	1384	5
35031	3	6	2	2	1192	3
35032	0	2	1	4	1433	5
35033	1	1	2	4	1218	6
35034	1	1	2	3	1219	7
35035	2	2	3	2	749	4
35036	3	3	2	3	1357	3
35037	4	6	2	5	1193	9
35038	5	4	2	4	1485	8
35039	4	4	2	4	1486	4
35040	5	6	2	3	1193	8
35041	4	4	2	3	1486	5
35042	5	6	2	3	1194	4
35043	5	6	2	2	1195	6
35044	4	4	2	2	1486	6
35045	5	5	1	3	1385	7
35046	6	6	2	3	1196	4
35047	5	5	1	2	1385	8
35048	5	6	2	3	1197	4
35049	5	6	2	2	1198	5
35050	3	4	2	2	1486	8
35051	4	6	2	4	1199	9
35052	3	3	2	2	1357	6
35053	2	3	2	4	1358	1
35054	2	3	2	3	1359	3
35055	3	6	2	5	1200	9
35056	4	4	2	4	1486	8
35057	4	3	6	3	1122	8
35058	5	4	2	3	1487	4
35059	5	4	2	2	1488	5
35060	4	3	6	2	1122	5
35061	5	4	2	3	1489	4
35062	5	4	2	2	1490	5
35063	3	4	2	4	1491	4
35064	4	6	2	3	1200	8
35065	4	6	2	2	1201	5
35066	5	5	1	2	1386	8
35067	5	3	6	3	1122	8
35068	3	4	2	3	1491	5
35069	4	6	2	3	1201	4
35070	4	6	2	2	1202	6
35071	5	5	1	2	1387	4
35072	5	3	6	3	1123	8
35073	6	5	8	4	671	9
35074	3	4	2	2	1491	6
35075	4	5	1	3	1388	7
35076	5	6	2	3	1202	4
35077	4	5	1	2	1388	8
35078	4	6	2	3	1203	4
35079	4	6	2	2	1204	5
35080	2	3	2	2	1359	4
35081	3	4	2	4	1491	5
35082	4	6	2	3	1205	8
35083	4	6	2	2	1206	6
35084	5	5	1	2	1389	7
35085	3	4	2	3	1491	6
35086	4	6	2	4	1206	9
35087	4	6	2	3	1207	3
35088	4	6	2	2	1208	5
35089	3	4	2	2	1491	8
35090	3	6	2	3	1209	8
35091	3	6	2	2	1210	3
35092	3	3	6	3	1123	8
35093	4	5	1	4	1390	3
35094	1	1	2	2	1219	8
35095	2	5	8	8	672	9
35096	3	4	2	7	1492	9
35097	4	5	1	4	1390	8
35098	5	3	2	4	1359	2
35099	5	3	2	3	1360	4
35100	6	6	2	3	1211	3
35101	7	2	3	2	749	6
35102	5	3	2	2	1360	6
35103	4	5	1	3	1390	7
35104	5	3	2	3	1361	4
35105	6	6	2	2	1211	3
35106	7	2	3	2	750	6
35107	5	3	2	2	1361	6
35108	4	5	1	2	1390	4
35109	4	3	2	4	1362	2
35110	4	3	2	3	1363	4
35111	3	5	1	4	1391	8
35112	4	3	2	4	1364	1
35113	5	2	3	2	751	6
35114	5	4	2	5	1492	2
35115	5	4	2	4	1493	3
35116	5	4	2	3	1494	4
35117	5	4	2	2	1495	5
35118	6	6	2	3	1211	3
35119	4	3	2	3	1364	2
35120	4	3	2	2	1365	4
35121	5	4	2	3	1495	5
35122	6	6	2	3	1212	3
35123	5	4	2	2	1495	6
35124	6	6	2	3	1213	3
35125	6	6	2	2	1214	5
35126	3	5	1	3	1391	4
35127	4	4	2	2	1495	6
35128	5	6	2	2	1215	5
35129	5	3	2	3	1365	4
35130	4	6	2	2	1216	5
35131	3	5	1	2	1391	6
35132	4	4	2	4	1495	3
35133	4	6	2	4	1217	3
35134	4	4	2	3	1496	4
35135	5	3	2	2	1366	1
35136	4	4	2	2	1496	5
35137	5	6	2	2	1218	4
35138	5	3	2	3	1367	1
35139	5	3	2	2	1368	2
35140	3	3	2	3	1369	1
35141	4	2	3	2	752	6
35142	3	3	2	2	1369	2
35143	3	4	2	2	1496	5
35144	2	5	1	5	1391	9
35145	3	3	2	4	1370	1
35146	4	2	3	2	753	6
35147	4	5	8	7	672	8
35148	4	4	2	5	1497	2
35149	4	4	2	4	1498	3
35150	5	6	2	4	1219	7
35151	6	3	6	5	1123	7
35152	6	3	6	4	1124	2
35153	6	3	6	3	1125	4
35154	6	3	6	2	1126	5
35155	4	4	2	3	1498	4
35156	4	4	2	2	1499	5
35157	5	6	2	3	1219	3
35158	5	6	2	2	1220	6
35159	3	3	2	3	1370	2
35160	3	3	2	2	1371	4
35161	4	4	2	3	1499	5
35162	5	6	2	3	1221	3
35163	5	6	2	2	1222	6
35164	6	2	3	2	754	6
35165	5	2	3	2	755	6
35166	4	4	2	2	1499	6
35167	5	6	2	2	1222	3
35168	5	2	3	2	756	6
35169	4	2	3	2	757	6
35170	2	6	2	6	1223	9
35171	3	5	1	4	1391	4
35172	3	5	1	3	1392	6
35173	4	3	2	2	1371	1
35174	3	5	1	2	1392	7
35175	4	3	2	3	1372	1
35176	5	2	3	2	758	6
35177	5	5	8	6	673	8
35178	4	3	2	2	1372	2
35179	4	4	2	2	1499	5
35180	3	3	2	4	1373	1
35181	4	2	3	2	759	6
35182	4	4	2	5	1500	2
35183	4	4	2	4	1501	3
35184	4	4	2	3	1502	4
35185	4	4	2	2	1503	5
35186	3	3	2	3	1373	2
35187	3	3	2	2	1374	4
35188	4	4	2	3	1504	5
35189	4	4	2	2	1505	6
35190	5	2	3	2	760	6
35191	2	5	1	4	1392	8
35192	3	3	2	4	1374	1
35193	4	2	3	2	761	6
35194	4	4	2	5	1505	2
35195	4	4	2	4	1506	3
35196	4	4	2	3	1507	4
35197	4	4	2	2	1508	5
35198	5	6	2	3	1223	3
35199	3	3	2	3	1374	2
35200	3	3	2	2	1375	4
35201	4	4	2	3	1508	5
35202	5	6	2	3	1224	3
35203	4	4	2	2	1508	6
35204	5	6	2	3	1225	3
35205	5	6	2	2	1226	5
35206	2	5	1	3	1392	4
35207	3	4	2	2	1508	6
35208	4	6	2	2	1227	5
35209	4	3	2	3	1375	4
35210	3	6	2	2	1228	5
35211	2	5	1	2	1392	6
35212	3	4	2	4	1508	3
35213	3	6	2	4	1229	3
35214	3	4	2	3	1509	4
35215	4	3	2	2	1376	1
35216	3	4	2	2	1509	5
35217	4	6	2	2	1230	4
35218	4	3	2	3	1377	1
35219	4	3	2	2	1378	2
35220	2	3	2	3	1379	1
35221	3	2	3	2	762	6
35222	2	3	2	2	1379	2
35223	2	4	2	2	1509	5
35224	0	2	1	3	1433	6
35225	1	3	2	7	1380	8
35226	1	5	8	8	674	9
35227	2	4	2	7	1510	9
35228	3	5	1	5	1392	8
35229	4	3	2	4	1381	3
35230	4	3	2	3	1382	4
35231	4	3	2	2	1383	5
35232	3	5	1	4	1392	7
35233	4	3	2	4	1384	3
35234	5	6	2	2	1231	4
35235	4	3	2	3	1384	4
35236	4	3	2	2	1385	5
35237	3	5	1	3	1392	3
35238	3	5	1	2	1392	4
35239	3	3	2	4	1386	3
35240	4	6	2	2	1232	4
35241	3	6	2	4	1233	6
35242	4	3	2	3	1386	4
35243	4	3	2	2	1386	5
35244	2	5	1	5	1393	8
35245	3	3	2	4	1387	1
35246	4	4	2	5	1510	2
35247	3	3	2	3	1387	3
35248	4	2	3	3	763	7
35249	5	4	2	4	1510	4
35250	6	6	2	3	1233	7
35251	7	3	6	4	1127	4
35252	7	3	6	3	1128	5
35253	8	7	1	3	518	7
35254	7	3	6	2	1128	6
35255	8	7	1	3	519	7
35256	7	7	1	3	520	7
35257	5	4	2	3	1510	5
35258	5	4	2	2	1511	6
35259	5	6	2	2	1233	5
35260	3	3	2	2	1387	4
35261	3	4	2	2	1512	6
35262	2	5	1	4	1393	3
35263	2	5	1	3	1394	4
35264	3	4	2	3	1513	6
35265	4	3	2	3	1388	4
35266	2	5	1	2	1394	5
35267	3	4	2	3	1513	7
35268	3	3	2	3	1389	3
35269	1	5	1	6	1394	9
35270	2	3	2	4	1389	1
35271	3	4	2	5	1514	2
35272	2	3	2	3	1389	3
35273	3	2	3	3	763	7
35274	4	4	2	4	1514	4
35275	5	6	2	3	1234	5
35276	5	6	2	2	1235	6
35277	4	4	2	3	1514	5
35278	5	6	2	2	1236	4
35279	4	4	2	2	1514	6
35280	5	6	2	3	1237	4
35281	5	6	2	2	1238	5
35282	5	5	8	6	674	8
35283	5	3	6	4	1128	4
35284	5	3	6	3	1129	5
35285	6	5	8	5	675	6
35286	5	3	6	2	1129	6
35287	6	5	8	5	676	6
35288	6	7	1	2	521	5
35289	2	3	2	2	1389	4
35290	2	4	2	2	1514	6
35291	3	6	2	3	1239	3
35292	3	6	2	2	1240	4
35293	1	6	2	6	1241	9
35294	2	3	2	4	1390	1
35295	3	3	6	3	1129	7
35296	4	5	1	4	1394	3
35297	4	5	1	3	1394	4
35298	4	5	1	2	1395	7
35299	5	4	2	4	1514	2
35300	5	4	2	3	1514	3
35301	5	4	2	2	1515	5
35302	4	4	2	5	1516	2
35303	4	4	2	4	1516	3
35304	4	4	2	3	1517	5
35305	4	4	2	2	1518	6
35306	3	3	6	2	1129	5
35307	3	5	1	4	1395	3
35308	3	5	1	3	1395	4
35309	3	5	1	2	1396	7
35310	4	4	2	4	1519	2
35311	4	4	2	3	1519	3
35312	4	4	2	2	1520	5
35313	3	4	2	5	1521	2
35314	3	4	2	4	1521	3
35315	3	4	2	3	1522	5
35316	3	4	2	2	1523	6
35317	2	3	2	3	1390	3
35318	3	2	3	3	763	7
35319	4	4	2	4	1524	4
35320	5	5	1	3	1396	5
35321	5	5	1	2	1397	7
35322	5	5	8	6	677	7
35323	6	3	6	4	1130	4
35324	6	3	6	3	1131	5
35325	7	7	8	6	417	8
35326	8	9	2	4	360	2
35327	6	3	6	2	1131	6
35328	7	7	8	6	417	8
35329	8	9	2	4	361	2
35330	8	9	2	2	362	5
35331	6	7	8	6	417	8
35332	7	9	2	4	363	2
35333	7	9	2	2	364	5
35334	5	3	6	4	1131	4
35335	5	3	6	3	1132	5
35336	6	7	8	7	417	8
35337	7	9	2	4	365	2
35338	5	3	6	2	1132	6
35339	6	7	8	7	417	8
35340	7	9	2	4	366	2
35341	7	5	8	3	677	5
35342	8	9	2	2	367	5
35343	5	7	8	7	417	8
35344	6	9	2	4	368	2
35345	6	5	8	3	677	3
35346	7	9	2	2	369	5
35347	6	5	8	2	677	4
35348	6	9	2	2	370	5
35349	4	4	2	3	1524	5
35350	5	5	1	3	1398	4
35351	5	5	1	2	1399	7
35352	4	4	2	2	1524	6
35353	4	5	1	3	1400	3
35354	4	5	1	2	1400	5
35355	4	5	8	6	678	7
35356	5	3	6	4	1132	4
35357	6	7	8	6	417	8
35358	7	9	2	4	371	2
35359	5	3	6	3	1132	5
35360	6	7	8	6	417	8
35361	7	9	2	4	372	2
35362	7	9	2	3	373	4
35363	7	9	2	2	374	5
35364	8	1	3	2	61	5
35365	9	6	8	5	106	5
35366	5	3	6	2	1132	6
35367	6	7	8	6	417	8
35368	7	9	2	4	374	2
35369	7	9	2	3	375	4
35370	7	9	2	2	376	5
35371	8	1	3	2	61	5
35372	9	3	9	2	52	7
35373	9	7	2	2	50	2
35374	5	7	8	6	417	8
35375	6	9	2	4	376	2
35376	6	9	2	3	377	4
35377	6	9	2	2	378	5
35378	7	1	3	2	61	5
35379	4	3	6	4	1132	4
35380	5	5	8	4	678	4
35381	6	7	8	4	417	8
35382	7	9	2	4	378	2
35383	5	5	8	3	678	2
35384	5	5	8	2	679	5
35385	4	3	6	3	1132	5
35386	5	7	8	7	417	8
35387	6	5	8	5	680	2
35388	6	5	8	4	681	3
35389	6	5	8	3	682	4
35390	7	9	2	4	379	2
35391	7	9	2	3	380	4
35392	7	9	2	2	381	5
35393	6	5	8	2	682	5
35394	7	9	2	4	382	2
35395	7	9	2	3	383	4
35396	7	9	2	2	384	5
35397	8	1	3	2	62	5
35398	4	3	6	2	1132	6
35399	5	7	8	7	417	8
35400	6	5	8	5	682	2
35401	6	5	8	4	683	3
35402	7	9	2	4	384	2
35403	6	5	8	3	683	4
35404	7	9	2	4	385	2
35405	7	9	2	3	386	4
35406	7	9	2	2	387	5
35407	8	6	8	3	107	1
35408	6	5	8	2	683	5
35409	7	9	2	4	387	2
35410	7	9	2	3	388	4
35411	7	9	2	2	389	5
35412	8	1	3	2	63	5
35413	4	7	8	7	417	8
35414	5	5	8	5	683	2
35415	5	5	8	4	684	3
35416	6	9	2	4	389	2
35417	6	9	2	3	390	6
35418	6	9	2	2	391	4
35419	5	5	8	3	684	4
35420	6	9	2	4	392	2
35421	6	9	2	3	393	4
35422	6	9	2	2	394	5
35423	5	5	8	2	684	5
35424	6	9	2	4	395	2
35425	6	9	2	3	396	4
35426	6	9	2	2	397	5
35427	7	1	3	2	64	5
35428	2	3	2	2	1390	4
35429	2	4	2	2	1525	6
35430	3	5	1	3	1401	5
35431	3	5	1	2	1402	7
35432	1	5	1	5	1403	8
35433	2	3	2	4	1391	1
35434	3	4	2	5	1525	2
35435	2	3	2	3	1391	3
35436	3	2	3	3	763	7
35437	4	4	2	4	1525	4
35438	5	6	2	3	1241	7
35439	6	3	6	4	1132	4
35440	6	3	6	3	1133	5
35441	7	7	1	3	522	7
35442	6	3	6	2	1133	6
35443	7	7	1	3	523	7
35444	6	7	1	3	524	7
35445	4	4	2	3	1525	5
35446	4	4	2	2	1526	6
35447	4	6	2	2	1241	5
35448	2	3	2	2	1391	4
35449	2	4	2	2	1527	6
35450	1	5	1	4	1403	3
35451	1	5	1	3	1404	4
35452	2	4	2	3	1528	6
35453	3	3	2	3	1392	4
35454	1	5	1	2	1404	5
35455	2	4	2	3	1528	7
35456	2	3	2	3	1393	3
35457	0	2	1	2	1433	7
35458	1	2	3	2	763	5
35459	2	3	2	3	1393	3
35460	2	3	2	2	1394	4
35461	1	3	2	4	1395	2
35462	1	3	2	3	1396	3
35463	1	3	2	2	1397	4
35464	2	6	2	5	1242	9
35465	3	4	2	2	1529	6
35466	4	3	6	4	1133	3
35467	4	3	6	3	1133	5
35468	5	5	8	5	684	5
35469	6	7	8	5	417	8
35470	7	9	2	4	397	7
35471	7	9	2	2	398	3
35472	5	7	8	6	417	8
35473	6	9	2	4	399	7
35474	6	9	2	2	400	3
35475	4	3	6	2	1133	6
35476	5	5	8	5	684	6
35477	6	7	8	6	417	8
35478	7	9	2	4	401	7
35479	7	9	2	2	402	3
35480	5	5	8	4	684	5
35481	6	7	8	5	417	8
35482	7	9	2	4	403	7
35483	7	9	2	2	404	3
35484	4	5	8	5	684	6
35485	5	7	8	6	417	8
35486	4	5	8	4	684	5
35487	2	4	2	3	1529	5
35488	3	6	2	3	1242	7
35489	4	5	1	3	1404	6
35490	4	5	1	2	1405	8
35491	2	4	2	2	1529	6
35492	3	6	2	3	1242	7
35493	4	5	1	4	1406	4
35494	4	5	1	3	1406	5
35495	3	5	8	6	685	9
35496	3	3	6	4	1133	3
35497	3	3	6	3	1133	5
35498	4	7	1	3	525	6
35499	3	3	6	2	1133	6
35500	4	7	1	3	526	6
35501	2	6	2	2	1242	5
35502	2	5	1	2	1407	5
35503	0	4	2	6	1529	3
35504	0	4	2	5	1530	4
35505	1	3	2	2	1397	2
35506	1	5	1	3	1408	5
35507	1	5	1	2	1409	7
35508	0	4	2	4	1530	5
35509	1	6	2	5	1243	8
35510	2	3	2	3	1398	2
35511	3	5	1	3	1410	6
35512	2	3	2	2	1398	3
35513	3	5	1	3	1411	4
35514	3	5	1	2	1412	7
35515	4	7	1	3	527	4
35516	2	5	1	3	1412	6
35517	2	5	1	2	1413	7
35518	2	2	3	3	763	6
35519	3	7	1	4	528	4
35520	3	3	6	5	1133	3
35521	3	3	6	4	1133	5
35522	4	7	8	8	418	9
35523	5	5	8	7	686	8
35524	6	9	2	3	405	1
35525	5	5	8	6	686	4
35526	3	3	6	3	1133	6
35527	4	7	8	8	418	9
35528	5	5	8	7	687	8
35529	6	9	2	3	406	1
35530	5	5	8	6	687	5
35531	6	9	2	3	407	1
35532	5	5	8	5	687	4
35533	4	9	2	3	408	1
35534	3	3	6	2	1133	7
35535	3	7	8	8	418	8
35536	3	5	8	7	688	8
35537	4	9	2	3	409	1
35538	3	9	2	3	410	1
35539	2	2	3	2	763	5
35540	2	3	6	4	1134	3
35541	2	3	6	3	1135	5
35542	3	7	1	4	529	4
35543	3	7	1	3	530	5
35544	2	3	6	2	1135	7
35545	3	7	1	4	531	4
35546	3	7	1	3	532	5
35547	2	7	1	4	533	4
35548	2	7	1	3	534	5
35549	1	3	2	2	1398	2
35550	1	6	2	3	1243	4
35551	1	6	2	2	1244	6
35552	0	4	2	3	1530	6
35553	1	6	2	5	1245	8
35554	2	3	2	4	1399	2
35555	3	5	1	4	1414	3
35556	3	5	1	3	1414	5
35557	2	3	2	3	1399	3
35558	3	5	1	3	1415	5
35559	4	2	3	3	764	5
35560	5	3	6	4	1135	4
35561	5	3	6	3	1136	5
35562	6	7	8	8	419	9
35563	7	5	8	6	688	8
35564	8	7	1	3	535	4
35565	8	7	1	2	536	6
35566	5	3	6	2	1136	6
35567	6	5	8	7	688	7
35568	7	7	8	7	419	9
35569	6	5	8	6	688	8
35570	4	2	3	2	764	6
35571	4	3	6	5	1136	2
35572	4	3	6	4	1137	4
35573	4	3	6	3	1138	6
35574	5	7	8	8	420	9
35575	6	5	8	6	689	8
35576	7	7	1	3	537	4
35577	7	7	1	2	538	6
35578	5	5	8	6	689	9
35579	4	3	6	2	1138	7
35580	5	7	8	8	420	9
35581	6	5	8	6	690	8
35582	7	7	1	3	539	4
35583	7	7	1	2	540	6
35584	4	7	8	8	420	9
35585	5	5	8	6	690	8
35586	6	7	1	3	541	4
35587	6	7	1	2	542	6
35588	3	5	1	2	1415	7
35589	3	2	3	3	765	5
35590	3	2	3	2	766	6
35591	4	3	6	4	1138	5
35592	4	3	6	3	1139	6
35593	5	7	8	6	420	8
35594	4	3	6	2	1139	7
35595	4	5	8	5	690	7
35596	2	3	2	2	1399	4
35597	3	2	3	3	766	6
35598	4	5	1	4	1416	4
35599	4	5	1	3	1417	5
35600	4	5	1	2	1418	7
35601	5	7	1	3	543	4
35602	4	7	1	4	544	4
35603	4	7	1	3	545	6
35604	3	2	3	2	766	5
35605	3	5	1	4	1418	4
35606	3	5	1	3	1418	5
35607	2	5	1	3	1419	5
35608	3	2	3	2	767	6
35609	2	5	1	2	1419	7
35610	3	2	3	2	768	6
35611	3	3	6	4	1140	4
35612	3	3	6	3	1141	6
35613	4	7	1	3	546	6
35614	3	3	6	2	1141	7
35615	4	7	1	3	547	6
35616	3	7	1	3	548	6
35617	3	7	8	4	421	9
35618	4	5	8	3	691	8
35619	5	2	5	3	354	5
35620	6	8	7	2	159	7
35621	5	2	5	2	354	3
35622	2	2	3	2	769	6
35623	2	3	6	4	1141	4
35624	2	3	6	3	1142	6
35625	3	7	8	8	421	9
35626	4	5	8	7	691	8
35627	5	9	2	4	411	1
35628	6	7	1	4	549	7
35629	3	5	8	5	691	7
35630	2	3	6	2	1142	7
35631	3	7	8	8	421	9
35632	4	5	8	7	692	8
35633	5	9	2	4	411	1
35634	6	7	1	4	550	7
35635	4	5	8	6	692	6
35636	5	9	2	4	411	1
35637	6	7	1	4	551	7
35638	4	5	8	5	692	7
35639	2	7	8	8	421	8
35640	2	5	8	7	693	8
35641	3	9	2	4	411	1
35642	4	7	1	4	552	7
35643	2	9	2	4	411	1
35644	3	7	1	4	553	7
35645	1	3	2	3	1399	2
35646	1	3	2	2	1400	3
35647	2	6	2	2	1245	5
35648	2	7	1	4	554	7
35649	1	6	2	2	1246	5
35650	2	2	3	3	770	6
35651	3	7	1	3	555	6
35652	2	2	3	2	770	5
35653	2	3	6	4	1142	3
35654	2	3	6	3	1143	5
35655	3	7	1	3	556	6
35656	2	3	6	2	1143	7
35657	3	7	1	3	557	6
35658	2	7	1	3	558	6
35659	0	4	2	2	1530	7
35660	1	6	2	5	1246	8
35661	2	5	1	5	1419	3
35662	2	5	1	4	1419	4
35663	2	5	1	3	1420	5
35664	3	3	2	4	1400	3
35665	3	3	2	3	1401	4
35666	3	3	2	2	1402	5
35667	4	2	3	2	771	6
35668	2	5	1	2	1420	6
35669	3	3	2	5	1402	2
35670	3	3	2	4	1403	3
35671	4	7	1	3	559	7
35672	3	3	2	3	1403	4
35673	4	2	3	3	772	6
35674	5	7	1	3	560	7
35675	4	2	3	2	772	5
35676	4	7	1	3	561	7
35677	3	3	2	2	1403	5
35678	2	7	1	4	562	7
35679	3	3	2	4	1404	2
35680	3	3	2	3	1405	6
35681	2	3	2	5	1406	2
35682	2	3	2	4	1407	3
35683	2	3	2	3	1408	4
35684	2	3	2	2	1409	5
35685	3	2	3	2	773	6
35686	2	2	3	2	774	5
35687	1	3	2	4	1409	2
35688	1	3	2	3	1410	3
35689	2	6	2	2	1246	5
35690	3	2	3	3	775	5
35691	3	3	6	4	1143	4
35692	3	3	6	3	1144	6
35693	4	7	1	4	562	5
35694	3	3	6	2	1144	7
35695	4	7	1	4	563	5
35696	3	7	1	4	564	5
35697	1	3	2	2	1410	4
35698	2	6	2	2	1246	5
35699	3	2	3	3	776	6
35700	4	7	1	3	565	7
35701	3	2	3	2	776	5
35702	3	3	6	4	1144	3
35703	3	3	6	3	1145	5
35704	4	7	1	3	566	7
35705	3	3	6	2	1145	7
35706	4	7	1	3	567	7
35707	3	7	1	3	568	7
35708	0	2	3	3	777	5
35709	1	3	2	4	1410	3
35710	1	3	2	3	1410	4
35711	1	3	2	2	1411	6
35712	0	2	3	2	777	6
35713	1	3	2	4	1412	3
35714	2	6	2	3	1246	4
35715	3	5	1	3	1420	3
35716	3	5	1	2	1420	7
35717	2	6	2	2	1246	6
35718	3	5	1	4	1421	3
35719	3	5	1	3	1421	4
35720	2	5	1	4	1421	3
35721	2	5	1	3	1421	4
35722	2	5	1	2	1421	6
35723	1	3	2	3	1412	4
35724	2	6	2	4	1246	3
35725	2	6	2	3	1247	5
35726	3	5	1	3	1422	3
35727	3	5	1	2	1422	7
35728	4	7	1	3	569	4
35729	3	5	8	6	693	8
35730	4	7	1	4	570	4
35731	4	7	1	3	571	5
35732	2	6	2	2	1247	6
35733	3	5	1	4	1422	3
35734	3	5	1	3	1422	5
35735	4	7	1	3	572	4
35736	3	5	1	2	1422	7
35737	2	5	1	4	1423	3
35738	2	5	1	3	1423	5
35739	2	5	1	2	1424	6
35740	3	7	1	3	573	4
35741	3	7	1	2	574	5
35742	2	5	8	4	693	8
35743	3	7	1	4	575	7
35744	1	3	2	2	1412	5
35745	2	6	2	2	1247	6
35746	3	5	1	3	1424	5
35747	3	5	1	2	1425	7
35748	2	5	1	3	1426	5
35749	2	5	1	2	1427	6
35750	0	3	2	5	1412	2
35751	0	3	2	4	1413	3
35752	0	3	2	3	1414	4
35753	1	6	2	4	1247	3
35754	1	6	2	3	1248	5
35755	2	5	1	3	1428	3
35756	2	5	1	2	1428	7
35757	3	7	1	3	576	4
35758	2	5	8	6	693	8
35759	3	7	1	4	577	4
35760	3	7	1	3	578	5
35761	1	6	2	2	1248	6
35762	2	5	1	4	1428	3
35763	1	5	1	4	1428	3
35764	1	5	1	3	1428	5
35765	2	7	1	3	579	4
35766	1	5	1	2	1428	6
35767	2	7	1	3	580	4
35768	0	3	2	2	1414	5
35769	0	6	2	4	1248	3
35770	0	6	2	3	1249	4
35771	1	5	1	3	1428	6
35772	1	5	1	2	1429	7
35773	0	6	2	2	1249	5
35774	1	5	1	3	1430	4
35775	1	5	1	2	1431	7
35776	2	7	1	3	580	6
35777	0	5	1	4	1431	4
35778	0	5	1	3	1431	5
35779	0	5	1	2	1432	6
