step	depth	row	col	cands	cs	val
1	0	3	9	4	41	6	12345678|3456789|3456789|123456789|12345678|123456789|123456789|12345678|123456789|12345678|12345678|456789|12345678|3456789|123456789|12345678|123456|123456|12345678|12345678|123456789|123456|123456789|23456789|3456789|123456|789|123456789|23456789|12345678|123456789|1234567|12345678|123456789|123456789|123456789|3456789|12345678|12345678|12345678|23456789|1234567|12345678|23456789|123456789|123456789|3456789|12345678|123456789|123456789|12345678|12345678|12345678|123456789|3456789|23456789|12345678|12345678|12345678|12345678|12345678|23456789|123456789|12345678|12345678|123456789|123456789|123456789|123456789|3456789|12345678|12345678|12345678|12345678|3456789|6789|123456|123456|123456|123456789|123456789
2	1	2	8	3	41	1	12345678|3456789|3456789|123456789|12345678|123456789|12345789|1234578|12345789|12345678|12345678|456789|12345678|3456789|123456789|1234578|23|123|1234578|1234578|12345789|12345|12345789|2345789|345789|123|6|123456789|23456789|12345678|123456789|1234567|12345678|123456789|123456789|12345789|3456789|12345678|12345678|12345678|23456789|1234567|12345678|23456789|12345789|123456789|3456789|12345678|123456789|123456789|12345678|12345678|12345678|12345789|3456789|23456789|12345678|12345678|12345678|12345678|12345678|23456789|12345789|12345678|12345678|123456789|123456789|123456789|123456789|3456789|12345678|1234578|12345678|12345678|3456789|6789|123456|123456|123456|123456789|12345789
3	2	2	9	2	41	2	1234567|3456789|3456789|123456789|1234567|123456789|2345789|23457|2345789|2345678|2345678|456789|2345678|3456789|23456789|23457|1|3|123457|1234578|12345789|12345|12345789|2345789|5789|23|6|123456789|23456789|12345678|123456789|1234567|12345678|123456789|23456789|12345789|3456789|12345678|12345678|12345678|23456789|1234567|12345678|3456789|12345789|123456789|3456789|12345678|123456789|123456789|12345678|12345678|2345678|12345789|3456789|23456789|12345678|12345678|12345678|12345678|1234567|23456789|12345789|12345678|12345678|123456789|123456789|123456789|123456789|3456789|2345678|123457|12345678|12345678|3456789|6789|123456|123456|123456|23456789|12345789
4	3	3	8	1	41	3
5	4	3	7	1	42	9
6	5	1	8	2	42	4	123456|4569|4569|1234569|123456|1234569|4578|5|4578|34578|345678|456789|345678|456789|3456789|45|1|2|1245|124578|124578|1245|124578|24578|9|3|6|123456789|23456789|12345678|123456789|1234567|1234567|12345678|2456789|1345789|3456789|12345678|12345678|12345678|23456789|1234567|1234567|456789|1345789|123456789|3456789|12345678|123456789|123456789|12345678|12345678|245678|1345789|3456789|23456789|12345678|12345678|12345678|12345678|1234567|2456789|1345789|12345678|12345678|123456789|123456789|123456789|123456789|35678|24567|1345|12345678|12345678|3456789|6789|123456|123456|123456|2456789|1345789
7	6	2	7	1	42	5
8	7	1	2	3	42	5	12356|69|569|123569|12356|123569|78|4|78|3478|34678|46789|34678|46789|346789|5|1|2|125|124578|124578|1245|124578|24578|9|3|6|123456789|23456789|12345678|123456789|1234567|1234567|1234678|256789|1345789|3456789|12345678|12345678|12345678|23456789|1234567|123467|56789|1345789|123456789|3456789|12345678|123456789|123456789|12345678|1234678|25678|1345789|3456789|23456789|12345678|12345678|12345678|12345678|123467|256789|1345789|12345678|12345678|123456789|123456789|123456789|123456789|3678|2567|1345|12345678|12345678|3456789|6789|123456|123456|12346|256789|1345789
9	8	2	1	2	42	3
10	9	3	1	1	42	2
11	10	2	2	1	42	8
12	15	2	4	2	42	4
13	16	2	5	1	42	7
14	19	3	2	2	42	4
15	20	3	3	1	27	7
16	21	3	6	2	42	5
17	22	3	5	1	27	8
18	23	9	3	2	42	5
19	24	8	2	1	42	1
20	26	8	3	1	27	8
21	23	9	3	1	42	8
22	24	9	4	2	41	6
23	25	1	4	1	27	2
24	24	9	4	1	41	7
25	25	6	6	1	42	7
26	27	5	5	1	42	9
27	29	8	4	1	27	9
28	30	6	2	2	42	6
29	31	7	3	1	42	1
30	34	5	2	1	42	1
31	30	6	2	1	42	9
32	31	7	1	1	42	9
33	32	8	3	1	28	1
34	33	5	2	1	43	1
35	21	3	6	1	42	8
36	22	3	5	1	27	5
37	23	9	3	2	42	5
38	24	9	1	1	42	4
39	26	8	3	1	28	8
40	28	7	5	1	42	8
41	23	9	3	1	42	8
42	24	9	4	2	41	6
43	25	1	4	1	28	2
44	24	9	4	1	41	7
45	25	8	2	2	42	2
46	26	9	1	1	42	6
47	27	8	9	1	42	1
48	30	7	1	1	42	7
49	32	8	3	1	28	5
50	25	8	2	1	42	3
51	26	9	1	1	42	5
52	28	9	9	1	27	9
53	29	9	2	2	42	1
54	30	7	1	1	42	7
55	29	9	2	1	42	2
56	19	3	2	1	42	7
57	20	3	3	1	27	4
58	23	7	1	1	43	9
59	24	6	3	2	42	1
60	25	8	2	1	42	1
61	24	6	3	1	42	3
62	25	7	3	1	42	1
63	15	2	4	1	42	7
64	16	2	5	1	42	9
65	20	3	6	2	42	5
66	21	9	4	1	41	6
67	20	3	6	1	42	8
68	21	3	5	1	27	5
69	22	9	4	2	42	6
70	23	1	6	1	27	6
71	25	3	2	2	42	4
72	26	3	3	1	27	7
73	27	8	2	2	43	1
74	28	9	2	2	43	2
75	28	9	2	1	44	3
76	27	8	2	1	43	3
77	28	9	3	1	42	8
78	25	3	2	1	42	7
79	26	3	3	1	27	4
80	29	6	4	1	27	9
81	22	9	4	1	42	8
82	23	9	3	2	43	5
83	23	9	3	1	44	7
84	24	3	2	1	42	7
85	26	4	3	1	42	2
86	28	6	4	1	28	9
87	30	8	2	1	43	2
88	8	2	1	1	42	4
89	9	3	1	1	42	1
90	11	7	1	2	43	9
91	12	4	2	2	42	9
92	13	5	8	2	42	9
93	14	9	9	1	27	9
94	15	1	1	2	42	3
95	16	2	2	1	42	6
96	17	2	5	2	42	8
97	17	2	5	1	43	9
98	18	8	6	1	27	9
99	20	1	5	2	42	2
100	21	3	6	1	42	8
101	24	2	3	1	41	8
102	25	4	3	2	42	2
103	25	4	3	1	43	7
104	20	1	5	1	42	6
105	21	2	4	1	42	3
106	22	2	3	2	41	7
107	23	2	6	1	27	8
108	28	4	5	1	41	2
109	22	2	3	1	41	8
110	23	2	6	1	27	7
111	25	4	3	2	44	2
112	25	4	3	1	45	7
113	15	2	2	1	42	3
114	16	1	1	1	42	6
115	17	2	3	2	41	7
116	18	4	3	1	46	1
117	22	4	5	1	42	2
118	24	2	5	1	43	9
119	26	6	4	1	28	9
120	17	2	3	1	41	8
121	18	4	3	2	46	2
122	18	4	3	1	47	7
123	13	9	8	1	27	9
124	14	2	5	2	43	9
125	15	6	4	1	29	9
126	18	3	6	2	42	8
127	19	2	3	1	41	8
128	20	4	3	2	48	2
129	21	3	3	1	27	7
130	20	4	3	1	48	7
131	21	3	3	1	28	2
132	18	2	6	1	27	8
133	19	3	4	2	41	2
134	20	2	2	1	42	3
135	19	3	4	1	41	4
136	20	2	3	1	41	7
137	21	3	2	1	42	8
138	23	4	5	1	42	2
139	26	1	4	1	29	1
140	29	4	6	1	42	5
141	14	2	6	1	27	9
142	15	2	5	2	43	7
143	16	2	3	1	41	8
144	21	4	3	2	48	2
145	21	4	3	1	49	7
146	15	2	5	1	43	8
147	16	2	2	1	43	3
148	17	1	1	1	42	6
149	18	2	4	1	42	6
150	21	4	3	1	50	1
151	12	6	2	1	42	9
152	13	3	2	2	42	2
153	14	2	2	2	43	3
154	15	1	1	1	42	6
155	16	8	2	2	44	1
156	17	8	8	2	42	2
157	17	8	8	1	43	5
158	18	8	9	1	42	3
159	21	4	3	1	51	2
160	28	5	2	1	44	6
161	31	4	5	1	42	1
162	32	1	4	1	29	1
163	33	5	7	1	42	2
164	16	8	2	1	44	4
165	17	9	3	1	44	6
166	14	2	2	1	43	6
167	15	1	1	1	42	3
168	16	9	1	2	42	2
169	17	2	5	2	43	8
170	17	2	5	1	44	9
171	18	8	6	1	27	9
172	20	1	5	2	42	2
173	21	2	4	1	42	7
174	24	2	3	1	41	8
175	26	5	6	2	41	1
176	27	4	5	1	42	3
177	34	9	7	1	41	3
178	26	5	6	1	41	2
179	27	4	5	1	42	1
180	30	3	5	1	27	4
181	20	1	5	1	42	6
182	21	2	4	1	42	3
183	22	2	3	2	41	7
184	23	2	6	1	27	8
185	26	4	5	2	42	1
186	27	5	6	1	41	2
187	28	8	4	1	27	1
188	31	9	7	1	42	1
189	26	4	5	1	42	2
190	27	5	6	1	41	1
191	28	8	4	1	27	2
192	22	2	3	1	41	8
193	23	2	6	1	27	7
194	26	3	4	2	41	4
195	27	3	5	1	28	5
196	28	4	5	2	42	1
197	29	5	6	1	41	3
198	30	7	2	1	42	7
199	28	4	5	1	42	3
200	29	5	6	1	41	1
201	26	3	4	1	41	5
202	27	3	5	1	28	4
203	28	4	5	2	42	1
204	29	5	6	1	42	2
205	30	1	4	1	29	2
206	33	9	4	1	42	8
207	28	4	5	1	42	2
208	29	5	6	1	42	1
209	30	1	4	1	29	1
210	16	9	1	1	42	5
211	17	9	3	1	45	6
212	19	8	1	1	42	2
213	21	7	2	1	43	8
214	13	3	2	1	42	7
215	14	4	2	1	42	8
216	16	8	1	1	42	8
217	18	9	2	1	45	1
218	25	9	4	1	43	8
219	31	1	6	1	27	1
220	11	7	2	1	44	9
221	12	3	2	2	42	2
222	13	2	2	2	43	3
223	14	8	1	1	42	7
224	13	2	2	1	43	6
225	14	8	1	1	43	7
226	17	9	2	1	45	1
227	12	3	2	1	42	7
228	13	7	1	1	43	8
229	16	3	3	1	29	2
230	17	2	3	1	41	8
231	18	4	5	2	42	2
232	19	3	4	1	41	5
233	21	3	6	1	42	8
234	22	3	5	1	28	4
235	23	2	5	2	44	7
236	24	2	6	1	27	9
237	27	2	2	1	43	3
238	29	9	2	2	46	1
239	29	9	2	1	47	6
240	30	6	2	1	42	4
241	23	2	5	1	44	9
242	24	2	6	1	27	7
243	27	6	2	1	43	6
244	18	4	5	1	42	3
245	19	3	4	1	41	4
246	21	2	5	2	44	7
247	22	2	6	1	27	9
248	25	2	2	1	43	3
249	27	9	2	2	47	1
250	27	9	2	1	48	6
251	21	2	5	1	44	9
252	22	8	6	1	27	9
253	24	6	2	1	44	6
254	27	1	6	1	28	3
255	7	1	2	2	42	6
256	8	2	1	1	42	4
257	7	1	2	1	42	9
258	8	2	2	2	43	3
259	9	1	3	1	42	5
260	12	3	1	1	42	1
261	15	2	5	1	44	7
262	18	4	5	1	42	1
263	21	3	2	1	42	4
264	22	3	3	1	29	7
265	23	9	2	2	49	1
266	24	9	4	1	43	9
267	25	9	7	1	43	3
268	28	8	2	1	44	2
269	23	9	2	1	49	2
270	24	3	6	2	42	5
271	25	3	5	1	28	8
272	29	4	2	1	42	7
273	24	3	6	1	42	8
274	25	3	5	1	28	5
275	26	9	6	2	41	1
276	27	9	4	1	43	8
277	26	9	6	1	41	4
278	8	2	2	1	43	4
279	5	1	8	1	42	5
280	6	2	7	1	42	4
281	7	3	1	3	42	1
282	8	1	3	1	42	9
283	9	2	1	2	43	3
284	10	1	2	1	42	4
285	11	1	1	1	42	2
286	14	3	4	1	41	2
287	15	2	5	2	44	8
288	16	1	5	1	42	3
289	19	5	6	1	42	3
290	21	3	2	1	42	5
291	22	3	3	1	29	8
292	23	4	3	2	51	3
293	24	4	2	1	43	8
294	25	9	3	2	45	5
295	25	9	3	1	46	7
296	26	8	5	1	27	9
297	28	9	5	1	41	2
298	23	4	3	1	51	4
299	24	4	2	1	43	9
300	25	7	1	1	43	9
301	15	2	5	1	44	9
302	16	1	5	1	42	1
303	20	4	5	1	42	3
304	9	2	1	1	43	5
305	10	1	2	1	42	6
306	11	1	1	1	42	2
307	7	3	1	2	42	2
308	8	2	1	1	43	7
309	10	2	2	2	44	3
310	11	1	1	1	43	1
311	15	2	5	1	44	8
312	20	2	6	1	27	9
313	21	3	6	2	42	4
314	22	3	5	1	28	7
315	23	4	5	2	43	2
316	24	5	6	1	42	3
317	23	4	5	1	43	4
318	24	5	6	1	43	1
319	25	5	7	1	43	2
320	27	6	3	1	42	2
321	34	5	9	1	27	8
322	21	3	6	1	42	7
323	22	3	5	1	28	4
324	23	4	5	2	43	1
325	24	5	6	1	43	4
326	25	4	3	2	51	2
327	26	4	2	1	43	7
328	27	5	7	2	43	1
329	27	5	7	1	44	2
330	28	4	6	1	43	5
331	29	8	4	1	28	4
332	30	9	2	2	49	1
333	31	6	2	1	44	8
334	30	9	2	1	49	2
335	31	9	4	1	44	9
336	32	9	5	1	42	5
337	25	4	3	1	51	3
338	26	4	2	1	43	8
339	27	6	4	1	29	8
340	28	7	2	2	44	4
341	29	8	4	1	28	4
342	28	7	2	1	44	7
343	29	5	9	1	28	3
344	32	5	1	1	42	9
345	23	4	5	1	43	2
346	24	5	6	1	43	3
347	25	4	3	2	51	1
348	26	4	2	1	43	6
349	27	5	9	1	28	1
350	31	5	2	1	44	4
351	25	4	3	1	51	3
352	26	4	2	1	43	8
353	27	6	3	2	42	1
354	28	5	7	1	44	6
355	27	6	3	1	42	2
356	28	5	7	1	45	2
357	10	2	2	1	44	5
358	7	3	1	1	42	4
359	8	2	1	1	43	5
360	2	2	9	1	41	3
361	3	3	8	1	41	2
362	4	3	7	1	42	9
363	5	1	8	2	42	4
364	6	2	7	1	42	5
365	7	1	9	2	27	7
366	8	1	7	1	27	8
367	9	8	9	3	42	1
368	10	8	8	3	43	3
369	11	8	7	1	42	4
370	12	5	8	1	42	8
371	15	9	4	1	44	9
372	17	8	1	1	43	2
373	21	2	3	1	41	6
374	10	8	8	2	43	5
375	11	8	7	1	42	6
376	12	7	7	2	42	2
377	13	5	8	1	42	8
378	15	9	7	2	43	3
379	16	4	8	1	27	3
380	17	6	7	2	42	1
381	18	5	7	2	46	4
382	19	4	7	1	27	7
383	20	4	6	2	43	1
384	21	3	6	1	42	5
385	22	9	6	2	42	2
386	23	9	4	2	44	6
387	24	7	6	1	42	8
388	23	9	4	1	44	9
389	24	7	8	1	42	9
390	28	7	6	1	43	8
391	22	9	6	1	42	4
392	23	7	9	1	27	4
393	25	9	5	1	43	2
394	27	9	8	1	27	7
395	20	4	6	1	43	4
396	21	3	6	1	42	8
397	22	7	8	1	42	7
398	24	9	5	1	43	4
399	18	5	7	1	46	7
400	19	4	7	1	27	4
401	22	7	8	1	42	7
402	24	9	5	1	44	1
403	17	6	7	1	42	4
404	18	5	7	2	46	1
405	19	4	7	1	27	7
406	20	7	6	2	44	3
407	21	7	8	1	42	7
408	22	9	8	1	28	9
409	23	9	4	2	44	6
410	24	9	5	2	45	1
411	25	9	6	1	42	2
412	28	4	5	1	43	2
413	24	9	5	1	45	2
414	25	9	6	1	42	1
415	26	3	2	1	42	1
416	28	2	1	1	44	2
417	23	9	4	1	44	8
418	24	7	9	1	27	8
419	20	7	6	1	44	5
420	21	7	8	1	42	9
421	23	4	6	2	43	2
422	24	3	6	1	42	3
423	25	4	5	2	44	1
424	25	4	5	1	45	4
425	23	4	6	1	43	6
426	24	3	6	1	42	7
427	25	9	2	2	49	1
428	26	9	4	1	44	9
429	28	7	5	1	43	6
430	25	3	2	1	42	1
431	26	9	3	2	46	9
432	27	1	2	1	42	9
433	29	3	3	1	29	8
434	30	4	3	2	51	1
435	31	5	6	1	43	2
436	30	4	3	1	51	4
437	31	4	2	1	43	5
438	32	9	1	1	42	5
439	26	8	3	1	29	9
440	27	1	2	1	42	9
441	18	5	7	1	46	7
442	15	9	7	1	43	4
443	16	4	8	1	27	9
444	19	9	4	1	44	7
445	20	9	5	2	45	1
446	21	7	3	1	43	1
447	23	7	5	1	44	5
448	24	9	2	2	49	5
449	25	8	3	1	29	7
450	27	8	2	1	45	2
451	24	9	2	1	49	6
452	25	8	3	1	29	7
453	20	9	5	1	45	2
454	21	9	6	1	42	1
455	22	7	3	1	43	1
456	23	7	5	1	44	5
457	25	9	2	2	49	5
458	26	9	1	1	43	6
459	25	9	2	1	49	6
460	26	9	1	1	44	5
461	27	8	1	1	43	2
462	12	7	7	1	42	3
463	13	9	7	2	43	2
464	14	6	8	2	42	3
465	15	5	8	1	42	6
466	16	7	8	2	42	7
467	17	6	7	1	42	1
468	19	5	7	2	47	4
469	20	4	7	1	27	7
470	21	9	4	3	44	7
471	22	9	5	2	45	1
472	23	8	3	1	30	7
473	26	9	1	1	44	3
474	22	9	5	1	45	4
475	23	9	6	1	42	1
476	25	9	1	1	45	3
477	21	9	4	2	44	8
478	22	7	9	1	28	8
479	21	9	4	1	44	9
480	22	7	9	1	29	9
481	19	5	7	1	47	7
482	20	4	7	1	27	4
483	23	5	2	2	45	1
484	24	8	2	2	46	2
485	25	8	1	2	44	3
486	26	9	5	1	45	1
487	25	8	1	1	44	4
488	26	9	2	1	49	5
489	28	7	5	1	44	2
490	24	2	2	1	45	2
491	25	1	2	2	43	5
492	25	1	2	1	44	9
493	26	1	4	1	30	6
494	28	7	3	1	43	1
495	23	5	3	1	42	1
496	24	9	2	2	49	1
497	25	9	4	1	44	9
498	24	9	1	1	46	1
499	25	9	4	1	45	9
500	16	9	8	1	28	7
501	17	7	8	2	42	8
502	18	4	8	1	27	9
503	19	9	3	2	46	8
504	20	9	4	2	46	6
505	21	9	9	1	27	9
506	23	9	1	1	46	5
507	26	7	3	1	44	1
508	20	9	4	1	46	9
509	21	9	9	1	27	4
510	24	2	1	1	45	8
511	26	3	1	1	42	1
512	28	9	2	1	49	3
513	19	9	4	1	46	8
514	20	9	5	2	46	1
515	21	8	3	1	30	8
516	24	9	2	1	50	3
517	20	9	5	1	46	5
518	21	9	6	1	42	1
519	22	7	3	1	45	1
520	17	7	8	1	42	9
521	18	4	8	1	27	8
522	19	9	3	2	46	9
523	20	1	2	1	44	9
524	21	2	2	2	45	2
525	22	9	4	2	46	6
526	23	7	9	1	30	4
527	22	9	4	1	46	8
528	23	7	9	1	31	8
529	21	2	2	1	45	4
530	22	9	9	1	27	4
531	23	7	9	1	32	8
532	25	9	2	1	51	3
533	19	8	3	1	30	9
534	20	1	2	1	44	9
535	22	2	6	1	27	9
536	23	2	2	2	45	2
537	24	1	1	2	43	1
538	25	9	3	1	46	8
539	24	1	1	1	43	3
540	25	1	3	1	42	5
541	23	2	2	1	45	4
542	24	1	1	2	43	1
543	24	1	1	1	44	2
544	25	1	3	1	43	6
545	14	6	8	1	42	6
546	15	5	8	1	42	9
547	17	7	8	2	42	7
548	18	9	8	1	28	8
549	21	5	7	2	47	4
550	22	4	7	1	27	7
551	23	9	4	2	46	7
552	24	9	5	2	46	1
553	25	9	6	1	42	4
554	24	9	5	1	46	4
555	25	9	6	1	43	1
556	23	9	4	1	46	9
557	24	7	9	1	32	9
558	21	5	7	1	47	7
559	22	4	7	1	27	4
560	25	9	4	2	46	7
561	26	9	6	1	44	4
562	28	8	1	1	44	2
563	25	9	4	1	46	9
564	26	6	5	1	27	9
565	17	7	8	1	42	8
566	18	9	8	1	28	7
567	19	7	9	2	33	4
568	20	9	9	1	27	9
569	21	9	4	2	46	6
570	22	9	2	1	52	4
571	24	9	1	1	46	5
572	21	9	4	1	46	8
573	22	8	2	2	46	2
574	23	9	2	1	52	1
575	22	8	2	1	46	3
576	19	7	9	1	33	9
577	20	9	9	1	27	4
578	21	9	3	2	47	9
579	22	9	4	1	46	8
580	21	8	3	1	30	9
581	22	9	4	1	47	9
582	24	9	3	1	47	8
583	28	9	2	1	53	3
584	13	9	7	1	43	4
585	14	6	8	2	42	3
586	15	5	8	1	42	6
587	16	7	8	2	42	7
588	17	6	7	2	42	1
589	18	7	6	1	44	6
590	19	5	7	2	47	2
591	20	4	7	1	27	7
592	21	7	2	2	44	8
593	22	7	1	2	44	4
594	23	1	2	1	44	9
595	22	7	1	1	44	9
596	23	7	9	1	33	2
597	24	9	4	1	47	7
598	25	9	1	1	47	2
599	21	7	2	1	44	9
600	22	2	1	2	45	2
601	23	9	1	1	48	6
602	24	9	4	1	47	7
603	22	2	1	1	45	4
604	23	3	1	1	42	1
605	26	7	9	1	33	2
606	28	9	2	1	54	1
607	19	5	7	1	47	7
608	20	4	7	1	27	2
609	23	9	6	2	44	2
610	24	7	9	1	33	2
611	26	9	2	1	55	6
612	23	9	6	1	44	3
613	24	9	5	2	46	1
614	25	9	4	1	48	8
615	27	7	9	1	33	8
616	24	9	5	1	46	2
617	17	6	7	1	42	2
618	18	7	6	1	44	5
619	19	5	7	2	47	1
620	20	4	7	1	27	7
621	21	9	2	2	56	1
622	22	9	4	1	48	9
623	21	3	2	1	42	1
624	22	9	1	2	48	1
625	23	9	4	1	49	9
626	22	7	3	1	46	1
627	23	7	2	2	44	8
628	24	7	1	1	44	9
629	23	7	2	1	44	9
630	19	5	7	1	47	7
631	16	9	8	1	28	7
632	17	9	4	2	50	8
633	18	9	5	2	47	1
634	19	7	3	1	46	1
635	21	8	3	1	30	8
636	22	3	6	1	42	8
637	23	7	1	2	45	7
638	24	9	2	1	56	5
639	23	7	1	1	45	9
640	24	7	8	1	42	8
641	18	9	5	1	47	3
642	19	9	6	1	44	1
643	20	7	3	1	46	1
644	21	8	3	1	30	8
645	22	5	7	2	48	1
646	23	3	2	1	42	1
647	22	5	7	1	48	2
648	23	7	6	2	44	2
649	24	7	8	1	43	9
650	23	7	6	1	44	7
651	24	7	8	1	44	8
652	17	9	4	1	50	9
653	18	8	3	1	30	9
654	19	1	2	1	45	9
655	20	2	6	1	27	9
656	21	9	5	2	47	2
657	22	7	8	1	45	9
658	26	4	8	1	27	8
659	21	9	5	1	47	3
660	22	9	6	1	44	2
661	23	9	9	1	27	8
662	26	4	8	1	28	8
663	14	6	8	1	42	6
664	15	5	8	1	42	9
665	17	7	8	2	45	7
666	18	9	8	1	28	8
667	19	9	4	2	50	7
668	20	9	5	2	47	1
669	21	9	6	1	44	2
670	24	7	9	1	34	2
671	20	9	5	1	47	2
672	21	9	6	1	44	1
673	19	9	4	1	50	9
674	20	7	9	1	35	9
675	17	7	8	1	45	8
676	18	9	8	1	28	7
677	19	9	4	2	50	8
678	20	9	5	2	47	1
679	21	9	6	1	45	3
680	23	8	3	1	30	8
681	26	3	6	1	42	8
682	27	6	7	2	42	1
683	28	7	6	1	44	7
684	31	4	7	1	27	7
685	27	6	7	1	42	2
686	28	7	6	1	44	6
687	31	4	6	1	43	7
688	20	9	5	1	47	3
689	21	9	6	1	45	1
690	22	7	3	1	46	1
691	23	8	3	1	30	8
692	25	3	6	1	42	8
693	26	5	7	2	48	1
694	26	5	7	1	49	2
695	27	6	7	1	42	1
696	31	2	4	1	42	4
697	19	9	4	1	50	9
698	20	8	3	1	30	9
699	10	8	8	1	43	6
700	11	8	7	1	42	7
701	12	9	7	3	43	2
702	13	7	7	2	42	3
703	13	7	7	1	43	4
704	14	6	8	1	42	5
705	17	7	8	2	45	3
706	18	9	8	1	28	8
707	21	5	7	2	49	3
708	22	4	7	1	28	6
709	23	7	5	2	45	1
710	23	7	5	1	46	5
711	24	9	9	1	27	5
712	28	9	4	2	50	7
713	29	7	4	1	42	6
714	28	7	4	1	43	7
715	29	6	2	1	45	8
716	31	7	1	1	45	8
717	21	5	7	1	49	6
718	22	4	7	1	28	3
719	25	7	5	2	46	1
720	25	7	5	1	47	5
721	26	5	5	1	42	8
722	17	7	8	1	45	8
723	18	9	8	1	28	3
724	19	9	4	2	50	8
725	20	9	5	2	47	1
726	21	7	1	1	46	9
727	25	7	9	1	36	5
728	20	9	5	1	47	5
729	21	9	6	1	45	1
730	24	7	3	1	46	1
731	19	9	3	1	47	8
732	20	9	4	2	50	7
733	21	7	9	1	37	5
734	23	6	7	1	42	6
735	25	5	7	2	49	1
736	26	4	7	1	28	3
737	27	9	5	2	47	1
738	28	3	2	1	43	1
739	27	9	5	1	47	4
740	28	9	6	1	45	1
741	29	3	2	1	44	1
742	25	5	7	1	49	3
743	26	4	7	1	28	1
744	27	9	5	2	47	1
745	28	9	6	1	45	4
746	30	4	6	1	44	5
747	32	1	3	1	44	9
748	36	3	4	1	41	1
749	27	9	5	1	47	4
750	28	9	6	1	45	1
751	29	7	3	1	47	1
752	32	5	2	1	45	1
753	20	9	4	1	50	9
754	12	9	7	2	43	3
755	13	7	7	2	43	2
756	14	6	8	2	42	3
757	15	5	8	1	42	5
758	17	7	8	2	45	8
759	18	9	8	1	28	9
760	19	9	4	2	51	6
761	20	9	3	1	47	8
762	26	7	3	1	47	1
763	19	9	4	1	51	8
764	20	9	5	2	47	1
765	21	7	3	1	48	1
766	20	9	5	1	47	4
767	21	9	6	1	45	1
768	26	8	3	1	31	8
769	17	7	8	1	45	9
770	18	9	8	1	28	8
771	19	9	4	2	51	6
772	20	9	3	1	47	9
773	22	8	2	1	47	2
774	24	2	2	1	45	4
775	27	2	1	1	45	8
776	19	9	4	1	51	9
777	20	9	3	1	47	7
778	22	1	2	1	45	9
779	14	4	8	1	29	3
780	15	6	8	2	42	5
781	16	5	8	1	42	7
782	17	7	8	2	45	8
783	18	9	8	1	28	9
784	19	9	4	2	51	6
785	20	9	3	1	47	8
786	19	9	4	1	51	8
787	20	9	5	2	47	1
788	21	9	6	1	45	4
789	24	9	1	1	48	2
790	20	9	5	1	47	4
791	21	9	6	1	45	1
792	26	7	3	1	49	1
793	17	7	8	1	45	9
794	18	9	8	1	28	8
795	19	9	4	2	51	6
796	20	9	1	1	49	7
797	22	8	2	1	47	2
798	24	1	1	1	44	2
799	27	9	9	1	27	4
800	19	9	4	1	51	9
801	20	9	3	1	48	7
802	22	1	2	1	46	9
803	25	2	6	1	27	9
804	15	6	8	1	42	7
805	16	5	8	1	42	9
806	17	6	7	2	42	1
807	18	5	7	2	49	4
808	19	4	7	1	28	6
809	20	4	6	2	44	1
810	21	3	6	1	42	5
811	22	7	8	2	45	5
812	23	7	3	1	50	1
813	22	7	8	1	45	8
814	23	7	6	1	44	7
815	25	9	6	2	45	2
816	26	8	2	1	47	2
817	25	9	6	1	45	4
818	26	9	9	1	28	9
819	28	9	5	1	47	1
820	30	8	1	1	45	3
821	20	4	6	1	44	4
822	21	3	6	1	42	8
823	24	9	8	1	28	5
824	25	9	6	2	45	1
825	26	7	3	1	51	1
826	27	9	4	2	51	6
827	27	9	4	1	52	8
828	28	9	5	1	47	4
829	33	8	1	1	46	3
830	25	9	6	1	45	2
831	26	9	1	1	49	6
832	18	5	7	1	49	6
833	19	4	7	1	28	4
834	20	4	6	2	44	1
835	21	3	6	1	42	7
836	22	7	8	1	45	5
837	26	6	6	1	42	6
838	20	4	6	1	44	2
839	21	3	6	1	42	8
840	22	7	8	2	45	5
841	23	7	6	1	44	4
842	22	7	8	1	45	8
843	23	7	6	1	45	7
844	25	9	6	2	45	1
845	26	7	3	1	51	1
846	27	4	5	2	46	1
847	28	9	4	1	52	6
848	27	4	5	1	46	5
849	25	9	6	1	45	4
850	26	7	3	1	51	3
851	17	6	7	1	42	4
852	18	5	7	2	49	1
853	19	4	7	1	28	6
854	20	7	6	2	45	1
855	21	7	8	1	45	5
856	20	7	6	1	45	4
857	21	7	8	1	46	8
858	18	5	7	1	49	6
859	19	4	7	1	28	1
860	23	7	6	2	45	1
861	24	9	4	1	53	9
862	23	7	6	1	45	4
863	24	7	8	1	47	8
864	13	7	7	1	43	4
865	14	6	8	2	42	3
866	15	5	8	1	42	7
867	16	7	9	2	37	2
868	17	5	7	3	49	1
869	18	6	7	2	42	2
870	19	4	7	1	28	6
871	20	9	2	2	57	1
872	21	9	4	1	54	9
873	22	7	8	1	48	9
874	20	3	2	1	45	1
875	21	7	3	2	52	1
876	22	9	5	2	47	1
877	23	3	4	2	42	3
878	24	1	1	1	44	3
879	25	1	2	2	46	6
880	25	1	2	1	47	9
881	23	3	4	1	42	4
882	24	3	3	1	29	8
883	26	2	1	1	46	2
884	22	9	6	1	45	1
885	23	7	5	2	47	3
886	24	7	8	2	49	8
887	24	7	8	1	50	9
888	25	7	6	1	45	7
889	28	6	2	1	45	6
890	23	7	5	1	47	5
891	24	6	6	1	43	4
892	26	9	4	2	54	6
893	26	9	4	1	55	8
894	21	9	1	1	50	1
895	22	9	4	1	56	9
896	18	6	7	1	42	6
897	19	4	7	1	28	2
898	22	9	4	2	57	6
899	23	9	3	1	48	9
900	25	6	2	1	46	8
901	22	9	4	1	57	9
902	23	9	3	1	48	7
903	17	5	7	2	49	2
904	18	7	8	2	50	8
905	19	4	7	1	28	6
906	22	9	4	2	57	6
907	22	9	4	1	58	8
908	23	9	5	2	47	1
909	24	8	3	1	32	8
910	23	9	5	1	47	4
911	24	9	6	1	45	1
912	25	7	3	1	52	1
913	18	7	8	1	50	9
914	19	9	4	2	58	6
915	20	9	3	1	49	9
916	22	7	3	1	53	1
917	19	9	4	1	58	9
918	20	8	3	1	33	9
919	21	1	2	1	48	9
920	17	5	7	1	49	6
921	18	4	6	2	44	1
922	19	6	7	1	42	1
923	22	7	6	1	45	8
924	24	9	4	2	58	6
925	25	9	1	1	50	7
926	24	9	4	1	58	9
927	18	4	6	1	44	2
928	19	6	7	1	42	2
929	22	5	2	2	46	2
930	23	8	3	1	33	2
931	24	9	4	1	59	6
932	28	9	1	1	51	4
933	22	5	3	1	42	2
934	23	5	2	2	46	1
935	24	3	4	1	42	1
936	26	7	3	1	54	1
937	28	1	2	1	49	6
938	29	3	3	1	29	7
939	23	5	2	1	46	3
940	24	5	1	1	43	5
941	25	5	6	2	44	1
942	26	9	4	2	59	8
943	27	9	6	1	45	4
944	31	7	3	1	54	1
945	26	9	4	1	59	9
946	27	7	8	1	50	9
947	29	9	5	1	47	2
948	25	5	6	1	44	4
949	16	9	9	1	28	2
950	17	9	4	2	59	8
951	18	9	5	2	48	1
952	19	9	6	1	45	4
953	21	8	3	1	33	8
954	23	3	6	1	42	8
955	18	9	5	1	48	4
956	19	9	6	1	45	1
957	20	7	3	1	55	1
958	21	8	3	1	33	8
959	23	9	1	1	52	5
960	17	9	4	1	59	9
961	18	8	3	1	33	9
962	19	1	2	1	49	9
963	20	2	6	1	28	9
964	21	9	5	2	48	1
965	22	7	1	1	46	8
966	21	9	5	1	48	5
967	14	6	8	1	42	5
968	12	9	7	1	43	4
969	13	7	7	2	43	2
970	14	9	8	1	28	3
971	15	9	4	1	59	7
972	16	9	5	2	49	1
973	17	9	6	1	45	2
974	19	9	2	2	57	5
975	20	9	1	1	53	6
976	21	9	3	2	49	8
977	22	9	9	1	28	9
978	25	8	1	1	47	4
979	21	9	3	1	49	9
980	22	9	9	1	28	8
981	26	7	2	1	45	8
982	30	2	2	1	45	2
983	32	5	3	1	42	8
984	19	9	2	1	57	6
985	20	9	1	1	53	5
986	22	7	8	2	50	5
987	23	4	8	1	29	8
988	22	7	8	1	50	9
989	23	4	8	1	30	8
990	16	9	5	1	49	2
991	17	9	6	1	45	1
992	18	7	3	1	55	1
993	19	9	2	2	57	5
994	20	9	1	1	53	6
995	21	9	3	2	49	8
996	22	9	9	1	28	9
997	25	8	1	1	48	4
998	21	9	3	1	49	9
999	22	9	9	1	28	8
1000	26	7	2	1	45	8
1001	30	2	2	1	45	2
1002	31	2	3	1	42	6
1003	32	2	1	1	47	8
1004	19	9	2	1	57	6
1005	20	9	1	1	53	5
1006	22	7	8	2	50	5
1007	23	4	8	1	31	8
1008	29	2	2	1	45	8
1009	22	7	8	1	50	9
1010	23	4	8	1	31	8
1011	13	7	7	1	43	3
1012	9	8	9	2	42	2
1013	10	8	8	1	43	5
1014	12	9	4	4	59	6
1015	13	9	7	2	43	1
1016	14	9	5	2	49	2
1017	15	9	6	1	45	3
1018	16	7	1	2	47	8
1019	17	8	3	1	33	6
1020	18	9	2	2	57	5
1021	19	9	1	1	53	4
1022	18	9	2	1	57	7
1023	16	7	1	1	47	9
1024	17	8	3	1	33	6
1025	18	8	2	1	48	3
1026	19	9	3	1	49	7
1027	20	9	1	1	54	4
1028	14	9	5	1	49	3
1029	15	9	6	1	45	2
1030	16	7	1	2	47	8
1031	17	8	3	1	33	6
1032	18	9	2	2	58	5
1033	19	9	3	1	49	7
1034	18	9	2	1	58	7
1035	16	7	1	1	47	9
1036	17	8	3	1	33	6
1037	18	8	2	1	48	3
1038	19	9	3	1	50	7
1039	20	9	1	1	55	4
1040	13	9	7	1	43	3
1041	14	9	5	2	49	1
1042	15	9	6	1	45	2
1043	16	7	1	2	47	8
1044	17	8	3	1	33	6
1045	18	9	2	2	59	5
1046	18	9	2	1	60	7
1047	19	8	1	1	49	1
1048	20	9	1	1	56	5
1049	23	9	8	1	28	8
1050	16	7	1	1	47	9
1051	17	8	3	1	33	6
1052	18	9	2	2	60	5
1053	19	8	1	1	49	4
1054	24	9	9	1	28	4
1055	18	9	2	1	60	8
1056	19	8	1	1	49	1
1057	14	9	5	1	49	2
1058	15	9	6	1	45	1
1059	16	8	3	1	33	6
1060	17	7	1	2	47	8
1061	18	9	2	2	60	5
1062	18	9	2	1	61	7
1063	19	8	1	1	50	1
1064	20	9	1	1	56	5
1065	23	2	1	1	48	6
1066	17	7	1	1	47	9
1067	18	9	2	2	61	5
1068	19	8	1	1	50	4
1069	24	9	9	1	29	4
1070	18	9	2	1	61	8
1071	19	8	1	1	50	1
1072	12	9	4	3	59	7
1073	13	9	7	3	43	1
1074	14	9	5	2	49	2
1075	15	9	6	1	45	4
1076	16	6	8	2	43	3
1077	17	9	8	1	29	6
1078	16	6	8	1	43	6
1079	14	9	5	1	49	4
1080	15	9	6	1	45	2
1081	16	6	8	2	44	3
1082	17	9	8	1	30	6
1083	16	6	8	1	44	6
1084	13	9	7	2	43	3
1085	13	9	7	1	44	4
1086	14	9	5	2	49	1
1087	15	9	6	1	45	2
1088	16	9	2	2	61	5
1089	17	9	3	1	50	9
1090	20	9	9	1	30	8
1091	23	7	1	1	47	8
1092	16	9	1	1	56	5
1093	17	9	2	2	61	3
1094	18	7	7	1	44	3
1095	17	9	8	1	31	3
1096	18	7	7	1	45	1
1097	20	9	2	2	61	6
1098	21	9	3	2	50	8
1099	22	9	9	1	30	9
1100	25	7	1	1	48	7
1101	28	3	1	1	42	3
1102	21	9	3	1	50	9
1103	22	9	9	1	30	8
1104	28	3	1	1	43	3
1105	20	9	2	1	61	8
1106	21	9	3	1	50	6
1107	14	9	5	1	49	2
1108	15	9	6	1	45	1
1109	16	9	2	2	61	5
1110	17	9	3	1	51	9
1111	20	9	9	1	30	8
1112	23	7	1	1	48	8
1113	16	9	1	1	56	5
1114	17	9	2	2	61	3
1115	18	7	7	1	45	3
1116	17	9	8	1	31	3
1117	18	7	7	1	46	1
1118	20	9	2	2	61	6
1119	21	9	3	2	51	8
1120	22	7	9	1	37	8
1121	25	7	1	1	49	7
1122	28	7	2	1	45	9
1123	21	9	3	1	51	9
1124	22	7	9	1	37	9
1125	29	2	1	1	49	6
1126	20	9	2	1	61	8
1127	21	9	3	1	51	6
1128	12	9	4	2	59	8
1129	13	9	2	2	61	7
1130	13	9	3	1	52	7
1131	14	2	1	2	50	2
1132	15	3	2	1	45	7
1133	16	4	2	2	43	8
1134	17	8	1	1	51	8
1135	19	9	2	1	62	1
1136	16	4	2	1	43	9
1137	17	4	3	1	51	2
1138	19	7	2	1	46	2
1139	22	6	2	1	47	8
1140	23	9	8	1	31	6
1141	14	2	1	1	50	4
1142	15	3	1	1	44	1
1143	17	1	3	1	44	9
1144	18	1	1	1	44	2
1145	12	9	4	1	59	9
1146	13	8	3	1	33	9
1147	14	1	2	1	49	9
1148	15	2	6	1	28	9
1149	16	2	2	2	46	2
1150	17	1	1	2	45	1
1151	18	1	3	1	44	3
1152	17	1	1	1	45	3
1153	18	1	3	1	45	5
1154	16	2	2	1	46	4
1155	17	2	5	2	44	7
1156	18	2	3	2	42	6
1157	18	2	3	1	43	8
1158	19	2	1	2	50	2
1159	19	2	1	1	51	6
1160	17	2	5	1	44	8
1161	18	3	3	1	30	8
1162	19	2	1	2	52	2
1163	20	1	3	1	46	5
1164	19	2	1	1	52	6
1165	9	8	9	1	42	4
1166	10	8	8	1	43	3
1167	12	7	7	2	46	1
1168	13	9	7	2	44	2
1169	14	6	8	2	45	7
1170	15	5	8	1	42	8
1171	16	7	8	2	50	6
1172	17	7	6	2	45	2
1173	18	6	7	1	42	4
1174	19	6	2	2	47	8
1175	20	4	4	1	27	8
1176	21	9	4	1	59	7
1177	22	7	3	1	55	5
1178	24	7	5	2	47	4
1179	24	7	5	1	48	8
1180	25	9	3	1	52	9
1181	19	6	2	1	47	9
1182	20	7	2	1	46	7
1183	22	7	5	1	48	3
1184	24	7	9	1	37	8
1185	25	9	2	2	63	4
1186	25	9	2	1	64	8
1187	26	8	1	1	51	1
1188	17	7	6	1	45	3
1189	18	6	7	1	42	3
1190	19	5	7	2	49	4
1191	20	4	7	1	28	6
1192	21	4	6	2	44	1
1193	22	3	6	1	43	5
1194	24	2	6	1	28	7
1195	25	8	6	1	27	8
1196	26	2	3	1	43	9
1197	28	5	6	1	45	2
1198	21	4	6	1	44	4
1199	22	3	6	1	43	8
1200	23	6	2	2	47	6
1201	24	7	3	2	55	2
1202	25	7	4	1	43	4
1203	27	3	5	1	28	4
1204	28	2	5	1	44	9
1205	24	7	3	1	55	4
1206	25	7	4	1	43	2
1207	28	9	4	1	59	7
1208	30	5	5	1	43	7
1209	33	2	4	1	43	4
1210	23	6	2	1	47	9
1211	24	7	1	1	49	9
1212	25	2	1	2	53	2
1213	26	1	3	2	47	5
1214	26	1	3	1	48	9
1215	27	2	2	2	46	8
1216	28	1	1	1	45	1
1217	29	2	6	1	28	7
1218	30	5	5	1	43	7
1219	27	2	3	1	43	8
1220	28	2	2	2	46	4
1221	28	2	2	1	47	6
1222	29	2	6	1	28	7
1223	25	2	1	1	53	4
1224	26	1	2	1	49	5
1225	19	5	7	1	49	6
1226	20	4	7	1	28	4
1227	21	4	6	2	44	1
1228	22	3	6	1	43	7
1229	24	6	2	2	47	6
1230	25	7	3	2	55	2
1231	26	7	4	1	43	4
1232	27	9	4	2	59	8
1233	28	2	6	1	29	8
1234	27	9	4	1	59	9
1235	28	5	5	1	44	9
1236	25	7	3	1	55	4
1237	26	7	4	1	43	2
1238	28	9	4	1	59	7
1239	30	7	5	1	48	5
1240	24	6	2	1	47	9
1241	25	7	1	1	49	9
1242	26	2	1	2	53	2
1243	27	9	2	2	64	3
1244	28	8	1	1	52	6
1245	27	9	1	1	56	3
1246	26	2	1	1	53	4
1247	27	1	2	1	50	5
1248	21	4	6	1	44	2
1249	22	3	6	1	43	8
1250	23	6	2	2	47	6
1251	24	7	3	2	55	2
1252	25	9	4	1	59	7
1253	24	7	3	1	55	4
1254	25	9	4	1	60	7
1255	27	5	5	1	45	9
1256	23	6	2	1	47	9
1257	24	7	1	1	49	9
1258	25	2	1	2	53	2
1259	26	1	3	2	48	5
1260	26	1	3	1	49	9
1261	27	7	9	2	37	5
1262	28	9	4	1	60	7
1263	32	7	3	1	55	7
1264	27	7	9	1	37	8
1265	28	9	4	1	60	7
1266	30	5	5	1	46	7
1267	25	2	1	1	53	4
1268	26	3	1	1	44	1
1269	16	9	8	1	32	6
1270	17	7	8	2	50	5
1271	18	6	7	1	42	3
1272	21	6	2	1	47	9
1273	22	7	1	1	49	9
1274	17	7	8	1	50	9
1275	18	4	8	1	32	5
1276	19	9	4	2	60	9
1277	20	8	3	1	33	9
1278	21	1	2	1	51	9
1279	22	2	6	1	30	9
1280	23	3	6	1	43	7
1281	24	7	5	1	49	7
1282	19	9	3	1	53	9
1283	20	1	2	1	51	9
1284	21	9	4	2	60	7
1285	22	5	5	1	47	7
1286	23	9	5	2	49	1
1287	24	9	6	1	45	4
1288	25	9	2	2	64	3
1289	26	7	2	1	46	7
1290	31	2	1	1	53	6
1291	25	9	2	1	64	5
1292	26	7	2	1	46	8
1293	23	9	5	1	49	4
1294	24	9	6	1	45	1
1295	25	9	1	2	57	3
1296	26	7	2	1	47	8
1297	25	9	1	1	57	8
1298	26	9	9	1	30	5
1299	30	7	2	1	48	7
1300	21	9	4	1	60	8
1301	22	5	5	1	47	9
1302	14	6	8	1	45	8
1303	15	5	8	1	42	9
1304	17	7	8	2	50	5
1305	18	9	8	1	32	6
1306	21	5	7	2	49	4
1307	22	4	7	1	28	6
1308	23	6	2	2	47	7
1309	24	7	3	2	56	3
1310	25	7	4	1	43	4
1311	26	6	6	1	43	1
1312	24	7	3	1	56	4
1313	25	7	4	1	43	3
1314	26	6	6	1	44	1
1315	27	9	5	1	49	1
1316	29	3	6	1	43	7
1317	23	6	2	1	47	9
1318	24	7	1	1	50	9
1319	26	9	9	1	30	9
1320	29	9	4	2	60	7
1321	30	4	1	1	27	8
1322	29	9	4	1	60	8
1323	21	5	7	1	49	6
1324	22	4	7	1	28	4
1325	25	9	4	1	61	7
1326	28	7	4	1	43	3
1327	17	7	8	1	50	6
1328	18	9	8	1	32	5
1329	19	7	9	2	37	8
1330	20	9	9	1	30	9
1331	21	9	4	2	61	6
1332	22	9	5	2	49	1
1333	23	9	6	1	45	3
1334	24	7	6	1	45	2
1335	22	9	5	1	49	3
1336	23	9	6	1	45	1
1337	21	9	4	1	61	7
1338	22	9	5	2	49	1
1339	23	9	6	1	46	4
1340	24	9	3	1	53	8
1341	25	9	2	2	64	3
1342	26	8	2	1	48	2
1343	25	9	2	1	64	6
1344	26	8	2	1	49	5
1345	22	9	5	1	49	4
1346	23	9	6	1	46	1
1347	24	9	3	1	53	8
1348	25	9	2	2	64	3
1349	26	8	2	1	50	2
1350	25	9	2	1	64	6
1351	26	8	2	1	51	5
1352	19	7	9	1	37	9
1353	20	9	9	1	30	8
1354	21	7	6	2	46	2
1355	22	6	7	1	42	4
1356	23	5	7	2	49	3
1357	24	4	7	1	28	6
1358	25	6	2	2	47	7
1359	26	1	2	1	51	9
1360	27	7	3	2	56	3
1361	28	7	4	1	44	4
1362	29	7	2	1	49	8
1363	30	7	1	1	50	5
1364	34	9	1	1	57	7
1365	27	7	3	1	56	4
1366	28	7	4	1	44	3
1367	25	6	2	1	47	9
1368	23	5	7	1	49	6
1369	24	4	7	1	28	3
1370	27	9	3	1	53	9
1371	21	7	6	1	46	3
1372	22	6	7	1	42	3
1373	23	9	4	2	61	7
1374	24	9	3	1	54	9
1375	25	9	2	1	64	6
1376	23	9	4	1	61	9
1377	24	6	5	1	28	9
1378	26	1	2	1	51	9
1379	30	3	6	1	44	7
1380	13	9	7	1	44	6
1381	14	9	4	1	61	9
1382	15	8	3	1	33	9
1383	16	1	2	1	51	9
1384	17	2	6	1	30	9
1385	18	9	5	2	49	1
1386	19	9	6	1	46	2
1387	20	7	8	1	50	9
1388	22	7	5	1	50	4
1389	18	9	5	1	49	2
1390	19	9	6	1	46	1
1391	22	7	4	1	45	3
1392	12	7	7	1	46	2
1393	13	9	7	2	44	1
1394	14	6	8	2	45	5
1395	15	5	8	1	42	7
1396	16	4	8	2	32	8
1397	17	7	8	2	50	6
1398	18	9	8	1	32	9
1399	21	9	4	2	61	7
1400	22	9	5	2	49	2
1401	23	9	6	1	46	4
1402	24	5	7	2	49	4
1403	25	4	6	1	44	1
1404	28	7	5	1	51	1
1405	30	7	4	1	46	5
1406	24	5	7	1	49	6
1407	25	4	7	1	28	4
1408	26	7	5	2	51	1
1409	27	7	4	1	47	5
1410	26	7	5	1	51	8
1411	27	7	9	1	37	5
1412	22	9	5	1	49	4
1413	23	9	6	1	46	2
1414	24	5	7	2	49	4
1415	25	4	7	1	28	6
1416	26	3	6	2	45	5
1417	27	4	6	1	44	1
1418	28	5	6	1	46	6
1419	26	3	6	1	45	8
1420	27	4	6	1	44	4
1421	28	7	9	2	38	5
1422	29	9	9	1	30	8
1423	31	7	4	1	48	1
1424	28	7	9	1	38	8
1425	29	9	9	1	30	5
1426	31	9	2	2	65	3
1427	32	2	2	1	47	8
1428	31	9	2	1	65	6
1429	32	2	2	1	48	8
1430	24	5	7	1	49	6
1431	25	4	7	1	28	4
1432	28	6	5	1	28	7
1433	29	6	6	2	44	4
1434	30	7	4	1	49	1
1435	29	6	6	1	44	8
1436	30	5	5	1	48	9
1437	32	7	3	1	56	4
1438	21	9	4	1	61	8
1439	22	7	9	1	38	8
1440	17	7	8	1	50	9
1441	18	9	8	1	32	6
1442	19	7	9	2	39	5
1443	20	9	9	1	30	8
1444	21	9	4	2	61	7
1445	22	9	3	1	54	9
1446	23	9	2	1	65	5
1447	25	8	2	1	52	6
1448	27	8	1	1	53	2
1449	29	2	2	1	49	2
1450	21	9	4	1	61	9
1451	22	8	3	1	33	9
1452	23	1	2	1	51	9
1453	24	2	6	1	30	9
1454	25	8	2	2	52	1
1455	25	8	2	1	53	5
1456	19	7	9	1	39	8
1457	20	9	9	1	30	5
1458	21	9	3	1	54	9
1459	22	1	2	1	51	9
1460	23	9	4	2	61	7
1461	24	8	2	1	54	1
1462	26	8	1	1	53	2
1463	29	2	2	1	50	2
1464	23	9	4	1	61	8
1465	24	8	2	1	54	2
1466	16	4	8	1	32	9
1467	17	7	8	2	50	6
1468	18	9	8	1	32	8
1469	21	9	4	2	61	7
1470	22	9	5	2	49	2
1471	23	9	6	1	46	4
1472	24	9	1	2	58	3
1473	24	9	1	1	59	5
1474	25	8	2	1	55	1
1475	22	9	5	1	49	4
1476	23	9	6	1	46	2
1477	24	7	9	1	39	5
1478	27	7	4	1	50	1
1479	21	9	4	1	61	9
1480	22	7	9	1	39	9
1481	25	1	2	1	51	9
1482	26	2	6	1	30	9
1483	27	7	3	2	57	1
1484	28	7	4	1	51	7
1485	27	7	3	1	57	5
1486	17	7	8	1	50	8
1487	18	9	8	1	32	6
1488	19	7	6	2	46	4
1489	20	6	7	1	42	4
1490	21	9	4	2	61	8
1491	22	8	3	1	33	8
1492	23	9	5	2	49	2
1493	24	9	6	1	46	5
1494	25	7	9	1	39	5
1495	23	9	5	1	49	5
1496	24	9	6	1	46	2
1497	21	9	4	1	61	9
1498	22	8	3	1	33	9
1499	19	7	6	1	46	5
1500	20	6	7	1	42	3
1501	24	1	2	1	51	9
1502	25	9	4	2	61	7
1503	26	9	1	1	59	8
1504	25	9	4	1	61	8
1505	14	6	8	1	45	7
1506	15	5	8	1	42	9
1507	16	4	8	2	32	5
1508	17	7	8	2	50	6
1509	18	9	8	1	32	8
1510	21	9	4	2	62	7
1511	22	5	7	2	49	4
1512	23	4	7	1	28	6
1513	24	3	6	2	45	5
1514	25	4	6	1	44	1
1515	26	9	5	2	49	2
1516	27	9	6	1	47	4
1517	32	6	6	1	44	6
1518	26	9	5	1	49	4
1519	24	3	6	1	45	8
1520	25	4	6	1	44	4
1521	26	9	5	1	50	4
1522	28	9	1	2	60	3
1523	29	8	2	1	56	2
1524	28	9	1	1	60	5
1525	29	8	2	1	57	1
1526	22	5	7	1	49	6
1527	23	4	7	1	28	4
1528	24	3	6	2	45	7
1529	25	4	6	1	44	1
1530	26	5	5	1	48	7
1531	27	7	5	2	51	1
1532	28	6	2	1	48	9
1533	27	7	5	1	51	5
1534	28	6	6	1	45	2
1535	31	9	2	1	65	6
1536	24	3	6	1	45	8
1537	25	4	6	1	44	2
1538	26	9	6	1	47	4
1539	28	6	6	1	45	6
1540	31	9	9	1	30	9
1541	21	9	4	1	62	9
1542	22	9	9	1	31	5
1543	26	2	6	1	30	9
1544	29	3	6	1	45	7
1545	30	5	7	1	49	6
1546	17	7	8	1	50	8
1547	18	9	8	1	32	6
1548	19	5	7	2	50	6
1549	20	3	6	2	45	7
1550	21	4	6	1	44	1
1551	22	9	4	2	62	7
1552	23	5	5	1	48	7
1553	24	9	5	2	50	2
1554	25	9	6	1	47	4
1555	26	6	7	1	42	3
1556	29	9	9	1	31	5
1557	34	6	2	1	49	9
1558	24	9	5	1	50	4
1559	25	9	6	1	47	2
1560	28	9	9	1	31	5
1561	22	7	4	1	52	7
1562	23	5	5	1	48	7
1563	26	9	3	1	54	8
1564	20	3	6	1	45	8
1565	21	4	6	1	44	2
1566	22	5	6	2	47	7
1567	23	4	5	1	47	1
1568	22	2	6	1	30	7
1569	23	2	1	2	54	2
1570	24	1	3	2	49	5
1571	25	2	2	1	51	4
1572	24	1	3	1	49	9
1573	25	8	6	1	27	9
1574	27	1	4	1	30	2
1575	29	7	9	1	40	5
1576	32	4	7	1	28	3
1577	34	9	5	1	50	2
1578	23	2	2	1	52	2
1579	24	1	3	2	49	3
1580	25	1	1	1	45	1
1581	24	1	3	1	49	5
1582	25	1	1	1	46	3
1583	19	4	7	1	28	6
1584	20	5	7	2	50	3
1585	21	6	7	1	42	4
1586	23	4	6	1	44	2
1587	25	9	4	1	62	9
1588	20	5	7	1	50	4
1589	21	6	7	1	42	3
1590	23	9	9	1	32	5
1591	26	1	2	1	51	9
1592	27	9	4	2	63	7
1593	28	9	1	1	60	8
1594	27	9	4	1	63	8
1595	16	4	8	1	32	8
1596	17	7	9	2	40	8
1597	18	9	9	1	32	9
1598	19	7	1	2	50	9
1599	20	6	2	2	50	9
1600	21	4	4	1	27	9
1601	22	2	1	2	54	2
1602	23	9	2	2	66	8
1603	24	8	1	1	53	1
1604	25	9	4	1	64	7
1605	29	9	3	1	55	5
1606	23	2	2	1	52	8
1607	24	1	3	1	49	9
1608	26	9	2	2	66	3
1609	27	8	1	1	53	6
1610	28	7	5	1	51	6
1611	26	9	2	1	66	4
1612	27	8	1	1	53	5
1613	22	2	1	1	54	4
1614	23	1	2	1	51	5
1615	25	3	2	1	45	3
1616	20	4	2	1	43	9
1617	21	2	1	2	54	2
1618	22	9	4	2	64	7
1619	23	7	2	1	49	7
1620	24	9	2	2	66	8
1621	25	8	1	1	54	1
1622	24	9	3	1	56	8
1623	25	9	8	1	32	5
1624	22	7	5	1	52	7
1625	23	6	6	1	45	1
1626	25	7	8	1	50	6
1627	21	2	1	1	54	4
1628	22	1	2	1	51	5
1629	24	1	3	1	49	9
1630	25	3	2	1	46	8
1631	27	3	3	1	30	3
1632	19	7	2	1	49	9
1633	20	2	1	2	54	2
1634	21	8	1	2	55	1
1635	21	8	1	1	56	5
1636	22	2	2	1	52	8
1637	20	2	1	1	54	4
1638	21	1	2	1	51	5
1639	17	7	9	1	40	9
1640	18	9	9	1	32	8
1641	19	7	8	2	51	5
1642	20	9	8	1	33	6
1643	23	6	2	1	50	9
1644	19	7	8	1	51	6
1645	20	9	8	1	33	5
1646	23	9	4	2	64	7
1647	24	9	3	1	56	9
1648	25	1	2	1	52	9
1649	23	9	4	1	64	9
1650	24	6	5	1	28	9
1651	26	2	6	1	30	9
1652	29	3	6	1	45	7
1653	13	9	7	1	44	6
1654	14	9	4	1	64	9
1655	15	8	3	1	34	9
1656	16	1	2	1	53	9
1657	17	2	6	1	30	9
1658	18	2	2	2	53	2
1659	19	9	5	2	51	1
1660	20	7	9	1	40	1
1661	19	9	5	1	51	2
1662	20	9	6	1	47	1
1663	22	7	9	1	41	1
1664	18	2	2	1	53	4
1665	19	9	5	2	51	1
1666	20	9	6	1	47	2
1667	19	9	5	1	51	2
1668	20	9	6	1	48	1
1669	7	1	9	1	27	8
1670	8	1	7	1	27	7
1671	9	8	9	3	42	1
1672	10	9	4	4	64	6
1673	11	9	7	2	44	2
1674	12	9	5	2	51	1
1675	13	9	6	1	49	3
1676	15	9	3	2	56	8
1677	16	8	2	1	58	3
1678	15	9	8	1	33	8
1679	16	4	7	1	28	8
1680	17	9	3	2	56	7
1681	18	9	9	1	32	9
1682	19	7	2	1	49	9
1683	17	9	3	1	56	9
1684	18	1	2	1	53	9
1685	19	9	2	2	66	4
1686	20	9	1	1	61	7
1687	19	9	2	1	66	5
1688	20	9	1	1	62	7
1689	22	2	2	1	53	4
1690	12	9	5	1	51	3
1691	13	9	6	1	49	1
1692	14	7	3	1	58	1
1693	15	9	3	2	56	8
1694	16	9	1	1	62	5
1695	18	2	2	1	54	8
1696	15	9	8	1	33	8
1697	16	4	7	1	28	8
1698	17	9	3	2	56	7
1699	18	9	9	1	32	9
1700	19	7	2	1	50	9
1701	17	9	3	1	56	9
1702	18	1	2	1	53	9
1703	19	9	2	2	66	4
1704	20	2	2	1	55	2
1705	19	9	2	1	66	5
1706	20	9	1	1	62	7
1707	22	2	2	1	56	4
1708	11	9	7	1	44	3
1709	12	9	5	2	51	1
1710	13	9	6	1	49	2
1711	15	9	3	2	56	8
1712	16	9	1	1	62	5
1713	18	2	2	1	57	8
1714	15	9	8	1	33	8
1715	16	8	7	1	42	6
1716	19	4	8	1	32	6
1717	24	8	2	1	59	4
1718	12	9	5	1	51	2
1719	13	9	6	1	49	1
1720	14	7	3	1	58	1
1721	15	9	3	2	56	8
1722	16	8	2	1	60	3
1723	15	9	8	1	33	8
1724	16	4	7	1	28	8
1725	19	4	8	1	32	6
1726	24	9	1	1	62	5
1727	10	9	4	3	64	7
1728	11	9	3	2	56	8
1729	12	2	1	2	54	2
1730	13	1	3	2	49	5
1731	14	2	3	1	43	9
1732	13	1	3	1	49	9
1733	14	2	2	2	58	8
1734	15	1	1	1	47	1
1735	16	1	2	2	53	5
1736	17	2	3	1	44	6
1737	24	9	1	2	63	5
1738	25	9	9	1	32	9
1739	28	8	7	1	42	8
1740	30	7	2	1	51	9
1741	31	5	3	1	43	5
1742	24	9	1	1	63	6
1743	25	8	2	1	61	2
1744	26	8	1	2	56	4
1745	27	8	7	1	42	8
1746	30	3	2	1	46	4
1747	32	5	5	1	48	9
1748	26	8	1	1	56	5
1749	27	7	1	1	50	9
1750	31	3	3	1	31	4
1751	16	1	2	1	53	6
1752	17	3	1	1	45	4
1753	18	2	3	1	44	7
1754	20	3	2	2	46	3
1755	21	3	3	1	32	5
1756	22	9	1	2	63	3
1757	22	9	1	1	64	6
1758	23	8	2	1	61	2
1759	24	9	2	1	66	4
1760	20	3	2	1	46	5
1761	21	3	3	1	32	3
1762	22	9	1	2	64	5
1763	23	8	2	1	61	3
1764	26	8	8	1	43	7
1765	28	8	1	1	56	6
1766	22	9	1	1	64	6
1767	23	8	2	1	61	2
1768	24	9	2	1	67	4
1769	14	3	2	1	46	8
1770	15	4	2	1	43	9
1771	17	9	2	1	68	1
1772	12	2	1	1	54	4
1773	13	3	1	1	45	1
1774	15	1	3	1	49	9
1775	16	1	1	1	47	2
1776	11	9	8	1	33	8
1777	12	8	8	2	43	3
1778	13	8	7	1	42	4
1779	12	8	8	1	43	5
1780	13	8	7	1	43	6
1781	14	9	3	2	56	9
1782	15	1	2	1	53	9
1783	16	2	2	2	58	2
1784	17	1	1	2	48	1
1785	18	1	3	1	49	3
1786	17	1	1	1	48	3
1787	18	1	3	1	50	5
1788	22	3	1	1	45	1
1789	16	2	2	1	58	4
1790	17	9	2	1	69	5
1791	14	9	9	1	32	9
1792	15	7	8	2	51	3
1793	16	5	7	1	50	3
1794	15	7	8	1	51	7
1795	16	4	7	1	28	8
1796	18	6	7	2	42	1
1797	19	7	6	1	46	6
1798	20	8	2	2	61	2
1799	21	9	3	1	56	6
1800	20	8	2	1	61	4
1801	18	6	7	1	42	2
1802	19	7	6	1	46	5
1803	23	9	5	2	51	1
1804	24	3	2	1	46	1
1805	23	9	5	1	51	2
1806	24	9	6	1	49	1
1807	10	9	4	2	64	8
1808	11	7	8	2	51	8
1809	12	4	7	1	28	8
1810	13	8	7	2	43	4
1811	14	8	8	1	43	3
1812	15	7	7	1	46	2
1813	13	8	7	1	43	6
1814	14	8	8	1	43	5
1815	15	5	7	2	51	1
1816	16	9	2	2	70	1
1817	17	9	5	2	51	2
1818	18	9	6	1	50	3
1819	17	9	5	1	51	3
1820	16	3	2	1	47	1
1821	17	9	1	2	64	1
1822	18	9	2	1	70	6
1823	19	8	1	1	57	3
1824	17	7	3	1	58	1
1825	18	8	2	1	62	8
1826	15	6	7	1	42	1
1827	16	7	6	1	46	7
1828	17	7	4	2	52	6
1829	18	7	3	2	58	1
1830	19	2	2	1	58	8
1831	21	9	2	1	70	2
1832	18	7	5	1	52	1
1833	19	7	3	2	58	2
1834	19	7	3	1	59	3
1835	17	7	5	1	52	6
1836	18	5	5	2	49	8
1837	19	6	6	1	45	2
1838	20	2	5	2	45	7
1839	21	7	3	2	60	1
1840	22	2	2	1	58	8
1841	23	3	6	1	46	8
1842	30	9	6	1	51	1
1843	21	7	4	1	52	1
1844	20	2	5	1	45	9
1845	21	8	6	1	27	9
1846	22	7	3	2	60	1
1847	23	2	2	1	58	8
1848	24	8	1	1	58	7
1849	31	9	3	1	57	6
1850	22	7	4	1	53	1
1851	23	9	6	1	52	3
1852	18	5	5	1	49	9
1853	19	6	6	1	45	3
1854	11	8	7	1	43	8
1855	12	8	8	1	43	7
1856	13	5	8	2	42	8
1857	14	7	7	2	47	2
1858	14	7	7	1	48	3
1859	15	6	8	1	45	5
1860	17	7	8	2	51	6
1861	18	9	8	1	33	9
1862	19	9	7	2	44	2
1863	20	9	6	2	53	1
1864	21	6	5	1	28	8
1865	20	9	6	1	53	5
1866	21	9	5	1	52	1
1867	19	9	7	1	44	4
1868	20	9	6	2	53	1
1869	21	9	5	1	53	3
1870	24	6	6	1	46	2
1871	27	6	7	1	42	1
1872	20	9	6	1	53	3
1873	21	9	5	1	53	1
1874	22	7	3	1	60	1
1875	23	6	5	1	29	8
1876	25	6	6	1	46	2
1877	27	6	7	1	43	1
1878	17	7	8	1	51	9
1879	18	9	8	1	33	6
1880	22	1	2	1	53	9
1881	24	1	1	1	48	2
1882	13	4	8	1	32	8
1883	14	1	1	4	49	1
1884	15	9	2	2	71	1
1885	16	9	6	2	53	2
1886	17	9	7	1	44	3
1887	16	9	6	1	53	3
1888	15	5	2	1	46	1
1889	16	7	3	1	60	1
1890	17	2	2	2	58	2
1891	18	1	2	1	53	9
1892	17	2	1	1	54	2
1893	18	2	2	2	58	4
1894	19	1	3	1	50	5
1895	20	1	2	1	54	9
1896	18	2	2	1	58	8
1897	19	1	3	1	50	9
1898	23	9	3	1	58	7
1899	14	1	1	3	49	2
1900	15	2	2	2	58	4
1901	16	1	3	1	50	6
1902	18	9	3	1	59	9
1903	23	5	2	1	46	1
1904	30	7	6	1	46	7
1905	15	2	2	1	58	7
1906	16	1	3	1	50	9
1907	14	1	1	2	49	3
1908	15	2	2	2	58	2
1909	16	1	3	1	51	5
1910	17	1	2	1	55	9
1911	15	2	2	1	58	6
1912	16	1	3	1	51	9
1913	14	1	1	1	49	5
1914	15	2	2	1	58	4
1915	18	1	2	1	56	3
1916	10	9	4	1	64	9
1917	11	8	3	1	34	9
1918	12	1	2	1	57	9
1919	13	2	6	1	30	9
1920	14	2	2	2	58	2
1921	15	1	1	2	49	1
1922	16	1	3	1	52	3
1923	15	1	1	1	49	3
1924	16	1	3	1	53	5
1925	14	2	2	1	58	4
1926	15	1	1	2	49	1
1927	15	1	1	1	50	2
1928	16	1	3	1	54	6
1929	9	8	9	2	42	2
1930	10	8	8	1	43	6
1931	12	7	7	3	48	1
1932	13	6	8	2	45	7
1933	14	5	8	1	42	8
1934	15	7	8	2	51	5
1935	16	7	6	2	47	2
1936	17	6	7	1	44	3
1937	19	9	8	1	33	3
1938	16	7	6	1	47	3
1939	17	6	7	1	44	2
1940	18	9	7	2	45	3
1941	19	9	8	1	34	9
1942	21	9	4	2	64	6
1943	22	7	5	1	52	8
1944	25	9	6	1	54	2
1945	28	7	3	1	60	2
1946	33	2	5	1	45	7
1947	21	9	4	1	64	8
1948	22	6	5	1	29	8
1949	23	9	6	2	54	1
1950	23	9	6	1	55	4
1951	24	5	5	1	49	7
1952	31	4	6	1	44	2
1953	18	9	7	1	45	4
1954	19	9	8	1	34	3
1955	23	5	5	1	49	9
1956	15	7	8	1	51	9
1957	16	9	7	2	45	3
1958	17	9	8	1	34	5
1959	19	9	4	2	64	9
1960	20	7	5	1	52	8
1961	19	9	3	1	59	9
1962	20	1	2	1	57	9
1963	21	9	4	2	64	6
1964	22	6	6	1	46	1
1965	27	9	9	1	32	7
1966	21	9	4	1	64	8
1967	22	6	5	1	29	8
1968	23	9	6	2	55	1
1969	24	5	5	1	50	9
1970	29	3	6	1	46	8
1971	23	9	6	1	55	4
1972	24	7	5	1	53	6
1973	29	7	3	1	60	3
1974	16	9	7	1	45	4
1975	17	9	8	1	34	3
1976	13	6	8	1	45	8
1977	14	5	8	1	42	9
1978	15	7	8	2	51	5
1979	16	9	7	1	45	3
1980	18	4	8	1	32	3
1981	15	7	8	1	51	7
1982	16	9	7	1	45	3
1983	18	4	8	1	33	3
1984	21	9	6	2	55	1
1985	22	9	5	1	53	4
1986	23	7	9	1	42	4
1987	25	8	1	2	58	1
1988	26	7	2	1	51	9
1989	25	8	1	1	58	3
1990	26	7	2	1	52	8
1991	21	9	6	1	55	4
1992	22	9	5	1	53	1
1993	25	8	1	2	58	1
1994	26	7	2	1	53	9
1995	25	8	1	1	58	3
1996	26	7	2	1	54	8
1997	12	7	7	2	48	3
1998	13	6	8	1	45	5
1999	16	9	7	2	45	1
2000	17	7	8	2	51	7
2001	18	9	8	1	35	9
2002	19	7	6	2	47	1
2003	20	6	7	1	44	6
2004	21	5	7	2	51	2
2005	22	4	7	1	28	4
2006	23	1	3	2	55	9
2007	24	4	5	2	48	1
2008	25	2	1	2	54	2
2009	26	9	2	2	71	2
2010	27	7	1	1	50	9
2011	26	7	3	1	61	2
2012	25	2	1	1	54	4
2013	26	9	2	1	71	2
2014	24	4	5	1	48	2
2015	25	9	4	1	64	8
2016	26	6	5	1	29	8
2017	27	3	4	1	42	3
2018	23	2	3	1	44	9
2019	24	2	1	2	54	2
2020	25	1	3	1	55	5
2021	24	2	1	1	54	4
2022	25	2	2	1	58	2
2023	21	5	7	1	51	4
2024	22	4	7	1	28	2
2025	25	9	4	1	64	8
2026	27	7	5	1	53	6
2027	28	6	6	1	46	3
2028	30	2	5	1	46	7
2029	31	9	6	1	55	5
2030	33	6	2	1	51	9
2031	19	7	6	1	47	5
2032	20	6	7	1	44	2
2033	23	5	7	2	51	4
2034	24	4	6	1	45	4
2035	27	9	6	2	55	2
2036	28	9	4	2	64	6
2037	29	9	5	1	53	3
2038	31	8	2	2	63	1
2039	32	7	4	1	53	1
2040	31	8	2	1	63	3
2041	32	9	1	1	64	4
2042	28	9	4	1	64	7
2043	29	9	5	1	53	4
2044	27	9	6	1	55	3
2045	28	9	4	2	64	6
2046	29	9	5	1	54	2
2047	30	7	1	1	51	9
2048	31	8	2	2	63	1
2049	32	8	3	1	34	3
2050	31	8	2	1	63	3
2051	32	9	2	1	72	8
2052	35	8	1	1	58	1
2053	28	9	4	1	64	8
2054	29	9	5	1	54	4
2055	31	9	1	1	65	2
2056	32	2	2	1	59	2
2057	33	2	3	1	44	9
2058	23	5	7	1	51	6
2059	24	4	7	1	28	4
2060	25	4	6	2	45	1
2061	26	3	6	1	47	7
2062	27	9	4	2	64	8
2063	28	9	6	2	55	3
2064	28	9	6	1	56	4
2065	29	9	5	1	54	3
2066	31	2	2	1	59	2
2067	27	7	4	1	54	8
2068	28	9	4	1	64	6
2069	25	4	6	1	45	2
2070	26	3	6	1	47	8
2071	27	9	6	2	56	3
2072	28	9	4	2	65	6
2073	29	9	5	1	54	2
2074	30	7	1	1	51	9
2075	31	8	2	2	63	1
2076	32	9	2	1	72	4
2077	31	8	2	1	63	3
2078	32	9	2	1	73	8
2079	28	9	4	1	65	8
2080	29	9	5	1	54	4
2081	31	9	1	1	65	2
2082	27	9	6	1	56	4
2083	28	9	4	2	65	7
2084	29	9	5	1	54	2
2085	28	9	4	1	65	8
2086	29	9	5	1	55	3
2087	31	9	1	1	66	2
2088	17	7	8	1	51	9
2089	18	9	8	1	35	7
2090	19	7	6	2	47	5
2091	20	6	7	1	44	4
2092	23	5	7	2	51	2
2093	24	4	7	1	28	6
2094	25	4	6	2	45	1
2095	26	3	6	1	47	3
2096	27	3	4	1	43	1
2097	28	1	3	1	56	3
2098	25	4	6	1	45	2
2099	26	3	6	1	47	4
2100	27	9	6	2	56	3
2101	28	9	3	1	59	9
2102	29	1	2	1	57	9
2103	30	9	4	2	65	6
2104	31	9	1	1	67	8
2105	30	9	4	1	65	8
2106	31	9	5	1	55	4
2107	34	9	1	1	68	6
2108	27	9	6	1	56	6
2109	28	9	4	1	65	9
2110	23	5	7	1	51	6
2111	24	4	7	1	28	2
2112	27	3	4	2	43	1
2113	28	1	1	1	50	1
2114	29	1	2	1	57	9
2115	31	7	2	1	55	6
2116	27	3	4	1	43	3
2117	28	2	3	1	45	9
2118	19	7	6	1	47	7
2119	20	6	7	1	44	2
2120	21	5	7	2	51	4
2121	22	4	7	1	28	6
2122	23	4	6	2	45	1
2123	24	3	6	1	47	5
2124	25	9	4	2	66	8
2125	26	9	3	1	59	9
2126	27	1	2	1	57	9
2127	29	1	3	1	57	5
2128	25	7	4	1	54	8
2129	26	6	2	1	52	9
2130	23	4	6	1	45	4
2131	24	3	6	1	47	8
2132	25	9	4	2	66	9
2133	25	9	3	1	59	9
2134	26	1	2	1	57	9
2135	27	9	4	2	67	6
2136	28	7	5	1	53	8
2137	34	3	4	1	43	3
2138	27	9	4	1	67	8
2139	28	8	3	1	35	7
2140	33	1	3	1	58	6
2141	21	5	7	1	51	6
2142	22	4	7	1	28	4
2143	25	9	4	2	67	9
2144	25	9	3	1	59	9
2145	26	1	2	1	57	9
2146	27	9	4	2	68	6
2147	28	8	3	1	35	7
2148	27	9	4	1	68	8
2149	28	8	2	1	63	3
2150	32	7	1	1	51	5
2151	16	9	7	1	45	4
2152	17	7	9	2	42	1
2153	18	9	9	1	33	5
2154	19	6	7	2	44	1
2155	20	5	7	2	51	2
2156	21	4	7	1	28	6
2157	22	7	8	2	51	7
2158	23	9	4	1	68	8
2159	26	6	5	1	29	8
2160	28	9	6	2	56	1
2161	29	9	5	1	55	3
2162	30	8	1	2	59	1
2163	31	7	1	1	52	8
2164	30	8	1	1	59	3
2165	31	7	1	1	53	9
2166	35	2	3	1	46	9
2167	28	9	6	1	56	3
2168	29	9	5	1	55	1
2169	30	8	1	2	59	1
2170	31	7	1	1	53	8
2171	30	8	1	1	59	3
2172	31	7	1	1	54	9
2173	35	1	1	1	50	1
2174	22	7	8	1	51	9
2175	23	9	8	1	35	7
2176	25	9	4	1	68	9
2177	26	9	3	1	59	8
2178	20	5	7	1	51	6
2179	21	4	7	1	28	2
2180	24	3	4	2	44	1
2181	25	1	1	1	51	1
2182	26	2	3	1	47	7
2183	27	4	5	1	48	4
2184	29	6	6	1	46	3
2185	24	3	4	1	44	3
2186	25	2	3	1	47	9
2187	19	6	7	1	44	2
2188	20	5	7	2	51	1
2189	21	4	7	1	28	6
2190	22	7	8	2	51	7
2191	23	7	6	1	47	5
2192	25	9	4	2	68	7
2193	26	7	5	1	53	8
2194	28	6	6	1	47	1
2195	25	9	4	1	68	8
2196	26	6	5	1	29	8
2197	27	6	2	1	53	6
2198	28	9	1	1	69	2
2199	22	7	8	1	51	9
2200	23	7	6	1	47	7
2201	25	9	4	2	68	8
2202	26	6	5	1	29	8
2203	29	8	2	1	63	3
2204	25	9	4	1	68	9
2205	20	5	7	1	51	6
2206	21	4	7	1	28	1
2207	24	9	6	2	56	1
2208	25	6	5	1	29	8
2209	24	9	6	1	56	3
2210	25	9	5	2	55	1
2211	26	7	5	1	53	6
2212	29	7	4	1	54	2
2213	25	9	5	1	55	2
2214	26	7	5	1	53	8
2215	17	7	9	1	42	5
2216	18	9	9	1	33	1
2217	20	9	8	1	35	7
2218	24	6	7	1	44	1
2219	30	3	5	1	28	8
2220	12	7	7	1	48	4
2221	13	4	8	1	33	8
2222	14	9	7	2	45	1
2223	15	6	8	1	45	5
2224	17	7	6	2	47	1
2225	18	9	4	1	69	8
2226	19	7	8	2	51	3
2227	20	9	8	1	35	7
2228	22	7	5	2	54	2
2229	22	7	5	1	55	5
2230	23	9	3	1	60	9
2231	19	7	8	1	51	7
2232	20	9	8	1	35	3
2233	22	9	6	2	56	2
2234	23	7	4	1	55	6
2235	25	7	9	1	42	5
2236	22	9	6	1	56	5
2237	23	9	5	1	55	2
2238	26	9	3	1	61	7
2239	28	7	5	1	55	3
2240	17	7	6	1	47	5
2241	18	7	8	1	51	7
2242	23	7	4	1	55	8
2243	14	9	7	1	45	3
2244	15	6	8	1	45	3
2245	16	5	8	1	42	7
2246	17	7	9	2	43	1
2247	18	9	9	1	33	7
2248	19	7	8	2	51	5
2249	20	6	7	1	44	2
2250	23	9	4	2	69	6
2251	24	7	5	1	56	8
2252	27	9	5	1	55	1
2253	29	5	1	1	43	8
2254	35	2	2	1	60	4
2255	23	9	4	1	69	8
2256	24	7	3	1	62	2
2257	19	7	8	1	51	9
2258	20	9	8	1	35	5
2259	21	9	4	2	69	9
2260	22	8	3	1	36	9
2261	21	9	3	1	61	9
2262	22	1	2	1	57	9
2263	23	9	4	2	69	6
2264	24	8	2	1	64	1
2265	26	2	2	1	61	2
2266	30	7	2	1	56	6
2267	23	9	4	1	69	8
2268	24	9	6	2	56	1
2269	25	7	2	1	57	8
2270	28	8	3	1	37	4
2271	32	2	3	1	48	8
2272	24	9	6	1	56	4
2273	25	9	5	1	55	1
2274	27	7	2	1	57	8
2275	17	7	9	1	43	7
2276	18	9	9	1	33	1
2277	20	9	8	1	35	5
2278	9	8	9	1	42	5
2279	10	8	8	1	43	3
2280	12	6	8	2	45	5
2281	13	4	8	1	33	8
2282	14	9	4	4	69	6
2283	15	7	8	1	51	6
2284	16	7	7	2	48	2
2285	17	9	7	1	45	1
2286	19	9	8	1	36	9
2287	16	7	7	1	48	4
2288	17	5	8	1	42	9
2289	19	7	6	2	47	3
2290	19	7	6	1	48	5
2291	20	6	7	1	44	1
2292	14	9	4	3	69	7
2293	15	9	8	2	37	6
2294	16	7	8	2	51	7
2295	17	5	8	1	42	9
2296	19	9	7	2	45	1
2297	20	7	4	1	56	8
2298	22	6	2	1	53	9
2299	19	9	7	1	45	2
2300	16	7	8	1	51	9
2301	17	5	8	1	42	7
2302	15	9	8	1	37	9
2303	16	7	8	1	51	6
2304	18	7	7	1	48	2
2305	14	9	4	2	69	8
2306	15	7	8	2	51	6
2307	16	7	7	2	49	2
2308	17	5	8	1	43	7
2309	18	9	8	1	37	9
2310	19	7	6	2	48	3
2311	20	9	7	1	46	1
2312	22	9	6	2	56	2
2313	23	9	5	1	55	5
2314	24	5	7	2	51	4
2315	25	4	7	1	28	6
2316	26	3	6	2	47	5
2317	27	4	6	1	45	1
2318	28	2	3	1	49	9
2319	26	3	6	1	47	8
2320	27	4	6	1	45	4
2321	28	5	5	2	50	2
2322	29	1	4	1	30	2
2323	33	2	3	1	50	9
2324	28	5	5	1	50	8
2325	29	7	5	2	56	1
2326	30	6	6	1	48	7
2327	33	2	3	1	51	8
2328	29	7	5	1	56	7
2329	30	6	6	1	48	1
2330	24	5	7	1	51	6
2331	25	4	7	1	28	4
2332	28	5	5	2	50	8
2333	29	7	5	1	56	4
2334	33	9	9	1	33	4
2335	28	5	5	1	50	9
2336	29	7	5	1	56	1
2337	32	7	3	1	63	5
2338	22	9	6	1	56	5
2339	23	9	5	1	55	2
2340	24	3	6	2	47	7
2341	25	5	7	1	51	6
2342	27	4	7	1	28	4
2343	28	2	5	2	46	8
2344	29	7	5	1	56	1
2345	28	2	5	1	46	9
2346	29	1	3	1	59	9
2347	24	3	6	1	47	8
2348	25	9	2	2	74	3
2349	26	7	2	1	58	9
2350	25	9	1	1	70	3
2351	26	9	2	1	74	6
2352	27	7	2	1	59	9
2353	19	7	6	1	48	5
2354	20	6	7	1	45	1
2355	21	9	7	1	46	4
2356	22	8	2	2	64	1
2357	23	9	6	2	56	1
2358	24	7	2	1	60	8
2359	29	5	5	1	50	8
2360	23	9	6	1	56	3
2361	24	9	5	1	55	1
2362	26	9	9	1	34	7
2363	32	7	3	1	64	3
2364	22	8	2	1	64	4
2365	23	8	1	2	59	1
2366	23	8	1	1	60	7
2367	16	7	7	1	49	4
2368	17	5	8	1	43	9
2369	18	9	8	1	37	7
2370	19	9	7	2	46	1
2371	20	6	7	1	45	3
2372	22	9	6	2	56	2
2373	23	9	5	1	55	5
2374	26	7	2	1	60	9
2375	27	8	2	2	64	1
2376	28	9	1	1	70	3
2377	27	8	2	1	64	2
2378	22	9	6	1	56	5
2379	23	9	5	1	55	2
2380	24	9	9	1	34	9
2381	26	7	2	1	60	9
2382	27	8	2	2	65	1
2383	28	9	1	1	71	3
2384	27	8	2	1	65	2
2385	19	9	7	1	46	2
2386	20	9	6	2	56	1
2387	21	9	5	1	55	5
2388	24	6	7	1	45	3
2389	20	9	6	1	56	5
2390	21	9	5	1	55	1
2391	24	9	9	1	34	9
2392	15	9	8	1	37	6
2393	16	7	8	2	51	7
2394	17	5	8	1	43	9
2395	19	9	7	2	46	1
2396	20	7	6	2	48	1
2397	21	6	7	1	46	6
2398	22	5	7	2	51	2
2399	23	4	7	1	28	3
2400	24	7	9	2	43	2
2401	25	9	9	1	35	9
2402	26	9	2	2	74	7
2403	27	8	2	2	66	1
2404	28	8	1	1	61	2
2405	30	7	2	1	60	8
2406	27	8	2	1	66	2
2407	28	8	1	1	61	1
2408	26	9	3	1	61	7
2409	27	9	1	2	72	3
2410	28	8	2	1	66	4
2411	27	9	1	1	72	5
2412	28	8	2	1	67	2
2413	24	7	9	1	43	9
2414	25	9	9	1	35	2
2415	27	1	2	1	57	9
2416	28	2	2	2	61	2
2417	29	9	1	2	72	3
2418	29	9	1	1	73	5
2419	30	9	2	1	74	7
2420	28	2	2	1	61	4
2421	29	8	1	1	62	1
2422	31	9	1	1	73	7
2423	22	5	7	1	51	3
2424	23	4	7	1	28	2
2425	24	3	6	2	47	7
2426	25	4	6	1	45	4
2427	27	2	3	1	52	7
2428	28	2	5	1	46	9
2429	31	1	5	1	42	5
2430	24	3	6	1	47	8
2431	25	4	6	1	45	5
2432	26	7	9	2	43	2
2433	27	9	9	1	35	9
2434	28	9	2	2	75	7
2435	29	8	2	2	68	1
2436	30	7	1	1	54	9
2437	32	3	2	1	47	3
2438	29	8	2	1	68	2
2439	30	7	1	1	54	8
2440	28	9	3	1	61	7
2441	29	9	1	2	74	3
2442	30	9	6	1	56	2
2443	29	9	1	1	74	5
2444	30	8	2	1	68	2
2445	26	7	9	1	43	9
2446	27	9	9	1	35	2
2447	29	2	3	1	52	8
2448	31	7	1	2	55	6
2449	32	7	4	1	56	5
2450	31	7	1	1	55	8
2451	32	9	1	1	74	5
2452	37	8	2	1	69	4
2453	20	7	6	1	48	5
2454	21	6	7	1	46	2
2455	22	9	6	2	57	3
2456	23	9	5	1	55	4
2457	24	9	1	2	74	5
2458	25	9	2	2	75	2
2459	25	9	2	1	76	7
2460	26	7	9	1	43	9
2461	30	1	2	1	57	9
2462	24	9	1	1	74	7
2463	25	9	2	1	76	5
2464	28	7	9	1	43	9
2465	22	9	6	1	57	4
2466	23	9	5	1	55	3
2467	25	4	7	1	28	3
2468	26	9	1	2	74	5
2469	27	9	2	2	76	2
2470	27	9	2	1	77	7
2471	28	7	9	1	44	9
2472	32	8	1	1	62	1
2473	26	9	1	1	74	7
2474	27	9	2	1	77	5
2475	30	7	9	1	44	9
2476	19	9	7	1	46	2
2477	20	9	6	2	57	1
2478	21	6	7	1	46	1
2479	26	9	1	1	74	3
2480	20	9	6	1	57	5
2481	21	9	5	1	55	1
2482	22	7	6	1	48	6
2483	26	9	1	1	75	3
2484	16	7	8	1	51	9
2485	17	5	8	1	43	7
2486	20	1	2	1	58	9
2487	21	9	7	2	46	1
2488	22	2	2	2	61	2
2489	23	1	1	2	51	1
2490	24	1	3	1	60	3
2491	27	9	2	1	77	3
2492	23	1	1	1	51	3
2493	24	1	3	1	60	5
2494	27	2	1	1	54	8
2495	22	2	2	1	61	4
2496	23	9	1	2	76	3
2497	24	8	2	1	70	6
2498	25	9	2	1	78	7
2499	23	9	1	1	76	7
2500	24	8	2	1	70	2
2501	28	1	3	1	60	6
2502	21	9	7	1	46	4
2503	22	2	2	2	61	2
2504	23	9	1	1	76	2
2505	24	8	2	1	70	7
2506	22	2	2	1	61	4
2507	14	9	4	1	69	9
2508	15	8	3	1	37	9
2509	16	1	2	1	58	9
2510	17	2	6	1	30	9
2511	18	2	2	2	62	2
2512	19	9	3	1	61	8
2513	23	1	3	1	61	5
2514	18	2	2	1	62	4
2515	19	9	3	1	61	8
2516	22	3	1	1	46	1
2517	12	4	8	1	33	5
2518	13	6	8	2	45	8
2519	14	7	7	1	49	1
2520	16	9	4	1	69	8
2521	17	5	5	1	51	8
2522	18	7	8	2	51	6
2523	19	9	8	1	37	7
2524	20	9	7	2	46	2
2525	21	9	6	2	57	1
2526	22	9	5	1	55	5
2527	23	8	2	2	71	1
2528	24	7	1	1	55	8
2529	23	8	2	1	71	2
2530	21	9	6	1	57	5
2531	22	9	5	1	55	1
2532	23	7	1	1	56	8
2533	27	7	3	1	65	5
2534	20	9	7	1	46	4
2535	21	9	6	2	57	1
2536	22	9	5	1	55	3
2537	23	7	6	1	48	4
2538	25	4	6	1	45	2
2539	26	9	1	2	76	2
2540	27	7	3	1	66	7
2541	26	9	1	1	76	5
2542	27	9	2	2	79	2
2543	28	7	9	1	45	2
2544	27	9	2	1	79	6
2545	28	7	9	1	46	9
2546	33	7	4	1	57	2
2547	21	9	6	1	57	3
2548	22	9	5	1	55	1
2549	25	7	3	1	67	2
2550	28	7	9	1	46	9
2551	18	7	8	1	51	7
2552	19	9	8	1	37	6
2553	20	9	7	2	46	2
2554	21	9	6	2	57	1
2555	22	9	5	1	55	5
2556	23	9	1	2	76	3
2557	24	9	2	2	79	4
2558	24	9	2	1	80	7
2559	25	7	1	2	56	8
2560	26	7	4	1	58	3
2561	25	7	1	1	56	9
2562	26	7	4	1	59	4
2563	23	9	1	1	76	7
2564	24	9	2	1	80	3
2565	27	6	2	1	54	7
2566	21	9	6	1	57	5
2567	22	9	5	1	55	1
2568	23	9	1	2	76	3
2569	24	9	2	2	80	4
2570	24	9	2	1	81	7
2571	25	7	1	2	56	8
2572	26	6	2	1	55	5
2573	25	7	1	1	56	9
2574	26	6	2	1	56	9
2575	23	9	1	1	76	7
2576	24	9	2	1	81	3
2577	27	7	3	1	67	5
2578	20	9	7	1	46	4
2579	21	9	6	2	57	1
2580	22	9	5	1	55	3
2581	23	9	1	2	76	5
2582	24	9	2	2	81	2
2583	24	9	2	1	82	7
2584	25	9	3	1	61	9
2585	29	8	1	1	63	1
2586	33	4	2	1	43	8
2587	23	9	1	1	76	7
2588	24	9	2	1	82	5
2589	27	9	9	1	35	2
2590	21	9	6	1	57	3
2591	22	9	5	1	55	1
2592	23	9	1	2	76	5
2593	24	9	2	2	82	2
2594	24	9	2	1	83	7
2595	25	9	3	1	61	9
2596	29	8	1	1	63	1
2597	34	3	1	1	47	3
2598	23	9	1	1	76	7
2599	24	9	2	1	83	5
2600	27	9	9	1	36	2
2601	13	5	8	1	43	8
2602	14	7	7	2	49	1
2603	15	6	8	1	45	7
2604	16	7	8	2	51	6
2605	17	9	8	1	37	9
2606	18	9	4	2	69	8
2607	19	6	5	1	30	8
2608	20	1	3	2	62	9
2609	21	2	1	2	55	2
2610	22	7	2	2	61	9
2611	23	7	1	1	56	8
2612	25	7	5	1	57	5
2613	27	9	9	1	37	2
2614	22	7	1	1	56	9
2615	23	7	2	1	61	8
2616	25	9	2	2	83	2
2617	26	9	7	1	46	4
2618	30	7	5	1	57	7
2619	25	9	2	1	83	5
2620	26	9	7	1	46	4
2621	29	9	9	1	38	2
2622	21	2	1	1	55	4
2623	22	1	2	1	58	5
2624	20	2	3	1	52	9
2625	21	2	1	2	55	2
2626	22	2	2	1	62	4
2627	21	2	1	1	55	4
2628	22	2	2	1	63	2
2629	18	7	5	1	58	8
2630	19	6	6	1	49	1
2631	21	9	4	2	69	6
2632	22	9	7	1	46	2
2633	26	7	6	1	48	2
2634	31	2	6	1	30	8
2635	21	9	4	1	69	7
2636	16	7	8	1	51	9
2637	17	9	8	1	37	6
2638	18	9	4	2	70	9
2639	19	7	5	1	58	8
2640	22	5	5	1	51	9
2641	18	9	3	1	61	9
2642	19	1	2	1	59	9
2643	20	9	4	2	70	7
2644	20	9	4	1	71	8
2645	21	6	5	1	30	8
2646	22	2	2	2	64	2
2647	23	1	3	2	62	3
2648	24	3	1	1	48	5
2649	29	9	9	1	39	7
2650	23	1	3	1	62	5
2651	24	3	1	1	48	3
2652	22	2	2	1	64	4
2653	23	9	1	2	76	3
2654	24	3	1	1	49	7
2655	29	1	1	1	51	1
2656	23	9	1	1	76	7
2657	24	3	1	1	49	3
2658	14	7	7	1	49	2
2659	15	6	8	1	45	6
2660	16	9	7	1	46	6
2661	17	9	4	1	71	9
2662	18	9	8	1	37	7
2663	21	1	2	1	59	9
2664	22	2	6	1	31	9
2665	23	2	2	2	64	2
2666	24	3	1	1	50	1
2667	23	2	2	1	64	4
2668	5	1	8	1	42	5
2669	6	2	7	1	42	4
2670	7	1	9	2	27	7
2671	8	1	7	1	27	8
2672	9	9	4	4	71	6
2673	10	1	3	3	62	3
2674	11	2	2	1	65	2
2675	13	1	2	1	59	9
2676	16	9	8	1	37	7
2677	30	3	4	1	44	1
2678	31	9	1	2	76	3
2679	31	9	1	1	77	8
2680	32	8	2	1	72	1
2681	10	1	3	2	62	6
2682	11	1	1	2	52	1
2683	12	2	2	1	65	5
2684	17	9	8	1	37	7
2685	24	9	5	2	55	1
2686	25	3	4	1	44	1
2687	27	3	5	1	29	5
2688	28	9	2	2	83	2
2689	28	5	2	1	46	2
2690	29	8	2	1	73	1
2691	24	9	5	1	55	3
2692	25	3	6	1	47	8
2693	26	8	2	2	74	1
2694	27	9	1	1	77	8
2695	26	8	2	1	74	4
2696	11	1	1	1	52	4
2697	12	2	2	1	65	2
2698	13	1	2	1	59	9
2699	16	9	8	1	37	7
2700	20	1	5	1	43	1
2701	10	1	3	1	62	9
2702	11	3	1	2	51	1
2703	12	1	2	2	59	3
2704	13	2	1	1	55	2
2705	15	2	2	1	65	5
2706	19	4	3	2	51	1
2707	20	4	5	1	48	2
2708	22	3	6	1	47	5
2709	28	9	5	1	55	3
2710	19	4	3	1	51	2
2711	20	4	5	1	48	1
2712	24	1	5	1	44	2
2713	33	8	1	1	63	8
2714	12	1	2	1	59	6
2715	13	2	1	1	55	5
2716	16	2	3	1	52	8
2717	18	1	5	1	44	4
2718	21	2	6	1	31	9
2719	22	9	1	2	78	3
2720	22	9	1	1	79	4
2721	23	8	2	2	75	1
2722	24	9	3	1	61	5
2723	23	8	2	1	75	3
2724	24	9	3	1	62	7
2725	11	3	1	1	51	4
2726	12	1	2	1	59	6
2727	14	2	2	1	65	8
2728	16	3	4	1	44	1
2729	17	2	6	1	31	6
2730	19	2	5	1	46	9
2731	20	7	2	2	61	9
2732	21	9	1	3	79	3
2733	21	9	1	2	80	5
2734	22	8	2	2	75	2
2735	22	8	2	1	76	3
2736	23	2	3	1	52	7
2737	21	9	1	1	80	7
2738	22	8	2	1	76	1
2739	24	7	1	1	56	5
2740	20	7	1	1	57	9
2741	21	9	3	2	63	8
2742	22	9	2	2	84	2
2743	22	5	2	1	46	2
2744	23	8	2	1	76	1
2745	25	9	1	1	80	7
2746	26	6	3	1	42	1
2747	30	9	2	1	85	4
2748	21	8	3	1	37	8
2749	22	7	4	1	60	8
2750	23	7	3	1	68	1
2751	25	8	1	1	64	6
2752	9	9	4	3	71	7
2753	10	7	8	2	51	7
2754	11	8	9	2	42	1
2755	12	8	7	1	43	5
2756	14	9	7	2	46	2
2757	15	9	6	2	57	1
2758	16	7	3	1	68	1
2759	18	8	3	1	37	7
2760	22	8	1	1	65	6
2761	15	9	6	1	57	4
2762	16	9	5	1	56	1
2763	17	7	3	1	68	1
2764	20	8	3	1	37	7
2765	14	9	7	1	46	3
2766	11	8	9	1	42	2
2767	12	9	7	2	47	1
2768	13	9	6	2	57	2
2769	14	9	5	1	56	4
2770	15	8	3	1	38	7
2771	16	7	6	2	48	1
2772	17	6	7	1	46	6
2773	18	8	7	1	43	5
2774	16	7	6	1	48	5
2775	17	6	7	1	46	2
2776	18	7	3	2	68	2
2777	19	8	2	2	76	1
2778	20	9	1	2	80	5
2779	21	8	8	1	43	4
2780	20	9	1	1	80	8
2781	21	9	3	1	63	9
2782	19	8	1	1	66	1
2783	20	9	3	2	64	8
2784	21	7	9	1	47	8
2785	20	9	3	1	64	9
2786	21	7	9	1	48	9
2787	18	7	2	1	61	2
2788	19	6	3	1	42	1
2789	21	4	9	1	27	1
2790	24	5	3	1	44	2
2791	26	1	3	1	62	9
2792	27	3	4	1	44	3
2793	13	9	6	1	57	4
2794	14	9	5	1	56	2
2795	15	7	3	2	68	2
2796	16	8	3	1	38	7
2797	17	8	2	2	76	1
2798	18	9	1	2	80	5
2799	19	7	1	1	57	9
2800	18	9	1	1	80	8
2801	19	7	1	1	58	9
2802	17	8	1	1	66	1
2803	18	8	2	2	76	4
2804	19	9	3	1	64	9
2805	18	8	8	1	44	4
2806	19	8	7	1	44	6
2807	20	9	1	1	80	6
2808	15	7	2	1	61	2
2809	16	8	3	1	38	7
2810	19	4	7	1	28	7
2811	21	2	3	2	53	8
2812	22	3	4	1	45	3
2813	25	6	7	1	46	2
2814	21	2	3	1	53	9
2815	22	2	2	1	65	5
2816	12	9	7	1	47	3
2817	10	8	7	1	44	7
2818	11	8	8	2	44	3
2819	12	8	9	1	42	4
2820	13	5	8	2	43	8
2821	14	6	8	1	45	7
2822	17	9	7	1	48	2
2823	18	7	9	2	49	5
2824	19	9	9	1	40	8
2825	20	9	6	2	57	1
2826	21	9	5	1	56	4
2827	22	9	1	2	81	3
2828	23	9	2	2	86	5
2829	24	8	2	1	76	6
2830	23	9	2	1	86	6
2831	22	9	1	1	81	5
2832	23	9	2	1	87	3
2833	20	9	6	1	57	4
2834	21	9	5	1	56	1
2835	22	9	1	2	81	3
2836	23	9	2	2	88	5
2837	24	8	2	1	77	6
2838	28	7	3	1	68	2
2839	23	9	2	1	88	6
2840	22	9	1	1	81	5
2841	23	9	2	1	89	3
2842	18	7	9	1	49	8
2843	19	9	9	1	40	5
2844	20	9	6	2	57	1
2845	21	9	5	1	56	4
2846	22	9	3	2	65	8
2847	23	9	8	1	37	9
2848	27	4	6	1	45	2
2849	28	8	2	2	77	2
2850	29	8	1	1	66	1
2851	28	8	2	1	77	5
2852	29	8	1	1	67	1
2853	22	9	3	1	65	9
2854	23	9	8	1	37	6
2855	26	7	2	1	61	7
2856	29	8	2	1	77	1
2857	30	7	1	1	59	5
2858	20	9	6	1	57	4
2859	21	9	5	1	56	1
2860	22	9	3	2	65	8
2861	23	9	8	1	37	9
2862	27	9	2	2	90	3
2863	28	9	1	1	81	6
2864	27	9	2	1	90	6
2865	28	9	1	1	82	3
2866	22	9	3	1	65	9
2867	23	9	8	1	37	6
2868	26	9	2	1	90	3
2869	29	8	2	1	77	1
2870	30	2	1	1	55	6
2871	13	5	8	1	43	9
2872	14	9	7	2	48	1
2873	15	9	6	2	57	2
2874	16	9	5	1	56	4
2875	17	7	8	2	51	6
2876	18	9	8	1	37	8
2877	19	8	2	2	77	1
2878	20	9	3	1	65	6
2879	19	8	2	1	77	2
2880	20	9	3	1	66	5
2881	17	7	8	1	51	8
2882	18	9	8	1	37	6
2883	19	9	1	2	83	3
2884	20	9	2	2	90	5
2885	20	9	2	1	91	8
2886	21	7	1	1	60	9
2887	23	7	2	1	61	7
2888	19	9	1	1	83	8
2889	20	9	2	1	91	3
2890	23	9	9	1	40	5
2891	30	2	1	1	56	6
2892	15	9	6	1	57	4
2893	16	9	5	1	56	2
2894	17	7	8	2	51	6
2895	18	9	8	1	37	8
2896	19	8	2	2	77	1
2897	20	9	2	1	91	3
2898	19	8	2	1	77	2
2899	20	9	2	1	92	6
2900	17	7	8	1	51	8
2901	18	9	8	1	37	6
2902	19	9	1	2	83	3
2903	20	9	2	2	93	5
2904	20	9	2	1	94	8
2905	21	8	1	1	68	1
2906	23	9	9	1	40	9
2907	19	9	1	1	83	8
2908	20	9	2	1	94	3
2909	23	9	9	1	41	5
2910	30	2	1	1	57	6
2911	14	9	7	1	48	2
2912	15	9	6	2	57	1
2913	16	9	5	1	56	4
2914	17	7	7	2	49	1
2915	17	7	7	1	50	5
2916	18	9	9	1	41	9
2917	22	8	2	2	77	1
2918	23	8	1	1	68	6
2919	22	8	2	1	77	2
2920	23	8	1	2	69	1
2921	24	8	3	1	38	6
2922	26	9	3	1	67	5
2923	23	8	1	1	69	6
2924	15	9	6	1	57	4
2925	16	9	5	1	56	1
2926	17	7	7	2	50	1
2927	17	7	7	1	51	5
2928	18	9	9	1	41	9
2929	22	8	2	2	77	1
2930	23	8	1	1	70	6
2931	22	8	2	1	77	2
2932	23	8	1	2	71	1
2933	24	1	3	1	62	9
2934	26	2	1	1	58	2
2935	23	8	1	1	71	6
2936	11	8	8	1	44	6
2937	12	8	9	1	42	1
2938	13	9	7	2	48	2
2939	14	9	6	2	57	1
2940	15	9	5	1	56	4
2941	17	9	2	2	94	6
2942	18	7	2	1	62	7
2943	19	9	1	2	83	3
2944	19	9	1	1	84	5
2945	20	9	8	1	37	3
2946	22	6	8	1	45	4
2947	25	9	3	1	68	8
2948	17	9	1	1	84	6
2949	18	9	2	2	94	3
2950	19	7	7	1	51	3
2951	25	9	8	1	37	9
2952	18	9	2	1	94	5
2953	19	7	7	1	51	5
2954	21	5	8	1	43	9
2955	24	9	3	1	69	8
2956	30	8	2	1	77	2
2957	14	9	6	1	57	4
2958	15	9	5	1	56	1
2959	16	7	3	1	69	1
2960	17	9	2	2	94	6
2961	18	7	2	1	62	7
2962	19	9	1	2	84	3
2963	19	9	1	1	85	5
2964	20	9	8	1	38	3
2965	22	6	8	1	45	4
2966	25	7	9	1	49	4
2967	17	9	1	1	85	6
2968	18	9	2	2	94	3
2969	19	7	7	1	51	3
2970	25	7	9	1	50	4
2971	18	9	2	1	94	5
2972	19	7	7	1	51	5
2973	21	5	8	1	43	9
2974	24	7	9	1	51	4
2975	30	8	2	1	78	2
2976	13	9	7	1	48	3
2977	9	9	4	2	71	8
2978	10	7	8	2	51	8
2979	11	8	7	2	44	7
2980	12	8	9	2	42	1
2981	13	8	8	1	44	6
2982	14	6	8	2	45	4
2983	15	7	7	2	51	3
2984	16	9	8	1	38	9
2985	19	9	7	2	49	2
2986	20	9	6	2	57	1
2987	21	7	3	1	69	1
2988	20	9	6	1	57	5
2989	21	9	5	1	56	1
2990	19	9	7	1	49	5
2991	20	9	6	2	57	1
2992	21	9	5	1	57	2
2993	24	7	9	1	51	2
2994	20	9	6	1	57	2
2995	21	9	5	1	57	1
2996	15	7	7	1	51	5
2997	16	5	8	1	43	9
2998	18	9	8	1	38	3
2999	20	9	5	2	58	1
3000	21	9	6	1	57	5
3001	24	7	9	1	52	4
3002	20	9	5	1	58	5
3003	21	9	6	1	57	1
3004	22	7	3	1	70	1
3005	24	7	9	1	53	4
3006	14	6	8	1	45	7
3007	15	7	7	1	51	2
3008	17	9	3	2	69	9
3009	18	7	9	1	54	9
3010	17	9	9	1	41	9
3011	18	7	9	2	55	4
3012	19	9	8	1	38	3
3013	22	9	5	2	58	1
3014	23	8	3	1	38	8
3015	26	7	1	1	60	9
3016	22	9	5	1	58	2
3017	23	9	6	1	57	1
3018	24	7	3	1	70	1
3019	27	7	5	1	58	6
3020	18	7	9	1	55	5
3021	12	8	9	1	42	4
3022	13	8	8	1	44	3
3023	14	6	8	2	45	4
3024	15	7	7	1	51	5
3025	19	9	7	2	49	1
3026	20	7	9	2	56	2
3027	21	9	9	1	41	9
3028	25	7	1	1	61	9
3029	20	7	9	1	56	9
3030	21	9	9	1	41	2
3031	19	9	7	1	49	2
3032	20	9	5	2	58	1
3033	21	9	9	1	42	9
3034	20	9	5	1	58	5
3035	21	9	6	1	57	1
3036	22	7	9	1	56	1
3037	24	9	1	1	85	3
3038	14	4	8	1	33	4
3039	15	7	7	1	51	2
3040	19	9	7	2	49	1
3041	20	7	9	2	56	5
3042	21	9	9	1	43	9
3043	25	6	2	1	57	8
3044	20	7	9	1	56	9
3045	21	9	9	1	43	5
3046	19	9	7	1	49	5
3047	20	9	5	2	58	1
3048	21	9	9	1	44	9
3049	24	9	1	1	86	3
3050	30	3	1	1	51	1
3051	20	9	5	1	58	2
3052	21	9	6	1	57	1
3053	22	7	9	1	56	1
3054	24	9	1	1	86	3
3055	29	8	1	1	72	2
3056	11	9	8	1	38	7
3057	12	8	7	2	44	5
3058	13	7	7	1	51	6
3059	16	4	8	1	33	6
3060	20	9	5	2	58	1
3061	21	9	6	1	57	4
3062	25	8	3	1	38	8
3063	20	9	5	1	58	4
3064	21	9	6	1	57	1
3065	22	7	6	1	48	7
3066	25	8	3	1	39	8
3067	12	8	7	1	44	6
3068	13	8	9	1	42	2
3069	15	7	7	1	51	3
3070	16	9	7	2	49	1
3071	17	7	6	2	48	1
3072	18	6	7	1	47	7
3073	20	7	9	2	56	5
3074	21	9	9	1	44	9
3075	22	8	2	2	79	1
3076	23	9	2	2	94	6
3077	24	7	1	1	62	9
3078	26	9	3	1	69	5
3079	23	9	3	1	70	6
3080	24	8	1	1	73	3
3081	22	8	2	1	79	3
3082	23	9	3	1	70	5
3083	20	7	9	1	56	9
3084	21	9	9	1	44	5
3085	23	8	1	1	74	1
3086	17	7	6	1	48	6
3087	18	6	7	1	47	2
3088	20	7	9	2	56	5
3089	21	9	9	1	44	9
3090	22	8	2	2	79	1
3091	23	9	2	2	94	6
3092	24	7	1	1	62	9
3093	26	9	3	1	71	5
3094	23	9	3	1	72	6
3095	24	8	1	1	75	3
3096	22	8	2	1	79	3
3097	23	9	3	1	72	5
3098	20	7	9	1	56	9
3099	21	9	9	1	44	5
3100	23	1	2	1	59	9
3101	24	1	1	2	52	1
3102	24	1	1	1	53	4
3103	25	2	2	1	66	2
3104	16	9	7	1	49	5
3105	17	9	5	2	58	1
3106	18	7	9	1	56	1
3107	17	9	5	1	58	2
3108	18	9	6	1	57	1
3109	19	9	9	1	44	9
3110	10	7	9	1	57	8
3111	11	1	3	3	62	3
3112	12	1	1	1	53	1
3113	14	3	1	1	52	4
3114	17	7	8	1	51	9
3115	11	1	3	2	62	6
3116	12	1	1	2	53	1
3117	13	2	2	1	67	5
3118	17	7	8	1	52	9
3119	12	1	1	1	53	4
3120	13	2	2	1	67	2
3121	14	3	1	1	52	1
3122	17	7	8	1	53	9
3123	22	8	2	1	79	3
3124	25	3	2	1	48	5
3125	11	1	3	1	62	9
3126	12	3	1	2	52	1
3127	13	2	1	2	59	2
3128	14	1	2	1	59	3
3129	15	2	2	1	67	5
3130	18	3	4	1	45	3
3131	20	4	3	2	51	1
3132	21	5	6	1	47	1
3133	23	2	6	1	31	9
3134	20	4	3	1	51	2
3135	21	5	6	1	47	2
3136	25	1	5	1	44	2
3137	13	2	1	1	59	5
3138	14	1	2	1	59	6
3139	17	2	3	1	53	8
3140	19	8	1	1	76	8
3141	20	7	1	1	62	9
3142	22	9	1	2	86	3
3143	22	9	1	1	87	4
3144	23	9	9	1	45	5
3145	12	3	1	1	52	4
3146	13	2	1	1	59	2
3147	15	2	2	1	67	8
3148	17	3	4	1	45	1
3149	18	8	1	2	76	8
3150	19	7	1	1	62	9
3151	18	8	3	1	40	8
3152	19	9	3	2	73	7
3153	20	3	3	1	32	3
3154	23	2	5	1	46	9
3155	26	6	3	1	42	1
3156	19	9	8	1	38	7
3157	20	9	9	1	46	9
3158	21	9	2	2	94	2
3159	22	8	2	2	79	1
3160	23	7	1	1	63	9
3161	22	8	2	1	79	3
3162	21	9	2	1	94	4
3163	22	9	1	2	87	3
3164	22	9	1	1	88	5
3165	23	7	1	1	64	7
3166	9	9	4	1	71	9
3167	10	8	3	1	40	9
3168	11	1	2	1	59	9
3169	12	2	6	1	32	9
3170	13	1	1	2	53	1
3171	14	2	2	2	67	2
3172	15	1	3	1	62	3
3173	14	2	2	1	67	5
3174	15	1	3	1	63	6
3175	13	1	1	1	53	4
3176	14	2	2	1	67	2
3177	16	2	1	1	59	8
3178	21	1	5	1	45	1
3179	23	5	6	1	47	1
3180	25	9	8	1	38	6
3181	26	9	1	1	88	7
3182	27	5	4	1	42	3
3183	30	5	7	1	51	2
3184	7	1	9	1	27	8
3185	8	1	7	1	27	7
3186	9	1	3	3	64	3
3187	10	1	1	1	53	1
3188	12	1	2	1	59	9
3189	15	2	4	1	44	7
3190	24	9	3	1	73	9
3191	28	8	1	2	76	2
3192	29	5	1	1	43	9
3193	28	8	1	1	76	3
3194	9	1	3	2	64	6
3195	10	1	2	2	59	3
3196	11	2	1	1	59	2
3197	10	1	2	1	59	9
3198	11	2	2	2	67	2
3199	12	1	1	1	53	4
3200	13	3	1	1	52	1
3201	15	2	3	1	53	7
3202	17	2	5	2	46	6
3203	18	1	5	1	45	1
3204	21	4	5	1	48	2
3205	23	3	2	2	49	3
3206	24	3	3	1	32	5
3207	28	8	1	1	77	6
3208	23	3	2	1	49	5
3209	24	3	3	1	32	3
3210	28	8	4	1	29	1
3211	17	2	5	1	46	9
3212	18	1	5	1	45	3
3213	22	9	3	1	73	9
3214	23	9	4	2	71	7
3215	24	9	8	1	38	8
3216	23	9	4	1	71	8
3217	24	3	6	1	47	8
3218	25	3	5	1	29	7
3219	26	4	5	2	48	1
3220	27	5	6	1	47	2
3221	28	1	4	1	30	2
3222	30	9	6	1	57	3
3223	31	9	7	1	49	1
3224	26	4	5	1	48	2
3225	27	5	6	1	47	1
3226	28	1	4	1	30	1
3227	11	2	2	1	67	5
3228	12	1	1	1	53	1
3229	15	2	3	1	53	8
3230	16	2	5	1	46	9
3231	17	8	6	1	27	9
3232	18	9	3	1	73	9
3233	19	3	4	2	45	1
3234	20	9	2	2	94	2
3235	21	8	2	2	80	1
3236	22	8	3	1	40	7
3237	24	8	1	2	78	3
3238	25	7	2	1	62	6
3239	24	8	1	1	78	4
3240	25	7	2	1	63	3
3241	21	5	2	1	46	1
3242	22	7	3	2	70	1
3243	23	7	2	2	64	7
3244	23	8	3	1	40	7
3245	24	9	1	2	88	5
3246	24	7	1	1	65	5
3247	25	8	1	1	78	3
3248	22	8	3	1	40	1
3249	23	7	2	1	65	7
3250	20	5	2	1	46	2
3251	21	9	2	2	94	1
3252	21	8	2	1	80	1
3253	22	9	1	1	89	8
3254	19	3	4	1	45	5
3255	20	3	5	1	29	1
3256	24	1	5	1	45	3
3257	26	2	6	1	32	7
3258	27	9	4	2	71	7
3259	28	9	6	1	57	2
3260	32	9	9	1	46	5
3261	27	9	4	1	71	8
3262	28	8	7	1	44	8
3263	29	9	7	2	50	1
3264	29	9	7	1	51	2
3265	9	1	3	1	64	9
3266	10	3	1	2	52	1
3267	11	2	1	2	60	2
3268	12	1	2	1	59	3
3269	13	1	1	1	53	4
3270	16	3	4	1	45	3
3271	17	4	3	2	51	1
3272	18	4	5	1	48	2
3273	20	3	6	1	47	5
3274	24	6	3	1	43	2
3275	27	8	7	1	44	8
3276	30	9	4	1	71	8
3277	17	4	3	1	51	2
3278	18	4	5	1	48	1
3279	22	5	7	1	52	1
3280	11	2	1	1	60	5
3281	12	1	2	1	59	6
3282	15	2	3	1	53	8
3283	17	4	5	2	48	1
3284	18	5	6	1	47	2
3285	19	2	4	1	44	2
3286	20	2	5	1	46	6
3287	23	9	2	2	95	2
3288	24	9	7	2	52	1
3289	25	9	4	1	72	8
3290	27	3	6	1	47	8
3291	31	9	1	1	90	6
3292	24	9	7	1	52	3
3293	23	8	2	1	80	2
3294	24	9	1	2	91	3
3295	25	9	3	1	73	5
3296	26	9	5	1	58	2
3297	24	9	1	1	91	4
3298	25	9	3	1	73	6
3299	26	9	2	2	95	1
3300	26	9	2	1	96	5
3301	17	4	5	1	48	2
3302	18	5	6	1	47	1
3303	19	1	4	1	31	1
3304	20	9	2	2	97	1
3305	20	8	2	1	80	1
3306	21	9	2	2	98	2
3307	22	9	7	2	53	1
3308	23	9	4	1	72	8
3309	25	8	7	1	44	8
3310	26	8	1	2	79	4
3311	26	8	1	1	80	6
3312	22	9	7	1	53	3
3313	23	9	4	1	72	8
3314	26	9	3	1	73	7
3315	21	5	2	1	46	2
3316	22	9	2	2	98	3
3317	23	7	2	1	66	8
3318	27	5	7	1	53	3
3319	32	6	3	1	43	4
3320	22	3	2	1	49	3
3321	23	3	3	1	32	4
3322	24	9	2	2	98	4
3323	24	9	2	1	99	5
3324	25	9	1	1	91	6
3325	27	9	4	1	72	8
3326	28	7	4	1	60	6
3327	30	1	6	1	29	3
3328	38	3	6	1	47	8
3329	10	3	1	1	52	4
3330	11	2	1	1	60	2
3331	13	1	1	1	53	1
3332	15	3	4	1	45	1
3333	16	2	3	2	53	5
3334	17	2	5	1	46	9
3335	18	8	6	1	27	9
3336	19	4	5	2	48	1
3337	20	5	6	1	47	3
3338	21	7	2	2	66	9
3339	22	3	2	1	49	3
3340	23	3	3	1	32	7
3341	24	7	1	2	65	8
3342	25	8	2	1	80	1
3343	24	7	8	1	53	8
3344	25	4	7	1	28	8
3345	26	9	3	2	74	8
3346	27	9	6	1	57	1
3347	26	9	4	1	72	8
3348	27	9	6	1	58	1
3349	30	3	5	1	29	5
3350	31	9	2	2	99	2
3351	32	8	2	1	81	1
3352	31	9	2	1	99	4
3353	32	8	2	1	82	1
3354	21	7	1	1	65	9
3355	22	9	3	2	74	8
3356	23	9	4	2	72	6
3357	24	3	6	1	48	8
3358	29	3	5	1	29	5
3359	32	5	5	1	52	6
3360	35	9	7	1	53	2
3361	23	9	4	1	72	7
3362	24	3	6	1	48	8
3363	28	3	5	1	29	5
3364	29	9	7	2	54	1
3365	30	8	3	1	40	1
3366	29	9	7	1	54	2
3367	30	9	5	1	59	4
3368	35	1	4	1	31	2
3369	22	8	3	1	41	8
3370	23	4	7	1	28	8
3371	24	8	2	2	83	1
3372	25	7	8	1	53	8
3373	27	9	6	1	58	1
3374	29	3	6	1	48	8
3375	31	9	2	2	99	2
3376	32	8	1	1	81	7
3377	31	5	2	1	46	2
3378	32	9	5	1	59	2
3379	24	5	2	1	46	1
3380	25	3	6	1	48	8
3381	27	9	6	1	58	1
3382	30	6	7	1	47	1
3383	33	9	1	1	91	5
3384	19	4	5	1	48	3
3385	20	5	6	1	47	1
3386	24	9	4	2	72	6
3387	25	9	5	1	60	1
3388	26	8	2	1	83	1
3389	27	7	8	1	53	8
3390	28	8	9	1	42	2
3391	24	9	4	1	72	8
3392	25	3	6	1	48	8
3393	27	7	8	1	53	8
3394	30	8	8	1	44	4
3395	33	9	3	1	74	7
3396	16	2	3	1	53	7
3397	17	2	5	1	46	9
3398	18	8	6	1	27	9
3399	19	7	2	2	66	9
3400	20	7	1	2	65	8
3401	21	5	1	1	44	9
3402	20	7	8	1	53	8
3403	21	4	7	1	28	8
3404	22	8	9	2	43	1
3405	23	8	8	1	44	4
3406	25	7	1	1	65	7
3407	26	3	6	1	48	8
3408	28	3	5	1	29	7
3409	22	8	9	1	43	2
3410	23	9	2	2	99	2
3411	24	3	6	1	48	8
3412	25	3	5	1	30	7
3413	27	8	1	2	82	3
3414	28	7	1	1	65	5
3415	27	8	1	1	82	5
3416	28	7	1	1	66	7
3417	23	5	2	1	46	2
3418	24	3	6	1	48	8
3419	28	7	6	1	48	6
3420	32	7	1	1	67	7
3421	36	8	3	1	41	8
3422	19	7	1	1	67	9
3423	20	9	3	2	75	8
3424	21	9	4	2	72	6
3425	22	3	6	1	48	8
3426	26	3	5	1	30	7
3427	27	9	2	2	99	2
3428	27	5	2	1	46	2
3429	28	8	2	1	83	1
3430	30	8	4	1	30	7
3431	21	9	4	1	72	7
3432	22	3	6	1	48	8
3433	23	3	5	1	30	7
3434	24	9	1	2	92	6
3435	25	5	2	1	46	1
3436	30	5	9	1	28	9
3437	37	5	3	1	44	6
3438	24	9	8	1	39	6
3439	25	9	9	1	47	9
3440	27	5	2	1	46	1
3441	20	8	3	1	42	8
3442	21	4	7	1	28	8
3443	22	8	2	2	83	1
3444	23	8	9	1	43	2
3445	26	9	1	2	92	3
3446	26	9	1	1	93	5
3447	27	3	6	1	48	8
3448	29	9	2	1	100	2
3449	32	3	3	1	32	5
3450	33	7	2	1	66	4
3451	38	7	5	1	59	2
3452	22	5	2	1	47	1
3453	23	3	6	1	48	8
3454	26	3	5	1	30	7
3455	28	8	1	1	82	7
3456	32	7	8	1	53	8
3457	1	3	8	3	41	1
3458	2	2	9	2	41	2
3459	3	2	8	1	41	3
3460	4	3	7	1	42	9
3461	5	1	8	2	42	4
3462	6	2	7	1	42	5
3463	7	2	1	4	60	1
3464	8	1	3	2	64	6
3465	9	1	1	1	53	2
3466	11	1	2	1	59	9
3467	13	2	3	1	53	7
3468	14	2	5	1	46	9
3469	15	8	6	1	27	9
3470	16	9	3	1	75	9
3471	17	9	2	2	100	1
3472	17	5	2	1	47	1
3473	18	9	2	2	101	2
3474	19	1	5	2	45	1
3475	20	3	4	1	45	2
3476	24	3	5	1	30	4
3477	19	1	5	1	45	3
3478	20	2	6	1	32	8
3479	22	9	4	2	72	7
3480	23	7	2	1	66	8
3481	22	9	4	1	72	8
3482	23	9	5	2	60	1
3483	24	4	5	1	48	2
3484	29	9	6	1	58	4
3485	23	9	5	1	60	4
3486	24	8	8	1	44	2
3487	25	7	3	1	70	1
3488	27	3	6	1	48	7
3489	18	9	2	1	101	3
3490	19	8	1	1	82	4
3491	8	1	3	1	64	9
3492	9	7	1	2	67	9
3493	10	6	2	2	58	9
3494	11	7	2	2	67	8
3495	12	8	2	2	83	1
3496	13	2	3	2	53	8
3497	14	2	2	2	67	7
3498	15	1	1	1	53	2
3499	17	3	1	1	52	5
3500	20	8	6	1	27	9
3501	22	3	6	1	49	8
3502	24	4	3	2	51	1
3503	25	9	2	2	101	2
3504	26	8	1	1	83	7
3505	27	6	3	1	44	7
3506	25	5	2	1	47	2
3507	26	9	2	2	101	3
3508	27	3	3	1	32	3
3509	31	6	3	1	45	4
3510	26	9	2	1	101	5
3511	27	3	3	1	32	4
3512	31	9	3	1	75	7
3513	33	6	3	1	46	5
3514	37	5	1	1	45	8
3515	24	4	3	1	51	2
3516	14	3	3	1	32	7
3517	15	2	2	2	67	4
3518	16	1	2	1	59	6
3519	15	2	2	1	67	6
3520	16	1	1	1	53	3
3521	17	3	1	1	52	4
3522	21	4	4	1	27	9
3523	27	8	1	1	83	2
3524	29	3	4	1	45	3
3525	13	3	3	1	32	8
3526	14	2	3	2	53	6
3527	15	2	2	1	67	7
3528	18	1	2	1	60	5
3529	14	2	3	1	53	7
3530	15	2	2	2	67	4
3531	15	2	2	1	68	6
3532	16	1	1	1	53	3
3533	19	3	1	1	52	4
3534	12	5	2	1	47	1
3535	13	8	3	1	42	1
3536	14	2	3	2	53	8
3537	15	2	2	2	68	7
3538	16	1	1	1	53	2
3539	18	3	4	1	46	2
3540	25	8	1	1	83	7
3541	15	3	3	1	32	7
3542	16	9	3	2	75	5
3543	17	9	1	2	93	2
3544	17	9	1	1	94	3
3545	18	3	2	1	49	3
3546	16	9	3	1	75	6
3547	17	9	1	2	94	2
3548	17	9	1	1	95	4
3549	18	7	4	1	60	6
3550	14	3	3	1	32	8
3551	15	2	3	2	53	6
3552	16	2	2	1	68	7
3553	19	1	2	1	61	5
3554	15	2	3	1	53	7
3555	16	9	3	2	75	5
3556	17	9	1	2	95	2
3557	17	9	1	1	96	3
3558	18	1	2	1	62	6
3559	16	9	3	1	75	6
3560	17	9	1	2	96	2
3561	17	9	1	1	97	4
3562	18	7	3	1	70	3
3563	11	4	2	1	44	8
3564	12	8	1	1	84	8
3565	13	1	7	1	27	8
3566	10	4	2	1	44	9
3567	11	9	9	2	47	9
3568	12	5	8	1	43	9
3569	13	9	4	3	72	6
3570	14	9	3	2	75	8
3571	15	9	2	1	101	4
3572	18	4	3	1	52	1
3573	21	8	7	1	44	6
3574	25	7	2	1	67	6
3575	14	9	8	1	39	8
3576	15	7	2	1	68	8
3577	16	9	2	2	101	3
3578	16	9	2	1	102	7
3579	17	8	1	1	84	2
3580	18	4	3	1	52	4
3581	13	9	4	2	72	7
3582	14	9	3	2	75	8
3583	15	3	2	1	50	8
3584	14	9	8	1	39	8
3585	15	7	2	1	68	8
3586	16	9	2	2	102	6
3587	17	8	1	1	84	3
3588	21	8	2	1	83	1
3589	16	9	3	1	75	6
3590	17	9	2	2	102	2
3591	18	8	2	1	84	1
3592	17	9	2	1	102	5
3593	18	8	1	1	84	4
3594	13	9	4	1	72	8
3595	14	5	5	2	52	8
3596	15	2	3	2	53	8
3597	16	3	6	1	49	8
3598	17	8	1	2	85	8
3599	18	9	2	1	102	1
3600	20	9	5	2	60	2
3601	21	9	6	1	59	3
3602	20	9	5	1	60	3
3603	17	8	7	1	44	8
3604	18	7	2	1	68	8
3605	21	8	9	2	43	1
3606	22	8	8	1	44	7
3607	23	7	3	1	71	1
3608	21	8	9	1	43	3
3609	22	8	8	1	44	5
3610	23	7	7	2	51	1
3611	24	6	8	1	45	8
3612	25	4	1	1	28	8
3613	26	8	2	2	85	1
3614	27	6	2	2	58	5
3615	28	7	3	2	72	2
3616	28	7	3	1	73	3
3617	29	7	4	1	61	2
3618	31	8	3	1	42	4
3619	27	6	2	1	58	7
3620	28	3	3	1	32	7
3621	26	5	2	1	47	1
3622	27	8	3	1	43	1
3623	28	8	2	2	85	2
3624	29	9	2	2	102	3
3625	30	8	1	1	85	6
3626	29	9	2	1	102	5
3627	28	8	2	1	85	4
3628	29	9	7	1	54	4
3629	23	7	7	1	51	2
3630	15	2	6	1	32	8
3631	16	8	6	1	27	9
3632	19	2	3	2	53	6
3633	20	2	2	2	68	4
3634	21	3	1	1	53	2
3635	26	5	6	1	47	2
3636	29	5	7	1	53	1
3637	20	2	2	1	68	7
3638	21	2	4	1	44	4
3639	19	2	3	1	53	7
3640	20	2	2	2	68	4
3641	21	2	4	1	45	6
3642	20	2	2	1	68	6
3643	21	2	4	1	46	4
3644	14	6	5	1	30	8
3645	15	6	4	1	29	9
3646	16	7	2	2	68	8
3647	17	4	8	1	33	8
3648	19	5	1	1	46	8
3649	22	8	9	2	43	1
3650	23	8	8	1	44	7
3651	22	8	9	1	43	3
3652	23	8	8	1	45	5
3653	16	3	2	1	51	8
3654	17	4	3	1	53	1
3655	22	8	2	1	85	1
3656	23	8	8	1	46	2
3657	24	2	3	2	53	6
3658	25	5	6	2	47	1
3659	26	1	6	1	29	6
3660	28	1	2	1	63	3
3661	29	3	1	1	53	2
3662	30	1	5	1	45	2
3663	25	5	6	1	47	2
3664	24	2	3	1	53	7
3665	25	9	8	1	39	7
3666	26	8	7	1	44	6
3667	29	9	1	1	97	5
3668	11	9	8	1	39	9
3669	12	5	5	2	52	9
3670	13	2	6	1	32	9
3671	16	2	2	2	68	4
3672	17	1	1	1	53	5
3673	18	3	1	1	53	2
3674	20	2	5	1	46	8
3675	24	4	5	1	48	2
3676	27	9	7	1	55	1
3677	16	2	4	1	47	4
3678	17	2	3	1	53	8
3679	18	2	2	2	68	6
3680	19	2	5	1	46	7
3681	18	2	2	1	68	7
3682	19	2	5	1	47	6
3683	12	5	9	1	28	9
3684	13	2	5	2	48	9
3685	14	8	6	1	27	9
3686	16	9	4	3	72	6
3687	17	9	3	2	75	8
3688	18	3	2	1	51	8
3689	19	2	6	1	32	8
3690	21	8	2	1	85	1
3691	24	9	1	1	98	7
3692	26	6	2	1	58	7
3693	28	7	2	1	68	6
3694	17	9	9	1	47	8
3695	18	7	2	1	69	8
3696	21	9	2	2	103	3
3697	21	9	2	1	104	7
3698	22	8	1	1	86	2
3699	23	9	1	1	98	4
3700	16	9	4	2	72	7
3701	17	9	3	2	75	8
3702	18	3	2	1	51	8
3703	17	9	9	1	47	8
3704	18	1	9	1	27	7
3705	21	9	2	2	104	6
3706	22	8	1	1	86	3
3707	27	9	1	1	99	4
3708	21	9	3	1	75	6
3709	22	7	8	1	54	7
3710	23	9	2	2	104	2
3711	24	8	1	1	86	7
3712	23	9	2	1	104	5
3713	24	8	1	1	87	4
3714	16	9	4	1	72	8
3715	17	2	3	2	53	8
3716	18	3	6	1	49	8
3717	19	9	1	2	100	6
3718	20	9	3	1	75	7
3719	22	9	2	2	104	4
3720	23	8	1	1	88	5
3721	22	9	2	1	104	5
3722	23	8	1	1	89	4
3723	26	5	2	1	47	2
3724	33	3	3	1	33	4
3725	41	4	3	1	53	6
3726	19	9	3	1	75	6
3727	20	9	2	2	104	7
3728	21	8	1	1	89	2
3729	20	9	9	1	47	7
3730	21	1	9	1	27	8
3731	23	8	1	2	90	8
3732	24	6	2	1	58	8
3733	28	5	5	1	52	8
3734	29	9	1	2	100	2
3735	29	9	1	1	101	4
3736	23	7	2	1	69	8
3737	24	8	7	1	44	8
3738	25	5	5	1	52	8
3739	30	7	8	1	54	6
3740	17	2	6	1	32	8
3741	18	2	3	2	53	6
3742	19	2	2	2	68	4
3743	20	1	1	1	53	5
3744	25	3	4	1	46	3
3745	28	4	3	1	54	2
3746	31	8	1	1	90	8
3747	19	2	2	1	68	7
3748	20	1	1	1	53	2
3749	18	2	3	1	53	7
3750	19	9	3	1	75	6
3751	20	9	2	2	104	7
3752	21	8	1	1	91	2
3753	22	3	3	1	33	2
3754	20	9	9	1	47	7
3755	21	1	9	1	27	8
3756	23	8	1	2	91	7
3757	24	9	2	1	104	2
3758	25	8	2	1	85	1
3759	27	2	2	1	68	6
3760	29	1	5	1	46	5
3761	23	7	2	1	69	7
3762	24	4	7	1	28	8
3763	26	8	1	2	91	8
3764	27	3	3	1	34	8
3765	32	3	1	1	53	2
3766	26	8	3	1	43	8
3767	27	8	7	1	44	6
3768	31	1	5	1	47	5
3769	13	2	6	1	32	9
3770	14	2	2	2	68	4
3771	15	1	1	1	54	5
3772	16	3	1	1	54	2
3773	18	2	3	1	53	6
3774	22	4	5	1	48	2
3775	26	9	7	1	56	1
3776	14	2	4	1	47	4
3777	15	2	3	1	53	8
3778	16	2	2	2	68	6
3779	17	1	1	1	54	3
3780	16	2	2	1	68	7
3781	17	1	1	1	55	2
3782	9	7	2	1	69	9
3783	10	2	3	2	53	8
3784	11	2	2	2	68	6
3785	12	1	1	1	56	3
3786	14	2	5	1	48	9
3787	17	1	5	1	48	2
3788	21	3	6	1	49	8
3789	22	9	2	3	104	1
3790	22	9	2	2	105	2
3791	23	3	2	1	52	7
3792	22	9	2	1	105	3
3793	23	8	1	1	91	5
3794	24	4	3	1	54	1
3795	11	1	2	1	63	6
3796	12	7	1	1	67	8
3797	14	2	2	1	68	7
3798	16	2	5	1	48	9
3799	18	8	6	1	27	9
3800	19	3	6	1	49	8
3801	21	9	2	3	105	1
3802	21	9	2	2	106	2
3803	22	8	1	1	91	6
3804	23	9	1	2	102	3
3805	24	4	2	1	44	5
3806	25	6	2	1	58	8
3807	26	4	3	1	55	2
3808	27	3	2	1	53	3
3809	28	8	2	1	85	4
3810	32	7	3	2	73	1
3811	32	7	3	1	74	5
3812	33	6	6	1	49	7
3813	23	9	1	1	102	4
3814	24	8	2	2	85	1
3815	25	3	2	1	53	3
3816	29	8	4	1	31	7
3817	24	8	2	1	85	3
3818	21	9	2	1	106	5
3819	22	8	1	1	91	3
3820	23	8	2	2	86	1
3821	24	9	1	1	102	6
3822	23	8	2	1	86	2
3823	10	3	3	1	34	8
3824	11	2	3	2	53	6
3825	12	2	2	2	68	4
3826	13	3	1	1	54	2
3827	20	3	4	1	46	3
3828	23	4	6	1	45	3
3829	27	6	3	1	46	2
3830	30	5	4	1	42	7
3831	12	2	2	1	68	7
3832	13	7	1	1	67	8
3833	16	1	2	1	63	5
3834	11	2	3	1	53	7
3835	12	2	2	2	68	4
3836	12	2	2	1	69	6
3837	13	7	1	1	67	8
3838	17	8	6	1	27	9
3839	7	1	1	4	56	1
3840	8	2	2	2	69	4
3841	9	1	3	1	64	5
3842	11	2	1	1	60	6
3843	12	3	1	1	54	3
3844	13	2	4	2	47	1
3845	14	2	5	1	48	7
3846	17	2	3	1	53	8
3847	18	3	2	2	53	2
3848	19	3	3	1	34	7
3849	20	9	3	2	75	9
3850	21	8	2	3	87	1
3851	22	9	1	1	103	8
3852	23	9	2	2	106	3
3853	24	8	8	1	46	2
3854	23	9	2	1	106	5
3855	24	7	1	1	67	7
3856	26	8	7	1	44	8
3857	29	9	9	1	47	4
3858	33	7	2	1	69	3
3859	21	8	2	2	87	5
3860	22	9	1	1	103	4
3861	23	7	1	1	67	8
3862	24	9	2	2	106	1
3863	24	9	2	1	107	6
3864	25	8	1	1	91	2
3865	30	7	3	1	74	1
3866	21	8	2	1	87	7
3867	22	9	1	1	103	2
3868	23	9	2	2	107	1
3869	23	9	2	1	108	3
3870	24	7	1	1	67	8
3871	28	7	2	1	70	6
3872	31	6	2	1	58	8
3873	20	8	3	1	43	9
3874	21	9	4	1	72	9
3875	22	9	3	2	75	3
3876	23	9	1	1	103	2
3877	22	9	3	1	75	6
3878	23	9	1	1	104	5
3879	25	8	1	1	91	4
3880	18	3	2	1	53	7
3881	19	3	3	1	34	2
3882	22	7	3	2	75	3
3883	23	6	2	1	59	5
3884	22	7	3	1	75	4
3885	23	6	2	1	60	6
3886	13	2	4	1	47	7
3887	14	2	5	1	48	9
3888	19	9	3	1	75	9
3889	21	3	2	1	53	2
3890	22	3	3	1	34	7
3891	23	7	4	2	61	1
3892	24	8	2	3	87	1
3893	25	9	1	1	104	8
3894	26	9	6	1	60	2
3895	24	8	2	2	87	5
3896	25	9	1	1	104	4
3897	26	8	8	1	47	2
3898	29	9	4	1	72	6
3899	24	8	2	1	87	7
3900	25	9	1	1	104	2
3901	27	3	6	1	49	8
3902	23	8	4	1	32	1
3903	24	9	1	2	104	2
3904	25	8	2	1	87	7
3905	24	9	1	1	104	4
3906	25	8	2	1	88	5
3907	27	8	8	1	47	2
3908	31	9	4	1	73	6
3909	8	2	2	1	69	8
3910	9	1	3	1	64	9
3911	10	1	2	1	64	6
3912	15	4	5	2	48	1
3913	16	5	6	1	48	2
3914	17	1	4	1	32	2
3915	18	2	4	2	47	1
3916	19	1	5	1	48	5
3917	23	9	2	2	108	2
3918	24	9	6	2	61	1
3919	25	9	4	1	74	8
3920	26	3	6	1	50	8
3921	27	3	5	1	31	7
3922	28	8	2	2	88	1
3923	29	8	3	1	43	8
3924	30	8	8	1	47	2
3925	31	8	7	1	44	6
3926	34	9	7	1	57	3
3927	37	9	1	1	104	5
3928	28	8	2	1	88	3
3929	24	9	6	1	61	4
3930	25	9	4	1	74	8
3931	29	8	3	1	43	8
3932	23	8	2	1	89	2
3933	24	9	1	2	105	3
3934	25	9	3	1	75	5
3935	26	9	2	1	108	1
3936	24	9	1	1	105	6
3937	25	9	3	1	75	8
3938	26	9	2	1	109	4
3939	18	2	4	1	47	6
3940	19	1	5	1	48	3
3941	24	9	4	2	74	7
3942	25	3	6	1	50	8
3943	24	9	4	1	74	8
3944	25	3	6	1	51	8
3945	28	9	3	1	75	6
3946	15	4	5	1	48	2
3947	16	5	6	1	48	1
3948	17	2	4	1	47	1
3949	18	1	5	1	48	5
3950	21	9	2	2	110	1
3951	21	8	2	1	89	1
3952	22	9	2	2	111	2
3953	23	9	3	2	76	8
3954	24	9	1	1	105	7
3955	23	8	3	1	44	8
3956	24	9	4	1	74	8
3957	26	8	9	1	43	4
3958	28	9	3	1	76	6
3959	29	9	1	1	106	5
3960	30	8	1	1	92	7
3961	22	5	2	1	47	2
3962	23	9	2	2	111	3
3963	24	8	1	1	93	6
3964	31	8	8	1	47	2
3965	23	9	2	1	111	4
3966	24	3	2	1	53	3
3967	27	4	2	1	44	7
3968	7	2	1	3	60	4
3969	8	2	2	1	69	1
3970	9	1	3	2	64	3
3971	10	1	1	1	56	2
3972	11	1	2	1	64	9
3973	14	2	3	1	53	6
3974	19	7	1	1	67	8
3975	20	9	1	1	106	1
3976	22	9	2	1	111	5
3977	9	1	3	1	64	6
3978	10	1	1	1	56	5
3979	7	2	1	2	60	6
3980	8	2	2	1	69	1
3981	7	2	1	1	60	7
3982	8	2	2	1	70	1
3983	11	1	3	1	64	6
3984	15	4	5	2	48	1
3985	16	5	6	1	48	2
3986	17	9	2	2	112	2
3987	18	9	3	2	76	9
3988	19	7	3	2	75	7
3989	20	6	2	1	61	8
3990	22	7	1	1	67	8
3991	19	8	3	1	44	7
3992	20	8	1	3	93	1
3993	21	7	1	1	68	3
3994	22	9	1	1	106	4
3995	20	8	1	2	93	4
3996	21	7	1	1	68	6
3997	22	9	1	1	107	1
3998	20	8	1	1	93	6
3999	21	7	1	1	68	8
4000	22	9	1	1	108	4
4001	18	8	3	1	44	9
4002	19	9	4	1	74	9
4003	21	9	9	1	47	8
4004	26	9	3	1	76	7
4005	30	7	4	1	61	2
4006	33	7	8	1	55	9
4007	38	7	3	1	75	5
4008	17	8	2	1	89	2
4009	18	8	3	1	44	9
4010	20	2	6	1	32	9
4011	15	4	5	1	48	2
4012	16	5	6	1	48	1
4013	20	2	6	1	33	4
4014	24	9	3	1	76	9
4015	25	9	5	2	61	1
4016	26	9	4	1	74	8
4017	28	8	7	1	44	8
4018	25	9	5	1	61	4
4019	26	9	4	1	74	8
4020	29	3	6	1	51	8
4021	5	1	8	1	42	5
4022	6	2	7	1	42	4
4023	7	2	1	4	60	1
4024	8	1	3	1	64	9
4025	9	7	2	2	70	9
4026	10	2	3	2	53	8
4027	11	7	1	1	68	8
4028	12	2	2	2	70	6
4029	13	1	1	1	57	3
4030	12	1	2	1	64	6
4031	13	3	1	1	54	5
4032	14	2	2	1	70	7
4033	16	3	4	1	46	2
4034	17	9	2	3	112	1
4035	17	9	2	2	113	2
4036	18	8	1	1	93	6
4037	19	9	1	2	109	3
4038	20	4	2	1	45	5
4039	21	6	2	1	61	8
4040	22	8	2	2	89	1
4041	23	9	3	1	76	4
4042	27	9	6	1	61	1
4043	22	8	2	1	89	4
4044	23	9	3	1	76	7
4045	28	7	3	2	76	1
4046	29	8	3	1	44	5
4047	28	7	3	1	76	5
4048	29	8	3	1	45	1
4049	32	5	4	1	43	6
4050	19	9	1	1	109	4
4051	20	8	2	2	89	1
4052	21	9	3	1	76	5
4053	25	5	4	1	44	3
4054	20	8	2	1	89	3
4055	21	9	3	1	76	7
4056	28	7	3	1	76	1
4057	30	8	3	1	45	5
4058	17	9	2	1	113	5
4059	18	8	1	1	93	3
4060	19	8	2	2	89	1
4061	20	9	1	1	109	6
4062	19	8	2	1	89	2
4063	20	9	1	1	110	4
4064	10	3	3	1	34	8
4065	11	7	1	1	68	8
4066	12	2	5	2	48	9
4067	13	8	6	1	28	9
4068	14	2	6	1	33	8
4069	15	3	6	2	52	7
4070	16	2	2	2	70	7
4071	17	1	1	1	58	2
4072	18	1	2	2	64	6
4073	18	2	3	1	53	6
4074	19	1	2	1	65	4
4075	16	2	3	1	53	7
4076	17	9	2	1	113	1
4077	15	6	6	1	50	7
4078	16	7	5	1	60	1
4079	18	9	4	2	74	8
4080	18	8	4	1	32	8
4081	19	9	4	2	75	6
4082	20	3	2	1	53	7
4083	19	9	4	1	75	7
4084	20	3	5	1	31	7
4085	21	9	7	2	57	1
4086	22	8	3	1	46	7
4087	24	8	2	1	89	1
4088	26	1	1	1	58	2
4089	27	3	4	1	46	2
4090	21	9	7	1	57	2
4091	12	2	6	1	33	9
4092	13	6	6	2	50	8
4093	14	7	5	1	60	1
4094	16	2	5	1	48	8
4095	13	8	6	1	28	8
4096	14	2	5	1	49	8
4097	15	3	6	2	52	7
4098	16	2	2	2	70	7
4099	17	1	1	1	58	2
4100	18	1	5	1	48	3
4101	20	3	4	1	47	2
4102	26	3	5	1	31	4
4103	30	8	4	1	32	3
4104	33	8	5	1	27	9
4105	36	8	1	1	93	5
4106	16	2	3	1	53	7
4107	17	8	1	1	94	7
4108	18	9	2	1	114	1
4109	15	6	6	1	50	7
4110	16	5	5	1	52	9
4111	18	8	4	1	32	9
4112	19	1	5	2	48	1
4113	20	2	4	1	47	7
4114	21	2	2	1	70	5
4115	19	1	5	1	48	3
4116	20	2	4	1	47	5
4117	25	8	5	1	27	6
4118	9	7	1	1	68	9
4119	10	6	2	2	61	9
4120	11	7	2	2	70	8
4121	12	8	2	2	89	1
4122	13	2	3	2	53	8
4123	14	2	2	2	71	6
4124	15	1	1	1	58	3
4125	14	1	2	1	66	6
4126	15	3	1	1	54	5
4127	16	2	2	1	71	7
4128	18	3	4	1	47	2
4129	19	4	3	2	55	1
4130	20	9	2	2	115	2
4131	21	8	1	1	94	7
4132	22	6	3	1	46	7
4133	25	5	2	1	47	4
4134	20	5	2	1	48	2
4135	21	9	2	2	115	3
4136	22	8	1	1	94	6
4137	26	5	1	1	46	8
4138	21	9	2	1	115	5
4139	22	8	1	1	94	4
4140	26	9	1	1	111	6
4141	19	4	3	1	55	2
4142	20	5	2	1	48	4
4143	13	3	3	1	34	8
4144	14	2	2	2	71	7
4145	15	1	1	1	59	2
4146	16	1	2	2	66	4
4147	17	3	1	1	54	3
4148	20	3	2	1	54	5
4149	23	4	5	1	48	3
4150	16	1	2	1	66	6
4151	14	2	3	1	53	7
4152	15	2	2	2	71	5
4153	15	2	2	1	72	6
4154	16	1	1	1	59	3
4155	12	8	3	1	46	1
4156	13	5	2	1	49	1
4157	14	2	3	2	53	8
4158	15	2	2	2	72	7
4159	16	1	1	1	60	2
4160	18	3	4	1	47	2
4161	24	9	1	1	112	3
4162	15	3	3	1	34	7
4163	16	9	3	2	76	5
4164	17	9	1	2	113	2
4165	17	9	1	1	114	3
4166	18	3	2	1	54	3
4167	16	9	3	1	76	6
4168	17	9	4	1	75	7
4169	18	4	2	1	45	7
4170	14	3	3	1	34	8
4171	15	2	2	2	72	7
4172	16	1	1	1	60	2
4173	17	8	2	2	89	2
4174	18	8	8	1	48	4
4175	21	1	7	1	28	8
4176	17	8	2	1	89	3
4177	18	8	8	1	48	2
4178	15	2	3	1	53	7
4179	16	9	2	2	115	7
4180	17	8	1	1	94	2
4181	16	8	1	1	95	7
4182	17	9	2	1	115	2
4183	11	4	2	1	46	8
4184	12	8	1	1	95	8
4185	13	9	2	1	116	1
4186	10	4	2	1	46	9
4187	11	2	5	2	49	9
4188	12	8	6	1	28	9
4189	14	2	3	2	53	8
4190	15	3	6	1	52	8
4191	16	8	1	2	95	8
4192	17	9	4	1	75	8
4193	20	5	5	1	52	8
4194	21	9	6	2	62	2
4195	22	9	7	1	58	3
4196	21	9	6	1	62	3
4197	16	7	2	1	70	8
4198	17	2	2	2	72	6
4199	18	1	1	1	60	3
4200	17	1	2	1	67	6
4201	18	3	1	1	54	5
4202	19	1	1	1	61	2
4203	21	3	4	1	47	2
4204	23	8	2	2	89	1
4205	24	5	3	1	45	1
4206	25	7	4	2	61	1
4207	25	7	4	1	62	3
4208	26	6	2	1	61	5
4209	23	5	2	1	49	1
4210	24	9	2	2	117	2
4211	25	6	2	1	62	5
4212	24	8	2	1	89	2
4213	25	9	2	2	117	3
4214	25	9	2	1	118	5
4215	26	6	6	1	50	7
4216	14	2	6	1	33	8
4217	15	3	2	2	55	8
4218	16	4	3	1	55	1
4219	17	9	3	2	76	8
4220	18	8	2	1	89	1
4221	19	9	1	1	114	7
4222	20	6	2	1	63	7
4223	22	5	2	1	49	2
4224	24	3	1	1	54	2
4225	17	8	3	1	46	8
4226	18	8	2	1	89	1
4227	20	9	2	2	118	2
4228	21	8	1	1	95	7
4229	22	8	8	1	49	2
4230	24	9	7	2	59	1
4231	25	3	6	1	52	7
4232	24	9	7	1	59	3
4233	25	8	7	1	45	6
4234	27	9	3	1	76	6
4235	29	9	1	1	114	5
4236	20	5	2	1	49	2
4237	21	5	6	2	48	1
4238	22	1	4	1	32	1
4239	23	7	2	2	70	6
4240	24	3	3	1	34	7
4241	23	7	2	1	70	7
4242	24	2	2	2	72	5
4243	25	6	2	1	63	6
4244	24	2	2	1	72	6
4245	25	6	2	1	64	5
4246	21	5	6	1	48	3
4247	22	2	3	1	53	7
4248	15	3	3	1	35	8
4249	16	8	1	2	95	8
4250	17	9	4	1	75	8
4251	20	5	5	1	52	8
4252	21	9	6	2	63	2
4253	22	9	7	1	59	3
4254	21	9	6	1	63	3
4255	16	7	2	1	70	8
4256	17	3	6	2	53	7
4257	18	2	2	2	72	7
4258	19	1	1	1	61	2
4259	20	8	2	2	89	1
4260	21	1	2	2	67	4
4261	21	1	2	1	68	6
4262	20	5	2	1	49	1
4263	21	8	2	2	89	2
4264	22	9	2	3	118	3
4265	23	8	1	1	95	6
4266	25	2	3	1	54	6
4267	22	9	2	2	118	5
4268	23	8	1	1	95	4
4269	22	9	2	1	118	6
4270	23	8	1	1	96	3
4271	21	8	2	1	89	3
4272	22	9	2	1	118	2
4273	18	2	3	1	55	7
4274	19	2	2	2	72	5
4275	19	2	2	1	73	6
4276	20	3	1	1	55	2
4277	17	6	6	1	51	7
4278	18	5	5	1	52	8
4279	20	6	2	2	65	5
4280	21	8	4	1	32	8
4281	22	2	3	1	55	5
4282	24	9	1	1	115	5
4283	20	6	2	1	65	6
4284	21	2	3	1	55	6
4285	23	8	8	1	49	2
4286	11	2	6	1	33	9
4287	12	2	2	3	73	5
4288	13	1	1	1	61	4
4289	14	2	5	1	49	8
4290	21	4	5	1	49	2
4291	23	8	6	1	28	8
4292	29	3	5	1	31	4
4293	12	2	2	2	73	6
4294	13	1	1	1	61	3
4295	12	2	2	1	73	7
4296	13	1	1	1	62	2
4297	14	2	4	1	47	5
4298	15	1	5	2	48	1
4299	16	2	5	1	49	6
4300	17	2	3	1	55	8
4301	19	3	1	1	56	5
4302	21	8	1	2	97	8
4303	22	3	6	1	53	8
4304	21	7	2	1	70	8
4305	22	9	1	3	116	3
4306	23	9	2	2	119	2
4307	23	9	2	1	120	5
4308	24	3	2	1	55	4
4309	22	9	1	2	116	4
4310	23	9	2	2	120	2
4311	24	3	2	1	56	3
4312	23	9	2	1	120	3
4313	22	9	1	1	116	6
4314	23	3	2	1	57	3
4315	26	8	1	1	97	4
4316	15	1	5	1	48	3
4317	16	2	5	1	49	8
4318	17	2	3	1	55	6
4319	21	4	5	1	49	1
4320	23	3	2	1	57	5
4321	26	8	1	1	98	7
4322	7	1	1	4	62	1
4323	8	2	2	2	73	5
4324	9	1	3	1	64	6
4325	11	2	1	1	60	7
4326	15	1	5	1	48	3
4327	22	1	4	1	32	2
4328	25	9	2	1	121	2
4329	26	9	7	1	60	1
4330	8	2	2	1	73	8
4331	9	1	3	1	64	9
4332	7	1	1	3	62	2
4333	8	2	2	1	73	1
4334	10	1	3	1	65	3
4335	11	2	1	1	60	5
4336	13	2	3	1	55	6
4337	19	7	1	1	68	8
4338	20	9	4	1	75	9
4339	22	9	3	1	76	7
4340	27	7	3	1	76	2
4341	7	1	1	2	62	3
4342	8	2	2	1	73	1
4343	10	1	3	1	65	4
4344	13	2	1	1	60	7
4345	16	1	5	1	48	1
4346	22	9	3	1	76	9
4347	25	8	2	1	89	8
4348	7	1	1	1	62	4
4349	2	2	9	1	41	3
4350	3	2	8	1	41	2
4351	4	3	7	1	42	9
4352	5	1	8	2	42	4
4353	6	2	7	1	42	5
4354	7	1	1	4	63	1
4355	8	2	2	2	73	4
4356	9	1	2	1	69	9
4357	11	2	1	1	60	6
4358	12	3	1	1	56	3
4359	13	2	4	2	47	1
4360	14	1	5	1	48	6
4361	17	2	3	1	55	8
4362	18	9	3	2	76	9
4363	19	7	9	2	57	9
4364	20	3	2	2	57	7
4365	21	4	2	1	46	8
4366	24	9	2	2	121	1
4367	24	8	2	1	90	1
4368	25	9	1	1	116	8
4369	26	9	2	2	122	3
4370	27	8	1	1	99	2
4371	26	5	2	1	49	3
4372	27	8	1	1	100	5
4373	20	3	3	1	35	7
4374	21	3	2	1	57	2
4375	22	8	2	3	90	1
4376	23	9	1	1	116	8
4377	24	9	2	2	122	3
4378	25	8	1	2	101	2
4379	26	7	2	1	70	7
4380	32	4	3	1	55	3
4381	25	8	1	1	101	4
4382	26	7	2	1	70	5
4383	24	9	2	1	122	5
4384	25	8	1	1	101	2
4385	27	8	8	1	50	3
4386	28	4	3	2	56	1
4387	29	7	2	1	71	6
4388	28	4	3	1	56	6
4389	29	7	2	1	72	6
4390	33	7	4	1	62	4
4391	22	8	2	2	90	5
4392	23	9	1	1	116	4
4393	24	7	1	1	68	8
4394	25	9	2	2	122	1
4395	25	9	2	1	123	6
4396	26	8	1	1	101	2
4397	31	7	3	1	77	1
4398	22	8	2	1	90	7
4399	23	9	1	1	116	2
4400	24	9	2	2	123	1
4401	24	9	2	1	124	3
4402	25	7	1	1	68	8
4403	29	7	2	1	72	6
4404	31	7	3	1	78	1
4405	19	7	8	1	55	9
4406	20	3	2	2	57	7
4407	21	3	3	1	35	2
4408	24	9	2	2	124	1
4409	24	8	2	1	90	1
4410	25	9	1	1	116	8
4411	26	5	8	1	43	8
4412	27	9	2	2	125	2
4413	28	6	3	1	46	4
4414	27	8	1	1	101	2
4415	28	6	3	1	47	3
4416	20	3	3	1	35	7
4417	21	3	2	1	57	2
4418	22	8	2	3	90	1
4419	23	9	1	1	116	8
4420	24	9	2	2	125	3
4421	25	8	1	2	101	2
4422	26	8	8	1	50	3
4423	33	4	3	1	56	3
4424	25	8	1	1	101	4
4425	26	8	8	1	50	6
4426	24	9	2	1	125	5
4427	25	8	1	1	101	2
4428	27	8	8	1	51	3
4429	29	9	4	1	75	7
4430	30	8	7	1	45	7
4431	22	8	2	2	90	5
4432	23	9	1	1	116	4
4433	24	7	1	1	68	8
4434	25	9	2	2	125	1
4435	25	9	2	1	126	6
4436	26	8	1	1	101	2
4437	22	8	2	1	90	7
4438	23	9	1	1	116	2
4439	24	9	2	2	126	1
4440	24	9	2	1	127	3
4441	25	7	1	1	68	8
4442	29	7	2	1	72	6
4443	31	7	3	1	79	1
4444	18	8	3	1	46	9
4445	19	9	4	1	75	9
4446	20	7	9	2	57	9
4447	21	3	2	2	57	7
4448	22	4	3	1	57	1
4449	25	7	1	1	68	8
4450	26	9	2	2	127	1
4451	27	1	7	1	29	8
4452	26	8	2	1	90	1
4453	21	3	3	1	35	7
4454	22	3	2	1	57	2
4455	24	8	7	1	46	7
4456	20	7	8	1	55	9
4457	21	3	2	2	57	7
4458	22	3	3	1	35	2
4459	25	7	1	1	68	8
4460	26	9	2	2	127	1
4461	27	8	1	1	102	7
4462	28	9	3	1	76	6
4463	26	8	2	1	91	1
4464	27	8	1	1	102	7
4465	21	3	3	1	35	7
4466	22	3	2	1	57	2
4467	24	8	7	1	47	7
4468	13	2	4	1	47	7
4469	14	1	5	1	48	2
4470	19	4	5	1	49	1
4471	21	3	2	1	57	2
4472	22	3	3	1	35	7
4473	23	7	4	2	63	1
4474	24	8	2	3	91	1
4475	25	9	1	1	116	8
4476	26	9	4	1	75	6
4477	24	8	2	2	91	5
4478	25	9	1	1	116	4
4479	26	7	1	1	68	8
4480	28	9	2	2	127	1
4481	28	9	2	1	128	6
4482	29	6	3	1	48	3
4483	24	8	2	1	91	7
4484	25	9	1	1	116	2
4485	27	3	6	1	54	8
4486	23	8	4	1	32	1
4487	24	9	1	2	116	2
4488	25	8	2	1	91	7
4489	24	9	1	1	116	4
4490	25	8	2	1	92	5
4491	28	8	9	1	43	2
4492	8	2	2	1	73	8
4493	9	1	3	1	65	9
4494	10	1	2	1	69	6
4495	15	4	5	2	49	1
4496	16	5	6	1	48	2
4497	17	1	4	1	32	2
4498	18	2	4	2	47	1
4499	19	2	6	1	33	9
4500	23	9	2	2	128	2
4501	24	9	6	2	64	1
4502	25	9	4	1	76	8
4503	26	3	6	1	55	8
4504	27	3	5	1	32	7
4505	28	8	2	2	92	1
4506	29	8	3	1	46	8
4507	30	8	7	1	48	7
4508	28	8	2	1	92	3
4509	24	9	6	1	64	4
4510	25	9	4	1	76	8
4511	29	8	3	1	46	8
4512	23	8	2	1	93	2
4513	24	9	1	2	116	3
4514	25	9	3	1	77	5
4515	26	9	2	1	128	1
4516	24	9	1	1	116	6
4517	25	9	3	1	77	8
4518	26	9	2	1	129	4
4519	18	2	4	1	47	6
4520	19	2	6	1	33	1
4521	24	9	4	2	76	7
4522	25	3	6	1	55	8
4523	28	5	5	1	52	8
4524	24	9	4	1	76	8
4525	25	3	6	1	55	8
4526	27	9	5	1	61	4
4527	15	4	5	1	49	2
4528	16	5	6	1	48	1
4529	17	2	4	1	47	1
4530	18	2	6	1	33	9
4531	21	9	2	2	130	1
4532	21	8	2	1	93	1
4533	22	9	2	2	131	2
4534	23	9	1	3	116	3
4535	23	9	1	2	117	5
4536	24	9	3	1	77	6
4537	23	9	1	1	117	7
4538	24	9	3	1	78	8
4539	22	5	2	1	49	2
4540	23	9	2	2	131	3
4541	24	8	1	1	103	6
4542	31	9	1	1	117	7
4543	23	9	2	1	131	4
4544	24	3	3	1	35	5
4545	27	4	3	1	57	4
4546	7	2	1	4	60	1
4547	8	1	3	2	65	6
4548	9	2	2	1	73	4
4549	11	1	2	1	69	9
4550	13	2	3	1	55	7
4551	14	2	5	1	49	9
4552	15	8	6	1	28	9
4553	16	9	3	1	79	9
4554	17	9	2	2	131	1
4555	17	5	2	1	49	1
4556	18	9	2	2	132	2
4557	19	7	3	2	80	1
4558	20	9	1	3	118	3
4559	21	8	2	1	93	6
4560	23	7	1	1	68	7
4561	25	5	3	1	45	8
4562	20	9	1	2	118	4
4563	21	8	2	1	93	5
4564	20	9	1	1	118	6
4565	21	8	2	1	94	3
4566	23	7	1	1	68	7
4567	34	4	3	1	58	2
4568	19	8	3	1	47	1
4569	20	7	1	1	68	7
4570	24	8	1	1	103	5
4571	28	4	3	1	59	2
4572	31	7	3	1	80	4
4573	32	7	6	1	48	6
4574	33	6	7	1	47	3
4575	36	3	3	1	35	3
4576	18	9	2	1	132	3
4577	19	7	1	1	68	7
4578	8	1	3	1	65	9
4579	9	7	2	2	72	9
4580	10	2	3	2	55	8
4581	11	7	1	1	69	8
4582	12	2	2	2	73	6
4583	13	1	1	1	63	3
4584	14	2	5	1	49	9
4585	17	8	6	1	28	9
4586	21	3	6	1	55	8
4587	22	9	2	3	132	1
4588	22	9	2	2	133	2
4589	23	8	2	1	94	1
4590	22	9	2	1	133	3
4591	23	8	1	1	103	5
4592	24	3	2	1	57	7
4593	12	1	2	1	69	6
4594	13	3	1	1	56	5
4595	14	2	2	1	73	7
4596	16	2	5	1	49	9
4597	18	8	6	1	28	9
4598	19	3	6	1	55	8
4599	21	9	2	3	133	1
4600	21	9	2	2	134	2
4601	22	8	1	1	103	6
4602	23	9	1	2	118	3
4603	24	4	2	1	46	5
4604	25	6	2	1	65	8
4605	26	4	3	1	59	2
4606	27	3	2	1	58	3
4607	28	8	2	1	95	4
4608	32	7	3	2	80	1
4609	32	7	3	1	81	5
4610	33	7	4	1	63	3
4611	23	9	1	1	118	4
4612	24	8	2	2	95	1
4613	25	3	2	1	58	3
4614	29	8	4	1	32	7
4615	24	8	2	1	95	3
4616	25	3	2	1	58	4
4617	21	9	2	1	134	5
4618	22	8	1	1	103	3
4619	23	8	2	2	95	1
4620	24	9	1	1	118	6
4621	23	8	2	1	95	2
4622	10	3	3	1	36	8
4623	11	7	1	1	69	8
4624	12	9	2	5	134	1
4625	12	9	2	4	135	2
4626	13	8	1	1	103	6
4627	14	2	3	1	55	6
4628	15	9	1	2	119	3
4629	16	8	2	2	96	1
4630	17	9	3	1	79	4
4631	18	9	4	1	76	7
4632	16	8	2	1	96	4
4633	17	9	3	1	79	7
4634	22	2	5	1	49	9
4635	15	9	1	1	119	4
4636	16	8	2	1	96	1
4637	20	2	2	1	73	4
4638	12	9	2	3	135	3
4639	13	8	1	1	103	5
4640	12	9	2	2	135	5
4641	13	8	1	1	104	3
4642	14	2	3	1	55	6
4643	15	9	1	1	119	6
4644	20	2	2	1	74	4
4645	32	5	6	1	48	1
4646	12	9	2	1	135	6
4647	13	8	1	1	104	2
4648	9	7	1	1	69	9
4649	10	6	2	2	65	9
4650	11	7	2	2	72	8
4651	12	8	2	2	96	1
4652	13	2	3	2	55	8
4653	14	2	2	2	74	7
4654	15	1	2	1	69	6
4655	17	3	1	1	56	5
4656	20	8	6	1	28	9
4657	22	3	6	1	55	8
4658	24	4	3	2	59	1
4659	25	9	2	2	135	2
4660	26	8	1	1	105	7
4661	27	5	3	1	46	2
4662	25	5	2	1	49	2
4663	26	9	2	2	135	3
4664	27	3	2	1	59	4
4665	31	5	6	1	49	4
4666	26	9	2	1	135	5
4667	27	3	2	1	59	3
4668	31	9	3	1	79	7
4669	33	5	4	1	45	3
4670	37	4	6	1	45	7
4671	24	4	3	1	59	2
4672	14	3	3	1	36	7
4673	15	2	2	2	74	4
4674	16	1	1	1	63	5
4675	15	2	2	1	74	6
4676	16	1	1	1	64	3
4677	17	3	1	1	56	4
4678	21	4	4	1	27	9
4679	27	8	1	1	105	2
4680	29	3	4	1	47	3
4681	13	3	3	1	36	8
4682	14	2	3	2	55	6
4683	15	2	2	1	74	7
4684	18	3	2	1	59	3
4685	14	2	3	1	55	7
4686	15	2	2	2	74	4
4687	15	2	2	1	75	6
4688	16	1	1	1	64	3
4689	19	1	2	1	69	5
4690	12	8	3	1	47	1
4691	13	5	2	1	49	1
4692	14	2	3	2	55	8
4693	15	2	2	2	75	7
4694	16	1	1	1	64	2
4695	18	3	4	1	48	2
4696	25	8	1	1	105	7
4697	15	3	3	1	36	7
4698	16	9	2	2	135	7
4699	17	8	1	1	106	2
4700	16	4	2	1	46	7
4701	17	8	1	1	107	7
4702	18	9	2	1	135	2
4703	14	3	3	1	36	8
4704	15	2	3	2	55	6
4705	16	2	2	1	75	7
4706	19	3	1	1	56	4
4707	15	2	3	1	55	7
4708	16	9	2	2	136	7
4709	17	8	1	1	107	2
4710	16	4	2	1	46	7
4711	17	8	1	1	108	7
4712	18	9	2	1	136	2
4713	11	4	2	1	46	8
4714	12	8	1	1	108	8
4715	13	9	2	1	137	1
4716	10	4	2	1	46	9
4717	11	2	5	2	50	9
4718	12	8	6	1	28	9
4719	14	3	6	2	55	8
4720	15	2	3	1	55	8
4721	16	8	1	2	108	8
4722	17	6	2	1	65	8
4723	20	5	5	1	53	8
4724	21	9	6	2	64	2
4725	22	9	7	1	61	3
4726	21	9	6	1	64	3
4727	16	7	2	1	72	8
4728	17	2	2	2	75	6
4729	18	1	1	1	64	3
4730	19	1	2	1	70	5
4731	21	1	5	1	48	2
4732	23	2	6	1	33	4
4733	24	5	6	2	50	1
4734	24	5	6	1	51	2
4735	25	4	5	2	49	1
4736	25	4	5	1	50	3
4737	26	5	5	1	53	8
4738	32	6	2	1	65	4
4739	17	1	2	1	70	6
4740	18	3	1	1	57	5
4741	19	2	2	1	75	7
4742	21	3	5	1	32	7
4743	23	8	2	2	96	1
4744	24	5	3	1	47	1
4745	25	7	4	2	64	1
4746	25	7	4	1	65	3
4747	26	5	5	1	53	8
4748	23	5	2	1	49	1
4749	24	9	2	2	138	5
4750	25	6	6	1	51	7
4751	24	6	2	1	66	5
4752	25	6	6	1	52	7
4753	14	2	6	1	33	8
4754	15	2	3	2	55	6
4755	16	2	2	2	75	4
4756	17	1	2	1	70	3
4757	22	3	4	1	48	3
4758	25	4	3	1	60	2
4759	28	9	1	1	119	3
4760	16	2	2	1	75	7
4761	17	1	1	1	64	2
4762	15	2	3	1	55	7
4763	16	2	2	2	75	4
4764	17	1	1	1	65	5
4765	16	2	2	1	75	6
4766	17	1	1	1	66	3
4767	11	2	6	1	33	9
4768	12	2	2	2	75	4
4769	13	1	1	1	67	5
4770	14	1	2	1	70	3
4771	16	2	4	1	47	7
4772	20	3	4	1	48	3
4773	23	8	6	1	28	8
4774	29	5	2	1	49	5
4775	12	2	4	1	47	4
4776	13	2	3	1	55	8
4777	14	2	2	2	75	6
4778	15	1	5	1	48	3
4779	14	2	2	1	75	7
4780	15	1	5	1	49	2
4781	7	1	1	3	67	2
4782	8	2	2	1	75	1
4783	10	1	3	1	65	3
4784	11	2	1	1	60	4
4785	13	2	3	1	55	6
4786	19	7	1	1	69	8
4787	21	2	6	1	33	9
4788	25	2	4	1	47	7
4789	32	5	3	1	47	5
4790	7	1	1	2	67	3
4791	7	1	1	1	68	5
4792	8	2	2	1	75	1
4793	9	1	3	1	65	6
4794	10	1	2	1	70	9
4795	13	2	3	1	55	8
4796	15	5	6	2	51	1
4797	16	4	5	1	50	2
4798	18	2	4	1	47	6
4799	22	8	6	1	28	9
4800	24	9	3	1	79	9
4801	25	9	5	2	62	1
4802	26	9	4	1	77	8
4803	28	9	7	1	62	2
4804	25	9	5	1	62	4
4805	26	9	4	1	77	8
4806	29	3	5	1	32	7
4807	34	9	2	1	138	7
4808	15	5	6	1	51	2
4809	16	4	5	1	50	1
4810	17	9	2	2	139	2
4811	18	9	3	2	79	9
4812	19	7	3	2	81	7
4813	20	7	4	1	65	1
4814	22	9	4	1	77	8
4815	26	3	5	1	32	7
4816	19	8	3	1	47	7
4817	20	8	1	3	108	1
4818	21	7	1	1	69	3
4819	23	9	7	1	63	4
4820	20	8	1	2	108	4
4821	21	7	1	1	69	6
4822	22	8	2	1	96	8
4823	20	8	1	1	108	6
4824	21	7	1	1	69	8
4825	23	9	1	1	120	4
4826	18	8	3	1	47	9
4827	19	9	4	1	77	9
4828	21	2	4	1	47	4
4829	26	1	9	1	27	7
4830	29	8	8	1	51	5
4831	30	8	7	1	49	7
4832	32	6	7	1	47	2
4833	36	7	1	1	69	3
4834	17	8	2	1	97	2
4835	18	8	3	1	47	9
4836	20	2	6	1	33	9
4837	5	1	8	1	42	5
4838	6	2	7	1	42	4
4839	7	1	1	4	68	1
4840	8	1	2	1	70	9
4841	9	1	3	1	65	6
4842	13	2	1	1	60	7
4843	16	4	5	1	50	1
4844	22	1	4	1	32	2
4845	25	9	2	1	139	2
4846	26	9	6	1	65	3
4847	30	8	7	1	49	8
4848	7	2	1	4	60	1
4849	8	1	3	1	65	9
4850	9	7	2	2	72	9
4851	10	2	3	2	55	8
4852	11	7	1	1	70	8
4853	12	2	2	2	75	6
4854	13	1	1	1	68	3
4855	12	1	2	1	70	6
4856	13	3	1	1	57	5
4857	14	1	1	1	69	2
4858	16	3	4	1	48	2
4859	17	9	2	3	139	1
4860	17	9	2	2	140	2
4861	18	8	1	1	108	6
4862	19	9	1	2	121	3
4863	20	4	2	1	46	5
4864	21	6	2	1	66	8
4865	22	8	2	2	97	1
4866	23	9	3	1	79	4
4867	27	4	3	1	60	1
4868	30	5	1	1	47	9
4869	32	7	4	2	65	1
4870	32	7	4	1	66	3
4871	33	7	6	1	48	1
4872	22	8	2	1	97	4
4873	23	9	3	1	79	7
4874	28	7	3	2	81	1
4875	29	7	4	1	66	7
4876	28	7	3	1	81	5
4877	29	7	4	1	67	3
4878	32	6	3	1	49	3
4879	19	9	1	1	121	4
4880	20	8	2	2	97	1
4881	21	9	3	1	79	5
4882	25	5	4	1	45	3
4883	20	8	2	1	97	3
4884	21	9	3	1	79	7
4885	28	7	3	1	81	1
4886	30	8	8	1	51	7
4887	17	9	2	1	140	5
4888	18	8	1	1	108	3
4889	19	8	2	2	97	1
4890	20	9	1	1	121	6
4891	19	8	2	1	97	2
4892	20	9	1	1	122	4
4893	10	3	3	1	36	8
4894	11	7	1	1	70	8
4895	12	9	2	5	140	1
4896	12	9	2	4	141	2
4897	13	8	1	1	108	6
4898	14	9	1	2	123	3
4899	15	2	3	1	55	6
4900	16	1	2	1	70	3
4901	18	3	4	1	48	3
4902	22	4	2	1	46	8
4903	25	5	2	1	50	4
4904	14	9	1	1	123	4
4905	15	2	3	1	55	6
4906	16	1	1	1	69	2
4907	19	1	2	1	70	4
4908	21	3	4	1	48	2
4909	22	8	2	2	97	1
4910	23	4	3	1	60	1
4911	27	6	2	1	66	8
4912	22	8	2	1	97	3
4913	23	4	3	1	60	3
4914	31	6	2	1	67	6
4915	12	9	2	3	141	3
4916	13	8	1	1	108	5
4917	14	1	2	1	70	4
4918	16	1	1	1	69	2
4919	20	3	2	1	60	5
4920	24	5	2	1	51	2
4921	28	6	3	1	50	3
4922	12	9	2	2	141	5
4923	13	8	1	1	108	3
4924	14	1	1	1	69	2
4925	12	9	2	1	141	6
4926	13	8	1	1	108	2
4927	9	7	1	1	70	9
4928	10	6	2	2	68	9
4929	11	7	2	2	72	8
4930	12	8	2	2	97	1
4931	13	2	3	2	55	8
4932	14	2	2	2	75	7
4933	15	1	2	1	70	6
4934	17	3	1	1	57	5
4935	19	9	2	2	141	2
4936	20	8	1	1	109	7
4937	21	6	3	1	51	7
4938	22	5	4	1	46	1
4939	23	5	3	1	48	2
4940	26	3	2	1	60	4
4941	19	5	2	1	51	2
4942	20	4	3	1	60	1
4943	21	9	2	2	141	3
4944	22	8	1	1	109	6
4945	26	5	3	1	48	6
4946	21	9	2	1	141	5
4947	22	8	1	1	109	4
4948	26	9	3	1	79	7
4949	28	6	3	1	51	5
4950	32	5	1	1	47	8
4951	14	3	3	1	36	7
4952	15	2	2	2	75	5
4953	15	2	2	1	76	6
4954	16	1	1	1	70	3
4955	13	3	3	1	36	8
4956	14	2	2	2	76	7
4957	15	1	1	1	71	2
4958	16	9	2	2	141	2
4959	17	8	1	1	109	7
4960	18	6	3	1	51	7
4961	19	2	3	1	55	5
4962	16	5	2	1	51	2
4963	17	9	2	2	141	3
4964	18	3	1	1	57	3
4965	21	4	2	1	46	6
4966	17	3	2	1	61	3
4967	14	2	3	1	56	7
4968	15	2	2	2	76	5
4969	15	2	2	1	77	6
4970	16	3	2	1	62	5
4971	12	8	3	1	47	1
4972	13	5	2	1	51	1
4973	14	2	3	2	56	8
4974	15	2	2	2	77	7
4975	16	1	1	1	71	2
4976	18	3	1	1	57	5
4977	24	9	3	1	79	7
4978	15	3	3	1	36	7
4979	16	9	2	2	141	7
4980	17	8	1	1	109	2
4981	16	4	2	1	47	7
4982	17	8	1	1	110	7
4983	18	9	2	1	141	2
4984	14	3	3	1	36	8
4985	15	2	2	2	77	7
4986	16	1	1	1	71	2
4987	17	8	2	2	97	2
4988	18	9	2	2	142	5
4989	18	4	2	1	47	5
4990	19	4	3	1	60	2
4991	17	8	2	1	97	3
4992	18	4	2	1	47	6
4993	15	2	3	1	56	7
4994	16	9	2	2	143	7
4995	17	8	1	1	110	2
4996	16	8	1	1	111	7
4997	17	9	2	1	143	2
4998	11	4	2	1	48	8
4999	12	8	1	1	111	8
5000	13	9	2	1	144	1
5001	10	4	2	1	48	9
5002	11	2	2	3	77	5
5003	12	1	1	1	71	4
5004	13	2	3	1	56	6
5005	17	4	3	2	61	1
5006	18	3	2	1	63	8
5007	21	3	6	1	55	5
5008	26	6	3	1	51	2
5009	17	4	3	1	61	2
5010	18	3	2	1	63	7
5011	21	5	7	1	54	1
5012	26	6	3	1	52	1
5013	11	2	2	2	77	6
5014	12	1	1	1	71	3
5015	11	2	2	1	77	7
5016	12	1	1	1	72	2
5017	13	1	2	2	70	4
5018	14	3	1	1	57	3
5019	17	4	3	2	61	1
5020	18	3	2	1	63	8
5021	21	3	3	1	36	5
5022	17	4	3	1	61	4
5023	18	3	2	1	63	5
5024	20	8	1	2	111	8
5025	21	7	2	1	72	6
5026	20	7	2	1	73	8
5027	21	8	1	1	111	6
5028	23	9	2	1	145	3
5029	24	6	2	1	68	6
5030	13	1	2	1	70	6
5031	14	3	1	1	57	5
5032	15	2	3	1	56	8
5033	17	8	1	2	111	8
5034	18	9	2	1	145	1
5035	17	7	2	1	73	8
5036	18	9	2	3	146	2
5037	19	8	1	1	111	7
5038	18	9	2	2	146	3
5039	18	9	2	1	147	5
5040	19	8	1	1	112	4
5041	20	5	2	1	51	2
5042	22	9	1	1	123	6
5043	25	3	2	1	63	3
5044	31	4	3	1	61	6
5045	36	3	5	1	33	7
5046	7	1	1	3	72	2
5047	8	2	2	1	77	1
5048	10	1	3	1	65	3
5049	11	2	1	1	60	5
5050	13	4	2	1	48	8
5051	19	7	1	1	70	8
5052	20	9	1	1	123	1
5053	22	8	3	1	47	9
5054	28	8	2	1	97	6
5055	7	1	1	2	72	3
5056	8	2	2	1	77	1
5057	10	1	3	1	65	4
5058	13	2	1	1	60	7
5059	16	1	5	1	50	1
5060	22	9	3	1	80	9
5061	25	8	2	1	98	8
5062	7	1	1	1	72	4
5063	1	2	9	3	41	1
5064	2	9	2	8	147	1
5065	3	9	4	1	77	9
5066	4	5	5	2	54	9
5067	5	2	3	2	56	9
5068	6	8	7	1	50	9
5069	7	3	6	1	55	9
5070	10	7	2	2	73	9
5071	11	6	1	1	27	9
5072	12	7	7	2	52	1
5073	13	6	8	1	45	1
5074	14	5	8	1	43	2
5075	12	8	8	1	52	1
5076	13	8	9	1	44	8
5077	14	5	8	1	44	8
5078	17	2	6	1	34	8
5079	10	7	1	1	70	9
5080	11	8	1	1	112	8
5081	13	7	5	1	60	8
5082	15	2	6	1	35	8
5083	5	2	6	1	36	9
5084	6	7	8	2	55	9
5085	7	8	3	1	47	9
5086	8	3	7	1	42	9
5087	10	7	7	2	52	1
5088	11	3	6	2	55	8
5089	12	9	3	2	80	8
5090	13	2	1	1	60	8
5091	14	3	1	1	57	1
5092	15	9	1	2	123	6
5093	16	8	2	1	99	2
5094	15	9	8	1	39	6
5095	16	5	8	1	44	8
5096	18	9	1	1	123	5
5097	12	2	3	1	56	8
5098	13	9	3	2	80	6
5099	14	9	1	2	124	2
5100	14	9	1	1	125	4
5101	13	9	8	1	39	6
5102	14	9	9	1	47	8
5103	15	9	3	1	80	7
5104	11	8	6	1	28	8
5105	12	9	1	5	126	2
5106	12	9	1	4	127	3
5107	12	9	1	3	128	4
5108	12	9	1	2	129	5
5109	13	9	8	1	39	6
5110	14	1	7	1	30	8
5111	15	8	2	2	100	2
5112	16	9	9	1	47	8
5113	20	8	1	1	112	3
5114	15	8	2	1	100	3
5115	16	9	3	1	81	8
5116	12	9	1	1	129	6
5117	13	8	2	1	100	2
5118	10	8	8	1	52	1
5119	11	9	1	5	129	2
5120	11	9	1	4	130	3
5121	11	9	1	3	131	4
5122	11	9	1	2	132	5
5123	12	9	8	1	39	6
5124	13	8	2	2	101	2
5125	14	9	3	1	82	7
5126	15	1	7	1	30	8
5127	13	8	2	1	101	3
5128	14	9	3	1	82	8
5129	15	9	9	1	47	7
5130	22	3	1	1	57	1
5131	11	9	1	1	132	6
5132	12	8	2	1	101	2
5133	14	8	7	1	50	4
5134	6	4	8	1	33	9
5135	7	7	1	2	70	9
5136	8	8	7	1	51	9
5137	12	7	7	1	52	1
5138	7	6	1	1	27	9
5139	8	7	2	2	73	9
5140	9	1	9	1	27	9
5141	11	3	3	1	37	9
5142	12	1	1	2	73	1
5143	13	2	3	2	56	8
5144	14	8	1	2	113	8
5145	14	7	1	1	70	8
5146	15	8	1	1	114	7
5147	16	7	7	1	53	1
5148	13	2	5	1	50	8
5149	14	3	7	1	42	8
5150	12	3	1	1	58	1
5151	13	2	3	2	56	8
5152	14	8	1	2	114	8
5153	14	7	1	1	70	8
5154	15	8	1	1	115	7
5155	16	7	7	1	54	1
5156	13	2	5	1	50	8
5157	14	3	7	1	43	8
5158	8	7	9	1	57	9
5159	9	8	3	1	47	9
5160	10	3	7	1	44	9
5161	12	7	7	2	55	1
5162	13	6	8	1	45	1
5163	14	5	8	1	44	2
5164	12	8	8	1	52	1
5165	13	9	1	5	132	2
5166	13	9	1	4	133	3
5167	13	9	1	3	134	4
5168	13	9	1	2	135	5
5169	14	9	8	1	39	6
5170	15	8	2	2	101	2
5171	16	9	3	1	82	7
5172	17	5	8	1	45	8
5173	15	8	2	1	101	3
5174	16	9	3	1	82	8
5175	17	9	9	1	47	7
5176	24	5	2	1	51	2
5177	13	9	1	1	135	6
5178	14	8	2	1	101	2
5179	16	8	7	1	51	4
5180	4	6	5	1	30	9
5181	5	2	3	2	56	9
5182	6	8	7	1	52	9
5183	7	1	9	1	27	9
5184	9	7	2	2	73	9
5185	10	7	7	2	55	1
5186	11	9	1	5	135	2
5187	11	9	1	4	136	3
5188	11	9	1	3	137	4
5189	11	9	1	2	138	5
5190	12	9	8	1	39	6
5191	13	8	2	2	101	2
5192	14	9	3	1	82	7
5193	13	8	2	1	101	3
5194	14	9	3	1	83	8
5195	16	8	1	1	115	6
5196	11	9	1	1	138	6
5197	12	8	2	1	101	2
5198	14	1	2	1	70	8
5199	10	8	8	1	52	1
5200	11	8	9	1	44	8
5201	12	9	3	1	83	8
5202	9	7	1	1	70	9
5203	10	8	1	1	116	8
5204	5	2	6	1	36	9
5205	6	9	1	5	138	2
5206	6	9	1	4	139	3
5207	6	9	1	3	140	4
5208	6	9	1	2	141	5
5209	7	9	8	1	39	6
5210	8	8	2	2	101	2
5211	9	9	3	1	84	7
5212	10	9	9	1	47	8
5213	11	8	1	2	117	3
5214	12	7	1	1	70	4
5215	13	7	3	1	81	6
5216	14	7	4	2	67	1
5217	15	8	8	1	52	1
5218	17	8	7	1	52	5
5219	21	1	2	1	71	9
5220	14	7	4	1	67	2
5221	15	6	2	1	69	8
5222	17	8	7	1	52	9
5223	11	8	1	1	117	8
5224	12	7	1	1	70	9
5225	13	8	7	1	53	9
5226	8	8	2	1	101	3
5227	9	9	3	1	84	8
5228	10	9	9	1	47	7
5229	13	7	3	2	81	2
5230	14	9	7	1	64	2
5231	15	7	2	2	73	4
5232	16	8	7	1	54	5
5233	24	3	3	1	37	3
5234	26	7	8	1	55	9
5235	15	7	2	1	73	9
5236	16	8	7	1	54	9
5237	13	7	3	1	81	4
5238	14	7	2	2	73	2
5239	15	9	7	1	64	2
5240	14	7	2	1	73	9
5241	15	8	7	1	55	9
5242	6	9	1	1	141	6
5243	7	8	2	1	101	2
5244	9	8	1	2	117	3
5245	10	7	1	1	70	4
5246	14	7	2	1	73	9
5247	9	8	1	1	117	4
5248	10	7	1	1	70	5
5249	12	7	2	1	74	9
5250	15	8	8	1	52	6
5251	2	9	1	8	141	1
5252	3	9	4	1	77	9
5253	4	3	2	2	63	1
5254	5	8	7	2	56	9
5255	6	1	9	1	27	9
5256	7	7	2	2	74	9
5257	8	9	2	5	147	2
5258	8	3	8	2	41	2
5259	9	2	8	1	41	3
5260	8	3	8	1	41	3
5261	9	2	8	1	42	2
5262	7	7	1	1	70	9
5263	8	2	8	2	43	2
5264	9	3	8	1	41	3
5265	8	2	8	1	43	3
5266	9	3	8	1	42	2
5267	5	8	3	1	47	9
5268	6	1	2	1	72	9
5269	7	3	7	1	44	9
5270	8	2	6	1	36	9
5271	9	3	8	2	43	2
5272	10	2	8	1	43	3
5273	11	2	2	2	77	2
5274	12	8	1	2	117	2
5275	13	7	2	2	74	8
5276	14	9	2	1	148	5
5277	16	2	1	1	60	6
5278	13	7	1	1	70	8
5279	14	9	2	1	148	6
5280	16	8	8	1	53	1
5281	17	8	2	2	101	3
5282	18	1	1	1	73	4
5283	17	8	2	1	101	4
5284	18	1	1	1	74	4
5285	12	7	3	1	81	2
5286	13	8	1	3	117	3
5287	14	1	1	1	75	4
5288	13	8	1	2	117	4
5289	13	8	1	1	118	5
5290	14	8	2	1	101	3
5291	11	2	2	1	77	4
5292	12	1	1	1	76	2
5293	9	3	8	1	43	3
5294	10	2	8	1	43	2
5295	11	1	1	2	77	3
5296	11	2	2	1	77	3
5297	12	3	3	1	37	8
5298	14	2	1	1	61	7
5299	4	3	3	1	37	1
5300	5	5	2	1	52	1
5301	6	3	8	2	43	2
5302	7	2	8	1	43	3
5303	8	3	7	1	44	9
5304	9	2	3	1	56	8
5305	11	1	2	1	72	9
5306	13	3	1	1	58	7
5307	14	2	1	1	62	2
5308	6	3	8	1	43	3
5309	7	2	8	1	43	2
5310	8	3	7	1	44	9
5311	10	8	3	1	47	9
5312	12	1	2	1	72	9
5313	14	2	2	1	77	4
5314	2	3	8	2	43	2
5315	3	2	8	1	43	3
5316	4	3	7	1	44	9
5317	5	9	2	7	148	2
5318	6	1	1	2	78	2
5319	7	2	2	2	78	4
5320	8	1	3	1	65	6
5321	11	1	2	1	72	9
5322	15	2	3	1	56	7
5323	16	2	4	1	47	6
5324	21	4	5	1	50	2
5325	7	2	2	1	78	7
5326	8	1	3	1	65	9
5327	9	3	1	1	58	1
5328	11	1	2	1	72	6
5329	12	2	1	1	63	5
5330	13	3	4	1	48	5
5331	16	8	2	2	102	1
5332	17	9	1	3	141	3
5333	18	9	3	1	84	4
5334	19	3	3	1	37	3
5335	22	6	3	1	53	2
5336	23	4	3	1	61	1
5337	28	5	3	1	49	6
5338	17	9	1	2	141	4
5339	18	9	3	1	84	5
5340	19	9	4	1	77	6
5341	17	9	1	1	141	6
5342	18	9	3	1	84	7
5343	16	5	2	1	52	1
5344	17	9	3	1	85	7
5345	20	2	4	1	47	2
5346	21	2	6	1	36	9
5347	24	7	2	1	74	9
5348	25	7	1	1	70	8
5349	26	8	1	1	118	6
5350	27	9	1	2	141	3
5351	27	9	1	1	142	4
5352	28	5	3	1	50	6
5353	6	2	1	1	63	2
5354	7	9	1	6	142	3
5355	8	8	1	4	118	4
5356	9	7	1	1	70	6
5357	10	9	3	1	85	8
5358	12	1	1	1	78	1
5359	8	8	1	3	118	5
5360	9	7	1	1	70	7
5361	10	7	2	1	74	9
5362	11	8	2	1	102	1
5363	15	1	1	1	79	1
5364	8	8	1	2	118	6
5365	9	7	1	1	70	8
5366	10	8	2	2	102	1
5367	11	9	3	1	85	4
5368	12	7	3	2	81	5
5369	13	7	2	2	74	7
5370	14	8	3	1	47	9
5371	13	7	2	1	74	9
5372	14	8	3	1	48	7
5373	19	9	4	1	78	8
5374	12	7	3	1	81	7
5375	13	6	2	1	69	8
5376	10	8	2	1	102	4
5377	11	9	3	1	85	7
5378	12	3	1	1	58	7
5379	13	1	2	1	72	9
5380	14	2	2	1	78	5
5381	8	8	1	1	118	7
5382	9	7	1	1	70	9
5383	10	8	2	2	102	1
5384	11	9	3	1	85	4
5385	12	1	2	2	72	3
5386	13	3	1	1	58	1
5387	15	1	3	1	65	9
5388	20	4	2	1	48	9
5389	22	5	1	1	48	8
5390	12	1	2	1	72	6
5391	13	3	1	1	58	4
5392	14	1	3	1	65	9
5393	17	7	2	1	74	5
5394	19	3	2	1	63	3
5395	10	8	2	1	102	5
5396	11	9	3	1	85	8
5397	12	2	2	1	79	8
5398	13	1	3	1	65	9
5399	15	1	2	1	72	6
5400	18	3	4	1	48	1
5401	7	9	1	5	142	4
5402	8	8	2	3	102	1
5403	9	9	3	1	85	5
5404	10	8	1	2	118	6
5405	11	7	1	1	70	8
5406	12	7	3	2	81	3
5407	13	7	2	2	74	7
5408	14	1	1	1	80	1
5409	13	7	2	1	74	9
5410	14	8	3	1	48	7
5411	12	7	3	1	81	7
5412	13	7	4	1	67	1
5413	10	8	1	1	118	7
5414	11	7	1	1	70	9
5415	12	1	2	2	72	3
5416	13	3	1	1	58	1
5417	14	1	1	1	81	5
5418	12	1	2	1	72	5
5419	13	3	1	1	58	3
5420	17	2	3	1	56	6
5421	8	8	2	2	102	3
5422	9	9	3	1	85	7
5423	10	8	1	1	118	6
5424	12	3	1	1	58	7
5425	13	1	2	1	72	9
5426	14	1	1	1	82	1
5427	8	8	2	1	102	5
5428	9	9	3	1	85	9
5429	10	1	2	1	72	9
5430	15	3	1	1	58	7
5431	7	9	1	4	142	5
5432	8	8	2	3	102	1
5433	9	9	3	1	85	6
5434	10	8	1	1	118	7
5435	12	2	2	2	79	6
5436	13	1	3	1	65	9
5437	12	1	2	1	72	6
5438	13	3	1	1	59	4
5439	14	1	1	1	83	1
5440	17	3	4	1	49	1
5441	18	6	3	2	53	1
5442	19	3	2	1	64	3
5443	18	6	3	1	53	2
5444	19	3	2	1	65	3
5445	24	2	3	1	57	5
5446	36	2	7	1	42	4
5447	8	8	2	2	102	3
5448	9	9	3	1	85	8
5449	10	8	1	2	118	4
5450	11	7	1	1	70	6
5451	12	2	2	1	79	8
5452	14	1	1	1	83	1
5453	17	3	4	1	49	1
5454	10	8	1	1	118	7
5455	11	7	1	1	70	9
5456	12	2	2	1	79	8
5457	13	1	1	1	83	1
5458	15	5	2	1	52	1
5459	16	3	4	2	50	1
5460	17	7	3	2	81	1
5461	18	7	2	2	74	4
5462	19	8	3	1	49	6
5463	18	7	2	1	74	6
5464	19	8	3	1	50	4
5465	24	3	3	1	37	7
5466	33	6	3	1	53	2
5467	40	4	5	1	51	2
5468	17	8	3	1	50	1
5469	18	7	3	2	81	4
5470	19	7	2	1	74	6
5471	27	5	3	1	51	3
5472	18	7	3	1	81	6
5473	19	7	2	1	74	4
5474	16	3	4	1	50	4
5475	8	8	2	1	102	4
5476	9	9	3	1	85	9
5477	10	2	2	1	79	5
5478	14	8	1	1	118	6
5479	7	9	1	3	142	6
5480	8	8	2	2	102	1
5481	9	9	3	1	85	7
5482	10	8	1	1	119	3
5483	12	7	3	1	81	4
5484	13	3	1	1	59	7
5485	14	1	2	1	72	9
5486	15	1	1	1	83	1
5487	18	2	6	1	36	9
5488	20	8	9	1	44	2
5489	21	2	2	2	79	4
5490	22	1	3	1	66	5
5491	21	2	2	1	79	5
5492	22	1	3	1	67	6
5493	8	8	2	1	102	3
5494	9	9	3	1	85	9
5495	10	8	1	1	119	5
5496	7	9	1	2	142	7
5497	8	8	2	1	102	1
5498	10	7	2	1	75	9
5499	12	1	1	1	83	1
5500	14	8	1	2	120	3
5501	15	3	1	1	59	4
5502	14	8	1	1	120	4
5503	15	3	1	1	60	3
5504	7	9	1	1	142	8
5505	8	8	2	1	102	1
5506	10	1	1	1	83	1
5507	12	3	1	1	61	7
5508	13	8	1	2	120	3
5509	14	7	2	1	75	6
5510	16	7	3	2	81	4
5511	17	8	3	1	50	7
5512	18	7	4	2	68	1
5513	18	7	4	1	69	3
5514	19	6	2	1	70	7
5515	20	9	6	2	65	1
5516	20	9	6	1	66	4
5517	21	9	7	1	65	1
5518	16	7	3	1	81	7
5519	17	8	3	1	50	4
5520	13	8	1	1	120	4
5521	14	7	1	1	70	6
5522	15	5	3	2	52	1
5523	16	6	3	1	53	2
5524	19	3	2	1	65	3
5525	15	5	3	1	52	2
5526	16	7	2	1	75	5
5527	19	3	2	1	66	3
5528	5	9	2	6	148	3
5529	6	8	1	5	120	1
5530	7	7	1	1	70	4
5531	8	1	2	2	72	5
5532	8	1	2	1	73	9
5533	9	7	2	1	75	8
5534	10	1	1	1	83	3
5535	6	8	1	4	120	2
5536	7	7	1	1	70	5
5537	9	8	2	2	102	1
5538	10	3	1	2	61	1
5539	11	9	1	3	142	6
5540	12	9	3	1	85	7
5541	13	3	2	1	67	7
5542	15	5	2	1	52	4
5543	19	1	3	1	68	6
5544	11	9	1	2	142	7
5545	12	9	3	1	85	8
5546	16	2	1	1	63	8
5547	20	8	8	1	53	4
5548	11	9	1	1	142	8
5549	10	3	1	1	61	3
5550	11	1	2	1	73	9
5551	9	8	2	1	102	4
5552	6	8	1	3	120	4
5553	7	7	1	1	70	7
5554	8	3	1	2	61	1
5555	9	8	2	2	103	1
5556	10	9	1	2	143	5
5557	11	1	2	1	74	9
5558	10	9	1	1	143	8
5559	11	1	2	1	75	6
5560	9	5	2	1	52	1
5561	10	8	2	2	103	2
5562	11	9	3	1	85	8
5563	14	2	1	1	63	8
5564	16	7	2	1	75	9
5565	10	8	2	1	103	6
5566	11	9	3	1	85	8
5567	18	3	3	1	37	7
5568	8	3	1	1	61	3
5569	9	1	1	2	84	2
5570	10	2	1	1	63	6
5571	9	2	1	1	64	2
5572	10	1	2	1	76	5
5573	11	1	1	1	84	1
5574	22	5	2	1	52	1
5575	25	5	3	1	52	4
5576	6	8	1	2	120	5
5577	7	7	1	1	70	8
5578	8	1	2	2	76	9
5579	9	9	3	2	85	9
5580	10	9	1	2	143	2
5581	11	3	1	1	61	3
5582	10	9	1	1	143	7
5583	11	3	1	1	62	3
5584	9	8	3	1	51	9
5585	10	9	4	1	79	9
5586	12	8	8	2	54	1
5587	13	9	3	1	85	6
5588	15	7	2	1	76	7
5589	12	8	8	1	54	4
5590	13	2	7	1	43	4
5591	15	9	9	1	47	5
5592	17	9	3	1	85	7
5593	18	8	2	1	103	1
5594	8	7	2	1	77	9
5595	9	9	1	3	143	2
5596	10	9	3	1	85	6
5597	9	9	1	2	143	4
5598	10	9	3	1	86	6
5599	9	9	1	1	143	6
5600	10	9	3	1	87	7
5601	12	9	4	1	79	8
5602	13	8	8	1	54	6
5603	16	8	3	1	51	4
5604	20	9	7	2	66	1
5605	21	4	3	2	61	1
5606	22	6	8	1	45	1
5607	23	5	8	1	46	4
5608	26	2	2	1	79	7
5609	21	4	3	1	61	3
5610	22	2	2	1	80	7
5611	20	9	7	1	66	5
5612	21	2	7	1	43	4
5613	24	7	9	1	57	3
5614	6	8	1	1	120	6
5615	7	7	1	1	70	9
5616	8	9	1	4	143	2
5617	9	9	3	1	87	7
5618	12	1	2	1	76	6
5619	8	9	1	3	143	4
5620	9	9	3	1	87	5
5621	8	9	1	2	143	5
5622	9	9	3	1	88	7
5623	11	9	4	2	79	6
5624	11	9	4	1	80	8
5625	8	9	1	1	143	7
5626	9	9	3	1	88	8
5627	11	9	4	1	81	6
5628	5	9	2	5	148	4
5629	6	8	1	4	120	1
5630	7	7	1	1	70	5
5631	8	9	3	2	88	8
5632	8	9	3	1	89	9
5633	9	1	2	1	77	9
5634	12	3	1	1	63	3
5635	6	8	1	3	120	2
5636	7	7	1	1	70	6
5637	9	1	2	2	77	9
5638	10	9	3	2	89	9
5639	11	9	1	1	143	8
5640	13	9	8	1	39	6
5641	14	9	4	1	82	7
5642	10	8	3	1	51	9
5643	11	9	4	1	83	9
5644	14	2	1	1	64	8
5645	15	3	1	1	64	1
5646	16	8	2	2	104	1
5647	17	9	1	1	143	7
5648	18	1	1	2	84	3
5649	18	1	1	1	85	4
5650	19	2	7	1	43	4
5651	26	8	8	1	54	4
5652	16	5	2	1	52	1
5653	17	7	3	1	81	1
5654	18	8	2	2	104	3
5655	19	7	2	1	77	7
5656	23	5	1	1	49	3
5657	18	8	2	1	104	5
5658	19	7	2	1	77	7
5659	9	2	3	1	57	9
5660	10	9	3	1	89	8
5661	12	2	1	1	64	8
5662	6	8	1	2	120	3
5663	7	7	1	1	70	7
5664	8	7	2	2	78	9
5665	9	3	1	2	64	1
5666	9	3	1	1	65	4
5667	10	2	2	1	81	8
5668	13	1	1	1	85	1
5669	15	3	4	1	51	1
5670	16	9	1	2	143	5
5671	17	8	2	1	104	1
5672	16	9	1	1	143	6
5673	17	8	2	1	105	2
5674	29	6	2	1	70	3
5675	8	1	2	1	77	9
5676	9	1	1	2	85	1
5677	10	2	2	1	81	2
5678	11	7	2	1	78	6
5679	9	1	1	1	85	4
5680	10	2	2	1	81	2
5681	16	2	3	1	57	7
5682	23	4	3	1	61	4
5683	6	8	1	1	120	5
5684	7	7	1	1	70	9
5685	8	9	1	3	143	2
5686	9	2	2	1	81	2
5687	10	3	1	1	65	1
5688	8	9	1	2	143	6
5689	9	8	2	2	105	1
5690	10	9	3	1	89	7
5691	11	9	4	1	83	8
5692	12	2	2	2	81	7
5693	13	1	1	1	85	2
5694	15	1	2	1	77	5
5695	12	3	2	1	67	7
5696	13	4	3	2	62	1
5697	13	4	3	1	63	2
5698	14	7	2	1	79	2
5699	9	8	2	1	105	2
5700	10	9	3	1	89	8
5701	11	9	4	1	83	7
5702	8	9	1	1	143	7
5703	9	8	2	1	105	1
5704	11	9	4	1	84	6
5705	12	2	2	2	81	8
5706	13	2	1	1	65	2
5707	16	3	4	2	51	1
5708	17	7	2	2	80	3
5709	17	7	2	1	81	6
5710	18	5	2	1	52	2
5711	16	3	4	1	51	4
5712	12	3	2	1	67	8
5713	13	4	3	1	63	1
5714	15	1	1	2	85	1
5715	16	2	3	1	57	9
5716	15	3	1	1	66	1
5717	16	1	1	2	85	3
5718	17	2	1	1	65	4
5719	16	1	1	1	85	4
5720	17	2	1	1	66	2
5721	26	3	3	1	38	7
5722	5	9	2	4	148	5
5723	6	8	1	4	120	1
5724	7	7	1	1	70	6
5725	8	9	3	2	89	7
5726	9	1	2	1	78	9
5727	11	9	4	1	84	9
5728	15	9	1	2	143	3
5729	16	1	1	1	85	4
5730	15	9	1	1	143	4
5731	16	8	2	1	105	3
5732	8	9	3	1	89	9
5733	9	1	2	1	78	9
5734	11	9	1	2	143	2
5735	12	8	2	1	106	7
5736	14	1	1	2	86	3
5737	15	1	3	1	69	5
5738	14	1	1	1	86	4
5739	11	9	1	1	143	7
5740	12	8	2	1	106	2
5741	13	2	2	1	81	4
5742	6	8	1	3	120	2
5743	7	7	1	1	70	7
5744	9	9	3	2	89	4
5745	10	9	1	1	143	3
5746	12	7	3	1	81	6
5747	13	1	2	1	78	6
5748	9	9	3	1	89	9
5749	10	1	2	1	79	9
5750	11	8	2	3	106	1
5751	12	9	1	1	143	8
5752	13	9	4	2	84	6
5753	14	8	8	1	55	5
5754	18	1	6	1	29	6
5755	24	9	9	1	47	4
5756	13	9	4	1	84	7
5757	14	8	7	1	56	7
5758	16	8	9	1	44	3
5759	20	8	3	1	51	6
5760	11	8	2	2	106	3
5761	12	9	1	1	143	6
5762	13	7	3	2	81	1
5763	14	3	2	2	67	1
5764	15	7	2	1	81	8
5765	16	8	8	1	55	1
5766	18	1	1	2	87	3
5767	18	1	1	1	88	4
5768	14	3	2	1	67	4
5769	15	7	2	1	81	8
5770	21	2	7	1	43	5
5771	13	7	3	1	81	4
5772	14	7	2	1	81	8
5773	11	8	2	1	106	6
5774	12	9	1	1	143	3
5775	13	1	1	2	89	1
5776	14	2	3	1	58	6
5777	13	1	1	1	89	4
5778	14	1	3	1	70	6
5779	6	8	1	2	120	3
5780	7	7	1	1	70	8
5781	8	7	2	2	82	9
5782	9	3	1	2	66	1
5783	10	8	2	2	106	1
5784	11	9	1	1	143	6
5785	13	9	4	1	84	8
5786	14	8	7	1	56	8
5787	15	8	8	1	55	6
5788	19	8	3	1	52	4
5789	21	1	2	2	79	3
5790	22	3	2	1	67	7
5791	26	1	8	1	42	4
5792	34	3	3	1	39	8
5793	21	1	2	1	79	6
5794	22	2	1	1	66	5
5795	10	5	2	1	53	1
5796	11	8	2	2	106	2
5797	12	9	3	1	89	6
5798	11	8	2	1	106	4
5799	9	3	1	1	66	4
5800	10	1	2	1	79	6
5801	12	9	3	1	90	7
5802	8	1	2	1	79	9
5803	9	9	1	2	143	6
5804	10	9	3	1	91	7
5805	13	9	4	1	84	9
5806	16	9	8	1	39	1
5807	18	1	7	1	31	8
5808	20	7	7	1	55	3
5809	21	9	7	1	66	4
5810	23	7	2	1	82	4
5811	9	7	2	1	83	6
5812	10	9	1	2	143	2
5813	11	8	2	1	107	7
5814	14	1	1	2	89	1
5815	15	2	3	1	59	6
5816	14	1	1	1	89	4
5817	10	9	1	1	143	7
5818	11	8	2	1	107	2
5819	13	2	2	1	82	4
5820	6	8	1	1	120	4
5821	7	7	1	1	70	9
5822	8	8	2	3	107	1
5823	9	3	1	1	66	1
5824	10	9	1	3	143	2
5825	11	1	2	1	79	6
5826	10	9	1	2	143	6
5827	11	9	3	1	91	7
5828	12	9	4	1	84	8
5829	13	1	2	2	80	3
5830	14	2	1	1	67	2
5831	15	2	3	1	60	6
5832	19	3	2	1	67	7
5833	13	1	2	1	80	6
5834	14	2	1	1	67	5
5835	15	1	3	1	71	9
5836	20	2	3	1	60	8
5837	10	9	1	1	143	7
5838	11	9	3	1	91	8
5839	12	9	4	1	84	6
5840	14	4	3	1	63	1
5841	16	7	2	2	83	3
5842	16	7	2	1	84	6
5843	17	8	8	1	55	6
5844	21	8	7	1	56	8
5845	8	8	2	2	107	2
5846	9	3	1	1	66	1
5847	8	8	2	1	107	6
5848	9	3	1	1	67	1
5849	5	9	2	3	148	6
5850	6	8	1	3	120	1
5851	7	7	1	1	70	7
5852	8	1	2	2	80	5
5853	8	1	2	1	81	9
5854	9	7	2	1	84	8
5855	10	9	3	2	91	5
5856	11	9	4	1	84	9
5857	10	9	3	1	91	9
5858	11	9	1	2	143	4
5859	12	3	1	1	68	3
5860	11	9	1	1	143	5
5861	12	3	1	1	69	3
5862	6	8	1	2	120	2
5863	7	7	1	1	70	8
5864	9	9	1	3	143	3
5865	10	8	2	2	107	1
5866	11	9	3	1	91	4
5867	12	6	2	1	71	8
5868	13	1	1	2	90	1
5869	13	1	1	1	91	4
5870	10	8	2	1	107	4
5871	11	9	3	1	91	7
5872	9	9	1	2	143	4
5873	10	3	1	1	70	3
5874	9	9	1	1	143	5
5875	10	8	2	1	107	4
5876	12	1	2	1	81	9
5877	13	7	2	1	84	7
5878	6	8	1	1	120	3
5879	7	7	1	1	70	9
5880	8	6	2	2	71	9
5881	9	3	1	1	71	1
5882	10	7	2	1	85	8
5883	11	8	2	2	107	1
5884	12	9	3	1	92	5
5885	11	5	2	1	53	1
5886	12	9	3	1	93	7
5887	8	4	2	1	48	9
5888	9	3	1	1	71	1
5889	10	1	2	2	81	3
5890	11	2	1	1	67	2
5891	12	1	3	1	71	9
5892	13	2	3	1	61	6
5893	15	8	2	2	107	1
5894	16	9	1	2	143	4
5895	16	9	1	1	144	7
5896	17	9	3	1	94	8
5897	15	5	2	1	53	1
5898	16	9	3	1	95	7
5899	10	1	2	1	81	5
5900	11	2	1	1	67	4
5901	5	9	2	2	148	7
5902	6	8	1	2	120	1
5903	7	7	1	1	70	8
5904	8	7	2	2	85	9
5905	9	2	1	1	68	2
5906	10	1	3	1	71	9
5907	11	9	1	2	144	3
5908	12	9	3	1	96	5
5909	11	9	1	1	144	4
5910	12	9	3	1	97	6
5911	8	1	2	1	81	9
5912	9	2	2	2	83	2
5913	10	1	1	2	92	3
5914	11	1	3	1	71	5
5915	10	1	1	1	92	4
5916	11	1	3	1	72	6
5917	9	2	2	1	83	4
5918	10	1	1	1	92	2
5919	6	8	1	1	120	2
5920	7	7	1	1	70	9
5921	9	3	1	1	71	1
5922	12	4	2	1	48	9
5923	15	1	1	1	93	3
5924	5	9	2	1	148	8
5925	6	8	1	1	120	1
5926	8	9	4	2	85	6
5927	9	9	3	2	98	5
5928	10	2	1	1	68	2
5929	11	9	1	1	144	3
5930	9	9	3	1	98	7
5931	10	2	1	1	68	2
5932	11	1	3	1	73	9
5933	17	8	2	1	107	2
5934	8	9	4	1	85	7
5935	9	9	3	2	98	5
5936	10	2	1	1	68	2
5937	13	8	2	1	108	2
5938	16	3	1	1	71	4
5939	9	9	3	1	98	6
5940	10	2	1	1	68	2
5941	11	8	2	1	108	2
5942	14	3	1	1	72	3
5943	2	3	8	1	43	3
5944	3	2	8	1	43	2
5945	4	3	7	1	44	9
5946	5	3	1	4	73	1
5947	6	8	2	2	108	1
5948	7	9	2	6	148	2
5949	8	1	1	2	94	2
5950	9	2	2	2	83	3
5951	10	1	3	1	73	5
5952	11	2	1	1	68	8
5953	15	2	3	1	61	6
5954	21	8	3	1	52	9
5955	25	9	4	1	85	9
5956	9	2	1	1	68	3
5957	10	1	2	1	81	4
5958	11	2	2	1	83	7
5959	16	3	4	1	52	2
5960	17	9	1	3	145	4
5961	18	9	3	1	98	5
5962	19	9	4	1	86	6
5963	17	9	1	2	145	6
5964	18	9	3	1	98	7
5965	17	9	1	1	145	7
5966	18	9	3	1	99	8
5967	8	3	3	1	40	2
5968	9	3	4	2	52	4
5969	10	4	3	3	63	1
5970	11	2	2	2	83	3
5971	12	1	3	1	73	9
5972	14	1	8	1	42	4
5973	18	4	2	1	48	9
5974	20	5	6	1	51	1
5975	11	5	2	1	53	3
5976	12	5	6	2	52	1
5977	13	1	1	2	94	3
5978	14	1	3	1	73	9
5979	16	1	2	1	81	5
5980	25	9	4	1	87	8
5981	13	2	1	1	68	3
5982	14	1	2	1	81	4
5983	12	5	6	1	52	2
5984	13	4	5	1	52	3
5985	10	4	3	2	63	3
5986	11	4	2	1	48	8
5987	13	2	3	1	61	7
5988	10	4	3	1	63	4
5989	11	4	2	1	48	9
5990	9	3	4	1	52	5
5991	10	2	3	2	62	8
5992	11	1	3	1	73	9
5993	12	3	2	1	68	7
5994	13	4	3	1	63	1
5995	15	4	5	1	53	2
5996	19	8	1	1	120	6
5997	22	5	2	1	53	3
5998	24	5	3	1	53	6
5999	10	2	3	1	62	9
6000	7	9	2	5	148	3
6001	8	1	3	2	73	6
6002	9	1	2	1	82	4
6003	8	1	3	1	73	9
6004	9	1	1	2	94	3
6005	10	2	2	1	83	6
6006	11	1	2	1	83	5
6007	13	2	7	1	44	5
6008	15	9	1	3	145	5
6009	16	7	1	1	70	9
6010	15	9	1	2	145	6
6011	16	9	3	1	100	7
6012	15	9	1	1	145	7
6013	16	9	3	1	101	8
6014	17	3	2	1	68	8
6015	9	2	1	1	68	3
6016	10	1	2	1	83	4
6017	11	2	2	1	83	7
6018	16	3	4	1	52	2
6019	17	9	1	3	145	4
6020	18	9	3	1	101	5
6021	17	9	1	2	145	6
6022	18	9	3	1	102	7
6023	19	3	2	1	69	5
6024	25	6	3	1	53	3
6025	17	9	1	1	145	7
6026	18	9	3	1	102	8
6027	19	3	2	1	69	8
6028	7	9	2	4	148	4
6029	8	1	1	2	94	3
6030	9	2	2	1	83	6
6031	11	2	1	1	68	4
6032	13	2	7	1	44	5
6033	15	8	1	2	120	2
6034	16	3	2	1	70	8
6035	15	8	1	1	120	5
6036	16	7	1	1	71	9
6037	20	1	7	1	31	7
6038	22	9	7	2	66	1
6039	23	9	1	2	145	6
6040	24	9	3	1	102	7
6041	23	7	3	1	81	6
6042	24	9	4	1	88	6
6043	22	9	7	1	66	3
6044	23	7	3	1	81	6
6045	8	2	2	1	83	3
6046	9	1	1	2	94	2
6047	10	1	3	1	73	5
6048	11	2	1	1	68	8
6049	15	8	1	1	120	3
6050	9	1	1	1	94	6
6051	10	1	3	1	73	9
6052	11	2	1	1	68	4
6053	13	2	7	1	44	5
6054	15	8	1	2	121	3
6055	16	7	1	1	71	7
6056	15	8	1	1	121	5
6057	16	7	1	1	72	9
6058	20	1	7	1	31	7
6059	23	2	5	1	50	9
6060	7	9	2	3	148	5
6061	8	8	1	3	121	2
6062	9	1	3	1	73	9
6063	11	9	3	1	103	4
6064	8	8	1	2	121	3
6065	9	7	1	1	72	8
6066	11	9	3	1	104	7
6067	8	8	1	1	121	4
6068	9	7	1	1	72	9
6069	10	9	1	3	145	2
6070	11	9	3	1	105	3
6071	13	9	7	2	66	1
6072	13	9	7	1	67	4
6073	14	9	4	1	89	6
6074	10	9	1	2	145	6
6075	11	9	3	1	105	7
6076	12	9	4	1	90	8
6077	13	1	2	2	83	4
6078	14	1	8	1	42	5
6079	17	1	3	1	73	9
6080	13	1	2	1	83	6
6081	14	2	1	1	68	5
6082	10	9	1	1	145	7
6083	11	9	3	1	105	8
6084	12	9	4	1	90	6
6085	13	1	2	2	83	4
6086	14	2	1	1	69	3
6087	13	1	2	1	83	6
6088	14	2	1	1	70	5
6089	7	9	2	2	148	6
6090	8	8	1	2	121	2
6091	9	7	1	1	72	8
6092	11	7	2	1	85	9
6093	12	3	2	1	71	7
6094	15	4	2	1	49	8
6095	8	8	1	1	121	3
6096	9	7	1	1	72	9
6097	11	1	2	1	83	5
6098	13	1	1	1	94	6
6099	7	9	2	1	148	7
6100	8	8	1	1	121	2
6101	10	1	3	1	74	9
6102	11	9	1	3	145	3
6103	12	2	2	1	83	3
6104	14	1	1	1	95	6
6105	15	2	1	1	71	4
6106	17	2	7	1	44	5
6107	19	8	9	1	44	3
6108	22	6	2	1	71	6
6109	11	9	1	2	145	4
6110	12	9	3	1	105	5
6111	13	9	4	1	90	6
6112	14	8	9	1	44	3
6113	18	1	8	1	42	5
6114	24	7	8	1	56	6
6115	26	5	5	1	54	8
6116	11	9	1	1	145	5
6117	12	9	3	1	105	6
6118	13	9	4	1	90	8
6119	14	1	2	2	83	4
6120	15	1	8	1	42	5
6121	14	1	2	1	83	5
6122	15	1	8	1	43	4
6123	18	8	7	1	57	8
6124	21	1	9	1	27	8
6125	24	7	4	1	69	1
6126	25	9	7	2	67	1
6127	26	7	9	1	58	4
6128	25	9	7	1	67	2
6129	6	5	2	1	53	1
6130	7	7	3	2	82	1
6131	8	1	3	3	74	5
6132	9	1	8	1	43	4
6133	13	1	2	1	83	9
6134	19	1	5	1	50	3
6135	25	3	6	1	55	8
6136	28	1	6	1	29	6
6137	32	7	1	1	72	6
6138	8	1	3	2	74	6
6139	9	1	1	1	95	2
6140	8	1	3	1	74	9
6141	9	7	2	2	85	9
6142	10	7	1	1	73	8
6143	11	2	2	1	83	7
6144	12	2	1	1	71	3
6145	14	2	3	1	63	6
6146	17	3	2	1	71	5
6147	28	9	1	1	145	4
6148	9	7	1	1	73	9
6149	10	7	2	1	85	8
6150	11	9	1	4	146	2
6151	12	3	2	1	71	2
6152	11	9	1	3	146	3
6153	12	4	2	1	50	9
6154	15	1	2	1	83	5
6155	20	1	8	1	43	4
6156	23	8	2	2	108	2
6157	23	8	2	1	109	4
6158	11	9	1	2	146	4
6159	12	4	2	1	50	9
6160	13	8	2	2	110	2
6161	14	8	3	1	52	5
6162	13	8	2	1	110	3
6163	14	8	3	1	53	5
6164	11	9	1	1	146	5
6165	12	4	2	1	50	9
6166	15	8	3	1	54	4
6167	16	9	2	2	148	3
6168	17	8	1	1	121	6
6169	19	9	8	1	39	6
6170	24	9	7	1	68	2
6171	16	9	2	1	148	6
6172	17	8	1	1	121	3
6173	7	8	3	1	54	1
6174	8	9	4	3	90	6
6175	9	9	7	3	69	1
6176	10	9	6	2	66	2
6177	11	9	5	1	62	3
6178	12	8	2	2	110	2
6179	12	3	2	1	72	2
6180	13	1	3	1	74	9
6181	14	3	3	1	40	7
6182	10	9	6	1	66	3
6183	11	9	5	1	62	2
6184	12	8	2	2	111	2
6185	12	3	2	1	72	2
6186	13	1	3	1	74	9
6187	14	4	5	1	53	1
6188	16	1	4	1	32	2
6189	20	1	5	1	50	3
6190	9	9	6	3	66	1
6191	10	7	7	1	55	1
6192	11	4	8	1	33	1
6193	12	9	7	2	69	2
6194	13	9	5	1	62	3
6195	14	8	7	1	57	7
6196	12	9	7	1	69	3
6197	13	9	5	1	62	2
6198	14	8	9	1	44	2
6199	15	8	7	1	58	6
6200	19	4	5	1	53	3
6201	9	9	7	2	69	2
6202	10	9	6	1	66	3
6203	12	7	7	1	55	1
6204	9	9	7	1	69	3
6205	10	9	6	1	66	2
6206	12	7	7	1	56	1
6207	13	4	8	1	33	1
6208	14	8	2	2	112	3
6209	15	3	2	1	72	2
6210	14	2	2	1	83	3
6211	15	8	1	2	122	3
6212	16	9	2	2	148	4
6213	17	8	2	1	112	2
6214	16	9	2	1	148	5
6215	17	7	1	1	73	8
6216	15	7	3	1	82	3
6217	8	9	4	2	90	7
6218	9	9	2	5	148	2
6219	10	9	6	1	66	3
6220	9	9	2	4	148	3
6221	10	1	3	2	74	6
6222	11	2	2	1	83	4
6223	10	1	3	1	74	9
6224	11	9	3	2	105	6
6225	12	8	8	1	55	4
6226	15	7	3	1	83	7
6227	11	9	3	1	105	8
6228	9	9	2	3	148	4
6229	10	9	7	2	69	2
6230	10	9	7	1	70	3
6231	11	9	6	1	67	2
6232	9	9	2	2	148	5
6233	10	8	2	2	113	7
6234	11	9	1	1	146	2
6235	10	8	7	1	58	7
6236	11	1	9	1	27	7
6237	13	8	2	2	113	2
6238	14	8	8	1	55	4
6239	13	3	2	1	73	2
6240	14	1	3	1	74	9
6241	15	9	3	2	106	6
6242	16	9	1	1	147	2
6243	15	9	8	1	39	6
6244	16	9	1	1	148	2
6245	9	9	2	1	148	6
6246	10	8	1	2	122	2
6247	11	3	2	1	73	2
6248	10	8	1	1	122	3
6249	11	7	1	1	74	9
6250	8	9	4	1	90	8
6251	9	9	1	6	149	2
6252	10	1	3	1	74	9
6253	13	1	7	1	31	7
6254	15	8	2	2	113	3
6255	16	9	8	1	39	6
6256	15	8	2	1	113	4
6257	16	9	3	1	106	6
6258	9	9	2	6	148	2
6259	10	8	7	1	58	8
6260	11	1	7	1	31	7
6261	13	9	3	2	107	7
6262	14	9	8	1	40	6
6263	13	9	3	1	107	9
6264	14	1	2	1	83	9
6265	15	2	1	1	71	8
6266	16	7	2	1	85	8
6267	20	7	8	1	56	9
6268	25	8	9	1	44	2
6269	27	8	2	1	113	3
6270	9	3	4	3	52	2
6271	10	8	7	1	58	8
6272	13	8	9	1	44	3
6273	17	2	7	1	44	5
6274	19	2	2	1	84	3
6275	20	8	1	1	122	4
6276	9	9	1	5	149	3
6277	10	8	7	1	58	8
6278	12	1	7	1	31	7
6279	14	1	1	2	96	2
6280	15	8	2	1	114	2
6281	14	1	1	1	96	6
6282	15	1	3	1	74	9
6283	16	1	2	1	83	5
6284	18	2	7	1	44	5
6285	20	8	1	2	123	2
6286	21	9	3	1	107	7
6287	20	8	1	1	123	5
6288	9	9	1	4	149	4
6289	10	8	7	1	58	8
6290	11	1	7	1	31	7
6291	13	8	2	2	115	2
6292	14	9	3	1	108	6
6293	13	3	2	1	74	2
6294	14	1	3	1	74	9
6295	15	9	3	1	109	7
6296	9	9	1	3	149	5
6297	10	8	7	1	58	8
6298	11	1	7	1	31	7
6299	13	8	2	2	115	2
6300	14	9	3	1	110	7
6301	17	2	7	1	44	5
6302	13	8	2	1	115	4
6303	14	9	3	1	110	9
6304	9	9	1	2	149	6
6305	10	8	7	1	58	8
6306	9	9	1	1	149	7
6307	10	8	7	1	59	8
6308	13	1	9	1	27	8
6309	5	3	1	3	73	2
6310	6	1	2	3	83	5
6311	7	2	7	1	45	5
6312	10	1	3	1	74	9
6313	13	2	3	1	63	6
6314	15	8	2	2	115	1
6315	16	9	2	2	148	2
6316	17	9	3	2	111	8
6317	18	9	1	1	149	7
6318	19	8	1	1	124	4
6319	17	8	3	1	54	8
6320	18	8	9	1	44	2
6321	21	8	1	1	125	4
6322	16	5	2	1	53	2
6323	17	6	3	1	54	1
6324	19	9	2	1	148	3
6325	21	4	2	1	50	7
6326	23	5	1	1	50	6
6327	25	8	1	1	126	4
6328	15	5	2	1	53	1
6329	16	9	2	2	148	2
6330	17	9	1	2	149	4
6331	18	8	2	1	115	3
6332	20	3	3	1	41	4
6333	17	9	1	1	149	5
6334	18	8	2	1	115	3
6335	20	8	1	2	127	4
6336	21	4	2	1	50	9
6337	20	8	1	1	127	7
6338	21	7	1	1	75	9
6339	24	3	3	1	42	7
6340	26	5	4	1	46	4
6341	27	5	3	1	54	5
6342	16	8	2	1	115	2
6343	17	9	1	2	149	5
6344	18	9	3	1	111	7
6345	19	9	2	1	148	3
6346	17	9	1	1	149	6
6347	18	9	3	1	111	8
6348	19	9	4	1	90	7
6349	20	8	8	1	56	1
6350	26	7	8	1	56	6
6351	28	1	7	1	31	7
6352	33	8	7	1	59	8
6353	6	1	2	2	83	6
6354	7	2	1	1	71	4
6355	6	1	2	1	83	9
6356	7	2	1	1	72	7
6357	8	1	1	2	96	1
6358	9	2	2	1	84	3
6359	10	1	3	1	74	4
6360	12	1	8	1	43	5
6361	21	9	2	2	149	2
6362	22	8	2	2	115	1
6363	23	9	3	2	111	9
6364	24	9	1	1	149	8
6365	26	8	1	2	127	3
6366	26	8	1	1	128	4
6367	23	8	3	1	54	9
6368	24	9	3	1	111	7
6369	27	9	1	1	149	6
6370	22	5	2	1	53	1
6371	23	9	1	2	150	3
6372	23	9	1	1	151	5
6373	21	9	2	1	149	4
6374	8	1	1	1	96	3
6375	5	3	1	2	73	4
6376	6	1	2	1	83	9
6377	5	3	1	1	73	5
6378	6	1	2	1	84	9
6379	1	3	8	2	43	2
6380	1	3	8	1	44	3
6381	0	9	1	8	152	1
6382	1	9	4	1	90	9
6383	2	8	7	2	60	9
6384	3	7	2	2	85	9
6385	4	9	2	5	150	2
6386	4	9	2	4	151	3
6387	4	9	2	3	152	4
6388	4	9	2	2	153	5
6389	5	8	1	2	129	2
6390	6	7	1	1	75	7
6391	7	9	3	1	111	4
6392	5	8	1	1	129	3
6393	6	7	1	1	75	8
6394	7	9	3	1	112	7
6395	9	1	2	2	85	7
6396	10	6	2	2	72	3
6397	11	8	3	1	54	4
6398	10	6	2	1	72	8
6399	11	8	3	1	55	4
6400	14	4	3	2	63	1
6401	15	5	4	2	46	3
6402	16	4	2	1	51	3
6403	15	5	4	1	46	4
6404	16	6	3	1	54	5
6405	17	5	3	1	55	6
6406	14	4	3	1	63	3
6407	15	5	2	1	53	2
6408	9	1	2	1	85	8
6409	10	6	2	2	72	3
6410	11	8	3	1	55	4
6411	10	6	2	1	72	7
6412	11	1	1	1	97	7
6413	4	9	2	1	153	6
6414	5	8	1	1	129	2
6415	7	8	2	2	115	3
6416	8	9	3	1	112	4
6417	7	8	2	1	115	4
6418	8	9	3	1	113	5
6419	9	8	3	1	56	7
6420	3	7	1	1	75	9
6421	4	6	2	2	72	9
6422	5	5	5	1	55	9
6423	6	4	8	1	33	9
6424	7	2	3	2	63	9
6425	8	3	6	2	55	9
6426	9	1	9	1	28	9
6427	10	2	5	2	51	8
6428	11	9	7	3	70	2
6429	12	9	6	2	68	3
6430	13	9	5	1	62	4
6431	14	9	3	2	113	8
6432	15	8	2	1	115	7
6433	17	8	1	2	129	3
6434	18	9	2	1	153	6
6435	17	8	1	1	129	4
6436	18	9	2	1	154	5
6437	14	7	2	1	85	8
6438	15	8	1	3	129	2
6439	16	1	2	1	85	7
6440	15	8	1	2	129	3
6441	16	9	2	1	155	6
6442	17	1	2	1	86	7
6443	15	8	1	1	129	4
6444	16	9	2	1	155	5
6445	17	1	2	1	87	7
6446	12	9	6	1	68	4
6447	13	9	5	1	62	3
6448	14	9	3	2	113	8
6449	15	1	2	1	88	8
6450	17	8	1	2	129	3
6451	18	9	2	1	155	6
6452	17	8	1	1	129	4
6453	18	9	2	1	156	5
6454	14	7	2	1	85	8
6455	15	8	1	3	129	2
6456	16	1	2	1	88	7
6457	15	8	1	2	129	3
6458	16	9	2	1	157	6
6459	17	1	2	1	89	7
6460	15	8	1	1	129	4
6461	16	9	2	1	157	5
6462	17	1	2	1	90	7
6463	11	9	7	2	70	3
6464	12	9	6	2	68	2
6465	13	9	5	1	62	4
6466	14	9	3	2	113	8
6467	15	1	2	1	91	8
6468	17	8	1	2	129	3
6469	18	9	2	1	157	6
6470	17	8	1	1	129	4
6471	14	7	2	1	85	8
6472	15	8	1	3	130	2
6473	16	1	2	1	91	7
6474	15	8	1	2	130	3
6475	16	9	2	1	158	6
6476	17	1	2	1	92	7
6477	15	8	1	1	130	4
6478	16	9	2	1	158	5
6479	17	1	2	1	93	7
6480	20	4	3	1	63	1
6481	21	7	3	2	84	2
6482	22	7	4	1	69	7
6483	24	7	6	1	49	3
6484	21	7	3	1	84	3
6485	12	9	6	1	68	4
6486	13	9	5	1	62	2
6487	14	9	3	2	113	8
6488	15	1	2	1	93	8
6489	17	8	1	2	130	3
6490	18	9	2	1	158	6
6491	17	8	1	1	130	4
6492	14	7	2	1	85	8
6493	15	8	1	3	131	2
6494	16	1	2	1	93	7
6495	15	8	1	2	131	3
6496	16	9	2	1	159	6
6497	17	1	2	1	94	7
6498	15	8	1	1	131	4
6499	16	9	2	1	159	5
6500	17	1	2	1	95	7
6501	20	4	3	1	63	1
6502	21	7	3	2	85	2
6503	22	7	4	1	69	7
6504	24	7	6	1	50	3
6505	21	7	3	1	85	3
6506	11	9	7	1	70	4
6507	12	9	6	2	68	2
6508	13	9	5	1	62	3
6509	14	9	3	2	113	8
6510	15	1	2	1	95	8
6511	17	8	1	2	131	3
6512	17	8	1	1	132	4
6513	18	9	2	1	159	5
6514	14	7	2	1	85	8
6515	15	8	1	3	132	2
6516	16	1	2	1	95	7
6517	15	8	1	2	132	3
6518	16	9	2	1	160	6
6519	17	1	2	1	96	7
6520	15	8	1	1	132	4
6521	16	9	2	1	160	5
6522	17	1	2	1	97	7
6523	20	4	3	1	63	1
6524	21	7	3	2	86	2
6525	22	7	4	1	69	7
6526	24	7	6	1	51	4
6527	27	7	7	1	56	3
6528	32	9	8	1	41	8
6529	21	7	3	1	86	3
6530	12	9	6	1	68	3
6531	13	9	5	1	62	2
6532	14	9	3	2	113	8
6533	15	1	2	1	97	8
6534	17	8	1	2	132	3
6535	17	8	1	1	133	4
6536	18	9	2	1	160	5
6537	14	7	2	1	85	8
6538	15	8	1	3	133	2
6539	16	1	2	1	97	7
6540	15	8	1	2	133	3
6541	16	9	2	1	161	6
6542	17	1	2	1	98	7
6543	15	8	1	1	133	4
6544	16	9	2	1	161	5
6545	17	1	2	1	99	7
6546	20	4	3	1	63	1
6547	21	7	3	2	87	2
6548	22	7	4	1	69	7
6549	21	7	3	1	87	3
6550	10	2	6	1	36	8
6551	11	9	7	3	70	2
6552	12	9	6	2	68	3
6553	13	9	5	1	62	4
6554	14	8	1	3	133	2
6555	15	9	2	1	161	7
6556	16	1	2	1	99	8
6557	17	3	1	2	73	3
6558	18	2	1	1	72	5
6559	19	8	2	2	115	4
6560	20	9	3	1	113	5
6561	19	8	2	1	115	5
6562	20	9	3	1	114	6
6563	21	8	3	1	57	4
6564	17	3	1	1	73	5
6565	18	2	1	1	72	3
6566	19	8	2	2	115	4
6567	20	9	3	1	114	5
6568	19	8	2	1	115	5
6569	20	9	3	1	115	6
6570	21	8	3	1	58	4
6571	14	8	1	2	133	3
6572	15	9	2	1	161	6
6573	16	8	2	2	115	4
6574	17	9	3	1	115	5
6575	16	8	2	1	115	7
6576	17	9	3	1	116	8
6577	19	7	3	2	88	2
6578	20	8	3	1	59	4
6579	23	7	5	1	60	8
6580	19	7	3	1	88	4
6581	14	8	1	1	133	4
6582	15	9	2	1	161	5
6583	16	9	3	2	116	7
6584	16	9	3	1	117	8
6585	17	8	2	1	115	7
6586	19	8	3	1	59	3
6587	21	7	3	1	89	2
6588	24	6	6	1	53	1
6589	12	9	6	1	68	4
6590	13	9	5	1	62	3
6591	14	8	1	3	133	2
6592	15	9	2	1	161	7
6593	16	1	2	1	99	8
6594	17	9	3	2	117	5
6595	18	8	2	1	115	4
6596	17	9	3	1	117	6
6597	18	8	2	1	116	5
6598	14	8	1	2	133	3
6599	15	9	2	1	161	6
6600	16	9	3	2	117	5
6601	17	8	2	1	117	4
6602	16	9	3	1	117	8
6603	17	8	2	1	118	7
6604	19	7	2	1	85	5
6605	21	7	3	1	89	2
6606	23	6	6	1	54	1
6607	14	8	1	1	133	4
6608	15	9	2	1	161	5
6609	16	8	2	2	118	6
6610	17	9	3	1	117	7
6611	16	8	2	1	118	7
6612	17	9	3	1	118	8
6613	19	7	3	2	89	2
6614	20	8	3	1	59	3
6615	23	6	6	1	55	1
6616	19	7	3	1	89	3
6617	11	9	7	2	70	3
6618	12	8	1	5	133	2
6619	13	9	2	1	161	7
6620	14	1	2	1	99	8
6621	15	3	1	2	73	3
6622	16	2	1	1	72	5
6623	17	7	3	2	90	8
6624	18	7	4	1	70	1
6625	19	8	2	3	118	3
6626	19	8	2	2	119	4
6627	19	8	2	1	120	5
6628	17	8	3	1	59	8
6629	18	6	6	1	56	1
6630	20	8	2	3	121	3
6631	21	9	3	1	118	4
6632	20	8	2	2	121	4
6633	20	8	2	1	122	5
6634	15	3	1	1	73	5
6635	16	2	1	1	72	3
6636	17	7	3	2	90	8
6637	18	7	4	1	70	1
6638	19	8	2	3	123	3
6639	19	8	2	2	124	4
6640	19	8	2	1	125	5
6641	17	8	3	1	59	8
6642	18	7	5	1	61	8
6643	20	8	2	3	126	3
6644	21	9	3	1	119	4
6645	20	8	2	2	126	4
6646	20	8	2	1	127	5
6647	12	8	1	4	133	3
6648	13	9	2	1	161	6
6649	14	8	2	2	128	4
6650	15	9	3	1	120	5
6651	14	8	2	1	128	7
6652	15	9	3	1	121	8
6653	17	3	1	2	73	2
6654	18	2	1	1	72	6
6655	19	1	1	1	98	4
6656	21	7	2	1	85	5
6657	22	7	4	1	70	7
6658	17	3	1	1	73	6
6659	18	2	1	1	72	2
6660	20	1	1	1	98	4
6661	21	7	2	1	85	5
6662	22	7	4	1	71	7
6663	12	8	1	3	133	4
6664	13	9	2	1	161	5
6665	14	8	2	2	128	6
6666	15	9	3	1	121	7
6667	16	1	2	2	99	7
6668	17	7	2	1	85	8
6669	18	4	3	1	63	1
6670	19	7	3	2	90	2
6671	20	7	4	1	72	7
6672	22	4	6	1	46	7
6673	23	5	7	1	54	2
6674	24	3	9	1	41	8
6675	19	7	3	1	90	3
6676	16	1	2	1	99	8
6677	14	8	2	1	128	7
6678	15	9	3	1	121	8
6679	17	1	3	2	74	7
6680	18	1	1	3	98	3
6681	19	2	2	1	84	4
6682	20	3	3	1	42	5
6683	22	4	2	2	52	2
6684	23	4	3	1	63	1
6685	22	4	2	1	52	3
6686	23	4	3	1	64	2
6687	18	1	1	2	98	5
6688	19	2	2	1	84	2
6689	18	1	1	1	98	6
6690	19	2	2	1	85	1
6691	20	3	1	2	73	3
6692	21	3	2	1	74	2
6693	20	3	1	1	73	5
6694	21	2	1	1	72	3
6695	17	3	3	1	42	7
6696	18	3	9	1	42	8
6697	19	8	9	1	44	1
6698	21	7	5	1	61	8
6699	12	8	1	2	133	5
6700	13	9	2	1	161	4
6701	12	8	1	1	133	7
6702	13	9	2	1	162	2
6703	11	9	7	1	70	4
6704	12	9	6	2	68	2
6705	13	9	5	1	62	3
6706	14	8	1	3	133	2
6707	15	9	2	1	163	7
6708	16	1	2	1	100	8
6709	17	8	2	2	128	4
6710	18	9	3	1	121	5
6711	17	8	2	1	128	5
6712	18	9	3	1	122	6
6713	19	1	1	1	98	6
6714	20	1	3	1	74	7
6715	22	7	2	2	85	3
6716	22	7	2	1	86	4
6717	14	8	1	2	133	3
6718	15	9	2	1	163	6
6719	16	8	2	2	128	4
6720	17	9	3	1	122	5
6721	16	8	2	1	128	7
6722	17	9	3	1	123	8
6723	19	8	3	1	59	2
6724	14	8	1	1	133	4
6725	15	9	2	1	163	5
6726	16	8	2	2	128	6
6727	17	9	3	1	123	7
6728	18	8	3	1	60	3
6729	19	7	4	1	72	7
6730	21	7	2	1	87	8
6731	26	6	6	1	56	3
6732	31	9	8	1	42	8
6733	16	8	2	1	128	7
6734	17	9	3	1	123	8
6735	19	7	4	1	72	6
6736	12	9	6	1	68	3
6737	13	9	5	1	62	2
6738	14	8	1	3	133	2
6739	15	9	2	1	163	7
6740	16	1	2	1	100	8
6741	17	8	2	2	128	4
6742	18	9	3	1	123	5
6743	17	8	2	1	128	5
6744	18	9	3	1	124	6
6745	19	1	1	1	98	6
6746	20	1	3	1	74	7
6747	22	7	2	2	87	3
6748	22	7	2	1	88	4
6749	14	8	1	2	133	3
6750	15	9	2	1	163	6
6751	16	8	2	2	128	4
6752	17	9	3	1	124	5
6753	16	8	2	1	128	7
6754	17	9	3	1	125	8
6755	19	8	3	1	60	2
6756	14	8	1	1	133	4
6757	15	9	2	1	163	5
6758	16	8	2	2	128	6
6759	17	9	3	1	125	7
6760	18	8	3	1	61	3
6761	19	7	6	1	51	6
6762	16	8	2	1	128	7
6763	17	9	3	1	125	8
6764	19	7	3	1	91	3
6765	8	1	6	1	29	9
6766	9	3	9	1	42	9
6767	10	2	5	2	51	8
6768	11	9	7	3	70	2
6769	12	9	6	2	68	3
6770	13	9	5	1	62	4
6771	14	8	6	1	28	8
6772	15	9	3	2	125	8
6773	16	8	2	1	128	7
6774	19	8	1	2	133	3
6775	20	9	2	1	163	6
6776	19	8	1	1	133	4
6777	20	9	2	1	164	5
6778	15	7	2	1	89	8
6779	16	8	1	3	133	2
6780	17	1	2	1	100	7
6781	16	8	1	2	133	3
6782	17	9	2	1	165	6
6783	18	1	2	1	101	7
6784	16	8	1	1	133	4
6785	17	9	2	1	165	5
6786	18	1	2	1	102	7
6787	12	9	6	1	68	4
6788	13	9	5	1	62	3
6789	14	8	6	1	28	8
6790	15	9	3	2	125	8
6791	16	1	2	1	103	8
6792	19	8	1	2	133	3
6793	20	9	2	1	165	6
6794	19	8	1	1	133	4
6795	20	9	2	1	166	5
6796	15	7	2	1	89	8
6797	16	8	1	3	133	2
6798	17	1	2	1	103	7
6799	16	8	1	2	133	3
6800	17	9	2	1	167	6
6801	18	1	2	1	104	7
6802	16	8	1	1	133	4
6803	17	9	2	1	167	5
6804	18	1	2	1	105	7
6805	11	9	7	2	70	3
6806	12	6	6	2	56	8
6807	13	7	5	1	62	1
6808	12	8	6	1	28	8
6809	13	7	9	2	59	1
6810	14	9	3	2	125	8
6811	15	1	2	1	106	8
6812	19	8	1	3	133	3
6813	20	9	2	1	167	6
6814	19	8	1	2	133	4
6815	19	8	1	1	134	5
6816	14	7	2	1	89	8
6817	15	1	3	2	74	8
6818	16	3	7	1	44	8
6819	17	8	1	5	135	2
6820	18	9	2	1	168	7
6821	17	8	1	4	135	3
6822	18	9	2	1	169	6
6823	19	1	2	1	106	7
6824	17	8	1	3	135	4
6825	18	9	2	1	169	5
6826	19	1	2	1	107	7
6827	22	4	3	1	65	1
6828	17	8	1	2	135	5
6829	18	9	2	1	169	4
6830	17	8	1	1	135	7
6831	18	9	2	1	170	2
6832	15	3	3	1	42	8
6833	16	3	7	1	44	7
6834	17	2	2	2	85	1
6835	18	1	2	2	107	7
6836	19	8	1	4	135	3
6837	20	1	3	1	74	6
6838	19	8	1	3	135	4
6839	20	1	3	1	75	6
6840	19	8	1	2	135	5
6841	19	8	1	1	136	7
6842	18	1	3	1	76	7
6843	19	1	1	1	98	6
6844	20	1	2	1	107	5
6845	21	3	2	1	75	4
6846	22	8	2	1	128	3
6847	17	3	2	1	75	1
6848	18	8	2	4	129	3
6849	19	9	3	1	125	4
6850	18	8	2	3	129	4
6851	19	9	3	1	126	5
6852	20	1	2	2	107	7
6853	21	2	2	1	85	2
6854	20	1	3	1	76	7
6855	21	1	2	1	107	6
6856	22	2	2	1	86	3
6857	18	8	2	2	129	5
6858	19	9	3	1	126	6
6859	20	1	2	1	107	6
6860	21	1	3	1	76	7
6861	18	8	2	1	129	6
6862	19	9	3	1	126	7
6863	21	1	2	1	107	7
6864	22	9	2	1	171	5
6865	24	2	2	1	87	4
6866	13	7	7	1	56	1
6867	14	9	3	2	126	8
6868	15	3	7	1	44	8
6869	18	8	1	3	137	3
6870	19	9	2	1	171	6
6871	18	8	1	2	137	4
6872	18	8	1	1	138	5
6873	14	7	2	1	89	8
6874	15	1	3	2	77	8
6875	16	3	7	1	44	8
6876	17	8	1	5	139	2
6877	18	1	2	1	107	7
6878	17	8	1	4	139	3
6879	18	9	2	1	172	6
6880	19	1	2	1	108	7
6881	17	8	1	3	139	4
6882	18	9	2	1	172	5
6883	19	1	2	1	109	7
6884	22	3	2	1	75	1
6885	17	8	1	2	139	5
6886	18	9	2	1	172	4
6887	17	8	1	1	139	7
6888	18	9	2	1	173	2
6889	15	3	3	1	42	8
6890	16	3	7	1	44	7
6891	17	2	2	2	88	1
6892	18	1	2	2	109	7
6893	19	8	1	4	139	3
6894	20	1	3	1	77	6
6895	19	8	1	3	139	4
6896	20	1	3	1	78	6
6897	19	8	1	2	139	5
6898	19	8	1	1	140	7
6899	18	1	3	1	79	7
6900	19	1	1	1	98	6
6901	20	1	2	1	109	5
6902	21	3	2	1	76	4
6903	22	9	2	1	174	2
6904	17	3	2	1	76	1
6905	18	8	1	5	141	2
6906	19	1	2	1	109	7
6907	18	8	1	4	141	3
6908	19	9	2	1	175	6
6909	18	8	1	3	141	4
6910	19	9	2	1	176	5
6911	18	8	1	2	141	5
6912	19	9	2	1	177	4
6913	18	8	1	1	141	7
6914	19	9	2	1	178	2
6915	11	9	7	1	70	4
6916	12	9	6	2	68	2
6917	13	9	5	1	62	3
6918	14	8	6	1	28	8
6919	15	9	3	2	126	8
6920	16	3	7	1	44	8
6921	19	8	1	2	141	3
6922	19	8	1	1	142	4
6923	20	9	2	1	179	5
6924	15	7	2	1	89	8
6925	16	8	1	3	142	2
6926	17	1	2	1	110	7
6927	16	8	1	2	142	3
6928	17	9	2	1	180	6
6929	18	1	2	1	111	7
6930	16	8	1	1	142	4
6931	17	9	2	1	180	5
6932	18	1	2	1	112	7
6933	21	4	3	1	66	1
6934	22	7	3	2	92	2
6935	23	8	3	1	61	3
6936	25	7	6	1	52	4
6937	28	7	9	1	59	1
6938	22	7	3	1	92	3
6939	12	9	6	1	68	3
6940	13	9	5	1	62	2
6941	14	8	6	1	28	8
6942	15	9	3	2	126	8
6943	16	1	2	1	112	8
6944	19	8	1	2	142	3
6945	19	8	1	1	143	4
6946	20	7	2	1	89	6
6947	15	7	2	1	90	8
6948	16	8	1	3	143	2
6949	17	1	2	1	112	7
6950	16	8	1	2	143	3
6951	17	9	2	1	180	6
6952	18	1	2	1	113	7
6953	16	8	1	1	143	4
6954	17	9	2	1	180	5
6955	18	1	2	1	114	7
6956	21	4	3	1	66	1
6957	22	7	3	2	93	2
6958	23	8	3	1	61	3
6959	22	7	3	1	93	3
6960	10	2	6	1	36	8
6961	11	9	7	3	70	2
6962	12	9	6	2	68	3
6963	13	9	5	1	62	4
6964	14	8	1	3	143	2
6965	15	9	2	1	180	7
6966	16	1	2	1	114	8
6967	17	3	7	1	44	8
6968	18	8	2	2	129	4
6969	19	9	3	1	126	5
6970	18	8	2	1	129	5
6971	19	9	3	1	127	6
6972	20	8	3	1	62	4
6973	14	8	1	2	143	3
6974	15	9	2	1	180	6
6975	16	8	2	2	129	4
6976	17	9	3	1	127	5
6977	16	8	2	1	129	7
6978	17	9	3	1	128	8
6979	19	3	7	1	44	8
6980	20	7	3	2	94	2
6981	21	7	2	1	90	5
6982	24	7	6	1	52	1
6983	20	7	3	1	94	4
6984	14	8	1	1	143	4
6985	15	9	2	1	180	5
6986	16	8	2	2	129	6
6987	17	9	3	1	128	7
6988	16	8	2	1	129	7
6989	17	9	3	1	129	8
6990	19	3	7	1	44	8
6991	20	7	3	2	95	2
6992	21	7	2	1	90	6
6993	24	7	6	1	53	1
6994	20	7	3	1	95	3
6995	12	9	6	1	68	4
6996	13	9	5	1	62	3
6997	14	8	1	3	143	2
6998	15	9	2	1	180	7
6999	16	1	2	1	114	8
7000	17	3	7	1	44	8
7001	18	8	2	2	129	4
7002	19	9	3	1	129	5
7003	18	8	2	1	129	5
7004	19	9	3	1	130	6
7005	20	7	2	1	90	3
7006	14	8	1	2	143	3
7007	15	9	2	1	180	6
7008	16	9	3	2	130	5
7009	17	8	2	1	129	4
7010	16	9	3	1	130	8
7011	17	8	2	1	130	7
7012	20	7	2	1	91	5
7013	22	7	3	1	96	2
7014	24	7	6	1	54	1
7015	14	8	1	1	143	4
7016	15	9	2	1	180	5
7017	16	9	3	2	130	7
7018	16	9	3	1	131	8
7019	17	8	2	1	130	7
7020	20	7	2	1	91	6
7021	22	7	3	1	96	2
7022	25	6	6	1	56	1
7023	11	9	7	2	70	3
7024	12	8	1	5	143	2
7025	13	9	2	1	180	7
7026	14	1	2	1	114	8
7027	15	3	7	1	44	8
7028	16	2	1	2	73	3
7029	17	3	1	1	73	5
7030	18	7	3	2	96	8
7031	19	7	4	1	73	1
7032	20	8	2	3	130	3
7033	20	8	2	2	131	4
7034	20	8	2	1	132	5
7035	18	8	3	1	63	8
7036	19	6	6	1	57	1
7037	21	8	2	3	133	3
7038	22	9	3	1	131	4
7039	21	8	2	2	133	4
7040	21	8	2	1	134	5
7041	16	2	1	1	73	5
7042	17	3	1	1	73	3
7043	18	7	3	2	96	8
7044	19	7	4	1	73	1
7045	20	8	2	3	135	3
7046	20	8	2	2	136	4
7047	20	8	2	1	137	5
7048	18	8	3	1	63	8
7049	19	7	5	1	63	8
7050	21	8	2	3	138	3
7051	22	9	3	1	132	4
7052	21	8	2	2	138	4
7053	21	8	2	1	139	5
7054	12	8	1	4	143	3
7055	13	9	2	1	180	6
7056	14	8	2	2	140	4
7057	15	9	3	1	133	5
7058	14	8	2	1	140	7
7059	15	9	3	1	134	8
7060	17	3	7	1	44	8
7061	18	2	1	2	73	2
7062	19	3	1	1	73	6
7063	20	1	1	1	98	4
7064	22	7	2	1	91	5
7065	23	7	4	1	73	7
7066	18	2	1	1	73	6
7067	19	3	1	1	73	2
7068	21	1	1	1	98	4
7069	22	7	2	1	91	5
7070	23	7	4	1	74	7
7071	12	8	1	3	143	4
7072	13	9	2	1	180	5
7073	14	8	2	2	140	6
7074	15	9	3	1	134	7
7075	16	1	2	2	114	7
7076	17	7	2	1	91	8
7077	18	4	3	1	66	1
7078	19	7	3	2	96	2
7079	20	7	4	1	75	7
7080	22	3	6	1	55	7
7081	23	3	7	1	44	8
7082	26	1	3	1	79	8
7083	19	7	3	1	96	3
7084	16	1	2	1	114	8
7085	14	8	2	1	140	7
7086	15	9	3	1	134	8
7087	17	3	7	1	44	8
7088	18	1	3	2	80	7
7089	19	2	7	1	45	7
7090	21	8	8	1	56	8
7091	23	7	4	1	75	7
7092	18	3	3	1	42	7
7093	19	2	2	2	88	1
7094	20	1	3	2	80	4
7095	21	1	1	1	98	3
7096	22	3	2	1	76	2
7097	20	3	2	1	77	4
7098	21	4	3	1	66	2
7099	19	3	2	1	77	1
7100	20	2	2	2	88	4
7101	21	1	1	1	98	2
7102	23	7	2	1	91	6
7103	24	4	3	1	67	1
7104	20	1	3	1	80	4
7105	12	8	1	2	143	5
7106	13	9	2	1	180	4
7107	12	8	1	1	143	7
7108	13	9	2	1	181	2
7109	11	9	7	1	70	4
7110	12	9	6	2	68	2
7111	13	9	5	1	62	3
7112	14	8	1	3	143	2
7113	15	9	2	1	182	7
7114	16	1	2	1	115	8
7115	17	3	7	1	44	8
7116	18	8	2	2	140	4
7117	19	9	3	1	134	5
7118	18	8	2	1	140	5
7119	19	9	3	1	135	6
7120	20	1	1	1	98	6
7121	21	1	3	1	81	7
7122	23	2	7	1	45	7
7123	14	8	1	2	143	3
7124	15	9	2	1	182	6
7125	16	8	2	2	140	4
7126	17	9	3	1	135	5
7127	16	8	2	1	140	7
7128	17	9	3	1	136	8
7129	19	3	7	1	44	8
7130	14	8	1	1	143	4
7131	15	9	2	1	182	5
7132	16	8	2	2	140	6
7133	17	9	3	1	136	7
7134	18	8	3	1	63	3
7135	19	7	3	1	97	2
7136	21	1	2	1	115	7
7137	26	6	6	1	57	3
7138	31	9	9	1	48	6
7139	16	8	2	1	140	7
7140	17	9	3	1	136	8
7141	19	7	3	1	97	3
7142	12	9	6	1	68	3
7143	13	9	5	1	62	2
7144	14	8	1	3	143	2
7145	15	9	2	1	182	7
7146	16	1	2	1	115	8
7147	17	3	7	1	45	8
7148	18	8	2	2	140	4
7149	19	9	3	1	136	5
7150	18	8	2	1	140	5
7151	19	9	3	1	137	6
7152	20	1	1	1	98	6
7153	21	1	3	1	81	7
7154	23	1	8	1	43	1
7155	25	1	5	1	51	3
7156	14	8	1	2	143	3
7157	15	9	2	1	182	6
7158	16	8	2	2	140	4
7159	17	9	3	1	137	5
7160	16	8	2	1	140	7
7161	17	9	3	1	138	8
7162	19	3	7	1	45	8
7163	14	8	1	1	143	4
7164	15	9	2	1	182	5
7165	16	8	2	2	140	6
7166	17	9	3	1	138	7
7167	18	8	3	1	63	3
7168	19	7	5	1	63	4
7169	16	8	2	1	140	7
7170	17	9	3	1	138	8
7171	19	7	3	1	98	3
7172	7	2	6	1	36	9
7173	8	1	3	2	81	9
7174	9	3	9	1	42	9
7175	10	2	3	2	63	8
7176	11	7	2	1	91	8
7177	12	3	2	2	77	1
7178	13	9	9	2	49	8
7179	14	5	8	1	46	8
7180	15	7	9	2	60	1
7181	16	9	7	3	70	2
7182	17	9	6	2	68	3
7183	18	9	5	1	62	4
7184	19	7	3	2	99	4
7185	20	7	4	1	76	5
7186	21	8	1	2	143	2
7187	22	8	3	1	63	3
7188	21	8	1	1	143	3
7189	22	8	3	1	64	2
7190	19	7	7	1	56	4
7191	20	6	8	1	45	4
7192	21	7	3	2	99	3
7193	22	7	4	1	76	6
7194	23	7	6	1	55	2
7195	21	7	8	1	56	3
7196	17	9	6	1	68	4
7197	18	9	5	1	62	3
7198	19	7	3	2	99	4
7199	20	7	4	1	76	5
7200	21	8	1	2	143	2
7201	22	9	2	1	182	7
7202	21	8	1	1	143	3
7203	22	9	2	1	183	6
7204	19	7	7	1	56	4
7205	20	6	8	1	45	4
7206	21	7	3	2	99	3
7207	22	7	4	1	76	6
7208	23	7	6	1	56	2
7209	21	7	8	1	57	3
7210	16	9	7	2	70	3
7211	17	8	2	4	140	3
7212	18	9	3	1	138	4
7213	17	8	2	3	140	4
7214	18	9	3	1	139	5
7215	19	9	2	2	184	7
7216	20	9	8	1	43	6
7217	19	9	8	1	44	7
7218	17	8	2	2	140	5
7219	18	9	3	1	139	6
7220	17	8	2	1	140	6
7221	18	9	3	1	140	7
7222	20	9	2	1	184	5
7223	22	8	3	1	65	3
7224	25	4	3	1	68	1
7225	16	9	7	1	70	4
7226	17	9	6	2	68	2
7227	18	9	5	1	62	3
7228	19	7	3	2	99	3
7229	20	7	4	1	76	6
7230	23	9	8	1	45	5
7231	19	7	7	1	56	3
7232	17	9	6	1	68	3
7233	18	9	5	1	62	2
7234	19	7	3	2	99	3
7235	20	7	4	1	76	6
7236	23	9	3	1	140	6
7237	19	7	7	1	57	3
7238	15	7	7	1	58	1
7239	16	6	8	1	45	7
7240	17	9	2	2	184	7
7241	18	8	1	1	143	2
7242	17	9	3	1	141	7
7243	18	8	2	1	140	6
7244	19	9	8	1	46	6
7245	20	9	2	1	184	5
7246	22	8	9	1	44	7
7247	25	7	3	1	99	2
7248	13	9	8	1	46	8
7249	14	7	9	2	60	1
7250	15	5	1	2	50	8
7251	16	9	7	3	70	2
7252	17	9	6	2	68	3
7253	18	9	5	1	62	4
7254	19	7	3	2	100	4
7255	20	7	4	1	76	5
7256	21	8	1	2	144	2
7257	22	1	2	1	115	7
7258	21	8	1	1	144	3
7259	22	8	3	1	65	2
7260	19	7	7	1	58	4
7261	20	7	3	2	100	3
7262	21	7	4	1	76	6
7263	22	7	6	1	57	2
7264	23	7	5	1	64	5
7265	25	9	3	1	141	6
7266	30	2	2	1	88	4
7267	20	7	8	1	58	3
7268	17	9	6	1	68	4
7269	18	9	5	1	62	3
7270	19	7	3	2	100	4
7271	20	7	4	1	76	5
7272	21	8	1	2	144	2
7273	22	9	2	1	184	7
7274	21	8	1	1	144	3
7275	22	9	2	1	185	6
7276	19	7	7	1	58	4
7277	20	7	3	2	100	3
7278	21	7	4	1	76	6
7279	22	7	6	1	57	2
7280	20	7	8	1	59	3
7281	16	9	7	2	70	3
7282	17	8	2	4	140	3
7283	18	9	3	1	141	4
7284	17	8	2	3	140	4
7285	18	9	3	1	142	5
7286	19	9	2	2	186	7
7287	20	9	9	1	49	6
7288	19	9	9	1	50	7
7289	17	8	2	2	140	5
7290	18	9	3	1	142	6
7291	17	8	2	1	140	6
7292	18	9	3	1	143	7
7293	20	9	2	1	186	5
7294	22	1	2	1	116	7
7295	16	9	7	1	70	4
7296	17	9	6	2	68	2
7297	18	9	5	1	62	3
7298	19	7	3	2	100	3
7299	20	7	8	1	60	7
7300	19	7	7	1	58	3
7301	20	7	3	1	100	2
7302	21	7	4	1	76	7
7303	22	8	1	2	144	3
7304	23	9	2	1	186	6
7305	24	8	2	1	140	4
7306	22	8	1	1	144	4
7307	23	9	2	1	186	5
7308	27	1	2	1	117	7
7309	17	9	6	1	68	3
7310	18	9	5	1	62	2
7311	19	7	3	2	100	3
7312	20	7	7	1	58	2
7313	22	7	6	1	58	4
7314	23	7	5	1	64	7
7315	19	7	7	1	58	3
7316	20	7	3	1	100	2
7317	21	7	4	1	76	7
7318	22	8	1	2	144	3
7319	23	9	2	1	186	6
7320	22	8	1	1	144	4
7321	15	5	9	1	28	8
7322	16	9	7	3	70	2
7323	17	9	6	2	68	3
7324	18	9	5	1	62	4
7325	19	7	3	2	100	4
7326	20	7	4	1	76	5
7327	21	8	1	2	145	2
7328	22	9	2	1	187	7
7329	21	8	1	1	145	3
7330	22	9	2	1	188	6
7331	19	7	7	1	58	4
7332	20	7	3	2	100	3
7333	21	7	4	1	76	6
7334	22	7	6	1	58	2
7335	23	6	6	1	57	4
7336	25	9	9	1	51	5
7337	30	9	2	1	189	7
7338	20	7	8	1	61	3
7339	17	9	6	1	68	4
7340	18	9	5	1	62	3
7341	19	7	3	2	100	4
7342	20	7	4	1	76	5
7343	21	8	1	2	145	2
7344	22	9	2	1	190	7
7345	21	8	1	1	145	3
7346	22	9	2	1	191	6
7347	19	7	7	1	58	4
7348	20	7	3	2	100	3
7349	21	7	4	1	76	6
7350	22	7	6	1	58	2
7351	20	7	8	1	62	3
7352	16	9	7	2	70	3
7353	17	8	2	4	141	3
7354	18	9	3	1	143	4
7355	17	8	2	3	141	4
7356	18	9	3	1	144	5
7357	19	9	2	2	192	7
7358	20	9	9	1	51	6
7359	19	9	9	1	52	7
7360	17	8	2	2	141	5
7361	18	9	3	1	144	6
7362	17	8	2	1	141	6
7363	18	9	3	1	145	7
7364	20	9	2	1	192	5
7365	22	1	2	1	118	7
7366	23	2	2	1	89	3
7367	16	9	7	1	70	4
7368	17	9	6	2	68	2
7369	18	9	5	1	62	3
7370	19	7	3	2	100	3
7371	20	7	4	1	76	6
7372	24	9	2	1	192	7
7373	19	7	7	1	58	3
7374	20	7	3	1	100	2
7375	21	7	4	1	76	7
7376	22	8	1	2	145	3
7377	23	9	2	1	193	6
7378	24	7	8	1	63	6
7379	22	8	1	1	145	4
7380	23	9	2	1	193	5
7381	27	7	8	1	64	5
7382	34	5	8	1	46	7
7383	17	9	6	1	68	3
7384	18	9	5	1	62	2
7385	19	7	3	2	100	3
7386	20	7	7	1	58	2
7387	22	7	6	1	59	4
7388	23	7	5	1	65	7
7389	19	7	7	1	58	3
7390	20	7	3	1	100	2
7391	21	7	4	1	76	7
7392	22	8	1	2	145	3
7393	23	9	2	1	193	6
7394	22	8	1	1	145	4
7395	14	7	7	1	58	1
7396	15	9	2	6	194	2
7397	15	9	2	5	195	3
7398	15	9	2	4	196	4
7399	15	9	2	3	197	5
7400	16	8	1	1	146	4
7401	17	1	2	1	118	7
7402	19	9	3	1	145	7
7403	20	8	2	1	141	6
7404	21	4	3	1	69	1
7405	15	9	2	2	197	6
7406	16	8	1	1	146	3
7407	17	1	2	1	118	7
7408	15	9	2	1	197	7
7409	16	8	1	1	146	2
7410	12	3	3	1	42	1
7411	13	5	2	1	54	1
7412	14	9	2	6	197	2
7413	14	9	2	5	198	3
7414	14	9	2	4	199	4
7415	14	9	2	3	200	5
7416	15	8	1	1	147	4
7417	16	1	2	1	119	7
7418	17	9	3	2	145	3
7419	17	9	3	1	146	7
7420	18	8	2	1	141	6
7421	14	9	2	2	200	6
7422	15	8	1	1	147	3
7423	18	8	2	1	142	4
7424	14	9	2	1	200	7
7425	15	8	1	1	147	2
7426	10	2	5	1	51	8
7427	11	9	2	6	200	2
7428	11	9	2	5	201	3
7429	11	9	2	4	202	4
7430	11	9	2	3	203	5
7431	12	8	1	1	148	4
7432	13	9	3	3	146	3
7433	13	9	3	2	147	7
7434	14	8	2	1	143	6
7435	15	3	3	1	42	8
7436	16	3	2	1	77	1
7437	13	9	3	1	147	8
7438	11	9	2	2	203	6
7439	12	8	1	1	148	3
7440	13	9	3	2	148	5
7441	14	8	2	1	143	4
7442	13	9	3	1	148	8
7443	11	9	2	1	203	7
7444	12	8	1	1	148	2
7445	13	1	2	1	119	8
7446	14	7	3	1	100	8
7447	8	1	9	1	28	9
7448	9	3	3	1	42	9
7449	10	2	2	2	90	1
7450	11	9	2	6	203	2
7451	11	9	2	5	204	3
7452	11	9	2	4	205	4
7453	11	9	2	3	206	5
7454	12	8	1	1	148	4
7455	13	1	2	2	119	8
7456	14	2	5	1	51	8
7457	15	9	3	3	149	3
7458	15	9	3	2	150	7
7459	15	9	3	1	151	8
7460	16	8	2	1	144	7
7461	13	7	2	1	91	8
7462	14	1	2	1	119	7
7463	15	2	3	1	63	8
7464	16	1	3	1	81	6
7465	11	9	2	2	206	6
7466	12	8	1	1	148	3
7467	13	9	3	2	151	5
7468	14	8	2	1	145	4
7469	13	9	3	1	151	8
7470	14	8	2	1	146	7
7471	11	9	2	1	206	7
7472	12	8	1	1	148	2
7473	13	1	2	1	119	8
7474	15	2	5	1	51	8
7475	16	7	3	2	101	8
7476	17	7	4	1	76	1
7477	18	8	6	1	28	8
7478	16	8	3	1	66	8
7479	10	3	2	1	78	1
7480	11	9	2	6	206	2
7481	11	9	2	5	207	3
7482	11	9	2	4	208	4
7483	11	9	2	3	209	5
7484	12	8	1	1	148	4
7485	13	2	2	1	90	4
7486	14	1	1	2	98	2
7487	15	1	2	1	119	8
7488	17	2	5	1	51	8
7489	19	3	7	1	46	7
7490	24	5	1	1	50	8
7491	14	1	1	1	98	3
7492	15	1	3	1	82	7
7493	16	1	2	1	119	8
7494	17	2	5	1	51	8
7495	20	3	1	1	73	6
7496	22	3	9	1	42	7
7497	11	9	2	2	209	6
7498	12	8	1	1	148	3
7499	13	2	2	1	90	3
7500	14	9	3	2	151	5
7501	15	8	2	1	147	4
7502	14	9	3	1	151	8
7503	15	8	2	1	148	7
7504	11	9	2	1	209	7
7505	12	8	1	1	148	2
7506	13	2	2	1	90	2
7507	15	2	5	1	51	8
7508	17	2	3	1	63	7
7509	20	8	2	2	149	3
7510	21	9	3	1	151	4
7511	20	8	2	1	149	4
7512	4	4	2	1	52	9
7513	5	5	8	1	47	9
7514	6	6	5	1	30	9
7515	7	9	2	6	209	2
7516	7	9	2	5	210	3
7517	7	9	2	4	211	4
7518	7	9	2	3	212	5
7519	8	8	1	1	148	4
7520	9	9	3	2	152	8
7521	9	7	2	1	91	8
7522	10	1	2	1	119	7
7523	11	7	3	1	101	2
7524	7	9	2	2	212	6
7525	8	8	1	1	148	3
7526	9	9	3	2	153	5
7527	10	1	2	1	119	7
7528	9	9	3	1	153	8
7529	7	9	2	1	212	7
7530	8	8	1	1	148	2
7531	9	1	2	1	120	8
7532	2	8	3	1	67	9
7533	3	1	2	1	121	9
7534	4	9	2	5	212	2
7535	4	9	2	4	213	3
7536	4	9	2	3	214	4
7537	4	9	2	2	215	5
7538	5	8	1	2	148	2
7539	6	7	1	1	75	7
7540	7	7	2	1	91	8
7541	5	8	1	1	148	3
7542	6	7	1	1	75	8
7543	7	9	3	1	154	7
7544	9	7	3	2	102	2
7545	10	7	2	1	92	4
7546	11	6	3	2	54	1
7547	12	5	4	1	46	3
7548	13	6	2	1	72	3
7549	11	6	3	1	54	3
7550	12	5	4	1	46	1
7551	13	2	6	1	36	9
7552	17	4	2	1	52	8
7553	9	7	3	1	102	4
7554	10	7	2	1	92	2
7555	15	2	3	1	63	8
7556	19	4	2	1	53	8
7557	20	4	3	1	70	5
7558	4	9	2	1	215	6
7559	5	8	1	1	148	2
7560	7	8	2	2	150	3
7561	8	9	3	1	154	4
7562	7	8	2	1	150	4
7563	8	9	3	1	155	5
7564	10	7	3	2	102	3
7565	11	7	2	1	92	7
7566	12	7	5	2	66	6
7567	13	2	6	1	36	9
7568	15	7	8	2	64	9
7569	16	5	5	2	55	9
7570	17	6	6	1	57	3
7571	18	6	2	2	73	8
7572	19	7	4	1	76	5
7573	18	4	2	1	53	8
7574	19	7	4	1	77	2
7575	16	6	5	1	30	9
7576	17	9	9	2	53	8
7577	18	9	8	1	46	7
7578	19	7	4	1	78	5
7579	17	9	8	1	46	8
7580	18	9	9	1	53	7
7581	19	7	4	1	79	5
7582	15	7	9	1	60	9
7583	16	3	7	1	46	9
7584	17	1	9	1	28	6
7585	18	7	6	2	59	1
7586	19	7	7	1	58	4
7587	20	6	7	1	47	1
7588	22	6	2	1	73	8
7589	24	4	8	1	33	6
7590	25	5	8	1	47	9
7591	30	9	9	1	53	7
7592	35	3	9	1	43	8
7593	18	7	7	1	58	1
7594	12	7	6	1	59	6
7595	13	2	6	1	36	9
7596	10	7	3	1	102	7
7597	11	7	2	1	92	3
7598	14	9	7	1	70	3
7599	17	2	6	1	37	9
7600	0	9	2	8	215	1
7601	1	9	4	1	90	9
7602	2	8	3	2	67	9
7603	3	1	2	1	121	9
7604	4	7	8	2	64	9
7605	5	9	1	5	152	2
7606	5	9	1	4	153	3
7607	5	9	1	3	154	4
7608	5	9	1	2	155	5
7609	6	8	2	2	150	2
7610	7	9	3	1	155	7
7611	8	7	1	1	75	4
7612	11	8	7	1	60	5
7613	15	3	2	2	78	3
7614	16	2	6	1	38	9
7615	15	3	2	1	78	4
7616	16	2	6	1	39	9
7617	6	8	2	1	150	3
7618	7	9	3	1	155	8
7619	8	7	1	1	75	7
7620	11	7	9	1	60	8
7621	13	9	6	2	68	3
7622	14	2	6	1	40	9
7623	17	5	1	2	51	3
7624	18	5	3	1	56	1
7625	17	5	1	1	51	9
7626	18	6	5	1	30	9
7627	19	7	3	2	102	2
7628	20	7	2	1	92	4
7629	21	6	3	2	54	1
7630	22	5	4	1	46	3
7631	23	7	4	2	80	5
7632	24	5	5	1	55	8
7633	30	3	2	1	78	2
7634	23	7	4	1	80	6
7635	24	6	2	1	73	8
7636	21	6	3	1	54	3
7637	22	5	4	1	46	1
7638	19	7	3	1	102	4
7639	20	7	2	1	92	2
7640	13	9	6	1	68	4
7641	14	2	6	1	40	9
7642	16	7	7	1	59	3
7643	17	5	1	2	51	3
7644	18	5	2	1	54	2
7645	17	5	1	1	51	9
7646	18	6	5	1	30	9
7647	19	7	3	2	102	2
7648	20	7	2	1	93	4
7649	21	6	3	2	54	1
7650	22	5	4	1	47	3
7651	23	7	4	2	80	5
7652	24	7	5	1	66	6
7653	23	7	4	1	80	6
7654	24	6	2	1	74	8
7655	21	6	3	1	54	3
7656	22	5	4	1	47	1
7657	19	7	3	1	102	4
7658	20	7	2	1	93	2
7659	5	9	1	1	155	6
7660	6	8	2	1	150	2
7661	8	8	7	1	60	4
7662	4	7	9	1	60	9
7663	5	3	7	1	46	9
7664	6	2	6	1	40	9
7665	7	9	1	5	155	2
7666	7	9	1	4	156	3
7667	7	9	1	3	157	4
7668	7	9	1	2	158	5
7669	8	8	2	2	150	2
7670	9	9	3	1	155	7
7671	10	7	1	1	75	4
7672	13	8	7	1	61	5
7673	17	3	2	2	79	3
7674	18	1	1	1	98	2
7675	17	3	2	1	79	4
7676	18	1	1	1	99	2
7677	8	8	2	1	150	3
7678	9	9	3	1	155	8
7679	10	7	1	1	75	7
7680	13	9	7	1	70	2
7681	14	7	8	1	64	8
7682	15	9	6	2	68	3
7683	16	9	5	1	62	4
7684	18	6	7	1	47	7
7685	20	7	4	1	80	6
7686	24	7	2	1	94	4
7687	27	5	5	1	55	7
7688	15	9	6	1	68	4
7689	16	9	5	1	62	3
7690	17	7	7	1	59	3
7691	18	6	7	1	47	7
7692	20	7	4	1	80	6
7693	24	7	2	1	94	4
7694	27	5	5	1	56	7
7695	7	9	1	1	158	6
7696	8	8	2	1	150	2
7697	10	8	7	1	61	4
7698	2	8	7	1	62	9
7699	3	7	2	2	94	9
7700	4	9	1	5	158	2
7701	4	9	1	4	159	3
7702	4	9	1	3	160	4
7703	4	9	1	2	161	5
7704	5	8	2	2	150	2
7705	6	9	3	1	155	7
7706	7	8	1	1	148	3
7707	5	8	2	1	150	3
7708	6	9	3	1	155	8
7709	7	8	1	1	149	6
7710	9	2	2	1	90	8
7711	10	1	3	1	82	9
7712	12	3	9	1	44	9
7713	13	2	6	1	40	9
7714	14	7	3	2	102	2
7715	15	8	3	1	67	4
7716	16	9	7	1	70	2
7717	17	7	4	2	80	3
7718	17	7	4	1	81	4
7719	14	7	3	1	102	4
7720	15	8	3	1	67	2
7721	16	3	2	2	79	4
7722	17	1	2	1	121	5
7723	19	6	2	1	75	6
7724	16	5	2	1	55	4
7725	17	1	2	1	121	7
7726	4	9	1	1	161	6
7727	5	8	2	1	150	2
7728	7	8	1	2	149	3
7729	8	7	1	1	75	4
7730	10	7	3	1	102	5
7731	12	9	6	2	68	2
7732	13	6	2	1	76	6
7733	16	6	7	1	47	1
7734	12	9	6	1	68	3
7735	13	9	5	1	62	2
7736	14	7	4	1	82	1
7737	16	6	7	1	48	1
7738	7	8	1	1	149	4
7739	8	7	1	1	75	5
7740	11	1	2	2	122	8
7741	12	1	1	2	100	2
7742	13	2	2	2	90	3
7743	14	1	3	1	82	5
7744	15	2	1	2	73	7
7745	16	3	1	1	73	1
7746	17	3	2	2	79	4
7747	18	7	4	2	82	2
7748	19	9	7	1	70	2
7749	21	4	2	1	53	6
7750	24	6	3	1	54	4
7751	27	5	4	1	48	5
7752	28	9	6	2	68	3
7753	29	9	5	1	62	4
7754	28	9	6	1	68	4
7755	29	9	5	1	63	3
7756	30	5	6	2	52	2
7757	31	7	8	1	64	8
7758	33	7	6	1	59	7
7759	36	6	6	1	57	3
7760	30	5	6	1	52	3
7761	18	7	4	1	82	4
7762	19	9	7	1	70	4
7763	21	9	6	2	68	2
7764	22	9	5	1	63	3
7765	23	4	3	2	71	1
7766	24	4	2	1	53	5
7767	26	5	3	1	57	2
7768	28	6	3	1	54	4
7769	30	7	6	1	59	7
7770	31	7	8	1	64	8
7771	33	5	6	1	53	1
7772	23	4	3	1	71	2
7773	24	4	2	1	53	6
7774	21	9	6	1	68	3
7775	22	9	5	1	63	2
7776	23	4	3	2	71	1
7777	24	4	2	1	54	5
7778	26	5	3	1	57	2
7779	28	6	3	1	54	4
7780	30	3	4	2	52	2
7781	31	2	4	1	47	1
7782	32	3	9	1	44	9
7783	30	3	4	1	52	3
7784	23	4	3	1	71	2
7785	24	4	2	1	54	6
7786	17	3	3	1	42	4
7787	18	4	3	1	71	1
7788	15	3	1	1	73	7
7789	16	2	1	1	73	1
7790	17	7	5	2	67	7
7791	18	8	8	2	56	3
7792	19	8	9	1	44	6
7793	20	6	7	1	49	2
7794	23	9	7	1	70	4
7795	26	5	3	1	57	2
7796	18	8	8	1	56	6
7797	19	8	9	1	44	3
7798	23	9	7	1	70	4
7799	26	5	3	1	58	2
7800	17	7	6	1	59	7
7801	18	6	7	1	49	1
7802	20	8	8	2	56	3
7803	21	7	5	1	67	6
7804	24	6	6	2	58	2
7805	25	5	5	1	57	8
7806	27	5	1	1	51	9
7807	30	4	3	1	72	1
7808	24	6	6	1	58	3
7809	25	5	5	1	57	9
7810	28	4	8	1	33	9
7811	33	6	3	1	54	4
7812	35	7	4	2	82	2
7813	36	9	8	1	46	7
7814	35	7	4	1	82	4
7815	36	6	2	1	76	7
7816	20	8	8	1	56	6
7817	21	7	5	1	67	6
7818	24	6	6	2	58	2
7819	25	5	5	1	57	8
7820	27	5	1	1	51	9
7821	30	1	5	1	52	3
7822	24	6	6	1	58	3
7823	25	5	5	1	57	9
7824	29	4	8	1	33	9
7825	34	6	3	1	54	4
7826	39	5	2	1	55	6
7827	13	3	2	1	79	3
7828	14	5	2	1	56	6
7829	15	2	2	2	90	4
7830	16	5	1	1	51	8
7831	19	6	3	1	54	4
7832	15	2	2	1	90	7
7833	12	3	3	1	42	2
7834	13	1	1	2	100	1
7835	13	1	1	1	101	3
7836	14	5	2	1	56	3
7837	18	5	3	1	59	6
7838	27	4	8	1	33	9
7839	11	2	2	1	91	8
7840	12	1	1	1	101	1
7841	14	1	2	1	122	5
7842	3	7	1	1	75	9
7843	4	8	1	1	149	8
7844	5	7	5	1	67	8
7845	6	6	6	1	58	1
7846	8	4	8	1	34	9
7847	9	6	2	1	77	9
7848	11	4	2	1	55	8
7849	12	9	1	4	161	2
7850	12	9	1	3	162	3
7851	12	9	1	2	163	4
7852	12	9	1	1	164	5
7853	13	8	2	1	150	2
7854	15	7	3	2	102	3
7855	16	7	4	1	82	6
7856	17	8	3	1	67	6
7857	22	3	4	1	53	1
7858	15	8	3	1	67	3
7859	16	7	4	2	82	3
7860	17	7	3	1	102	6
7861	20	6	3	1	55	2
7862	23	7	6	1	59	2
7863	16	7	4	1	82	5
7864	17	7	3	1	102	4
7865	20	6	3	1	55	2
7866	22	5	3	1	59	1
7867	0	9	2	7	215	2
7868	1	8	2	5	150	1
7869	2	8	1	5	149	3
7870	3	7	1	1	75	5
7871	4	1	2	2	123	9
7872	5	9	3	2	155	9
7873	6	9	1	1	164	8
7874	7	9	4	2	90	6
7875	8	9	7	1	70	1
7876	7	9	4	1	90	7
7877	5	8	3	1	67	9
7878	6	9	4	1	91	9
7879	7	9	3	2	155	7
7880	8	9	1	1	164	6
7881	11	1	1	2	101	1
7882	12	2	2	2	91	4
7883	13	2	6	1	40	9
7884	15	3	2	2	79	3
7885	16	4	3	2	73	2
7886	17	4	2	1	55	5
7887	18	7	4	2	82	2
7888	19	6	2	1	77	6
7889	20	6	3	1	55	3
7890	25	2	1	2	73	7
7891	26	3	1	1	73	2
7892	27	7	8	2	64	9
7893	28	7	9	1	60	6
7894	29	8	7	1	62	7
7895	30	7	7	2	59	1
7896	31	6	6	1	58	1
7897	30	7	7	1	59	3
7898	31	9	7	1	71	1
7899	35	3	8	1	45	6
7900	43	4	6	1	46	1
7901	27	7	9	1	60	9
7902	28	3	7	1	46	9
7903	29	7	8	2	64	6
7904	30	8	7	1	62	7
7905	33	5	8	1	47	4
7906	29	7	6	1	60	6
7907	30	8	7	1	62	6
7908	25	3	1	1	73	7
7909	26	2	1	1	73	2
7910	27	7	8	2	64	9
7911	28	7	9	1	60	6
7912	29	8	7	1	63	7
7913	31	3	3	1	42	6
7914	34	6	7	1	49	2
7915	35	5	5	1	57	2
7916	27	7	9	1	60	9
7917	28	3	7	1	46	9
7918	30	3	3	1	42	6
7919	33	2	5	1	51	7
7920	18	7	4	1	82	3
7921	19	6	2	1	77	7
7922	20	5	3	1	60	3
7923	23	5	4	1	48	7
7924	26	9	7	2	71	3
7925	27	3	1	2	73	2
7926	28	2	1	1	73	7
7927	29	9	6	2	68	1
7928	30	8	7	1	63	7
7929	32	7	5	1	67	2
7930	36	5	5	1	58	8
7931	29	9	6	1	68	5
7932	30	8	7	1	63	7
7933	32	7	5	1	67	2
7934	36	5	6	1	54	2
7935	27	3	1	1	73	7
7936	28	2	1	1	73	2
7937	29	9	6	2	68	1
7938	30	8	7	1	63	7
7939	32	7	5	1	67	2
7940	29	9	6	1	68	5
7941	30	8	7	1	63	7
7942	32	7	5	1	68	2
7943	26	9	7	1	71	4
7944	16	4	3	1	73	3
7945	17	4	2	1	55	6
7946	18	7	4	1	82	1
7947	21	5	4	1	48	6
7948	25	5	1	1	51	8
7949	30	2	5	1	52	7
7950	15	3	2	1	79	6
7951	16	4	3	1	73	1
7952	23	9	7	1	72	1
7953	12	3	2	1	79	4
7954	13	2	6	1	40	9
7955	16	2	2	2	91	5
7956	17	4	2	1	55	6
7957	25	5	1	1	51	8
7958	27	9	7	2	73	3
7959	28	3	1	2	73	2
7960	29	2	1	1	73	7
7961	30	7	8	2	64	9
7962	31	8	7	1	63	7
7963	32	7	9	1	60	6
7964	33	7	5	2	69	7
7965	33	7	6	1	60	7
7966	34	6	7	1	49	2
7967	30	7	9	1	60	9
7968	31	8	7	1	63	7
7969	34	5	5	1	59	9
7970	28	3	1	1	73	7
7971	29	2	1	1	73	2
7972	30	7	8	2	64	9
7973	31	8	7	1	63	7
7974	32	7	9	1	60	6
7975	35	2	7	1	46	6
7976	30	7	9	1	60	9
7977	31	8	7	1	63	7
7978	27	9	7	1	73	4
7979	16	2	2	1	91	7
7980	11	3	3	1	42	1
7981	12	2	6	1	40	9
7982	13	4	3	2	73	2
7983	14	5	3	2	60	3
7984	15	6	3	1	55	6
7985	14	5	3	1	60	5
7986	13	4	3	1	73	3
7987	14	3	2	2	79	3
7988	15	4	2	1	55	6
7989	14	3	2	1	79	4
7990	15	4	2	1	56	7
7991	7	9	3	1	155	8
7992	8	9	1	1	164	7
7993	9	8	7	1	64	7
7994	10	7	3	2	102	4
7995	11	7	2	1	94	6
7996	12	7	4	2	82	1
7997	13	6	2	1	77	5
7998	15	2	2	2	92	3
7999	16	4	3	1	73	3
8000	23	5	4	1	48	4
8001	15	2	2	1	92	4
8002	12	7	4	1	82	3
8003	13	6	2	1	77	7
8004	15	1	1	2	101	2
8005	16	5	3	2	61	1
8006	17	5	4	1	49	4
8007	19	2	6	1	40	9
8008	21	5	1	1	51	6
8009	16	5	3	1	61	3
8010	15	3	3	1	42	2
8011	16	2	6	1	40	9
8012	21	5	1	1	52	9
8013	10	7	3	1	102	6
8014	11	7	2	1	94	4
8015	12	1	1	2	101	2
8016	13	3	2	1	79	6
8017	14	2	6	1	40	9
8018	18	4	3	1	73	2
8019	12	3	3	1	42	2
8020	13	2	6	1	40	9
8021	14	6	3	2	56	1
8022	15	5	2	1	56	5
8023	14	6	3	1	56	3
8024	15	5	4	1	49	1
8025	4	7	2	1	94	9
8026	5	9	1	2	164	6
8027	6	9	3	1	155	7
8028	9	9	4	2	91	8
8029	10	1	2	2	123	8
8030	11	1	1	2	101	2
8031	12	2	2	2	93	4
8032	13	1	3	1	82	6
8033	14	3	2	2	79	3
8034	15	4	3	2	74	2
8035	16	5	4	1	50	6
8036	19	5	3	1	62	1
8037	24	8	7	1	64	6
8038	25	7	6	1	60	6
8039	26	7	5	2	70	1
8040	27	2	3	1	63	9
8041	29	7	8	1	64	8
8042	32	5	8	1	48	4
8043	35	2	7	1	47	5
8044	26	7	5	1	70	3
8045	27	9	7	1	74	3
8046	29	3	5	1	34	2
8047	15	4	3	1	74	3
8048	16	5	4	1	50	7
8049	14	3	2	1	79	5
8050	15	5	2	1	57	3
8051	18	7	4	2	82	2
8052	19	6	2	1	77	6
8053	21	4	3	1	74	2
8054	23	5	3	1	62	1
8055	18	7	4	1	82	3
8056	19	6	2	1	77	7
8057	23	4	3	1	74	1
8058	24	6	3	1	56	2
8059	27	5	4	1	51	7
8060	28	2	1	2	73	1
8061	29	3	1	1	73	7
8062	30	7	5	2	70	6
8063	31	6	6	1	59	3
8064	33	4	8	1	34	8
8065	35	4	7	1	28	7
8066	30	7	6	1	60	6
8067	31	7	8	1	64	7
8068	33	4	8	1	34	8
8069	28	2	1	1	73	7
8070	29	3	1	1	73	1
8071	30	9	6	2	68	1
8072	31	7	8	1	64	7
8073	33	6	4	1	29	6
8074	34	6	5	1	30	1
8075	30	9	6	1	68	4
8076	31	9	5	1	63	1
8077	32	7	8	1	64	7
8078	36	6	5	1	31	8
8079	12	3	2	1	79	4
8080	13	2	2	2	93	3
8081	14	1	3	1	82	5
8082	15	6	3	2	56	2
8083	16	5	4	1	51	7
8084	17	5	3	1	63	3
8085	18	4	2	1	57	5
8086	20	7	4	1	82	3
8087	24	9	7	1	74	3
8088	26	7	6	1	60	6
8089	28	7	8	1	64	7
8090	15	6	3	1	56	3
8091	16	5	4	1	51	6
8092	17	5	2	1	57	7
8093	18	6	2	2	77	6
8094	19	4	3	1	74	1
8095	22	5	3	1	63	2
8096	25	2	1	2	73	7
8097	26	3	1	1	73	1
8098	27	3	4	2	54	3
8099	28	4	5	2	54	2
8100	29	3	8	1	45	2
8101	31	7	6	1	60	6
8102	28	4	5	1	54	3
8103	27	3	4	1	54	5
8104	28	4	5	1	55	3
8105	31	1	5	1	53	7
8106	25	3	1	1	73	7
8107	26	2	1	1	73	1
8108	27	7	5	2	70	6
8109	28	6	6	1	59	2
8110	30	3	5	1	35	2
8111	31	7	6	2	61	1
8112	32	3	4	1	54	1
8113	31	7	6	1	61	3
8114	32	7	7	1	59	1
8115	27	7	6	1	61	6
8116	28	7	5	2	70	1
8117	29	3	5	1	35	6
8118	28	7	5	1	70	3
8119	29	9	7	1	74	3
8120	30	9	6	2	68	1
8121	31	9	5	1	63	4
8122	32	1	5	1	54	1
8123	30	9	5	1	63	1
8124	31	9	6	1	68	4
8125	18	4	2	1	57	6
8126	19	4	3	1	74	2
8127	21	7	4	1	82	1
8128	24	8	7	1	64	6
8129	26	7	6	1	61	6
8130	27	7	8	1	65	8
8131	30	7	7	1	60	3
8132	32	7	9	1	60	7
8133	36	6	8	1	45	6
8134	37	5	8	1	48	9
8135	13	2	2	1	93	7
8136	11	3	3	1	42	2
8137	12	3	2	1	79	3
8138	13	4	3	2	74	1
8139	14	4	2	1	57	4
8140	15	5	2	1	57	6
8141	21	7	4	1	82	3
8142	29	8	7	1	64	6
8143	13	4	3	1	74	3
8144	14	4	2	1	57	6
8145	10	2	2	1	94	8
8146	11	1	1	1	101	1
8147	9	9	4	1	91	9
8148	10	8	7	1	65	9
8149	14	4	8	1	35	9
8150	15	6	1	1	27	9
8151	16	7	6	2	61	2
8152	16	7	6	1	62	3
8153	17	7	4	1	82	1
8154	5	9	1	1	164	7
8155	6	9	3	1	155	8
8156	7	7	3	2	102	4
8157	8	8	3	1	67	6
8158	9	1	2	2	123	8
8159	10	1	1	2	102	1
8160	11	2	2	2	94	4
8161	12	1	3	1	82	5
8162	13	3	2	2	79	3
8163	14	4	3	2	74	2
8164	15	4	2	1	58	5
8165	16	7	4	2	83	2
8166	17	6	2	1	77	6
8167	18	5	1	1	53	8
8168	21	5	4	1	51	6
8169	23	9	4	1	91	9
8170	25	8	7	1	65	9
8171	26	2	1	2	73	6
8172	27	3	1	1	73	2
8173	28	2	3	2	63	9
8174	29	3	3	1	42	7
8175	30	1	4	2	32	3
8176	31	2	6	1	40	8
8177	32	6	5	1	32	9
8178	35	6	1	1	27	4
8179	37	5	8	1	49	9
8180	38	7	5	2	70	1
8181	38	7	5	1	71	3
8182	30	1	4	1	32	4
8183	31	5	5	2	60	9
8184	32	7	8	1	65	7
8185	31	6	5	1	32	9
8186	32	6	1	1	27	4
8187	34	5	8	1	49	9
8188	35	7	5	2	72	1
8189	35	7	5	1	73	3
8190	28	3	3	1	42	9
8191	29	2	3	1	63	7
8192	32	3	5	1	36	6
8193	34	1	5	2	55	3
8194	35	7	5	1	74	1
8195	34	1	5	1	55	7
8196	35	3	4	1	55	1
8197	26	3	1	1	73	6
8198	27	2	1	1	73	2
8199	29	2	6	1	40	8
8200	32	3	5	1	36	2
8201	38	1	4	1	32	3
8202	16	7	4	1	83	3
8203	17	6	2	1	77	7
8204	18	5	1	1	53	9
8205	23	9	4	2	91	6
8206	23	9	4	1	92	9
8207	24	7	6	1	62	6
8208	28	6	7	1	50	2
8209	14	4	3	1	74	3
8210	15	4	2	1	58	6
8211	16	7	4	1	83	1
8212	19	5	4	1	51	8
8213	22	5	1	1	53	9
8214	26	6	5	1	32	9
8215	13	3	2	1	79	6
8216	11	2	2	1	94	6
8217	10	3	3	1	42	1
8218	11	4	3	2	74	2
8219	12	5	3	2	63	3
8220	13	1	1	2	102	4
8221	13	3	2	1	80	4
8222	14	2	2	1	95	3
8223	12	5	3	1	63	5
8224	13	5	2	1	57	4
8225	17	3	2	1	80	5
8226	22	7	4	1	83	2
8227	28	2	3	1	63	9
8228	29	3	4	2	56	3
8229	30	7	5	2	75	6
8230	31	9	5	1	63	3
8231	32	3	9	1	45	9
8232	30	7	6	1	62	6
8233	31	2	1	2	73	6
8234	32	3	1	1	73	2
8235	33	9	6	2	69	3
8236	34	1	5	1	55	2
8237	33	4	6	1	47	3
8238	34	5	7	1	54	1
8239	37	4	5	1	55	4
8240	31	3	1	1	73	6
8241	32	2	1	1	73	2
8242	33	9	6	2	69	3
8243	34	5	5	1	60	3
8244	33	4	6	1	47	3
8245	34	5	7	1	54	1
8246	37	3	9	1	46	9
8247	29	3	4	1	56	4
8248	30	4	5	2	56	3
8249	31	5	6	1	55	2
8250	33	4	6	1	47	4
8251	38	3	8	1	45	3
8252	30	4	5	1	56	4
8253	31	5	6	1	55	1
8254	32	5	5	2	61	3
8255	33	4	6	1	47	5
8256	32	5	5	1	61	8
8257	33	1	6	1	29	9
8258	11	4	3	1	74	3
8259	12	3	2	2	80	3
8260	13	5	2	1	57	4
8261	18	5	4	1	51	7
8262	25	9	4	2	92	6
8263	26	8	7	1	65	7
8264	25	9	4	1	92	9
8265	26	8	7	1	66	9
8266	32	7	8	1	66	7
8267	12	3	2	1	80	4
8268	13	2	2	1	96	3
8269	9	2	2	1	97	8
8270	10	1	1	1	103	1
8271	12	1	2	1	123	6
8272	13	7	4	2	83	1
8273	14	6	2	1	77	5
8274	16	8	7	1	66	9
8275	18	3	9	1	47	9
8276	19	2	6	1	40	9
8277	20	3	5	1	36	1
8278	21	3	2	2	80	3
8279	22	5	2	1	57	7
8280	26	5	4	1	51	6
8281	29	4	8	1	35	9
8282	31	9	6	2	69	3
8283	32	7	8	1	67	8
8284	31	9	6	1	69	5
8285	32	9	5	1	63	3
8286	21	3	2	1	80	4
8287	13	7	4	1	83	3
8288	14	6	2	1	77	7
8289	15	3	2	2	81	3
8290	16	9	4	2	92	6
8291	17	9	7	1	74	1
8292	16	9	4	1	92	9
8293	17	8	7	1	66	9
8294	19	3	9	1	47	9
8295	20	9	7	2	75	3
8296	21	7	5	2	75	6
8297	22	3	6	1	55	6
8298	23	2	1	2	73	4
8299	24	3	1	1	73	2
8300	25	2	3	2	63	7
8301	26	3	3	1	42	5
8302	27	2	5	2	53	3
8303	28	6	6	1	59	3
8304	33	5	6	1	55	2
8305	27	2	5	1	53	5
8306	28	9	6	1	69	5
8307	25	3	3	1	42	7
8308	26	2	3	1	63	5
8309	30	3	8	1	46	5
8310	23	3	1	1	73	4
8311	24	2	1	1	73	2
8312	25	5	3	2	63	3
8313	26	5	1	1	53	8
8314	29	4	3	1	74	1
8315	33	5	5	1	61	9
8316	37	5	8	1	49	6
8317	25	6	3	1	56	3
8318	26	5	4	1	51	6
8319	21	7	6	1	62	6
8320	22	2	1	2	73	4
8321	23	3	1	1	73	2
8322	24	2	3	2	63	7
8323	25	3	3	1	42	5
8324	26	5	3	2	63	3
8325	27	5	2	1	57	5
8326	30	5	4	1	52	7
8327	33	7	8	1	68	7
8328	26	6	3	1	56	3
8329	27	5	4	1	52	6
8330	24	3	3	1	42	7
8331	25	2	3	1	63	5
8332	29	4	6	1	48	2
8333	22	3	1	1	73	4
8334	23	2	1	1	73	2
8335	24	5	3	2	63	3
8336	25	5	1	1	53	8
8337	28	4	3	1	74	1
8338	31	7	8	1	69	7
8339	24	6	3	1	56	3
8340	25	5	4	1	53	6
8341	20	9	7	1	75	4
8342	15	3	2	1	81	4
8343	7	7	3	1	102	6
8344	8	8	3	1	67	4
8345	9	9	4	2	92	6
8346	10	9	7	1	76	1
8347	9	9	4	1	92	9
8348	10	8	7	1	66	9
8349	11	7	4	2	83	1
8350	11	7	4	1	84	2
8351	12	6	2	1	77	8
8352	2	8	1	4	149	4
8353	3	7	1	1	75	6
8354	4	9	1	2	164	7
8355	5	9	3	1	155	8
8356	6	7	3	2	102	3
8357	7	7	2	2	94	5
8358	8	8	3	1	67	9
8359	11	1	1	2	103	2
8360	12	2	2	2	97	3
8361	13	3	2	1	82	4
8362	18	7	4	1	84	4
8363	12	2	2	1	97	4
8364	11	3	3	1	42	2
8365	12	2	6	1	40	9
8366	16	4	3	1	74	4
8367	7	7	2	1	94	9
8368	8	8	3	1	67	5
8369	9	9	4	2	92	6
8370	10	9	5	1	64	1
8371	9	9	4	1	92	9
8372	10	8	7	1	66	9
8373	11	1	2	2	123	8
8374	12	3	1	2	73	3
8375	13	2	1	1	73	5
8376	15	5	3	1	63	6
8377	17	6	5	1	33	9
8378	20	1	1	1	103	1
8379	21	1	3	1	82	7
8380	25	4	2	1	58	5
8381	31	9	7	1	77	3
8382	32	9	6	2	70	1
8383	33	3	4	1	56	1
8384	32	9	6	1	70	5
8385	33	9	5	1	65	1
8386	34	7	5	2	75	2
8387	35	3	4	1	57	1
8388	34	7	5	1	75	7
8389	35	7	6	1	62	2
8390	12	3	1	1	73	5
8391	13	2	1	1	73	3
8392	14	5	2	1	57	3
8393	15	5	3	1	63	6
8394	17	6	5	1	33	9
8395	20	1	1	1	103	1
8396	21	1	3	1	82	7
8397	25	4	2	1	58	5
8398	31	9	7	1	77	3
8399	32	7	8	2	70	8
8400	33	5	5	2	61	8
8401	34	2	6	1	40	8
8402	37	4	9	1	27	3
8403	33	5	9	1	28	8
8404	34	3	9	1	47	7
8405	32	7	9	1	60	8
8406	33	3	9	1	48	7
8407	35	8	9	1	44	2
8408	11	2	2	1	98	8
8409	12	1	1	1	103	1
8410	14	3	9	1	48	9
8411	15	2	6	1	40	9
8412	16	1	2	2	123	5
8413	17	3	1	2	73	2
8414	18	2	1	1	73	3
8415	19	5	2	1	57	3
8416	20	7	4	2	85	1
8417	20	7	4	1	86	4
8418	21	6	2	1	78	7
8419	17	3	1	1	73	3
8420	18	2	1	1	73	2
8421	20	7	4	2	86	1
8422	20	7	4	1	87	4
8423	21	6	2	1	79	7
8424	16	1	2	1	123	7
8425	17	3	2	1	82	3
8426	21	5	4	1	54	2
8427	6	7	3	1	102	5
8428	7	7	2	2	94	3
8429	8	8	3	1	67	9
8430	11	1	1	2	103	3
8431	12	2	2	1	98	4
8432	11	3	3	1	42	3
8433	12	1	1	1	103	2
8434	14	2	2	2	99	4
8435	14	2	2	1	100	5
8436	15	3	2	1	82	4
8437	18	5	1	1	53	9
8438	20	4	2	1	58	8
8439	22	5	2	1	57	7
8440	7	7	2	1	94	9
8441	8	8	3	1	67	3
8442	9	1	2	2	123	8
8443	10	3	1	2	73	3
8444	11	5	2	1	58	3
8445	13	3	2	1	82	4
8446	22	1	3	1	82	7
8447	27	9	4	2	92	6
8448	27	9	4	1	93	9
8449	28	8	7	1	66	9
8450	31	7	8	2	70	8
8451	32	7	6	2	63	3
8452	33	9	6	1	70	4
8453	32	7	6	1	63	7
8454	33	6	7	1	51	1
8455	31	5	8	1	50	8
8456	32	8	8	1	56	7
8457	10	3	1	1	73	5
8458	11	2	1	1	73	3
8459	12	5	2	1	58	3
8460	14	5	1	1	53	9
8461	23	2	2	1	100	6
8462	26	2	3	1	63	9
8463	28	1	6	1	30	2
8464	9	2	2	1	100	8
8465	10	1	1	1	103	1
8466	12	1	2	2	123	5
8467	13	3	1	2	73	2
8468	14	2	1	1	73	3
8469	15	5	2	1	58	3
8470	16	3	2	1	82	4
8471	13	3	1	1	73	3
8472	14	2	1	1	73	2
8473	16	3	2	1	83	4
8474	12	1	2	1	123	7
8475	13	3	2	1	84	3
8476	4	9	1	1	164	8
8477	5	9	3	1	155	9
8478	6	1	2	1	123	9
8479	7	1	1	2	103	1
8480	8	7	8	2	70	9
8481	9	8	7	1	66	8
8482	10	7	5	2	75	8
8483	11	6	6	1	59	1
8484	13	5	3	1	63	1
8485	16	2	3	1	63	8
8486	17	9	7	2	77	1
8487	18	7	4	1	87	1
8488	17	9	7	1	77	3
8489	10	7	6	1	63	8
8490	11	6	7	1	52	1
8491	12	9	7	2	78	3
8492	12	9	7	1	79	4
8493	8	7	9	1	60	9
8494	9	8	7	1	66	8
8495	11	7	5	1	75	8
8496	12	5	5	1	61	9
8497	14	2	6	1	40	9
8498	22	6	3	1	56	2
8499	7	3	3	1	42	1
8500	8	1	3	2	82	8
8501	9	3	2	1	85	4
8502	10	3	4	2	58	2
8503	11	2	1	1	73	2
8504	13	1	1	2	103	3
8505	14	2	3	1	63	6
8506	16	6	3	1	57	2
8507	13	1	1	1	103	5
8508	14	2	3	1	63	6
8509	10	3	4	1	58	3
8510	11	1	1	2	103	5
8511	12	2	3	1	64	6
8512	14	5	1	1	53	9
8513	11	2	2	1	100	5
8514	12	2	3	1	64	6
8515	14	6	3	1	58	2
8516	8	2	3	1	64	8
8517	9	6	2	2	80	8
8518	10	2	2	2	100	6
8519	10	1	3	1	82	6
8520	9	4	2	1	58	8
8521	10	1	1	2	103	2
8522	10	1	1	1	104	3
8523	2	8	1	3	149	5
8524	3	7	1	1	75	7
8525	4	9	1	2	164	3
8526	5	9	3	1	155	4
8527	6	7	3	1	102	6
8528	7	7	2	2	94	8
8529	8	8	3	1	67	9
8530	7	7	2	1	94	9
8531	8	8	3	1	68	8
8532	9	7	4	2	88	1
8533	9	7	4	1	89	2
8534	10	6	2	1	80	8
8535	4	9	1	1	164	8
8536	5	9	3	1	155	9
8537	6	1	2	1	123	9
8538	7	2	1	2	73	3
8539	8	3	1	1	73	6
8540	9	1	1	2	105	2
8541	10	1	3	1	83	7
8542	15	5	4	1	55	1
8543	9	3	3	1	42	2
8544	10	1	3	1	83	7
8545	7	2	1	1	73	6
8546	8	3	1	1	73	3
8547	9	1	1	2	105	2
8548	10	1	3	1	84	7
8549	15	5	4	1	56	1
8550	9	3	3	1	42	2
8551	10	1	3	1	84	7
8552	2	8	1	2	149	6
8553	3	7	1	1	75	8
8554	4	9	1	2	164	3
8555	5	9	3	1	155	4
8556	6	7	3	2	102	5
8557	7	1	2	2	123	9
8558	8	7	2	1	94	7
8559	10	9	4	1	93	9
8560	7	7	2	1	94	9
8561	8	8	3	1	68	7
8562	9	9	4	2	94	7
8563	10	9	7	1	80	1
8564	9	7	5	1	75	7
8565	10	7	4	3	89	1
8566	10	7	4	2	90	2
8567	11	6	2	1	81	7
8568	12	2	1	2	73	7
8569	13	3	1	1	73	1
8570	15	6	3	1	59	8
8571	16	5	4	1	57	1
8572	17	4	3	1	75	1
8573	12	3	1	1	73	7
8574	13	2	1	1	73	1
8575	15	6	3	1	59	8
8576	16	5	4	1	57	1
8577	17	4	3	1	76	1
8578	10	7	4	1	90	3
8579	11	6	2	1	81	8
8580	12	1	2	2	123	7
8581	13	1	1	2	105	1
8582	14	5	2	1	58	3
8583	13	3	3	1	42	1
8584	14	3	2	2	85	3
8585	14	3	2	1	86	4
8586	12	2	2	1	101	7
8587	13	1	2	3	123	3
8588	13	1	2	2	124	5
8589	14	3	2	2	87	3
8590	15	4	3	2	77	1
8591	16	5	2	1	59	6
8592	20	5	5	1	61	8
8593	24	1	1	1	105	2
8594	15	4	3	1	77	3
8595	16	5	2	1	59	4
8596	20	6	3	1	59	2
8597	22	5	5	1	61	8
8598	25	9	4	1	94	8
8599	14	3	2	1	87	4
8600	13	1	2	1	124	6
8601	14	5	2	1	59	3
8602	17	4	2	1	58	5
8603	24	1	1	1	106	2
8604	6	7	3	1	102	7
8605	7	7	4	1	90	1
8606	4	9	1	1	164	4
8607	5	9	3	1	155	5
8608	6	7	3	2	102	3
8609	7	7	2	2	94	7
8610	8	8	3	1	68	9
8611	7	7	2	1	94	9
8612	8	8	3	1	69	7
8613	9	9	4	2	95	7
8614	10	9	5	1	65	3
8615	9	7	5	1	75	7
8616	10	9	7	3	81	1
8617	10	9	7	2	82	3
8618	10	9	7	1	83	6
8619	6	7	3	1	102	7
8620	7	7	4	1	91	1
8621	2	8	1	1	149	7
8622	3	7	1	1	75	9
8623	4	9	1	3	164	3
8624	5	9	3	1	155	4
8625	6	6	2	2	81	9
8626	7	7	4	3	92	1
8627	7	7	4	2	93	3
8628	8	7	3	1	102	6
8629	9	7	2	2	94	5
8630	10	8	3	1	69	8
8631	11	1	2	2	124	8
8632	12	6	3	2	59	1
8633	13	1	1	1	107	1
8634	15	4	2	1	58	7
8635	18	4	3	1	77	3
8636	12	6	3	1	59	3
8637	13	5	4	1	57	2
8638	14	5	3	1	63	1
8639	15	4	2	1	58	6
8640	11	2	2	1	101	8
8641	12	1	1	1	107	1
8642	14	1	2	1	124	6
8643	15	3	2	2	88	3
8644	16	4	3	1	78	1
8645	15	3	2	1	88	4
8646	9	7	2	1	94	8
8647	10	8	3	1	69	5
8648	11	9	4	2	95	7
8649	11	7	5	1	75	7
8650	12	9	6	2	71	5
8651	12	9	5	1	66	5
8652	7	7	4	1	93	4
8653	8	7	3	1	102	5
8654	9	7	2	2	94	6
8655	10	8	3	1	69	8
8656	11	1	3	1	85	9
8657	9	7	2	1	94	8
8658	10	8	3	1	69	6
8659	11	9	4	2	96	7
8660	11	7	5	1	75	7
8661	12	5	5	2	61	9
8662	13	6	6	1	59	2
8663	14	7	6	2	63	1
8664	14	7	6	1	64	3
8665	12	4	4	1	27	9
8666	13	5	5	1	61	8
8667	14	9	4	1	97	6
8668	6	4	2	1	59	9
8669	7	7	3	2	102	5
8670	8	7	2	2	94	6
8671	9	7	4	1	93	2
8672	12	3	2	2	89	3
8673	13	4	3	1	79	6
8674	14	1	2	2	124	5
8675	14	1	2	1	125	8
8676	15	5	3	2	63	1
8677	15	5	3	1	64	3
8678	16	6	3	1	59	2
8679	21	2	2	1	101	4
8680	12	3	2	1	89	8
8681	13	4	3	1	79	1
8682	14	1	2	2	125	3
8683	15	5	3	2	64	2
8684	16	6	3	1	59	3
8685	20	2	2	1	102	5
8686	23	5	6	1	56	1
8687	15	5	3	1	64	3
8688	16	6	3	1	59	2
8689	20	2	2	1	102	4
8690	23	3	4	2	58	1
8691	24	3	1	1	73	2
8692	26	3	9	1	48	9
8693	23	3	4	1	58	3
8694	24	4	5	2	56	2
8695	25	2	3	1	64	6
8696	24	4	5	1	56	3
8697	25	2	3	1	65	7
8698	14	1	2	1	125	5
8699	15	2	2	2	102	3
8700	15	2	2	1	103	4
8701	8	7	2	1	94	8
8702	9	8	3	1	69	6
8703	10	4	3	2	79	2
8704	11	3	2	1	89	7
8705	12	6	2	1	81	6
8706	10	4	3	1	79	3
8707	11	3	2	1	89	6
8708	12	6	2	1	82	7
8709	14	1	2	2	125	3
8710	15	2	2	2	104	4
8711	16	5	2	1	59	5
8712	15	2	2	1	104	5
8713	16	5	2	1	60	4
8714	18	1	3	1	86	9
8715	19	2	1	2	73	1
8716	20	3	1	1	73	2
8717	21	2	3	2	66	7
8718	22	3	3	1	42	8
8719	23	9	4	2	98	7
8720	24	5	4	1	57	6
8721	23	7	5	1	75	7
8722	24	8	7	2	66	9
8723	24	3	7	1	46	9
8724	25	3	9	1	49	7
8725	27	1	6	1	31	7
8726	21	2	3	1	66	8
8727	22	3	3	1	42	7
8728	23	5	3	2	64	1
8729	24	5	4	1	58	6
8730	27	5	6	2	57	2
8731	28	1	5	1	56	2
8732	31	3	7	1	46	8
8733	27	5	6	1	57	3
8734	28	2	4	2	47	3
8735	29	5	5	1	61	2
8736	28	2	4	1	47	4
8737	29	3	6	1	55	8
8738	23	5	3	1	64	2
8739	24	5	4	1	58	7
8740	27	7	5	1	75	7
8741	28	5	5	1	62	9
8742	30	1	6	1	32	7
8743	19	2	1	1	73	2
8744	20	3	1	1	73	1
8745	21	9	4	2	98	7
8746	22	5	4	1	58	6
8747	21	7	5	1	75	7
8748	22	8	7	2	67	9
8749	22	3	7	1	47	9
8750	23	2	3	2	66	8
8751	24	3	3	1	42	7
8752	26	2	4	2	47	1
8753	26	2	4	1	48	3
8754	23	3	3	1	42	8
8755	24	2	3	1	66	7
8756	26	1	6	1	33	7
8757	14	1	2	1	125	5
8758	15	2	2	1	104	3
8759	7	7	3	1	102	6
8760	8	6	2	1	82	7
8761	4	9	1	2	164	4
8762	5	9	3	1	155	5
8763	6	6	2	2	83	9
8764	7	7	3	3	102	3
8765	8	7	4	1	93	6
8766	9	7	2	1	94	8
8767	11	9	6	2	72	1
8768	12	9	7	1	84	3
8769	11	9	6	1	72	3
8770	7	7	3	2	102	6
8771	8	7	4	1	93	3
8772	9	7	2	1	94	8
8773	11	9	4	2	98	7
8774	11	7	5	1	75	7
8775	12	5	5	2	62	9
8776	13	6	6	1	59	2
8777	14	2	3	2	66	9
8778	15	1	3	2	86	8
8779	16	6	3	2	59	7
8780	17	5	4	1	59	1
8781	18	3	4	1	58	2
8782	19	8	5	1	28	2
8783	20	8	7	1	68	9
8784	16	3	3	1	42	7
8785	17	1	2	2	125	4
8786	18	1	1	1	107	2
8787	19	3	2	1	89	5
8788	17	3	2	1	90	4
8789	18	5	2	1	60	7
8790	15	3	3	1	42	8
8791	16	1	3	2	86	7
8792	17	4	3	2	79	4
8793	18	5	2	1	61	3
8794	17	6	3	1	59	4
8795	18	5	4	1	59	4
8796	19	6	7	2	52	1
8797	19	6	7	1	53	3
8798	20	7	6	1	65	1
8799	16	6	3	1	59	7
8800	17	1	3	1	86	4
8801	19	4	3	1	79	1
8802	14	2	6	1	40	9
8803	15	9	4	2	99	9
8804	15	8	4	1	33	9
8805	16	8	5	1	28	2
8806	12	4	4	1	27	9
8807	13	9	5	1	67	1
8808	7	7	3	1	102	8
8809	8	7	4	1	93	1
8810	6	4	2	1	59	9
8811	7	7	3	2	102	3
8812	8	7	2	2	94	8
8813	9	8	3	1	69	6
8814	10	9	4	2	100	7
8815	11	9	5	1	68	3
8816	10	7	5	1	75	7
8817	11	9	7	3	85	1
8818	11	9	7	2	86	3
8819	11	9	7	1	87	6
8820	8	8	3	1	69	8
8821	9	7	2	1	94	6
8822	10	9	4	2	100	8
8823	11	9	7	1	88	1
8824	10	7	5	1	75	8
8825	11	5	5	1	62	9
8826	7	7	3	1	102	6
8827	8	7	4	1	94	1
8828	4	9	1	1	164	5
8829	5	9	3	1	155	6
8830	6	6	2	2	83	9
8831	7	7	3	3	102	3
8832	8	7	4	1	95	6
8833	9	7	2	2	94	8
8834	10	8	3	1	69	4
8835	11	9	4	2	100	7
8836	11	7	5	1	75	7
8837	12	9	4	2	101	8
8838	13	8	7	1	69	8
8839	14	9	7	1	89	3
8840	15	4	3	2	80	1
8841	16	5	4	2	59	1
8842	17	6	3	1	59	7
8843	20	3	4	1	58	2
8844	16	5	4	1	59	3
8845	17	6	3	1	59	5
8846	21	3	2	1	90	6
8847	22	5	1	1	54	6
8848	24	1	2	2	125	3
8849	25	1	3	1	86	9
8850	28	4	1	2	28	3
8851	29	6	1	1	27	8
8852	31	4	4	1	27	9
8853	34	7	6	1	66	2
8854	28	4	1	1	28	8
8855	29	6	1	1	27	3
8856	30	2	1	2	73	2
8857	31	5	6	1	57	1
8858	33	6	6	1	59	2
8859	30	3	1	1	73	2
8860	31	2	1	1	73	1
8861	32	9	5	2	69	1
8862	33	9	6	1	73	4
8863	35	7	6	1	67	2
8864	32	6	5	1	33	1
8865	24	1	2	1	125	5
8866	15	4	3	1	80	2
8867	16	5	5	2	63	9
8868	17	6	6	1	60	2
8869	18	2	3	2	66	9
8870	19	2	2	2	105	6
8871	20	3	2	2	90	3
8872	20	3	2	1	91	5
8873	21	4	2	1	59	7
8874	23	5	2	1	62	3
8875	25	1	3	1	86	8
8876	29	7	6	1	68	1
8877	19	4	2	1	59	6
8878	20	3	2	1	91	4
8879	21	1	2	2	126	5
8880	21	2	2	1	105	5
8881	22	1	2	2	127	3
8882	22	1	2	1	128	7
8883	18	2	6	1	40	9
8884	19	8	4	1	33	9
8885	16	4	4	1	27	9
8886	17	5	5	1	63	8
8887	18	5	3	1	64	1
8888	20	5	4	1	59	3
8889	12	9	4	1	101	9
8890	13	8	7	1	69	9
8891	9	8	3	1	69	8
8892	10	7	2	1	94	4
8893	11	5	4	2	60	2
8894	12	6	3	1	59	2
8895	13	1	2	2	129	8
8896	14	1	1	2	107	1
8897	15	4	3	1	80	1
8898	14	3	3	1	42	1
8899	15	4	3	1	81	4
8900	13	2	2	1	105	8
8901	14	1	3	1	86	9
8902	16	1	2	2	129	5
8903	17	5	2	1	62	3
8904	23	2	3	1	66	7
8905	25	9	4	1	101	8
8906	28	8	7	1	70	6
8907	16	1	2	1	129	6
8908	17	4	2	1	59	7
8909	21	5	2	1	62	5
8910	24	5	6	1	57	3
8911	26	3	3	1	42	7
8912	11	5	4	1	60	3
8913	12	6	3	1	59	1
8914	7	7	2	3	94	3
8915	8	7	3	2	102	4
8916	9	8	3	1	69	8
8917	11	1	1	2	107	1
8918	12	1	2	2	129	6
8919	13	2	2	1	105	8
8920	12	1	2	1	129	8
8921	13	3	3	1	43	3
8922	11	1	1	1	107	3
8923	12	1	2	1	129	8
8924	8	7	3	1	102	8
8925	9	8	3	1	69	4
8926	11	5	4	1	60	2
8927	7	7	3	2	102	4
8928	8	7	2	1	94	8
8929	11	9	4	2	101	7
8930	11	7	5	1	75	7
8931	12	9	4	2	102	8
8932	12	9	4	1	103	9
8933	7	7	3	1	102	8
8934	8	7	2	1	94	4
8935	11	9	7	2	89	1
8936	12	9	4	1	104	8
8937	13	7	5	1	75	7
8938	11	9	7	1	89	3
8939	6	4	2	1	59	9
8940	7	7	3	2	102	3
8941	8	7	2	2	94	8
8942	9	8	3	1	69	4
8943	10	9	4	2	104	7
8944	11	9	7	1	90	3
8945	10	7	5	1	76	7
8946	11	9	4	2	104	8
8947	12	8	7	1	71	8
8948	13	8	8	2	57	3
8949	14	8	9	1	45	5
8950	15	7	6	1	69	5
8951	18	5	5	1	63	9
8952	21	7	4	1	95	4
8953	31	6	2	1	83	7
8954	13	8	8	1	57	5
8955	14	8	9	1	45	3
8956	18	5	5	1	63	9
8957	11	9	4	1	104	9
8958	8	8	3	1	69	8
8959	9	7	2	1	94	4
8960	12	5	1	1	54	8
8961	7	7	3	1	102	4
8962	8	7	2	2	94	3
8963	9	8	3	1	69	8
8964	10	5	2	1	62	7
8965	11	5	1	1	55	8
8966	8	7	2	1	94	8
8967	9	8	3	1	69	3
8968	10	9	4	2	105	7
8969	11	9	7	1	91	3
8970	10	7	5	1	76	7
8971	11	9	4	2	105	8
8972	11	9	4	1	106	9
8973	12	8	7	1	71	9
8974	1	8	2	4	150	3
8975	2	9	1	3	164	4
8976	3	9	3	1	155	7
8977	4	8	1	1	149	6
8978	6	7	3	2	102	1
8979	7	7	2	2	94	5
8980	8	8	3	1	69	9
8981	11	6	2	2	84	8
8982	12	7	4	1	95	7
8983	13	8	7	1	72	7
8984	14	7	5	2	76	6
8985	15	9	7	1	92	1
8986	17	9	6	2	73	3
8987	18	9	5	1	69	5
8988	25	6	6	1	60	1
8989	29	4	8	1	35	7
8990	17	9	6	1	73	5
8991	18	9	5	1	69	3
8992	19	7	7	1	60	3
8993	24	3	7	1	47	9
8994	25	4	8	1	36	7
8995	27	4	4	1	27	8
8996	14	7	6	1	69	6
8997	15	9	7	1	92	1
8998	19	7	5	2	76	2
8999	20	7	9	1	60	3
9000	23	9	6	2	73	3
9001	24	9	5	1	69	5
9002	25	5	4	2	61	1
9003	26	6	3	1	60	4
9004	25	5	4	1	61	3
9005	26	6	3	1	61	2
9006	27	1	1	2	107	3
9007	27	4	1	1	28	3
9008	28	3	2	1	91	1
9009	29	6	1	1	27	1
9010	23	9	6	1	73	5
9011	24	9	5	1	69	3
9012	25	5	4	2	61	1
9013	26	6	3	1	61	4
9014	25	5	4	1	61	3
9015	26	6	3	1	62	2
9016	28	3	9	1	49	9
9017	29	1	9	1	28	7
9018	31	5	1	1	56	7
9019	19	7	5	1	76	3
9020	11	4	2	1	59	8
9021	12	1	1	2	108	1
9022	13	5	1	1	57	7
9023	12	2	2	1	106	1
9024	13	5	1	1	58	9
9025	16	6	2	1	84	7
9026	7	7	2	1	94	9
9027	8	8	3	1	69	5
9028	9	9	7	4	92	1
9029	10	8	7	1	72	9
9030	12	9	6	2	73	3
9031	13	9	5	1	69	5
9032	14	7	6	1	69	2
9033	15	6	5	1	34	9
9034	17	7	4	2	95	6
9035	18	5	5	1	64	8
9036	21	6	9	1	27	8
9037	24	1	1	1	108	7
9038	28	1	2	1	130	5
9039	17	7	4	1	95	7
9040	18	5	5	1	64	7
9041	21	4	4	1	28	8
9042	22	6	7	2	53	2
9043	23	7	8	1	70	4
9044	26	4	1	1	28	9
9045	22	6	7	1	53	3
9046	23	7	8	1	70	5
9047	26	5	1	1	58	9
9048	28	5	9	1	28	1
9049	35	6	8	1	45	4
9050	37	5	4	1	61	3
9051	39	4	5	1	56	2
9052	12	9	6	1	73	5
9053	13	9	5	1	69	3
9054	14	7	6	1	69	2
9055	15	6	6	2	60	1
9056	16	6	5	1	34	9
9057	17	7	4	2	95	6
9058	18	5	5	1	64	8
9059	21	9	8	1	47	8
9060	24	9	9	1	53	6
9061	28	5	9	1	28	1
9062	17	7	4	1	95	7
9063	18	5	5	1	64	7
9064	21	4	4	1	28	8
9065	22	6	7	2	53	2
9066	23	5	3	1	64	2
9067	26	5	9	1	29	8
9068	22	6	7	1	53	3
9069	23	7	8	1	70	5
9070	26	5	1	1	58	9
9071	28	5	9	1	30	1
9072	35	6	8	1	45	4
9073	37	6	1	1	28	2
9074	15	6	6	1	60	3
9075	16	5	5	1	64	9
9076	18	7	4	1	95	7
9077	21	4	4	1	28	8
9078	27	4	1	1	29	5
9079	9	9	7	3	92	3
9080	10	9	4	1	106	9
9081	11	8	7	1	72	9
9082	9	9	7	2	92	5
9083	10	9	4	1	106	9
9084	11	8	7	1	73	9
9085	9	9	7	1	92	6
9086	6	7	3	1	102	5
9087	7	7	2	1	94	9
9088	9	9	4	2	106	6
9089	9	9	4	1	107	9
9090	10	8	7	1	74	9
9091	11	7	5	2	77	6
9092	12	2	3	2	66	9
9093	13	5	5	2	64	9
9094	14	6	6	1	60	3
9095	16	6	1	1	29	9
9096	17	7	4	2	95	3
9097	17	9	5	1	69	3
9098	13	6	5	1	34	9
9099	14	7	4	3	96	1
9100	15	9	7	1	93	1
9101	17	7	8	1	70	7
9102	18	9	6	2	73	3
9103	19	7	6	1	69	4
9104	22	7	7	1	60	2
9105	24	1	2	2	131	8
9106	25	5	3	1	64	8
9107	24	4	2	1	59	8
9108	18	9	6	1	73	5
9109	19	9	5	1	70	3
9110	20	6	7	1	53	3
9111	22	7	7	1	60	2
9112	25	5	1	1	58	9
9113	28	5	6	1	57	3
9114	29	4	4	1	28	6
9115	30	1	2	2	131	8
9116	31	5	3	1	65	8
9117	30	4	2	1	60	8
9118	31	5	9	1	30	1
9119	32	5	3	1	66	2
9120	14	7	4	2	96	2
9121	14	7	4	1	97	3
9122	15	9	7	1	93	3
9123	17	7	6	1	69	1
9124	12	2	6	1	40	9
9125	13	1	3	2	86	9
9126	14	3	9	1	49	9
9127	15	3	2	2	91	1
9128	16	1	2	2	131	7
9129	17	7	4	1	97	3
9130	19	9	7	1	93	3
9131	20	7	6	1	70	1
9132	16	2	2	1	106	7
9133	17	4	2	1	60	4
9134	22	5	1	1	58	7
9135	15	5	2	1	62	1
9136	16	7	4	3	97	1
9137	17	6	2	1	85	6
9138	19	7	8	1	70	7
9139	20	9	6	2	73	3
9140	21	9	5	1	70	5
9141	25	7	7	1	60	2
9142	20	9	6	1	73	5
9143	21	9	5	1	70	3
9144	22	6	7	1	53	3
9145	24	7	7	1	61	2
9146	27	5	1	1	59	9
9147	30	6	5	1	34	9
9148	16	7	4	2	97	2
9149	16	7	4	1	98	3
9150	17	6	2	1	85	8
9151	19	7	6	1	71	1
9152	13	1	9	1	28	9
9153	14	3	3	1	44	9
9154	15	7	4	3	98	1
9155	16	6	2	1	85	6
9156	18	7	8	1	70	7
9157	19	9	6	2	73	3
9158	20	7	6	1	72	4
9159	24	7	7	1	61	2
9160	26	4	8	1	36	9
9161	19	9	6	1	73	5
9162	20	9	5	1	70	3
9163	21	7	6	1	72	4
9164	23	6	5	1	35	9
9165	27	5	1	1	59	9
9166	30	5	6	1	57	3
9167	15	7	4	2	98	2
9168	15	7	4	1	99	3
9169	16	6	2	1	85	8
9170	18	7	6	1	72	1
9171	11	7	6	1	73	6
9172	12	7	8	1	70	7
9173	14	9	7	2	93	3
9174	15	7	4	2	99	1
9175	15	7	4	1	100	3
9176	16	6	2	1	85	8
9177	17	7	5	2	77	1
9178	17	7	9	1	60	1
9179	18	7	7	1	61	2
9180	20	9	6	2	73	1
9181	21	9	5	1	70	5
9182	23	4	4	1	28	8
9183	26	4	5	1	57	1
9184	29	5	3	1	67	4
9185	30	4	1	1	30	7
9186	35	5	7	1	54	6
9187	20	9	5	1	70	1
9188	21	9	6	1	73	5
9189	23	6	5	1	35	9
9190	24	5	1	1	59	9
9191	25	4	1	1	30	1
9192	27	1	2	2	131	5
9193	28	6	1	1	29	5
9194	29	2	2	1	106	1
9195	32	3	2	1	91	4
9196	34	5	4	1	61	5
9197	27	1	2	1	131	7
9198	28	6	1	1	29	7
9199	29	2	2	1	106	1
9200	14	9	7	1	93	5
9201	2	9	1	2	164	5
9202	3	9	3	1	155	8
9203	4	8	1	2	149	4
9204	5	7	1	1	75	6
9205	6	7	3	2	102	1
9206	7	7	2	2	94	7
9207	8	8	3	1	69	9
9208	11	9	7	1	94	4
9209	7	7	2	1	94	9
9210	8	8	3	1	69	7
9211	9	1	2	3	131	4
9212	10	2	2	1	107	7
9213	9	1	2	2	131	5
9214	10	2	2	1	108	7
9215	9	1	2	1	131	8
9216	10	1	1	2	108	2
9217	11	1	3	2	86	3
9218	12	2	2	1	109	1
9219	11	3	3	1	44	3
9220	12	2	2	2	110	4
9221	13	2	3	1	66	9
9222	15	7	4	1	100	5
9223	12	2	2	1	110	7
9224	10	3	3	1	44	2
9225	11	1	1	1	108	3
9226	12	2	3	1	66	5
9227	6	7	3	1	102	7
9228	7	7	2	1	94	9
9229	4	8	1	1	149	7
9230	5	7	1	1	75	9
9231	6	7	2	2	95	4
9232	7	6	3	2	62	2
9233	8	5	4	1	62	2
9234	9	7	3	2	102	1
9235	10	8	3	1	69	6
9236	11	6	2	2	85	9
9237	12	7	4	1	101	8
9238	13	3	2	2	91	1
9239	14	1	3	1	86	9
9240	13	3	2	1	91	5
9241	11	4	2	1	60	9
9242	12	4	3	2	82	3
9243	13	3	2	1	92	6
9244	16	5	1	1	59	6
9245	23	5	6	1	58	3
9246	28	5	7	1	55	4
9247	12	4	3	1	82	4
9248	13	3	2	1	92	5
9249	14	5	2	1	62	1
9250	18	1	2	1	131	6
9251	9	7	3	1	102	6
9252	10	8	3	1	69	1
9253	11	7	4	2	101	1
9254	12	6	2	1	85	7
9255	11	7	4	1	101	3
9256	12	6	2	1	86	9
9257	13	3	2	2	92	1
9258	14	5	2	1	62	5
9259	13	3	2	1	92	5
9260	7	6	3	1	62	3
9261	8	5	4	1	62	1
9262	9	5	2	1	63	6
9263	12	4	3	1	82	4
9264	6	7	2	1	95	6
9265	7	7	3	2	102	1
9266	8	8	3	1	69	4
9267	9	6	2	2	86	9
9268	10	7	4	1	101	8
9269	11	9	4	2	107	7
9270	12	9	7	1	95	3
9271	11	7	5	1	78	7
9272	12	9	4	2	107	6
9273	12	9	4	1	108	9
9274	13	9	5	1	70	4
9275	9	4	2	1	60	9
9276	10	5	3	1	67	7
9277	11	5	2	1	63	1
9278	13	1	1	1	108	1
9279	16	7	4	2	101	3
9280	17	6	2	1	86	4
9281	16	7	4	1	101	4
9282	17	6	2	1	87	5
9283	7	7	3	1	102	4
9284	8	8	3	1	69	1
9285	9	6	2	2	88	9
9286	10	7	4	1	101	5
9287	11	5	5	2	64	9
9288	12	2	3	2	67	9
9289	13	1	2	2	132	8
9290	14	4	2	1	60	7
9291	15	1	3	2	87	7
9292	16	2	2	2	111	4
9293	17	3	2	1	93	1
9294	21	5	3	1	67	3
9295	24	6	3	1	62	2
9296	26	9	4	2	108	7
9297	26	7	6	1	73	7
9298	27	7	8	1	70	8
9299	29	6	1	1	29	4
9300	32	9	4	1	109	9
9301	16	3	2	1	93	4
9302	17	2	2	1	111	1
9303	15	3	3	1	44	7
9304	16	1	3	1	87	3
9305	13	4	2	1	60	8
9306	12	2	6	1	40	9
9307	13	9	4	2	110	9
9308	14	9	5	1	71	4
9309	13	8	4	1	34	9
9310	11	4	4	1	28	9
9311	12	9	4	2	110	6
9312	13	9	5	1	72	1
9313	12	9	4	1	110	7
9314	9	4	2	1	61	9
9315	10	1	2	2	132	8
9316	10	2	2	1	112	8
9317	11	1	1	1	108	1
9318	14	1	2	1	133	5
9319	15	3	2	1	93	4
9320	18	6	3	1	62	2
9321	2	9	1	1	164	6
9322	3	9	3	1	155	9
9323	4	8	1	1	149	5
9324	7	9	4	2	111	7
9325	8	9	7	2	96	1
9326	8	9	7	1	97	3
9327	7	9	4	1	111	8
9328	8	1	1	2	108	2
9329	9	7	3	2	102	1
9330	10	7	2	2	95	8
9331	11	8	3	1	69	4
9332	13	9	7	1	98	1
9333	14	9	5	2	73	3
9334	15	9	6	1	73	4
9335	16	7	4	2	101	5
9336	17	6	2	1	88	6
9337	18	6	3	1	63	5
9338	23	5	1	1	59	9
9339	28	4	8	1	37	8
9340	32	7	8	1	70	9
9341	33	6	7	2	53	3
9342	34	6	1	1	29	4
9343	39	7	5	1	78	2
9344	33	6	7	1	53	7
9345	34	7	6	1	73	2
9346	36	4	1	1	30	4
9347	16	7	4	1	101	6
9348	17	6	2	1	88	7
9349	18	4	2	1	61	6
9350	20	6	3	1	63	5
9351	14	9	5	1	73	4
9352	15	9	6	1	73	3
9353	16	7	4	2	101	5
9354	17	6	2	1	88	6
9355	18	4	2	1	61	7
9356	23	5	2	1	63	1
9357	28	4	8	1	37	8
9358	33	5	5	1	64	6
9359	16	7	4	1	101	6
9360	17	6	2	1	88	7
9361	18	4	2	1	61	6
9362	20	3	2	1	93	4
9363	27	4	3	1	83	2
9364	10	8	3	1	69	8
9365	11	7	2	1	95	4
9366	9	8	3	1	69	1
9367	10	7	3	1	102	4
9368	13	2	2	2	112	4
9369	14	1	3	1	88	6
9370	17	3	2	1	93	5
9371	21	6	3	1	64	5
9372	26	7	4	1	101	2
9373	28	9	7	1	98	4
9374	29	9	6	2	73	1
9375	30	9	5	1	73	3
9376	33	5	5	1	65	7
9377	40	6	4	1	29	9
9378	29	9	6	1	73	3
9379	30	9	5	1	73	1
9380	32	5	6	1	58	2
9381	37	6	6	1	60	1
9382	13	3	2	1	93	4
9383	14	4	2	1	61	6
9384	16	5	2	1	63	1
9385	8	3	3	1	44	2
9386	9	1	1	2	108	3
9387	10	2	3	1	67	6
9388	11	1	3	1	88	7
9389	9	1	3	1	89	3
9390	1	8	2	3	150	4
9391	2	9	1	2	164	3
9392	3	9	3	1	155	7
9393	4	8	1	1	149	6
9394	6	7	3	2	102	1
9395	7	7	2	2	96	5
9396	8	9	4	1	111	9
9397	11	9	7	1	98	4
9398	7	7	2	1	96	9
9399	8	8	3	1	69	5
9400	9	8	7	3	74	3
9401	10	9	4	2	111	6
9402	11	9	7	1	99	1
9403	10	9	4	1	111	8
9404	9	1	2	5	133	3
9405	10	2	2	2	112	7
9406	11	4	2	1	61	8
9407	10	1	1	1	108	7
9408	11	3	2	1	93	5
9409	9	3	2	4	94	1
9410	10	1	2	2	133	6
9411	11	1	1	1	108	2
9412	10	1	2	1	133	7
9413	11	6	2	1	88	8
9414	13	4	2	2	62	3
9415	14	5	2	1	64	5
9416	13	4	2	1	62	5
9417	14	3	3	1	44	4
9418	9	3	2	3	94	3
9419	10	2	2	2	112	1
9420	11	1	2	2	133	6
9421	11	1	2	1	134	7
9422	12	7	4	1	101	7
9423	10	5	2	1	65	1
9424	11	6	2	2	88	8
9425	12	7	4	1	102	7
9426	13	1	2	2	134	7
9427	14	1	1	1	109	1
9428	13	2	2	1	112	7
9429	14	4	3	2	84	2
9430	15	4	2	1	62	5
9431	16	1	2	1	134	6
9432	17	5	3	2	67	3
9433	17	5	3	1	68	6
9434	14	4	3	1	84	3
9435	15	4	2	1	62	6
9436	11	5	3	1	69	8
9437	12	5	1	1	59	9
9438	13	1	2	2	134	8
9439	14	2	2	1	112	5
9440	15	3	3	1	45	2
9441	16	4	3	2	84	3
9442	17	4	2	1	63	6
9443	21	1	1	1	110	4
9444	23	2	3	1	67	6
9445	27	9	4	1	112	9
9446	16	4	3	1	84	4
9447	17	4	2	1	63	7
9448	22	7	4	1	102	5
9449	26	8	7	1	74	9
9450	31	9	4	1	113	9
9451	13	2	2	1	112	8
9452	14	1	1	1	110	1
9453	16	1	2	2	134	6
9454	16	1	2	1	135	7
9455	17	4	3	2	84	2
9456	18	6	3	1	64	3
9457	22	7	4	1	102	5
9458	23	8	7	1	74	9
9459	24	3	9	1	49	9
9460	17	4	3	1	84	3
9461	18	6	3	1	64	2
9462	22	7	4	1	102	4
9463	23	8	7	1	74	9
9464	24	3	9	1	50	9
9465	9	3	2	2	94	5
9466	10	4	3	2	84	2
9467	11	4	2	1	63	7
9468	12	1	2	2	135	6
9469	13	2	2	1	112	1
9470	16	5	1	1	59	9
9471	22	7	4	1	102	7
9472	25	2	1	2	73	4
9473	26	3	1	1	73	2
9474	27	8	8	2	57	7
9475	28	9	8	2	47	9
9476	29	8	7	1	74	8
9477	28	4	8	1	37	9
9478	29	9	4	2	114	9
9479	30	8	9	1	45	2
9480	29	9	9	1	53	9
9481	30	8	9	1	46	1
9482	27	5	8	1	50	7
9483	28	8	9	1	47	7
9484	30	9	4	2	114	6
9485	30	9	4	1	115	8
9486	25	3	1	1	73	4
9487	26	2	1	1	73	2
9488	27	9	4	3	116	6
9489	27	9	4	2	117	8
9490	28	8	7	1	75	8
9491	27	9	4	1	117	9
9492	28	8	7	1	76	9
9493	12	1	2	1	135	8
9494	13	2	2	1	112	1
9495	10	4	3	1	84	3
9496	11	4	2	1	63	8
9497	9	3	2	1	94	6
9498	10	4	3	1	84	2
9499	12	1	2	2	135	5
9500	13	1	1	1	110	2
9501	14	2	2	1	113	7
9502	18	3	3	1	45	3
9503	20	2	3	1	67	8
9504	21	5	4	2	62	3
9505	22	6	3	1	64	6
9506	23	5	3	1	69	4
9507	25	9	4	3	117	6
9508	25	9	4	2	118	8
9509	26	8	7	1	77	8
9510	25	9	4	1	118	9
9511	26	8	7	1	78	9
9512	21	5	4	1	62	5
9513	22	6	3	1	64	4
9514	25	6	7	1	53	1
9515	26	6	6	1	61	2
9516	27	3	5	1	36	2
9517	12	1	2	1	135	7
9518	13	6	2	2	88	3
9519	14	2	2	1	113	1
9520	16	1	1	1	110	2
9521	13	6	2	1	88	5
9522	14	7	4	1	102	4
9523	15	2	2	2	113	1
9524	15	2	2	1	114	3
9525	16	1	1	1	111	1
9526	18	1	3	1	90	4
9527	19	5	3	2	69	3
9528	19	5	3	1	70	6
9529	6	7	3	1	102	5
9530	7	7	2	1	96	9
9531	9	7	4	3	102	1
9532	9	7	4	2	103	2
9533	10	6	2	1	88	7
9534	11	1	2	4	135	3
9535	12	2	2	1	114	1
9536	11	4	3	3	84	2
9537	12	3	2	3	94	1
9538	13	4	2	1	64	3
9539	12	3	2	2	94	3
9540	13	4	2	1	65	5
9541	14	1	2	2	135	6
9542	14	1	2	1	136	8
9543	12	3	2	1	94	6
9544	13	4	2	1	65	8
9545	11	4	3	2	84	3
9546	12	3	2	2	94	3
9547	13	4	2	1	66	6
9548	14	1	2	2	137	5
9549	14	1	2	1	138	8
9550	15	3	3	1	45	2
9551	16	2	2	2	115	1
9552	16	2	2	1	116	5
9553	17	5	2	1	65	1
9554	18	6	3	1	64	4
9555	20	1	1	1	111	4
9556	23	2	3	1	67	6
9557	25	3	4	1	59	1
9558	26	2	1	1	73	1
9559	28	3	9	1	51	9
9560	30	3	7	1	47	8
9561	31	5	6	2	58	3
9562	32	4	5	1	57	2
9563	31	5	6	1	58	4
9564	32	4	5	1	58	1
9565	12	3	2	1	94	5
9566	13	4	2	1	66	8
9567	11	4	3	1	84	4
9568	12	3	2	1	94	1
9569	9	7	4	1	103	3
9570	10	6	2	1	88	8
9571	11	3	2	3	95	1
9572	12	1	2	2	138	6
9573	13	2	2	1	116	7
9574	12	1	2	1	138	7
9575	13	4	2	2	67	3
9576	13	4	2	1	68	5
9577	14	1	3	1	90	8
9578	11	3	2	2	95	3
9579	12	2	2	2	117	1
9580	13	1	2	2	138	6
9581	13	1	2	1	139	7
9582	14	1	3	1	91	6
9583	12	5	2	1	65	1
9584	13	1	2	2	139	7
9585	14	1	3	1	92	6
9586	13	2	2	1	117	7
9587	14	4	3	2	84	2
9588	15	4	2	1	68	5
9589	14	4	3	1	84	3
9590	15	4	2	1	69	6
9591	17	5	1	1	59	5
9592	19	5	4	1	62	7
9593	21	1	1	1	111	2
9594	22	1	3	1	93	9
9595	23	2	1	2	73	4
9596	24	3	1	1	73	1
9597	25	5	6	2	58	2
9598	26	2	3	1	67	8
9599	27	3	3	1	45	6
9600	28	5	7	2	56	3
9601	29	9	4	3	118	6
9602	30	9	5	1	73	1
9603	29	9	4	2	118	8
9604	30	9	5	1	74	1
9605	29	9	4	1	118	9
9606	30	9	5	1	75	4
9607	28	5	7	1	56	6
9608	29	3	6	1	56	7
9609	31	9	5	1	76	1
9610	25	5	6	1	58	3
9611	26	4	5	1	59	1
9612	27	1	5	1	56	3
9613	28	1	4	1	33	1
9614	29	9	4	2	118	8
9615	29	9	4	1	119	9
9616	23	3	1	1	73	4
9617	24	2	1	1	73	1
9618	25	2	3	2	67	8
9619	26	3	3	1	45	6
9620	27	5	5	2	65	8
9621	28	8	7	2	79	9
9622	28	3	7	1	47	9
9623	29	5	6	2	58	3
9624	30	3	4	1	59	1
9625	32	2	7	1	48	5
9626	29	6	5	1	35	3
9627	30	9	4	2	120	6
9628	31	9	6	1	73	1
9629	30	9	4	1	120	8
9630	27	4	4	1	28	8
9631	28	9	4	2	121	6
9632	29	9	6	1	74	1
9633	28	9	4	1	121	9
9634	29	9	6	1	75	4
9635	25	3	3	1	45	8
9636	26	2	3	1	67	6
9637	27	5	6	2	58	2
9638	27	5	6	1	59	3
9639	28	9	4	3	121	6
9640	29	9	6	1	76	1
9641	28	9	4	2	121	8
9642	29	9	6	1	77	1
9643	28	9	4	1	121	9
9644	29	9	6	1	78	4
9645	11	3	2	1	95	5
9646	12	4	3	1	84	2
9647	14	5	4	1	62	5
9648	17	5	1	1	59	9
9649	20	1	2	1	139	6
9650	21	5	3	1	71	6
9651	25	9	4	3	121	6
9652	26	9	6	1	79	1
9653	25	9	4	2	121	8
9654	26	9	6	1	80	1
9655	25	9	4	1	121	9
9656	26	9	6	1	81	4
9657	2	9	1	1	164	5
9658	3	9	3	1	155	9
9659	4	1	2	1	139	9
9660	5	8	1	2	149	1
9661	6	7	1	1	75	3
9662	7	7	2	1	96	8
9663	11	8	3	1	69	7
9664	14	8	7	1	80	8
9665	15	7	8	1	70	9
9666	16	9	6	2	82	3
9667	17	9	5	1	77	4
9668	18	8	8	2	57	3
9669	19	8	9	1	47	5
9670	20	1	1	2	111	4
9671	20	3	3	1	45	4
9672	21	1	1	1	112	2
9673	18	8	8	1	57	5
9674	19	8	9	1	47	3
9675	21	1	1	1	113	2
9676	16	9	6	1	82	4
9677	17	9	5	1	77	3
9678	19	1	1	1	114	2
9679	5	8	1	1	149	6
9680	6	7	1	1	75	8
9681	7	7	2	2	96	3
9682	8	5	4	1	62	1
9683	10	7	3	1	102	1
9684	13	2	2	1	117	1
9685	15	3	2	1	95	5
9686	7	7	2	1	96	7
9687	8	7	3	2	102	1
9688	9	8	3	1	69	3
9689	10	7	8	2	70	9
9690	11	9	7	3	100	1
9691	12	8	7	1	80	7
9692	11	9	7	2	100	3
9693	12	9	4	1	121	8
9694	11	9	7	1	100	4
9695	12	9	4	1	122	8
9696	10	7	9	1	60	9
9697	11	3	7	1	47	9
9698	12	9	7	3	100	1
9699	13	7	5	1	79	6
9700	12	9	7	2	100	3
9701	13	9	4	1	123	8
9702	12	9	7	1	100	4
9703	13	9	4	1	124	8
9704	8	7	3	1	102	3
9705	9	8	3	1	69	1
9706	10	6	2	2	88	8
9707	11	7	4	1	103	5
9708	12	3	2	2	96	1
9709	12	3	2	1	97	3
9710	10	4	2	1	69	8
9711	11	6	2	1	88	5
9712	12	7	4	1	103	2
9713	13	5	2	2	65	1
9714	14	4	3	1	84	2
9715	13	5	2	1	65	3
9716	14	1	1	1	115	3
9717	15	3	2	1	98	6
9718	1	8	2	2	150	5
9719	2	9	1	2	164	3
9720	3	9	3	1	155	8
9721	4	8	1	2	149	4
9722	5	7	1	1	75	6
9723	6	7	3	2	102	1
9724	7	7	2	2	96	7
9725	8	1	2	1	139	9
9726	11	9	6	1	82	4
9727	7	7	2	1	96	9
9728	8	8	3	1	69	7
9729	9	1	2	4	139	3
9730	10	2	2	1	117	7
9731	9	8	7	3	81	3
9732	10	9	4	2	125	6
9733	10	9	4	1	126	7
9734	9	1	2	3	139	6
9735	10	1	3	1	93	9
9736	9	1	2	2	139	7
9737	10	2	2	2	118	8
9738	11	1	1	1	115	1
9739	13	4	2	1	69	6
9740	10	1	1	1	115	8
9741	11	2	2	1	118	1
9742	13	3	2	2	99	3
9743	14	4	3	2	85	3
9744	15	5	1	1	59	9
9745	20	5	4	1	62	7
9746	14	4	3	1	85	5
9747	15	4	2	1	70	8
9748	17	5	4	1	63	7
9749	19	5	2	1	65	6
9750	21	7	4	1	103	3
9751	23	8	7	1	81	9
9752	13	3	3	1	45	3
9753	14	5	2	2	65	3
9754	15	3	2	2	99	6
9755	16	5	3	1	71	6
9756	26	3	9	1	51	9
9757	15	2	3	1	67	6
9758	16	5	3	1	71	4
9759	14	5	2	1	65	4
9760	15	2	3	1	67	4
9761	24	6	3	1	64	6
9762	9	1	2	1	139	8
9763	10	1	1	2	115	2
9764	11	7	4	3	103	2
9765	12	6	2	1	88	3
9766	13	4	3	1	85	2
9767	11	7	4	2	103	3
9768	12	6	2	1	88	4
9769	13	3	2	2	99	1
9770	13	3	2	1	100	3
9771	11	7	4	1	103	5
9772	12	6	2	1	88	6
9773	13	6	3	2	65	2
9774	14	5	4	1	63	7
9775	15	5	3	1	72	4
9776	19	2	2	1	118	3
9777	22	1	3	1	94	5
9778	23	9	4	2	127	6
9779	24	8	7	1	82	8
9780	23	9	4	1	127	9
9781	24	8	7	1	83	9
9782	13	6	3	1	65	3
9783	14	5	4	1	63	6
9784	10	3	3	1	45	2
9785	11	1	1	2	115	1
9786	11	1	1	1	116	5
9787	12	3	2	1	101	3
9788	13	5	1	1	59	9
9789	6	7	3	1	102	7
9790	7	7	2	1	96	9
9791	4	8	1	1	149	7
9792	5	7	1	1	75	9
9793	6	7	2	2	97	4
9794	7	6	3	2	65	2
9795	8	5	4	1	64	2
9796	9	5	2	2	65	1
9797	10	3	2	2	101	3
9798	11	6	2	1	88	9
9799	12	7	4	2	103	3
9800	13	7	3	1	102	6
9801	14	8	3	1	69	1
9802	15	4	3	2	86	3
9803	16	4	2	1	70	6
9804	19	2	3	1	67	5
9805	25	3	6	1	56	8
9806	28	9	6	1	83	1
9807	15	4	3	1	86	4
9808	12	7	4	1	103	8
9809	13	7	3	1	102	1
9810	15	4	3	2	87	3
9811	16	4	2	1	70	6
9812	19	2	3	1	67	5
9813	15	4	3	1	87	4
9814	10	3	2	1	101	6
9815	11	4	3	1	88	3
9816	13	6	2	1	88	7
9817	15	1	3	1	94	9
9818	9	5	2	1	65	3
9819	10	3	2	1	101	1
9820	7	6	3	1	65	3
9821	8	5	4	1	64	1
9822	9	5	2	1	65	6
9823	12	3	2	1	102	3
9824	15	1	1	1	116	4
9825	19	1	3	1	95	5
9826	20	7	4	2	103	3
9827	21	7	3	1	102	6
9828	22	8	3	1	69	1
9829	23	4	5	2	59	2
9830	24	5	6	2	59	3
9831	25	4	6	1	49	5
9832	28	4	1	1	31	1
9833	35	2	7	1	49	3
9834	24	5	6	1	59	5
9835	25	4	6	1	49	3
9836	29	1	5	1	56	3
9837	23	4	5	1	59	3
9838	24	5	6	1	59	4
9839	27	1	5	1	57	1
9840	31	3	8	1	47	1
9841	20	7	4	1	103	8
9842	21	7	3	1	102	1
9843	22	8	3	1	69	6
9844	23	4	5	2	59	2
9845	24	6	5	1	35	8
9846	23	4	5	1	59	3
9847	24	6	5	1	36	8
9848	28	3	3	1	45	7
9849	32	9	6	1	84	1
9850	6	7	2	1	97	6
9851	7	7	3	2	102	4
9852	8	8	3	1	69	1
9853	9	7	4	2	103	3
9854	10	6	2	1	88	7
9855	11	4	2	1	70	9
9856	12	1	2	2	139	3
9857	13	4	3	1	88	5
9858	12	1	2	1	139	8
9859	13	3	2	2	102	3
9860	14	5	3	1	72	3
9861	13	3	2	1	102	4
9862	14	4	3	1	89	5
9863	9	7	4	1	103	5
9864	10	6	2	1	88	9
9865	11	1	2	3	139	3
9866	12	2	2	2	118	8
9867	13	3	2	1	102	4
9868	12	1	1	1	116	8
9869	11	1	2	2	139	7
9870	12	3	2	2	103	1
9871	13	4	3	1	90	7
9872	12	3	2	1	103	3
9873	13	4	3	1	91	5
9874	11	1	2	1	139	8
9875	12	2	2	2	118	7
9876	12	4	2	1	70	7
9877	13	4	3	2	92	3
9878	13	4	3	1	93	6
9879	14	3	2	1	103	1
9880	15	5	2	1	65	3
9881	19	5	1	1	60	8
9882	23	6	3	1	65	2
9883	25	3	4	1	59	2
9884	28	2	1	1	73	2
9885	30	4	6	1	49	1
9886	7	8	3	1	69	4
9887	8	7	3	1	102	1
9888	9	1	2	3	139	3
9889	10	2	2	2	119	8
9890	11	3	2	1	103	4
9891	10	1	1	1	117	8
9892	9	1	2	2	139	7
9893	10	2	2	2	119	8
9894	11	3	2	1	104	4
9895	17	6	2	1	88	3
9896	25	3	4	1	59	1
9897	26	5	6	2	59	2
9898	27	4	5	1	59	3
9899	28	4	6	1	50	1
9900	29	5	9	1	30	3
9901	26	5	6	1	59	3
9902	27	4	5	1	59	2
9903	28	2	4	2	49	3
9904	29	9	4	2	127	7
9905	30	7	5	1	80	5
9906	29	7	6	1	73	7
9907	30	6	7	1	53	1
9908	32	9	4	1	127	9
9909	28	2	4	1	49	5
9910	29	3	1	1	73	5
9911	10	1	1	1	118	8
9912	11	3	2	1	104	4
9913	9	1	2	1	139	8
9914	10	6	2	2	88	9
9915	11	7	4	1	103	8
9916	12	9	4	2	128	7
9917	13	9	5	1	77	1
9918	12	7	5	1	81	7
9919	13	9	4	2	128	6
9920	13	9	4	1	129	9
9921	10	4	2	1	70	9
9922	11	5	3	1	73	7
9923	12	5	2	1	65	1
9924	14	1	1	1	118	1
9925	2	9	1	1	164	4
9926	3	9	3	1	155	9
9927	4	1	2	1	139	9
9928	5	8	1	2	149	1
9929	6	7	1	1	75	3
9930	7	7	3	1	102	6
9931	5	8	1	1	149	6
9932	6	7	1	1	75	8
9933	7	7	2	2	97	3
9934	8	6	3	1	65	2
9935	10	2	3	1	68	8
9936	12	5	1	1	60	9
9937	14	9	7	2	100	1
9938	14	9	7	1	101	3
9939	7	7	2	1	97	7
9940	8	7	3	2	103	1
9941	9	8	3	1	69	3
9942	11	9	4	1	130	8
9943	8	7	3	1	103	3
9944	9	8	3	1	69	1
9945	11	9	4	1	131	7
9946	12	9	7	1	102	3
9947	1	8	2	1	150	6
9948	2	9	1	1	164	3
9949	4	1	2	1	139	9
9950	7	7	3	2	103	1
9951	8	7	2	2	97	4
9952	9	8	3	1	69	8
9953	11	3	2	2	105	3
9954	12	7	4	1	103	6
9955	15	2	2	1	119	5
9956	19	6	3	1	65	2
9957	21	3	3	1	45	4
9958	11	3	2	1	105	5
9959	12	6	2	1	88	7
9960	17	2	2	1	119	3
9961	8	7	2	1	97	8
9962	9	8	3	1	69	4
9963	10	8	7	2	84	3
9964	11	9	4	2	131	6
9965	12	9	6	1	85	1
9966	11	9	4	1	131	7
9967	10	8	7	1	84	8
9968	11	9	4	1	132	8
9969	7	7	3	1	103	4
9970	8	7	2	1	97	8
9971	11	9	4	1	133	7
9972	0	9	2	6	215	3
9973	1	9	4	4	134	6
9974	2	9	6	1	86	1
9975	1	9	4	3	134	7
9976	2	9	3	4	155	5
9977	3	8	2	1	150	1
9978	2	9	3	3	155	6
9979	3	9	1	3	164	2
9980	3	9	1	2	165	4
9981	3	9	1	1	166	5
9982	4	8	2	1	151	1
9983	6	7	1	1	75	7
9984	12	5	5	1	65	9
9985	14	9	5	1	78	1
9986	15	7	6	1	73	4
9987	18	7	4	1	103	5
9988	22	5	7	1	56	1
9989	25	5	8	1	50	7
9990	2	9	3	2	155	8
9991	3	9	1	2	166	2
9992	3	9	1	1	167	6
9993	4	8	2	1	151	2
9994	5	7	2	1	97	9
9995	6	8	1	2	149	1
9996	7	7	1	1	75	4
9997	9	8	3	1	69	5
9998	13	9	7	1	103	1
9999	15	2	2	1	120	1
10000	18	2	3	1	68	6
10001	21	3	4	1	59	2
10002	6	8	1	1	149	4
10003	7	7	1	1	75	7
10004	8	7	3	2	103	1
10005	9	8	3	1	69	5
10006	10	8	7	2	84	7
10007	11	9	9	2	53	9
10008	12	9	8	1	47	5
10009	13	5	8	2	51	9
10010	14	3	7	2	47	9
10011	15	1	3	2	95	9
10012	16	2	5	2	53	9
10013	17	8	6	1	29	9
10014	18	3	6	2	56	8
10015	19	3	9	1	52	7
10016	20	2	2	2	120	8
10017	21	1	1	1	119	1
10018	22	5	2	1	65	1
10019	23	3	2	1	105	4
10020	24	4	3	2	93	2
10021	25	4	8	1	37	7
10022	27	1	2	2	139	5
10023	28	5	1	1	60	5
10024	27	1	2	1	139	7
10025	28	5	1	1	61	8
10026	38	9	6	1	87	1
10027	24	4	3	1	93	3
10028	25	4	2	1	70	7
10029	20	2	7	1	50	8
10030	21	1	8	1	43	1
10031	22	3	8	1	48	2
10032	18	3	9	1	52	8
10033	19	2	2	2	120	8
10034	20	1	1	1	119	1
10035	22	1	2	1	139	5
10036	24	3	2	1	105	4
10037	26	7	4	1	103	5
10038	19	2	6	1	40	8
10039	20	1	2	2	139	8
10040	21	3	1	2	74	3
10041	22	3	2	1	105	1
10042	21	3	1	1	74	5
10043	22	3	2	1	106	1
10044	26	4	2	1	71	4
10045	20	4	2	1	72	8
10046	16	2	6	1	40	9
10047	17	8	8	2	57	1
10048	18	8	9	1	47	6
10049	19	9	7	2	103	2
10050	20	6	8	1	45	6
10051	19	9	7	1	103	4
10052	20	7	8	1	70	8
10053	21	9	6	2	88	1
10054	22	9	5	1	78	2
10055	23	2	2	2	120	8
10056	24	1	1	1	119	1
10057	25	2	9	1	41	1
10058	27	3	2	1	106	4
10059	29	2	8	1	43	4
10060	33	2	4	1	49	3
10061	23	2	5	1	53	8
10062	24	3	9	1	52	8
10063	26	4	7	1	29	8
10064	29	1	2	1	139	8
10065	31	3	2	1	106	1
10066	32	1	4	1	33	1
10067	33	5	7	1	56	1
10068	35	4	6	1	50	6
10069	36	7	4	1	104	6
10070	21	9	6	1	88	2
10071	22	9	5	1	78	1
10072	23	7	7	2	61	2
10073	24	6	8	1	46	7
10074	28	7	4	1	105	4
10075	30	7	5	1	81	6
10076	33	5	4	2	64	3
10077	33	5	4	1	65	5
10078	23	7	7	1	61	3
10079	24	6	8	1	46	6
10080	28	7	4	1	105	4
10081	30	7	5	1	81	5
10082	31	6	6	2	61	1
10083	32	5	5	1	65	6
10084	33	5	1	2	61	3
10085	33	5	1	1	62	8
10086	34	5	4	1	66	2
10087	31	6	6	1	61	3
10088	32	5	5	1	65	8
10089	17	8	8	1	57	6
10090	18	8	9	1	47	1
10091	19	9	7	2	103	2
10092	20	7	7	1	61	8
10093	19	9	7	1	103	4
10094	20	7	8	1	70	8
10095	21	6	8	1	46	7
10096	24	7	6	1	73	5
10097	26	7	4	1	105	4
10098	29	5	4	2	67	3
10099	30	5	1	1	62	8
10100	32	5	5	1	66	7
10101	29	5	4	1	67	5
10102	30	6	3	1	65	4
10103	31	5	1	2	62	3
10104	31	5	1	1	63	8
10105	15	2	3	1	68	9
10106	16	5	1	3	64	3
10107	16	1	3	4	95	3
10108	16	1	1	5	119	1
10109	17	5	2	1	65	1
10110	19	5	3	1	73	4
10111	16	1	1	4	119	2
10112	17	1	2	1	139	8
10113	18	3	2	1	106	1
10114	19	5	3	1	74	2
10115	23	5	4	1	67	5
10116	16	1	1	3	119	3
10117	16	1	1	2	120	5
10118	16	1	1	1	121	8
10119	14	1	7	1	31	9
10120	15	1	2	1	139	8
10121	16	3	1	2	74	3
10122	17	2	1	1	73	5
10123	18	5	1	1	65	8
10124	19	5	3	2	74	2
10125	20	5	2	1	65	6
10126	19	5	3	1	74	3
10127	20	5	2	1	66	5
10128	16	3	1	1	74	5
10129	17	2	1	1	73	3
10130	18	5	1	1	65	8
10131	19	5	3	2	74	2
10132	20	5	2	1	67	6
10133	19	5	3	1	74	3
10134	20	5	2	1	68	5
10135	13	4	8	1	37	9
10136	14	5	5	2	67	9
10137	15	6	1	1	29	9
10138	16	5	2	2	69	1
10139	17	1	2	2	139	8
10140	18	1	1	1	122	1
10141	17	2	2	1	120	8
10142	18	1	1	1	123	1
10143	20	2	6	1	40	9
10144	23	3	2	1	106	4
10145	24	4	3	2	93	2
10146	25	4	2	1	73	6
10147	27	3	9	1	52	8
10148	24	4	3	1	93	3
10149	25	4	2	1	73	7
10150	16	4	1	1	31	1
10151	17	1	2	2	139	8
10152	18	1	1	1	123	2
10153	20	7	8	1	70	8
10154	21	5	3	2	74	2
10155	22	5	2	1	69	6
10156	23	3	2	1	106	1
10157	21	5	3	1	74	3
10158	17	1	1	1	123	8
10159	14	5	1	1	65	9
10160	15	2	2	2	120	1
10161	16	1	2	2	139	8
10162	17	3	2	1	107	4
10163	18	1	3	2	96	3
10164	18	1	3	1	97	6
10165	19	1	1	1	124	5
10166	16	4	2	1	74	8
10167	17	3	2	1	107	4
10168	19	1	3	1	97	9
10169	21	3	7	1	47	9
10170	22	5	3	2	75	2
10171	23	6	3	1	65	3
10172	27	7	4	1	105	5
10173	22	5	3	1	75	3
10174	15	3	2	1	107	1
10175	16	1	2	2	139	8
10176	17	3	1	2	74	3
10177	18	2	1	1	73	5
10178	19	1	1	1	125	2
10179	20	5	3	1	76	2
10180	21	6	2	1	88	6
10181	23	7	4	1	106	5
10182	17	3	1	1	74	5
10183	18	2	1	1	73	3
10184	19	1	1	1	125	2
10185	20	5	3	1	76	2
10186	21	6	2	1	88	6
10187	23	7	4	1	107	5
10188	16	4	2	1	74	8
10189	11	9	8	1	47	9
10190	12	9	9	1	53	5
10191	13	7	8	2	70	8
10192	14	7	7	2	62	3
10193	15	7	4	2	108	5
10194	16	6	2	1	88	6
10195	17	6	3	2	65	3
10196	18	5	4	1	68	6
10197	19	9	7	2	103	4
10198	20	7	9	1	60	2
10199	24	9	6	2	88	1
10200	25	9	5	1	78	2
10201	26	5	3	2	76	2
10202	27	5	1	1	65	9
10203	26	5	6	1	59	2
10204	27	5	9	1	31	3
10205	28	4	3	2	93	2
10206	29	6	8	1	46	4
10207	33	6	6	1	61	5
10208	28	3	3	1	46	2
10209	29	4	1	1	31	2
10210	24	9	6	1	88	2
10211	25	9	5	1	78	1
10212	27	4	3	1	93	4
10213	30	5	8	1	51	4
10214	32	6	6	1	62	4
10215	19	7	9	1	60	4
10216	17	6	3	1	65	7
10217	18	5	4	1	68	2
10218	19	3	3	1	46	2
10219	20	4	3	2	93	3
10220	20	4	3	1	94	4
10221	15	7	5	1	81	5
10222	16	7	4	2	108	4
10223	17	6	2	1	88	5
10224	19	7	6	1	73	6
10225	22	9	6	2	88	2
10226	23	9	5	1	78	1
10227	24	5	3	2	76	2
10228	25	3	2	2	107	1
10229	26	1	2	2	139	7
10230	26	1	2	1	140	8
10231	27	1	1	1	125	2
10232	28	5	2	1	69	6
10233	25	3	2	1	107	4
10234	26	4	3	2	95	3
10235	27	5	2	1	70	6
10236	26	4	3	1	95	4
10237	27	5	2	1	71	7
10238	24	5	4	1	68	2
10239	25	6	3	1	65	7
10240	26	5	1	1	66	9
10241	27	5	2	1	72	6
10242	29	4	2	1	75	8
10243	22	9	5	1	78	2
10244	23	9	6	1	88	1
10245	24	6	6	2	63	3
10246	25	5	5	1	67	8
10247	26	5	3	2	76	2
10248	27	6	3	1	65	4
10249	29	4	2	1	76	7
10250	26	5	3	1	76	3
10251	27	5	2	1	72	6
10252	29	4	2	1	77	8
10253	24	6	6	1	63	4
10254	25	5	5	1	67	9
10255	26	5	1	2	66	3
10256	27	5	2	1	72	1
10257	26	5	1	1	66	8
10258	27	6	8	2	46	1
10259	28	4	2	1	78	4
10260	27	6	8	1	46	3
10261	28	4	2	1	79	4
10262	31	5	2	1	73	1
10263	16	7	4	1	108	6
10264	17	6	2	1	88	7
10265	18	5	4	2	68	3
10266	19	6	3	1	65	6
10267	20	6	7	1	53	4
10268	18	5	4	1	68	5
10269	19	6	3	1	65	4
10270	21	7	6	1	73	2
10271	23	6	8	1	46	1
10272	27	6	6	1	63	3
10273	14	7	9	1	61	3
10274	15	6	7	2	54	3
10275	16	7	6	1	73	5
10276	17	7	4	2	108	4
10277	18	6	2	1	88	5
10278	21	7	5	1	81	6
10279	22	9	6	2	88	2
10280	23	6	6	1	64	1
10281	26	5	2	2	74	1
10282	26	4	1	1	32	1
10283	27	1	2	2	140	7
10284	27	1	2	1	141	8
10285	28	3	1	2	74	3
10286	29	2	1	1	73	5
10287	30	1	1	1	125	2
10288	31	3	2	1	107	1
10289	33	5	7	1	56	1
10290	28	3	1	1	74	5
10291	29	2	1	1	73	3
10292	30	1	1	1	125	2
10293	31	3	2	1	107	1
10294	22	9	5	1	78	2
10295	23	6	6	1	64	2
10296	26	5	8	1	51	6
10297	28	6	3	1	65	6
10298	17	7	4	1	108	6
10299	18	6	2	1	88	7
10300	19	5	4	2	68	3
10301	20	6	3	1	66	6
10302	21	5	3	1	76	4
10303	22	4	2	1	79	8
10304	23	2	2	1	120	1
10305	19	5	4	1	68	5
10306	20	6	3	1	66	4
10307	21	4	3	2	95	2
10308	22	4	2	1	79	6
10309	21	4	3	1	95	3
10310	22	4	2	1	80	8
10311	15	6	7	1	54	6
10312	16	7	6	1	73	2
10313	18	9	7	1	103	2
10314	21	6	2	1	88	7
10315	22	5	4	1	68	5
10316	24	6	8	1	46	3
10317	27	6	6	1	64	1
10318	13	7	9	1	61	8
10319	14	7	8	2	70	3
10320	15	6	7	1	54	1
10321	17	9	7	1	103	2
10322	20	5	8	1	51	8
10323	22	6	8	1	46	4
10324	24	6	6	1	65	3
10325	14	7	8	1	70	6
10326	10	8	7	1	84	8
10327	11	7	5	1	81	8
10328	12	5	5	1	67	9
10329	14	7	4	1	108	5
10330	15	6	2	1	88	6
10331	16	6	3	2	66	3
10332	17	5	4	1	68	6
10333	18	9	6	2	88	2
10334	19	7	8	1	71	6
10335	18	9	6	1	88	4
10336	19	7	6	1	73	2
10337	20	9	7	1	103	2
10338	22	5	9	1	31	2
10339	25	5	6	1	59	3
10340	16	6	3	1	66	7
10341	17	5	4	1	68	2
10342	19	3	4	1	60	1
10343	8	7	3	1	103	5
10344	2	9	3	1	155	9
10345	3	1	2	1	141	9
10346	4	9	1	4	167	2
10347	4	9	1	3	168	4
10348	4	9	1	2	169	5
10349	5	8	2	1	151	4
10350	4	9	1	1	169	8
10351	5	8	2	1	152	1
10352	6	8	7	1	84	7
10353	7	8	1	2	149	2
10354	8	7	1	1	75	5
10355	9	3	1	2	74	3
10356	10	2	1	1	73	6
10357	11	8	8	2	57	3
10358	12	8	9	1	47	4
10359	13	8	3	1	69	6
10360	14	1	1	2	125	1
10361	15	2	2	2	121	4
10362	16	7	3	1	104	4
10363	19	3	2	1	108	2
10364	23	5	3	1	76	1
10365	27	7	7	1	62	1
10366	31	7	5	2	81	3
10367	32	7	6	1	73	6
10368	31	7	5	1	81	6
10369	32	7	6	1	74	3
10370	15	2	2	1	121	7
10371	16	7	3	1	104	7
10372	19	6	2	1	88	8
10373	14	1	1	1	125	4
10374	11	8	8	1	57	4
10375	12	8	9	1	47	3
10376	14	1	1	2	126	1
10377	15	2	2	2	121	4
10378	16	7	3	1	104	4
10379	19	5	2	1	75	8
10380	23	5	3	1	76	1
10381	29	7	7	1	62	1
10382	31	4	8	1	37	7
10383	15	2	2	1	121	7
10384	16	7	3	1	104	7
10385	19	7	4	1	108	1
10386	14	1	1	1	126	4
10387	9	3	1	1	74	6
10388	10	2	1	1	73	3
10389	11	1	1	2	127	1
10390	12	8	8	2	57	3
10391	13	8	9	1	47	4
10392	14	8	3	1	69	6
10393	15	2	2	2	121	4
10394	16	7	3	1	104	4
10395	19	4	2	1	81	5
10396	23	5	3	1	76	1
10397	29	7	7	1	62	1
10398	31	4	8	1	38	7
10399	15	2	2	1	121	7
10400	16	7	3	1	104	7
10401	19	6	2	1	89	8
10402	12	8	8	1	57	4
10403	13	8	9	1	47	3
10404	15	2	2	2	121	4
10405	16	7	3	1	104	4
10406	19	4	3	1	95	3
10407	23	5	3	1	76	1
10408	27	5	4	1	68	5
10409	31	4	8	1	39	7
10410	15	2	2	1	121	7
10411	16	7	3	1	104	7
10412	19	7	4	1	109	1
10413	11	1	1	1	127	4
10414	7	8	1	1	149	4
10415	1	9	4	2	134	8
10416	2	8	7	2	84	8
10417	3	9	3	4	155	5
10418	3	9	3	3	156	6
10419	4	9	1	3	169	2
10420	4	9	1	2	170	4
10421	5	8	2	1	152	2
10422	7	8	1	1	150	5
10423	4	9	1	1	170	5
10424	3	9	3	2	156	7
10425	4	9	1	3	171	2
10426	4	9	1	2	172	5
10427	4	9	1	1	173	6
10428	5	8	2	1	152	1
10429	6	7	2	1	97	9
10430	7	8	1	2	151	2
10431	7	8	1	1	152	5
10432	8	7	1	1	75	8
10433	9	7	3	2	104	2
10434	10	8	3	1	69	4
10435	11	9	9	2	53	9
10436	12	9	8	1	47	4
10437	13	5	8	2	51	9
10438	14	5	1	2	66	3
10439	15	5	3	1	76	1
10440	14	5	1	1	66	7
10441	15	7	4	2	110	4
10442	16	6	2	1	90	6
10443	17	4	3	2	95	1
10444	18	5	3	2	77	3
10445	18	5	3	1	78	5
10446	19	5	2	1	75	2
10447	22	5	4	1	68	6
10448	25	7	7	1	62	1
10449	28	6	6	1	66	2
10450	17	4	3	1	95	3
10451	18	5	3	1	78	5
10452	15	7	4	1	110	6
10453	16	6	2	1	90	8
10454	17	4	3	2	95	1
10455	18	5	3	2	79	3
10456	19	5	2	1	75	4
10457	18	5	3	1	79	5
10458	19	5	2	1	76	2
10459	17	4	3	1	95	3
10460	18	4	2	1	81	5
10461	13	4	8	1	40	9
10462	14	5	5	2	67	9
10463	15	6	1	1	29	9
10464	16	5	1	2	66	3
10465	17	5	3	1	79	1
10466	16	5	1	1	66	7
10467	17	7	4	2	110	4
10468	18	6	2	1	90	6
10469	19	4	3	2	95	1
10470	20	5	3	2	80	3
10471	20	5	3	1	81	5
10472	21	4	1	1	32	4
10473	25	6	3	1	66	3
10474	28	5	8	1	51	8
10475	29	1	2	2	141	4
10476	29	1	2	1	142	5
10477	19	4	3	1	95	3
10478	20	5	3	1	81	5
10479	17	7	4	1	110	6
10480	18	6	2	1	90	8
10481	19	4	6	1	50	8
10482	20	5	7	1	57	1
10483	22	5	8	1	51	8
10484	28	7	6	1	75	5
10485	14	5	1	1	66	9
10486	15	2	2	2	121	2
10487	16	4	3	2	95	1
10488	17	5	3	2	82	3
10489	18	5	2	1	77	6
10490	19	1	1	2	128	3
10491	20	1	2	1	143	8
10492	25	2	3	1	68	9
10493	19	1	1	1	128	7
10494	17	5	3	1	82	5
10495	18	5	2	1	77	4
10496	19	1	2	2	143	5
10497	20	5	4	2	68	3
10498	21	6	3	1	66	6
10499	22	3	2	1	108	6
10500	23	4	2	1	82	7
10501	26	1	3	1	97	9
10502	29	2	3	1	69	8
10503	33	3	6	1	56	8
10504	20	5	4	1	68	6
10505	21	6	3	1	66	3
10506	19	3	2	1	108	5
10507	20	4	2	1	82	6
10508	21	1	2	2	143	7
10509	22	6	3	1	67	3
10510	21	1	2	1	143	8
10511	22	6	3	1	68	8
10512	28	3	3	1	46	3
10513	16	4	3	1	95	3
10514	17	1	2	2	143	5
10515	17	3	2	1	108	5
10516	18	4	2	1	82	8
10517	20	5	2	1	77	4
10518	15	3	2	1	108	2
10519	16	1	1	3	129	1
10520	17	5	3	1	82	1
10521	19	6	2	1	90	6
10522	16	1	1	2	129	3
10523	17	1	2	2	144	5
10524	17	1	2	1	145	8
10525	16	1	1	1	129	4
10526	17	1	2	1	146	8
10527	11	9	8	1	47	9
10528	12	9	9	1	53	4
10529	13	5	3	3	82	1
10530	14	4	3	3	95	3
10531	15	1	2	2	147	4
10532	16	3	1	2	74	1
10533	17	2	1	1	73	3
10534	18	2	2	1	121	2
10535	16	3	1	1	74	3
10536	17	2	1	1	73	1
10537	18	2	2	1	122	2
10538	15	1	2	1	147	5
10539	16	2	2	1	123	7
10540	14	4	3	2	95	5
10541	15	4	2	1	82	7
10542	14	4	3	1	95	6
10543	15	4	2	1	83	8
10544	13	5	3	2	82	3
10545	14	2	2	2	124	2
10546	15	4	3	1	95	1
10547	16	1	1	3	129	3
10548	17	1	3	1	97	5
10549	18	5	4	1	68	1
10550	23	5	1	1	66	9
10551	31	4	8	1	40	8
10552	34	3	4	2	61	2
10553	34	3	4	1	62	3
10554	35	6	5	1	36	5
10555	16	1	1	2	129	4
10556	17	1	3	1	97	6
10557	16	1	1	1	129	7
10558	17	1	3	1	98	9
10559	14	3	2	1	108	2
10560	15	3	3	1	47	1
10561	16	1	2	1	147	7
10562	13	5	3	1	82	5
10563	14	4	3	2	95	1
10564	15	2	2	2	124	2
10565	16	5	2	1	78	4
10566	18	1	2	2	148	5
10567	19	6	3	2	68	3
10568	19	6	3	1	69	6
10569	20	5	4	1	68	3
10570	22	1	1	1	129	7
10571	25	3	3	1	47	3
10572	28	2	3	1	69	8
10573	29	4	1	2	32	2
10574	30	6	1	1	29	3
10575	32	7	5	2	81	4
10576	33	6	6	1	67	4
10577	34	6	7	1	54	2
10578	35	4	6	1	50	6
10579	32	7	6	1	76	4
10580	33	6	6	1	67	7
10581	29	4	1	1	32	3
10582	30	6	1	1	29	2
10583	32	9	6	2	88	5
10584	33	9	7	2	103	1
10585	34	9	5	1	78	2
10586	35	7	7	2	62	3
10587	36	7	8	1	72	5
10588	35	7	7	1	62	5
10589	36	7	8	1	73	7
10590	33	9	7	1	103	2
10591	32	9	5	1	78	5
10592	33	9	7	2	104	1
10593	34	9	6	1	88	2
10594	35	5	7	1	57	2
10595	37	6	7	1	54	3
10596	42	5	9	1	31	7
10597	33	9	7	1	104	2
10598	18	3	2	1	108	5
10599	19	4	2	1	84	6
10600	20	1	2	2	148	7
10601	21	5	4	1	68	6
10602	20	1	2	1	148	8
10603	21	1	1	1	129	4
10604	26	5	4	1	69	1
10605	31	5	6	2	60	2
10606	32	9	5	1	78	2
10607	40	6	7	1	54	1
10608	31	5	6	1	60	3
10609	32	5	5	1	67	8
10610	36	7	7	2	62	1
10611	37	6	7	1	55	3
10612	36	7	7	1	62	3
10613	37	6	7	1	56	1
10614	15	5	2	1	78	2
10615	16	5	1	1	66	7
10616	17	1	2	2	148	4
10617	18	1	1	1	129	2
10618	19	3	2	1	108	5
10619	20	2	2	1	124	7
10620	23	6	3	1	69	3
10621	17	1	2	1	148	5
10622	14	3	3	1	47	1
10623	15	4	3	2	95	3
10624	16	6	3	1	70	6
10625	18	7	4	2	110	5
10626	19	6	2	1	91	7
10627	21	4	2	1	84	8
10628	18	7	4	1	110	6
10629	19	6	2	1	91	8
10630	20	4	2	1	85	7
10631	15	4	3	1	95	6
10632	16	6	3	1	70	3
10633	20	7	4	1	110	5
10634	9	7	3	1	104	4
10635	3	9	3	1	156	9
10636	4	1	2	1	149	9
10637	5	7	2	2	97	8
10638	6	7	3	2	105	6
10639	7	7	4	1	111	1
10640	9	9	7	1	105	1
10641	10	8	8	2	57	3
10642	11	8	9	1	47	5
10643	12	9	1	2	173	5
10644	12	9	1	1	174	7
10645	13	8	1	1	152	2
10646	10	8	8	1	57	5
10647	11	8	9	1	47	3
10648	12	9	1	2	174	5
10649	12	9	1	1	175	7
10650	13	8	1	1	153	2
10651	6	8	3	1	69	6
10652	7	8	1	2	154	1
10653	8	7	1	1	75	4
10654	9	9	1	2	175	2
10655	9	9	1	1	176	7
10656	10	8	2	1	152	2
10657	12	3	1	2	74	3
10658	13	2	1	1	73	6
10659	14	1	3	1	99	7
10660	17	2	3	1	69	8
10661	18	4	3	2	95	2
10662	19	3	2	1	108	4
10663	21	3	3	1	47	1
10664	18	4	3	1	95	3
10665	19	8	8	2	57	3
10666	20	8	9	1	47	5
10667	21	7	4	2	111	1
10668	22	6	2	1	91	6
10669	24	3	2	2	108	1
10670	25	3	3	1	48	4
10671	28	5	4	1	69	6
10672	30	5	3	1	82	1
10673	32	4	8	1	40	8
10674	24	3	2	1	108	4
10675	25	3	3	1	48	1
10676	30	5	4	1	69	6
10677	33	9	6	1	88	5
10678	36	6	5	1	37	8
10679	21	7	4	1	111	2
10680	22	6	2	1	91	7
10681	25	4	2	1	86	4
10682	30	5	4	1	69	7
10683	35	9	5	1	78	1
10684	19	8	8	1	57	5
10685	20	8	9	1	47	3
10686	21	7	4	2	111	1
10687	22	6	2	1	91	6
10688	24	3	2	2	108	1
10689	25	4	2	1	86	4
10690	28	5	4	1	69	6
10691	30	5	1	1	66	8
10692	32	7	7	1	62	2
10693	35	7	5	2	81	3
10694	36	7	8	1	74	9
10695	35	7	5	1	81	6
10696	24	3	2	1	108	4
10697	25	4	2	1	86	7
10698	30	5	4	1	69	6
10699	33	9	6	1	88	5
10700	36	5	7	1	57	7
10701	21	7	4	1	111	2
10702	22	6	2	1	91	7
10703	25	4	2	1	86	4
10704	30	5	4	1	69	7
10705	35	3	6	1	57	8
10706	12	3	1	1	74	6
10707	13	2	1	1	73	3
10708	14	1	3	1	99	7
10709	17	2	3	1	69	8
10710	18	4	3	2	95	2
10711	19	4	2	1	86	6
10712	21	7	4	1	111	2
10713	18	4	3	1	95	3
10714	19	8	8	2	57	3
10715	20	8	9	1	47	5
10716	21	7	4	2	112	1
10717	22	6	2	1	91	6
10718	24	3	2	2	108	1
10719	25	3	3	1	48	4
10720	28	6	3	1	70	2
10721	30	5	1	1	66	8
10722	24	3	2	1	108	4
10723	25	3	3	1	48	1
10724	32	5	6	2	60	2
10725	33	5	7	1	58	3
10726	32	5	6	1	60	3
10727	21	7	4	1	112	2
10728	22	6	2	1	91	7
10729	24	3	2	1	108	1
10730	29	5	4	1	69	7
10731	32	3	4	2	62	3
10732	33	5	6	2	61	3
10733	34	4	6	1	51	1
10734	33	5	6	1	61	4
10735	34	4	5	1	59	1
10736	38	2	6	1	40	9
10737	32	3	4	1	62	5
10738	33	5	6	1	61	1
10739	19	8	8	1	57	5
10740	20	8	9	1	47	3
10741	21	3	8	2	49	2
10742	22	3	4	2	62	3
10743	23	7	4	2	112	1
10744	24	6	2	1	91	6
10745	26	1	8	2	43	1
10746	26	1	8	1	44	3
10747	27	1	9	1	28	8
10748	28	1	7	1	31	5
10749	23	7	4	1	112	2
10750	22	3	4	1	62	5
10751	23	3	6	2	58	3
10752	24	6	4	1	30	3
10753	23	3	6	1	58	8
10754	24	3	5	1	37	3
10755	25	6	4	1	31	3
10756	21	3	8	1	49	3
10757	22	3	9	1	53	9
10758	25	1	7	1	32	5
10759	29	5	7	1	59	4
10760	7	7	3	1	105	1
10761	8	8	1	2	154	2
10762	9	7	1	1	75	5
10763	8	8	1	1	154	4
10764	9	7	1	1	76	7
10765	5	7	1	1	77	8
10766	6	8	1	1	154	5
10767	7	9	1	2	176	2
10768	7	9	1	1	177	7
10769	8	8	2	1	152	2
10770	9	3	1	2	74	3
10771	10	2	1	1	73	6
10772	11	7	2	2	97	4
10773	12	6	3	2	70	2
10774	13	1	1	1	129	2
10775	15	2	2	1	124	5
10776	12	6	3	1	70	3
10777	13	5	4	1	69	1
10778	15	3	4	1	62	2
10779	16	1	1	1	129	2
10780	18	4	2	1	86	6
10781	29	5	5	1	67	8
10782	11	7	2	1	97	6
10783	12	4	3	1	95	6
10784	13	1	1	1	129	4
10785	9	3	1	1	74	6
10786	10	2	1	1	73	3
10787	11	7	2	2	97	4
10788	12	6	3	2	70	2
10789	13	1	1	1	130	2
10790	15	6	2	1	91	7
10791	12	6	3	1	70	3
10792	13	5	4	1	69	1
10793	15	3	4	2	62	2
10794	16	1	1	1	130	2
10795	18	3	2	1	108	1
10796	29	5	5	1	68	8
10797	15	3	4	1	62	3
10798	16	2	3	1	69	8
10799	17	5	6	2	62	2
10800	18	5	3	1	82	4
10801	17	5	6	1	62	3
10802	18	4	5	1	59	2
10803	20	3	2	1	108	1
10804	22	4	2	1	86	6
10805	11	7	2	1	97	6
10806	12	4	3	1	95	6
10807	13	3	2	1	108	1
10808	2	8	3	1	69	8
10809	3	9	3	4	156	5
10810	3	9	3	3	157	6
10811	4	9	1	3	177	2
10812	4	9	1	2	178	4
10813	5	7	1	1	77	5
10814	4	9	1	1	178	5
10815	3	9	3	2	157	7
10816	4	9	1	3	179	2
10817	4	9	1	2	180	5
10818	4	9	1	1	181	6
10819	5	8	2	1	152	1
10820	6	8	1	1	154	2
10821	3	9	3	1	157	9
10822	4	1	2	1	149	9
10823	5	8	1	2	155	1
10824	6	7	1	1	78	4
10825	5	7	3	1	105	1
10826	6	7	2	1	97	6
10827	7	8	1	2	155	2
10828	8	7	1	1	79	5
10829	7	8	1	1	155	4
10830	8	7	1	1	80	7
10831	1	9	4	1	134	9
10832	2	8	7	2	84	9
10833	3	7	2	2	97	9
10834	4	9	3	4	157	5
10835	5	8	2	1	152	1
10836	4	9	3	3	157	6
10837	5	9	5	1	79	4
10838	4	9	3	2	157	7
10839	5	9	1	3	181	2
10840	6	9	6	1	88	4
10841	5	9	1	2	181	5
10842	6	8	2	1	153	2
10843	10	7	3	1	105	6
10844	14	2	3	1	69	9
10845	17	2	2	1	125	1
10846	5	9	1	1	181	6
10847	6	8	2	1	153	1
10848	4	9	3	1	157	8
10849	5	9	1	3	181	2
10850	6	8	2	1	154	6
10851	5	9	1	2	181	6
10852	6	8	2	1	155	2
10853	5	9	1	1	181	7
10854	6	8	2	1	156	1
10855	7	8	1	1	155	2
10856	9	2	2	1	126	8
10857	10	1	3	1	99	9
10858	12	1	2	1	149	7
10859	3	7	1	1	81	9
10860	4	8	1	1	155	6
10861	5	9	3	3	157	5
10862	6	8	2	1	156	1
10863	8	6	2	2	92	9
10864	9	5	5	1	69	9
10865	10	4	8	1	41	9
10866	11	2	3	2	69	9
10867	12	1	2	2	150	8
10868	13	7	3	2	105	8
10869	14	7	4	1	113	1
10870	15	7	2	1	97	7
10871	17	8	3	1	69	2
10872	18	3	1	2	74	3
10873	19	2	1	1	73	5
10874	20	1	1	2	130	1
10875	21	3	2	1	109	2
10876	20	1	1	1	130	2
10877	18	3	1	1	74	5
10878	19	2	1	1	73	3
10879	20	1	1	2	131	1
10880	21	3	2	1	110	2
10881	20	1	1	1	131	2
10882	13	8	3	1	69	8
10883	12	7	2	1	97	8
10884	13	7	3	2	105	7
10885	14	7	4	1	113	2
10886	16	9	7	1	105	2
10887	17	1	3	2	99	8
10888	18	3	2	2	111	2
10889	19	1	1	2	132	1
10890	19	1	1	1	133	3
10891	18	5	2	1	78	2
10892	19	1	2	2	150	4
10893	20	1	1	1	134	2
10894	19	3	2	1	111	4
10895	20	4	3	2	95	1
10896	21	5	4	1	69	4
10897	26	3	3	1	48	3
10898	28	9	9	1	53	7
10899	29	7	5	1	82	4
10900	20	4	3	1	95	3
10901	21	5	4	1	69	4
10902	26	3	3	1	48	1
10903	17	3	3	1	49	8
10904	18	1	3	2	99	3
10905	19	3	2	1	111	4
10906	18	1	3	1	99	6
10907	19	5	3	2	83	1
10908	20	3	2	1	112	2
10909	19	5	3	1	83	3
10910	20	1	2	1	150	7
10911	13	8	3	1	70	7
10912	14	7	4	1	113	7
10913	17	1	2	2	151	7
10914	18	1	1	2	135	1
10915	19	3	3	1	49	8
10916	18	3	3	1	50	1
10917	17	2	2	1	126	7
10918	18	1	1	1	135	1
10919	20	1	2	1	151	5
10920	11	2	6	1	41	9
10921	12	1	3	2	99	9
10922	13	3	9	1	53	9
10923	14	7	4	3	113	1
10924	15	7	3	1	105	8
10925	17	7	2	1	97	7
10926	19	1	2	2	152	8
10927	20	3	2	1	113	2
10928	19	2	2	1	126	8
10929	20	1	1	1	135	1
10930	21	1	2	1	152	5
10931	23	4	3	1	95	4
10932	14	9	7	3	105	1
10933	15	7	4	2	113	2
10934	15	7	4	1	114	7
10935	16	7	3	1	105	2
10936	14	7	4	2	114	2
10937	15	9	7	1	105	2
10938	18	7	2	1	97	8
10939	19	9	6	2	89	1
10940	20	6	7	1	57	1
10941	22	5	3	1	83	1
10942	25	7	8	1	75	6
10943	26	7	5	1	83	4
10944	19	9	6	1	89	6
10945	20	9	5	1	80	1
10946	21	6	7	1	57	1
10947	22	7	9	1	61	1
10948	24	7	8	1	75	6
10949	25	7	5	1	84	4
10950	14	7	4	1	114	7
10951	15	7	3	1	106	2
10952	17	9	7	1	105	2
10953	19	9	6	2	89	1
10954	20	9	5	1	80	6
10955	22	7	9	1	61	1
10956	26	7	8	1	75	6
10957	27	7	6	1	76	5
10958	19	9	6	1	89	6
10959	20	9	5	1	80	1
10960	21	6	7	1	57	1
10961	22	7	9	1	61	1
10962	25	7	8	1	75	6
10963	26	7	6	1	77	5
10964	12	1	9	1	28	9
10965	13	3	3	1	51	9
10966	14	7	4	3	114	1
10967	15	7	3	1	106	8
10968	17	8	3	1	70	2
10969	20	1	1	1	135	1
10970	22	2	2	1	126	2
10971	14	9	7	3	105	1
10972	15	7	4	2	114	2
10973	15	7	4	1	115	7
10974	16	7	3	1	106	2
10975	14	7	4	2	115	2
10976	15	9	7	1	105	2
10977	18	7	2	1	97	8
10978	19	9	6	2	89	1
10979	20	9	5	1	80	6
10980	22	5	3	1	83	1
10981	25	3	2	1	114	2
10982	27	7	5	1	85	4
10983	19	9	6	1	89	6
10984	20	9	5	1	80	1
10985	21	6	7	1	57	1
10986	22	7	9	1	61	1
10987	24	7	8	1	75	6
10988	25	7	5	1	86	4
10989	14	7	4	1	115	7
10990	15	7	3	1	107	2
10991	17	9	7	1	105	2
10992	19	9	6	2	89	1
10993	20	9	5	1	80	6
10994	22	7	9	1	61	1
10995	26	3	2	1	114	2
10996	28	7	6	1	78	5
10997	19	9	6	1	89	6
10998	20	9	5	1	80	1
10999	21	6	7	1	57	1
11000	22	7	9	1	61	1
11001	25	7	8	1	75	6
11002	26	7	6	1	79	5
11003	8	4	2	1	87	9
11004	9	7	3	1	107	2
11005	11	6	5	1	38	9
11006	12	7	2	2	97	8
11007	13	8	3	1	70	7
11008	15	5	5	1	69	8
11009	12	8	3	1	70	8
11010	5	9	3	2	157	7
11011	6	9	1	2	181	2
11012	7	8	2	1	156	5
11013	6	9	1	1	181	5
11014	7	8	2	1	157	2
11015	8	7	3	2	107	1
11016	9	7	2	2	97	4
11017	10	8	3	1	71	8
11018	11	9	7	1	105	1
11019	12	5	4	2	69	1
11020	13	7	4	1	115	8
11021	12	5	4	1	69	2
11022	13	6	3	1	70	2
11023	14	7	6	1	80	2
11024	9	7	2	1	97	8
11025	8	8	3	1	71	1
11026	9	7	3	2	107	8
11027	10	7	2	1	98	4
11028	13	6	3	1	70	2
11029	17	7	6	1	81	2
11030	9	7	2	1	98	8
11031	10	7	3	1	107	4
11032	11	6	2	2	92	9
11033	12	7	4	1	116	5
11034	14	4	8	1	41	9
11035	15	3	2	3	114	1
11036	16	1	2	2	152	7
11037	17	1	1	2	135	2
11038	18	2	2	2	127	4
11039	18	2	2	1	128	6
11040	19	5	4	1	69	2
11041	17	3	3	1	51	2
11042	18	2	2	1	128	5
11043	16	2	2	1	129	7
11044	17	1	3	1	99	9
11045	15	3	2	2	114	4
11046	16	1	2	1	152	5
11047	17	6	3	1	70	5
11048	18	5	4	1	70	3
11049	19	7	5	2	87	1
11050	20	9	7	1	105	1
11051	22	5	8	1	51	7
11052	19	7	5	1	87	2
11053	20	6	6	1	68	7
11054	21	7	6	2	82	1
11055	21	7	6	1	83	6
11056	15	3	2	1	114	5
11057	16	6	3	1	70	5
11058	11	4	2	1	87	9
11059	12	5	8	1	52	9
11060	13	6	5	1	38	9
11061	14	7	4	3	116	1
11062	15	6	2	1	92	5
11063	17	3	2	3	114	1
11064	18	4	3	1	96	8
11065	17	3	2	2	114	6
11066	18	4	3	1	97	3
11067	19	5	1	1	67	7
11068	17	3	2	1	114	7
11069	18	4	3	1	97	2
11070	19	1	2	2	152	4
11071	20	5	2	1	78	1
11072	24	3	1	2	74	1
11073	25	2	1	1	73	3
11074	26	9	6	2	89	2
11075	26	9	6	1	90	6
11076	24	3	1	1	74	3
11077	25	2	1	1	73	1
11078	26	9	6	2	91	2
11079	26	9	6	1	92	6
11080	19	1	2	1	152	6
11081	20	2	2	2	129	1
11082	20	2	2	1	130	4
11083	14	7	4	2	116	2
11084	15	6	2	1	92	6
11085	16	3	2	3	114	1
11086	17	4	3	1	97	8
11087	16	3	2	2	114	4
11088	17	4	3	1	98	5
11089	19	2	2	1	131	7
11090	23	7	8	2	75	3
11091	24	7	6	1	84	1
11092	23	7	9	1	61	3
11093	24	7	8	2	75	7
11094	25	6	7	2	57	1
11095	26	7	5	1	87	1
11096	25	6	7	1	57	2
11097	26	7	6	1	85	5
11098	24	7	7	1	62	7
11099	16	3	2	1	114	7
11100	17	4	3	1	98	2
11101	18	5	3	1	83	3
11102	14	7	4	1	116	5
11103	5	9	3	1	157	8
11104	6	9	1	1	181	7
11105	8	6	2	2	92	9
11106	9	5	5	1	70	9
11107	10	4	8	1	41	9
11108	11	1	2	2	152	8
11109	12	1	1	2	135	1
11110	13	5	1	1	68	8
11111	14	3	2	1	114	5
11112	12	3	3	1	51	1
11113	13	7	2	2	98	4
11114	13	7	2	1	99	5
11115	14	5	2	1	78	2
11116	11	2	2	1	131	8
11117	12	1	3	1	100	9
11118	14	3	9	1	53	9
11119	16	1	2	2	152	5
11120	17	7	2	2	99	2
11121	18	5	4	1	70	1
11122	21	5	2	1	79	6
11123	17	7	2	1	99	4
11124	18	7	4	1	117	7
11125	21	5	3	1	84	6
11126	25	5	1	1	68	8
11127	30	6	6	1	68	4
11128	16	1	2	1	152	6
11129	17	5	3	1	84	6
11130	8	4	2	1	87	9
11131	9	5	8	1	52	9
11132	10	6	5	1	38	9
11133	11	2	3	2	69	9
11134	12	1	2	2	152	8
11135	13	1	1	2	135	1
11136	14	5	1	1	68	8
11137	15	5	2	1	80	7
11138	13	3	3	1	51	1
11139	14	7	2	2	99	4
11140	15	4	3	1	98	4
11141	14	7	2	1	99	5
11142	15	5	4	1	70	2
11143	12	3	2	1	115	8
11144	13	4	3	1	99	1
11145	14	6	2	1	92	7
11146	15	7	4	2	117	2
11147	16	8	3	1	71	2
11148	15	7	4	1	117	5
11149	16	8	3	1	72	5
11150	19	5	3	1	85	6
11151	22	1	3	1	100	7
11152	26	1	2	1	152	5
11153	28	1	1	1	135	1
11154	11	2	6	1	41	9
11155	12	2	2	2	131	8
11156	13	1	3	1	100	9
11157	15	3	9	1	53	9
11158	16	1	2	3	152	5
11159	17	7	2	2	99	2
11160	17	7	2	1	100	4
11161	18	5	4	2	71	1
11162	18	5	4	1	72	3
11163	19	6	3	1	71	1
11164	21	5	3	1	85	6
11165	25	6	2	1	92	7
11166	26	7	4	2	117	2
11167	26	7	4	1	118	5
11168	16	1	2	2	152	6
11169	17	6	3	1	71	1
11170	22	4	3	1	99	4
11171	25	5	4	1	72	3
11172	16	1	2	1	152	7
11173	17	4	3	1	99	7
11174	21	5	9	1	32	7
11175	22	8	9	1	47	2
11176	24	7	3	1	107	2
11177	27	6	2	1	92	6
11178	12	2	5	1	53	8
11179	13	8	6	1	29	8
11180	14	1	2	2	152	8
11181	15	1	1	2	136	1
11182	16	1	9	1	28	9
11183	19	2	2	1	131	2
11184	15	3	3	1	51	1
11185	16	1	3	1	100	9
11186	19	5	4	2	73	1
11187	20	2	3	1	69	7
11188	19	5	4	1	73	2
11189	20	6	2	1	93	6
11190	14	3	2	1	115	8
11191	15	4	3	1	99	1
11192	16	6	2	1	94	7
11193	17	7	4	2	119	2
11194	18	8	3	1	72	2
11195	17	7	4	1	119	5
11196	18	8	3	1	73	5
11197	21	6	3	1	71	3
11198	24	3	4	1	62	2
11199	30	1	2	1	152	5
11200	2	8	3	1	73	9
11201	3	1	2	1	153	9
11202	4	8	1	4	155	1
11203	5	7	1	1	81	4
11204	6	7	2	1	100	8
11205	8	7	3	1	107	6
11206	9	6	2	1	94	7
11207	11	9	7	1	105	1
11208	12	9	1	2	181	2
11209	12	9	1	1	182	5
11210	4	8	1	3	155	2
11211	5	7	1	1	81	5
11212	6	8	2	2	157	1
11213	7	8	7	1	84	7
11214	8	9	1	2	183	6
11215	9	9	7	1	105	4
11216	8	9	1	1	183	7
11217	9	9	3	1	157	8
11218	10	7	3	2	107	6
11219	11	7	2	1	100	4
11220	12	1	1	2	136	1
11221	13	7	4	2	119	1
11222	13	7	4	1	120	2
11223	14	6	2	1	94	8
11224	12	1	1	1	136	3
11225	13	1	3	1	100	5
11226	15	3	2	1	115	6
11227	19	5	3	1	85	1
11228	10	7	2	1	100	6
11229	11	7	3	1	107	4
11230	12	7	4	2	120	1
11231	12	7	4	1	121	3
11232	13	6	2	1	95	7
11233	14	1	1	3	136	1
11234	15	5	3	1	86	1
11235	14	1	1	2	136	3
11236	15	5	3	1	87	1
11237	18	3	2	1	115	2
11238	23	3	4	1	62	1
11239	14	1	1	1	136	4
11240	15	2	2	1	132	2
11241	17	4	3	1	99	3
11242	6	8	2	1	157	4
11243	4	8	1	2	155	4
11244	5	7	1	1	81	7
11245	6	9	3	2	157	6
11246	7	9	1	1	183	5
11247	6	9	3	1	157	8
11248	7	7	3	1	107	1
11249	8	7	2	1	100	5
11250	10	9	1	2	184	2
11251	11	9	5	1	80	4
11252	10	9	1	1	184	6
11253	4	8	1	1	155	5
11254	5	7	1	1	81	8
11255	6	9	3	2	157	6
11256	7	7	3	1	107	1
11257	6	9	3	1	157	7
11258	7	9	1	1	185	6
11259	9	9	5	1	81	4
11260	0	9	2	5	215	4
11261	1	8	1	4	155	1
11262	2	7	1	1	81	5
11263	3	9	3	2	157	8
11264	4	9	1	2	185	2
11265	5	8	2	1	158	6
11266	6	1	1	1	136	8
11267	7	1	3	1	100	9
11268	9	7	2	1	100	9
11269	11	7	4	2	121	1
11270	12	7	3	1	108	7
11271	17	4	3	1	100	1
11272	11	7	4	1	121	2
11273	12	7	3	1	108	3
11274	15	4	3	1	101	1
11275	4	9	1	1	185	6
11276	5	8	2	1	158	2
11277	6	1	1	1	136	8
11278	7	1	3	1	100	9
11279	9	7	2	1	100	9
11280	10	9	4	2	134	7
11281	11	1	2	2	153	7
11282	12	3	3	1	51	2
11283	13	7	4	2	121	1
11284	14	2	3	1	70	6
11285	13	7	4	1	121	2
11286	14	2	3	1	71	6
11287	11	3	2	1	115	7
11288	12	4	2	1	87	8
11289	10	9	4	1	134	9
11290	11	8	7	1	84	9
11291	13	3	9	1	53	9
11292	15	2	5	1	53	8
11293	16	7	3	2	108	3
11294	17	8	3	1	73	7
11295	18	7	4	2	121	2
11296	19	6	2	1	95	5
11297	20	4	2	1	88	8
11298	21	5	2	1	81	3
11299	22	3	4	1	63	1
11300	24	5	1	1	68	9
11301	25	4	8	1	41	9
11302	27	8	6	1	29	8
11303	29	6	7	1	57	1
11304	31	4	3	1	102	1
11305	18	7	4	1	121	4
11306	19	6	2	1	95	7
11307	16	7	3	1	108	7
11308	17	8	3	1	73	3
11309	20	8	6	1	29	8
11310	21	9	7	2	106	1
11311	22	4	3	2	103	1
11312	23	4	2	1	88	6
11313	25	5	3	1	87	4
11314	22	4	3	1	103	2
11315	23	4	2	1	88	5
11316	21	9	7	1	106	2
11317	3	9	3	1	157	9
11318	4	1	2	1	153	9
11319	5	7	2	1	100	8
11320	6	7	8	2	75	9
11321	7	7	4	4	121	1
11322	8	9	7	3	107	1
11323	9	9	4	2	134	6
11324	10	9	1	2	185	3
11325	10	8	3	1	73	3
11326	11	8	7	1	84	6
11327	12	7	3	1	108	6
11328	13	6	2	1	96	7
11329	14	9	1	1	186	7
11330	9	9	4	1	134	8
11331	10	8	7	1	84	8
11332	11	7	3	2	108	2
11333	12	6	2	1	96	3
11334	13	8	3	1	73	7
11335	16	7	5	1	88	6
11336	11	7	3	1	108	6
11337	12	6	2	1	96	7
11338	13	8	3	1	73	3
11339	8	7	3	2	108	2
11340	9	6	2	1	96	3
11341	10	8	3	1	74	7
11342	8	7	3	1	108	6
11343	9	6	2	1	96	7
11344	10	8	3	1	75	3
11345	7	9	1	4	187	2
11346	8	7	3	1	108	3
11347	10	8	3	1	76	6
11348	13	3	2	2	115	1
11349	14	5	2	1	81	6
11350	15	4	3	2	103	1
11351	16	4	2	1	89	2
11352	15	4	3	1	103	2
11353	16	4	2	1	90	3
11354	20	5	4	1	73	4
11355	13	3	2	1	115	2
11356	14	2	2	2	132	1
11357	15	4	3	2	103	1
11358	16	4	2	1	90	3
11359	20	5	4	2	74	1
11360	21	6	3	1	71	7
11361	20	5	4	1	74	4
11362	21	6	3	1	72	4
11363	22	1	1	1	136	4
11364	23	1	3	1	100	5
11365	24	3	1	2	74	6
11366	25	2	1	1	73	3
11367	26	2	3	2	72	8
11368	27	3	3	1	51	7
11369	28	5	7	2	60	1
11370	29	7	7	1	63	4
11371	28	5	7	1	60	3
11372	29	9	7	2	107	1
11373	29	9	7	1	108	5
11374	26	3	3	1	51	8
11375	27	2	3	1	72	7
11376	28	4	5	1	59	5
11377	31	3	9	1	53	9
11378	24	2	1	1	73	6
11379	25	3	1	1	74	3
11380	26	3	4	2	63	1
11381	27	3	9	1	54	9
11382	26	3	4	1	63	5
11383	27	5	6	1	62	1
11384	30	3	8	1	49	1
11385	15	4	3	1	103	4
11386	14	2	2	1	132	3
11387	7	9	1	3	187	3
11388	8	7	3	1	108	2
11389	11	7	4	1	121	3
11390	13	4	2	2	90	7
11391	14	3	2	2	115	1
11392	15	4	3	1	104	6
11393	16	5	1	1	68	4
11394	14	3	2	1	115	3
11395	15	4	3	1	104	4
11396	16	5	1	1	69	8
11397	13	5	2	1	81	7
11398	14	5	1	1	70	8
11399	7	9	1	2	187	6
11400	8	8	2	1	158	3
11401	10	7	3	1	108	2
11402	11	9	4	2	134	7
11403	12	8	7	1	84	6
11404	13	7	4	2	121	3
11405	13	7	4	1	122	4
11406	14	6	2	1	96	6
11407	15	3	2	2	115	1
11408	16	5	3	1	88	1
11409	19	4	3	1	104	4
11410	15	3	2	1	115	2
11411	11	9	4	1	134	8
11412	12	8	7	1	84	8
11413	13	7	4	2	122	3
11414	14	6	2	1	96	5
11415	16	9	6	2	93	1
11416	17	9	5	1	82	2
11417	18	4	2	2	90	7
11418	19	3	2	2	116	1
11419	20	4	3	1	105	6
11420	21	2	2	1	133	6
11421	19	3	2	1	116	6
11422	20	4	3	1	105	1
11423	21	2	2	1	134	1
11424	18	5	2	1	81	7
11425	19	5	3	1	88	1
11426	21	4	2	1	90	6
11427	16	9	6	1	93	2
11428	17	9	5	1	82	1
11429	18	6	6	2	69	1
11430	19	1	3	2	100	5
11431	20	2	2	2	135	1
11432	21	2	3	1	72	8
11433	24	4	2	1	91	7
11434	29	5	7	1	60	1
11435	20	2	2	1	135	2
11436	19	3	3	1	51	5
11437	20	1	1	2	136	4
11438	20	1	3	1	100	4
11439	21	2	3	1	72	8
11440	27	5	9	1	32	9
11441	18	6	6	1	69	3
11442	19	7	5	1	89	6
11443	23	2	6	1	41	9
11444	25	4	2	2	91	7
11445	26	6	5	1	38	8
11446	27	2	3	1	72	8
11447	28	2	2	2	136	1
11448	29	1	6	1	34	6
11449	35	7	7	1	64	1
11450	28	2	2	1	136	2
11451	25	5	2	1	81	7
11452	26	6	5	1	38	8
11453	13	7	4	1	122	4
11454	7	9	1	1	187	7
11455	8	8	2	1	158	2
11456	9	8	3	1	76	6
11457	11	9	4	2	134	6
11458	12	8	7	1	84	7
11459	13	7	4	2	123	2
11460	14	6	2	1	96	5
11461	16	7	6	1	86	1
11462	13	7	4	1	123	4
11463	14	6	2	1	96	7
11464	15	7	6	2	87	1
11465	16	9	7	1	109	1
11466	21	9	6	1	93	3
11467	26	5	4	1	74	7
11468	32	2	3	1	72	7
11469	15	7	6	1	87	7
11470	16	6	7	1	57	2
11471	17	9	7	2	109	1
11472	18	7	5	1	89	1
11473	22	5	4	1	74	3
11474	26	5	1	1	71	8
11475	17	9	7	1	109	3
11476	11	9	4	1	134	8
11477	12	8	7	1	84	8
11478	13	7	4	2	123	2
11479	14	6	2	1	96	5
11480	18	7	5	1	89	1
11481	13	7	4	1	123	4
11482	6	7	9	1	61	9
11483	7	3	7	1	47	9
11484	8	7	4	4	124	1
11485	9	9	7	3	110	1
11486	10	9	4	2	134	6
11487	11	9	1	2	187	3
11488	11	8	3	1	76	3
11489	12	8	7	1	84	6
11490	13	7	3	1	108	6
11491	14	6	2	1	96	7
11492	15	9	1	1	188	7
11493	10	9	4	1	134	8
11494	11	8	7	1	84	8
11495	12	7	3	2	108	2
11496	13	6	2	1	96	3
11497	12	7	3	1	108	6
11498	13	6	2	1	97	7
11499	14	8	2	1	158	2
11500	9	9	7	2	110	2
11501	9	9	7	1	111	3
11502	8	9	1	4	189	2
11503	9	7	3	1	108	3
11504	11	6	2	1	97	5
11505	14	3	2	2	116	1
11506	15	5	2	1	81	6
11507	16	4	3	2	105	1
11508	17	5	4	1	74	4
11509	16	4	3	1	105	2
11510	17	5	1	1	72	7
11511	21	5	4	1	75	4
11512	14	3	2	1	116	2
11513	15	2	2	2	137	1
11514	16	4	3	2	105	1
11515	17	5	1	1	72	8
11516	21	5	4	2	76	1
11517	22	4	5	1	59	2
11518	21	5	4	1	76	4
11519	22	6	3	1	72	4
11520	23	1	1	1	137	4
11521	24	1	3	1	100	5
11522	25	9	4	2	134	7
11523	26	8	7	1	84	5
11524	25	7	5	1	90	7
11525	26	5	5	1	70	9
11526	28	2	6	1	41	9
11527	16	4	3	1	105	4
11528	15	2	2	1	137	3
11529	8	9	1	3	189	3
11530	9	7	3	1	108	2
11531	12	6	2	1	97	5
11532	14	9	4	2	134	7
11533	15	9	7	1	112	1
11534	14	7	5	1	90	7
11535	15	7	6	2	87	1
11536	15	7	6	1	88	4
11537	8	9	1	2	189	6
11538	9	8	2	1	159	3
11539	11	7	3	1	108	2
11540	12	9	4	2	134	7
11541	13	8	7	1	85	6
11542	14	7	4	2	124	3
11543	14	7	4	1	125	4
11544	15	6	2	1	97	6
11545	16	3	2	2	116	1
11546	17	5	2	1	81	7
11547	20	4	3	1	106	4
11548	16	3	2	1	116	2
11549	12	9	4	1	134	8
11550	13	8	7	1	85	8
11551	8	9	1	1	189	7
11552	9	8	2	1	159	2
11553	10	8	3	1	76	6
11554	12	9	4	2	134	6
11555	13	8	7	1	86	7
11556	14	7	5	1	90	7
11557	15	6	6	2	69	1
11558	16	5	5	1	70	8
11559	19	7	8	1	75	6
11560	22	6	3	1	72	5
11561	15	6	6	1	69	2
11562	16	5	5	1	70	9
11563	18	9	7	1	113	1
11564	25	7	4	1	125	4
11565	27	7	8	1	75	6
11566	12	9	4	1	134	8
11567	13	8	7	1	86	8
11568	14	7	4	2	125	2
11569	15	9	7	1	113	2
11570	17	9	6	2	93	1
11571	17	9	6	1	94	5
11572	14	7	4	1	125	4
11573	1	8	1	3	155	2
11574	2	7	1	1	81	6
11575	3	9	3	2	157	8
11576	4	1	2	2	153	9
11577	5	8	3	1	76	9
11578	6	9	4	1	134	9
11579	7	8	2	2	159	1
11580	8	9	1	1	189	7
11581	9	7	3	2	108	5
11582	10	7	2	1	100	3
11583	11	7	4	2	126	1
11584	12	6	2	1	97	6
11585	15	2	6	1	42	9
11586	11	7	4	1	126	2
11587	12	6	2	1	97	7
11588	9	7	2	1	100	5
11589	10	7	3	1	108	3
11590	13	5	4	2	76	1
11591	14	6	3	1	73	4
11592	19	5	1	1	72	9
11593	13	5	4	1	76	3
11594	14	6	3	1	73	2
11595	17	5	2	1	81	8
11596	20	3	2	1	117	2
11597	23	1	3	1	100	7
11598	28	5	6	1	62	4
11599	7	7	3	1	108	1
11600	8	8	2	2	159	3
11601	9	7	2	1	100	7
11602	11	3	1	2	74	1
11603	12	2	6	1	43	9
11604	17	1	1	2	137	3
11605	18	1	3	1	100	5
11606	21	4	3	1	107	2
11607	17	1	1	1	137	4
11608	18	1	3	1	100	6
11609	11	3	1	1	74	8
11610	12	2	6	1	43	9
11611	14	4	2	1	91	8
11612	17	3	9	1	55	9
11613	18	7	8	1	76	9
11614	20	6	1	1	29	9
11615	23	1	1	2	137	3
11616	24	1	3	1	101	5
11617	27	6	2	1	98	5
11618	33	7	4	1	126	4
11619	23	1	1	1	137	4
11620	24	1	3	1	101	6
11621	8	8	2	1	159	5
11622	9	7	2	1	100	7
11623	11	8	7	1	86	4
11624	12	9	7	1	113	6
11625	13	9	6	2	95	1
11626	14	9	5	1	82	2
11627	16	6	2	1	98	6
11628	18	4	3	1	108	5
11629	22	5	1	1	73	4
11630	13	9	6	1	95	2
11631	14	9	5	1	82	1
11632	19	3	2	1	117	3
11633	22	5	1	1	74	4
11634	4	7	2	1	100	9
11635	5	8	2	3	159	1
11636	6	9	1	1	189	7
11637	7	9	4	2	134	6
11638	8	1	2	2	153	8
11639	9	1	1	2	137	1
11640	10	4	3	2	108	1
11641	11	3	2	2	117	2
11642	12	4	2	1	91	3
11643	13	5	3	1	88	2
11644	14	5	4	1	76	3
11645	11	3	3	1	51	2
11646	10	4	3	1	108	2
11647	9	3	3	1	52	1
11648	10	2	2	2	138	2
11649	10	3	2	1	117	2
11650	11	1	1	1	137	4
11651	8	2	2	1	139	8
11652	9	1	1	1	138	1
11653	11	1	2	1	153	7
11654	12	4	2	1	91	6
11655	7	9	4	1	134	9
11656	8	8	7	1	86	9
11657	9	7	3	2	108	3
11658	10	8	3	1	76	5
11659	11	7	4	2	127	2
11660	12	6	2	1	98	5
11661	13	4	3	2	109	1
11662	14	7	5	2	90	1
11663	15	9	7	1	113	1
11664	14	7	5	1	90	5
11665	15	7	6	1	89	1
11666	13	4	3	1	109	4
11667	14	7	5	2	90	1
11668	15	7	6	1	90	5
11669	14	7	5	1	90	5
11670	15	7	6	1	91	1
11671	11	7	4	1	127	5
11672	12	6	2	1	98	8
11673	9	7	3	1	108	5
11674	10	8	3	1	76	3
11675	11	1	2	2	153	8
11676	12	7	4	2	127	1
11677	13	6	2	1	99	6
11678	14	9	7	2	114	1
11679	15	1	1	2	138	1
11680	15	3	3	1	52	1
11681	16	2	2	1	139	2
11682	14	9	7	1	114	2
11683	12	7	4	1	127	2
11684	13	6	2	1	99	7
11685	14	1	1	2	139	1
11686	15	4	3	2	109	1
11687	16	2	2	2	140	5
11688	16	3	2	1	117	5
11689	15	4	3	1	109	2
11690	14	3	3	1	52	1
11691	15	2	2	2	141	2
11692	15	3	2	1	118	2
11693	16	4	3	1	110	4
11694	11	2	2	1	142	8
11695	12	1	1	1	139	1
11696	14	1	2	1	153	7
11697	16	4	3	1	111	1
11698	5	8	2	2	159	3
11699	6	9	1	1	189	5
11700	7	7	3	2	108	1
11701	8	8	3	1	76	7
11702	9	1	2	3	153	5
11703	10	2	2	1	142	2
11704	9	1	2	2	153	7
11705	10	2	2	2	143	8
11706	11	1	1	1	139	1
11707	13	3	2	1	118	2
11708	15	3	4	2	63	1
11709	16	7	4	2	127	4
11710	17	6	2	1	99	5
11711	18	4	2	1	92	6
11712	20	5	1	1	75	3
11713	16	7	4	1	127	5
11714	17	6	2	1	99	6
11715	19	4	3	1	112	3
11716	15	3	4	1	63	3
11717	16	2	3	1	73	6
11718	10	1	1	1	139	8
11719	11	2	2	1	143	1
11720	13	3	4	2	63	1
11721	14	3	9	1	55	9
11722	15	3	7	1	47	8
11723	16	2	7	1	50	7
11724	17	1	8	1	44	1
11725	18	9	4	2	134	9
11726	19	8	7	1	86	9
11727	21	9	7	1	115	6
11728	24	1	9	1	28	6
11729	18	9	8	1	47	9
11730	19	4	7	1	29	9
11731	21	9	9	1	53	7
11732	23	1	9	1	29	6
11733	26	2	4	1	50	5
11734	28	7	4	1	127	7
11735	30	3	2	1	118	2
11736	13	3	4	1	63	3
11737	14	2	1	1	73	3
11738	17	3	8	1	50	1
11739	18	8	9	1	47	1
11740	20	9	4	1	134	6
11741	9	1	2	1	153	8
11742	10	3	1	2	74	1
11743	11	2	1	1	73	7
11744	14	1	1	2	139	3
11745	15	3	3	1	52	4
11746	18	6	2	1	99	6
11747	14	1	1	1	139	4
11748	15	3	3	1	52	3
11749	10	3	1	1	74	7
11750	11	2	1	1	73	1
11751	12	4	2	1	92	7
11752	14	1	1	2	139	3
11753	15	5	1	1	76	4
11754	17	6	2	1	100	6
11755	14	1	1	1	139	4
11756	15	5	1	1	76	3
11757	7	7	3	1	108	7
11758	8	8	3	1	76	1
11759	5	8	2	1	159	5
11760	6	9	1	1	189	3
11761	7	7	3	2	108	1
11762	8	8	3	1	77	7
11763	9	1	2	2	153	6
11764	10	1	1	1	139	7
11765	9	1	2	1	153	8
11766	10	3	1	2	74	1
11767	11	2	2	1	143	2
11768	15	5	3	1	88	3
11769	10	3	1	1	74	7
11770	11	2	1	1	73	1
11771	12	5	2	1	81	1
11772	17	5	4	1	77	7
11773	7	7	3	1	108	7
11774	8	8	3	1	77	1
11775	3	9	3	1	157	9
11776	4	8	2	1	159	1
11777	7	9	4	2	135	6
11778	7	9	4	1	136	7
11779	8	8	7	1	86	7
11780	9	9	7	2	115	2
11781	9	9	7	1	116	3
11782	1	8	1	2	155	3
11783	2	7	1	1	81	7
11784	3	1	2	2	153	9
11785	4	9	3	2	157	9
11786	5	9	1	1	189	8
11787	7	9	4	2	136	6
11788	8	1	1	2	140	1
11789	9	6	2	2	101	7
11790	10	2	2	2	143	6
11791	11	1	3	1	102	7
11792	12	3	2	2	119	3
11793	13	4	2	1	92	8
11794	12	3	3	1	53	3
11795	13	4	2	1	93	3
11796	10	7	2	1	100	6
11797	11	4	3	2	113	1
11798	11	4	3	1	114	3
11799	12	2	2	1	143	3
11800	14	1	3	1	102	4
11801	9	4	2	1	94	7
11802	10	6	2	2	101	8
11803	11	7	2	2	100	2
11804	12	2	3	1	74	8
11805	11	8	3	1	78	2
11806	10	5	2	1	81	8
11807	11	5	3	1	89	1
11808	13	2	2	2	143	6
11809	14	3	3	1	53	3
11810	13	7	2	1	100	6
11811	14	3	2	1	119	3
11812	8	3	3	1	54	1
11813	9	7	3	2	108	2
11814	10	4	2	1	94	8
11815	11	2	2	2	143	7
11816	11	6	2	1	101	7
11817	12	7	4	1	127	5
11818	13	7	2	1	100	6
11819	15	1	3	2	103	8
11820	16	2	3	1	75	7
11821	15	2	3	1	76	8
11822	16	1	3	1	103	7
11823	9	8	3	1	79	2
11824	7	9	4	1	136	7
11825	4	8	3	1	80	9
11826	5	9	4	1	137	9
11827	6	8	2	2	159	1
11828	7	9	1	1	189	5
11829	6	7	3	1	108	1
11830	7	9	3	1	157	8
11831	8	7	2	1	100	5
11832	10	9	1	2	190	2
11833	11	8	2	1	159	6
11834	13	6	2	1	101	7
11835	15	9	7	2	117	1
11836	15	9	7	1	118	3
11837	16	9	6	2	95	1
11838	17	2	6	1	43	9
11839	19	2	2	2	144	1
11840	20	8	8	2	57	1
11841	21	8	9	1	47	4
11842	20	8	8	1	57	4
11843	21	8	9	1	48	1
11844	22	3	2	2	120	2
11845	22	3	2	1	121	3
11846	19	5	2	1	81	1
11847	20	6	3	1	73	2
11848	16	9	6	1	95	5
11849	17	2	6	1	43	9
11850	19	2	2	2	144	1
11851	20	8	8	2	57	1
11852	21	3	9	1	55	9
11853	20	8	8	1	57	4
11854	21	8	9	1	48	1
11855	22	3	2	2	122	2
11856	22	3	2	1	123	3
11857	19	5	2	1	81	1
11858	20	6	3	1	74	2
11859	10	9	1	1	190	6
11860	11	8	2	1	159	2
11861	12	2	2	2	144	1
11862	13	2	6	1	43	9
11863	12	5	2	1	81	1
11864	3	7	2	1	100	9
11865	4	9	3	2	157	8
11866	5	9	1	2	190	2
11867	6	8	2	1	159	6
11868	7	7	3	2	108	1
11869	8	8	3	1	80	5
11870	9	1	2	2	153	5
11871	10	3	1	2	74	1
11872	11	4	2	1	94	8
11873	10	3	1	1	74	4
11874	11	2	1	1	73	1
11875	12	5	2	1	82	1
11876	9	1	2	1	153	7
11877	10	3	1	2	74	1
11878	11	2	1	1	73	6
11879	10	3	1	1	74	6
11880	11	2	1	1	74	1
11881	12	5	2	1	83	1
11882	7	7	3	1	108	5
11883	8	8	3	1	80	1
11884	9	1	2	2	153	5
11885	10	3	1	2	74	1
11886	11	2	1	1	74	4
11887	10	3	1	1	74	4
11888	11	2	1	1	75	1
11889	12	5	2	1	84	1
11890	9	1	2	1	153	7
11891	10	6	2	1	101	8
11892	12	1	1	1	140	8
11893	5	9	1	1	190	6
11894	6	8	2	1	159	2
11895	7	7	3	2	108	1
11896	8	8	3	1	80	5
11897	9	9	4	2	137	7
11898	10	2	2	2	144	8
11899	11	1	1	1	141	1
11900	13	5	2	1	85	1
11901	14	1	2	2	153	6
11902	15	4	2	1	95	7
11903	21	5	3	1	89	4
11904	26	9	7	1	118	3
11905	14	1	2	1	153	7
11906	15	3	2	1	124	3
11907	16	3	4	2	63	1
11908	17	7	4	2	127	4
11909	17	7	4	1	128	5
11910	16	3	4	1	63	2
11911	17	5	4	1	78	6
11912	24	5	6	1	63	3
11913	29	7	4	1	129	5
11914	10	1	1	1	141	8
11915	11	2	2	1	144	1
11916	14	1	2	2	153	6
11917	14	1	2	1	154	7
11918	15	3	2	1	124	6
11919	9	9	4	1	137	9
11920	10	8	7	1	86	9
11921	11	8	8	2	57	1
11922	12	8	9	1	48	8
11923	13	7	5	1	90	8
11924	14	5	5	1	70	9
11925	16	5	8	1	52	8
11926	20	6	4	1	32	8
11927	21	5	2	2	85	1
11928	22	4	1	1	32	8
11929	24	1	3	1	104	9
11930	26	3	4	1	63	1
11931	29	1	2	2	154	6
11932	30	6	2	1	101	3
11933	29	1	2	1	154	7
11934	30	5	4	1	78	2
11935	21	5	2	1	85	3
11936	22	4	1	1	32	1
11937	11	8	8	1	57	8
11938	12	8	9	1	48	1
11939	14	5	5	1	70	9
11940	16	6	1	1	29	9
11941	19	7	4	2	130	2
11942	20	6	2	1	102	3
11943	24	5	8	1	52	6
11944	19	7	4	1	130	5
11945	20	6	2	1	102	6
11946	24	2	2	2	144	8
11947	25	3	3	1	54	6
11948	28	3	2	1	125	3
11949	24	1	1	1	141	8
11950	25	3	3	1	54	6
11951	7	7	3	1	108	5
11952	8	8	3	1	80	1
11953	10	9	4	1	137	9
11954	11	2	2	2	144	8
11955	12	1	1	1	141	1
11956	14	3	9	1	56	9
11957	16	2	6	1	44	9
11958	18	4	2	1	95	5
11959	19	4	3	1	114	2
11960	20	7	4	2	130	1
11961	21	3	5	1	37	1
11962	20	7	4	1	130	2
11963	21	6	2	1	102	7
11964	11	1	1	1	141	8
11965	12	2	2	1	144	1
11966	14	3	9	1	56	9
11967	17	1	2	2	154	6
11968	18	3	3	1	55	3
11969	21	6	2	1	103	8
11970	26	6	3	1	75	4
11971	17	1	2	1	154	7
11972	18	2	5	1	53	8
11973	21	5	4	1	79	2
11974	23	2	3	1	76	6
11975	27	4	4	1	28	8
11976	4	8	3	1	80	8
11977	5	9	3	1	157	6
11978	6	8	2	1	159	1
11979	1	8	1	1	155	5
11980	2	7	1	1	81	9
11981	3	8	2	3	160	1
11982	4	9	1	3	190	2
11983	5	9	3	1	157	3
11984	6	6	2	2	103	9
11985	7	7	4	3	130	1
11986	7	9	7	3	119	1
11987	7	7	4	2	131	2
11988	7	7	4	1	132	3
11989	8	7	3	1	108	6
11990	9	9	7	2	120	5
11991	9	9	7	1	121	6
11992	6	4	2	1	95	9
11993	7	6	2	1	103	7
11994	8	7	3	1	108	6
11995	4	9	1	2	190	6
11996	5	9	3	1	157	7
11997	6	9	4	2	137	8
11998	7	6	2	2	103	9
11999	8	7	4	3	132	1
12000	9	7	3	1	109	8
12001	8	7	4	2	132	6
12002	9	7	3	1	110	3
12003	10	7	2	2	100	8
12004	10	8	3	1	80	8
12005	11	6	3	1	76	1
12006	15	2	3	1	76	9
12007	16	1	2	2	154	7
12008	16	4	2	1	95	7
12009	8	7	4	1	132	7
12010	9	7	3	1	110	2
12011	12	5	4	1	79	2
12012	15	5	1	1	77	8
12013	19	1	1	1	141	1
12014	26	3	7	1	47	9
12015	27	3	4	2	63	1
12016	28	5	6	2	63	1
12017	28	5	6	1	64	4
12018	29	2	3	1	76	6
12019	32	3	6	1	58	8
12020	36	2	5	1	53	7
12021	27	3	4	1	63	3
12022	7	4	2	1	96	9
12023	8	8	7	2	86	8
12024	9	7	3	2	110	2
12025	10	8	3	1	80	3
12026	12	2	2	2	144	2
12027	13	1	2	2	155	5
12028	13	1	2	1	156	7
12029	12	5	2	1	85	2
12030	13	1	2	2	157	7
12031	14	2	2	1	144	6
12032	17	3	9	1	56	8
12033	20	6	2	1	103	3
12034	25	4	3	1	114	4
12035	26	5	3	1	89	6
12036	29	5	1	1	77	8
12037	30	6	5	1	39	8
12038	32	2	5	1	54	7
12039	34	4	5	1	60	1
12040	37	7	5	1	90	5
12041	13	2	2	1	144	7
12042	14	1	2	1	157	6
12043	15	3	2	1	126	3
12044	16	6	2	1	103	5
12045	19	5	3	1	89	1
12046	21	1	1	1	141	1
12047	25	2	3	1	76	9
12048	28	3	4	2	64	1
12049	29	9	7	3	122	1
12050	30	7	6	2	92	1
12051	31	4	6	1	52	2
12052	30	7	6	1	92	5
12053	29	4	6	2	53	1
12054	30	3	6	1	58	6
12055	29	4	6	1	53	2
12056	30	9	6	2	95	1
12057	31	6	6	1	69	3
12058	32	4	5	1	60	1
12059	30	9	6	1	95	5
12060	31	4	5	1	61	1
12061	28	3	4	1	64	2
12062	29	2	1	1	75	2
12063	31	3	8	1	50	1
12064	32	4	5	2	62	1
12065	33	4	4	1	29	5
12066	37	5	5	1	70	8
12067	32	4	5	1	62	2
12068	33	5	6	1	64	5
12069	9	7	3	1	110	3
12070	10	8	3	1	80	2
12071	8	8	3	1	81	8
12072	9	5	4	2	79	1
12073	10	2	3	1	76	9
12074	11	6	3	2	76	1
12075	12	7	2	1	101	2
12076	13	7	4	1	132	4
12077	11	6	3	1	76	2
12078	9	5	4	1	79	2
12079	10	6	3	1	77	1
12080	13	7	3	1	110	2
12081	6	9	4	1	137	9
12082	7	8	7	1	86	9
12083	8	6	2	2	103	9
12084	9	5	5	1	71	9
12085	10	4	8	1	41	9
12086	11	7	4	3	133	1
12087	12	7	3	1	111	8
12088	13	7	2	1	101	3
12089	17	3	2	1	126	2
12090	21	1	1	1	141	1
12091	11	7	4	2	133	6
12092	12	7	3	1	111	3
12093	13	7	2	2	101	8
12094	14	8	3	1	81	2
12095	15	2	3	2	76	9
12096	16	1	2	2	157	7
12097	17	4	3	2	114	1
12098	18	1	1	1	142	1
12099	19	5	2	1	85	3
12100	17	4	3	1	114	4
12101	18	3	2	1	126	2
12102	21	5	2	1	86	3
12103	26	1	1	1	142	1
12104	29	1	3	1	104	6
12105	31	7	5	2	91	1
12106	32	6	6	1	69	8
12107	33	8	4	1	35	8
12108	38	2	4	1	50	3
12109	31	7	5	1	91	5
12110	32	6	6	1	69	4
12111	37	7	6	1	93	1
12112	16	2	2	1	144	7
12113	17	1	1	1	142	1
12114	19	4	3	2	114	1
12115	20	1	2	2	157	5
12116	20	1	2	1	158	6
12117	19	4	3	1	114	4
12118	20	1	2	1	159	5
12119	15	2	6	1	44	9
12120	16	1	3	2	104	9
12121	17	3	9	1	56	9
12122	18	2	3	2	76	8
12123	19	4	3	3	114	1
12124	20	5	3	2	89	5
12125	21	4	2	2	96	6
12126	22	3	2	1	126	5
12127	21	6	3	1	77	6
12128	22	3	3	1	55	4
12129	20	6	3	1	77	5
12130	21	5	4	1	79	3
12131	22	5	3	1	89	6
12132	25	4	2	1	96	7
12133	19	7	6	3	94	1
12134	20	9	7	2	122	1
12135	21	3	2	2	127	2
12136	22	1	2	2	160	5
12137	22	1	2	1	161	7
12138	21	3	2	1	127	3
12139	22	4	2	1	97	7
12140	24	2	2	1	144	2
12141	20	9	7	1	122	2
12142	19	7	5	3	91	1
12143	20	6	6	1	69	8
12144	21	9	7	2	123	1
12145	22	4	3	2	114	4
12146	23	3	3	2	56	1
12147	24	4	2	1	97	7
12148	26	1	1	1	142	7
12149	23	3	3	1	56	6
12150	24	1	6	1	34	6
12151	25	7	6	1	94	2
12152	26	5	3	2	89	1
12153	27	6	5	1	39	6
12154	31	4	5	1	62	2
12155	32	6	1	1	29	2
12156	33	7	8	1	76	5
12157	26	5	3	1	89	5
12158	27	6	3	1	77	1
12159	30	6	5	1	39	6
12160	22	4	3	1	114	5
12161	23	4	2	1	97	7
12162	21	9	7	1	123	2
12163	19	4	3	2	114	4
12164	20	3	3	2	56	1
12165	21	4	2	1	98	7
12166	23	5	3	1	89	6
12167	20	3	3	1	56	6
12168	21	5	3	2	90	1
12169	22	6	3	1	77	5
12170	24	1	2	2	162	3
12171	24	1	2	1	163	5
12172	25	3	2	1	127	3
12173	26	1	1	1	143	7
12174	21	5	3	1	90	5
12175	22	6	3	1	77	1
12176	25	3	2	1	127	2
12177	30	2	2	1	145	5
12178	19	4	3	1	114	5
12179	20	4	2	1	98	7
12180	18	3	3	1	56	8
12181	19	4	3	3	114	1
12182	20	5	3	2	90	5
12183	21	4	2	2	99	6
12184	22	6	3	1	77	4
12185	21	4	6	1	53	6
12186	22	6	3	1	78	6
12187	20	6	3	1	79	5
12188	21	5	4	1	79	3
12189	22	5	3	1	90	6
12190	26	2	3	1	76	4
12191	19	7	6	3	94	1
12192	20	2	5	1	54	8
12193	21	8	6	1	29	8
12194	22	9	7	2	124	1
12195	23	4	3	2	114	4
12196	24	2	3	1	77	6
12197	26	7	5	1	91	2
12198	28	4	2	1	99	6
12199	23	4	3	1	114	5
12200	24	6	5	1	40	6
12201	22	9	7	1	124	2
12202	19	7	5	3	91	1
12203	20	6	6	1	69	8
12204	21	9	7	2	125	1
12205	22	2	5	1	54	8
12206	23	6	5	1	41	6
12207	21	9	7	1	125	2
12208	19	4	3	2	114	4
12209	20	2	5	1	54	8
12210	22	5	3	2	90	1
12211	23	5	4	1	79	3
12212	25	6	5	1	42	6
12213	27	5	6	1	65	4
12214	22	5	3	1	90	5
12215	23	5	4	1	79	7
12216	26	1	2	1	163	5
12217	19	4	3	1	114	5
12218	20	4	2	1	100	7
12219	16	3	3	1	56	9
12220	17	1	9	1	29	9
12221	18	1	3	2	104	8
12222	19	2	5	1	54	8
12223	20	1	2	2	164	7
12224	20	2	2	1	146	7
12225	21	1	1	1	144	1
12226	22	4	3	2	114	1
12227	23	1	2	2	165	5
12228	23	1	2	1	166	6
12229	22	4	3	1	114	4
12230	23	1	2	1	167	5
12231	18	2	3	1	77	8
12232	19	4	3	3	114	1
12233	20	5	3	2	90	5
12234	21	1	3	2	104	6
12235	22	1	2	1	168	7
12236	21	6	3	1	79	6
12237	22	1	1	1	144	1
12238	20	6	3	1	79	5
12239	21	5	4	1	79	3
12240	23	5	3	1	90	6
12241	19	7	6	3	94	1
12242	20	9	7	2	126	1
12243	21	4	3	2	114	4
12244	22	1	2	1	169	7
12245	24	5	2	1	86	3
12246	29	5	3	1	91	5
12247	21	4	3	1	114	5
12248	22	4	2	1	101	7
12249	20	9	7	1	126	2
12250	19	7	5	3	91	1
12251	20	6	6	1	69	8
12252	21	9	7	2	127	1
12253	22	4	3	2	114	4
12254	23	1	2	1	169	7
12255	25	1	1	1	145	1
12256	22	4	3	1	114	5
12257	23	1	2	1	169	7
12258	21	9	7	1	127	2
12259	19	4	3	2	114	4
12260	20	1	2	1	170	7
12261	22	3	2	1	127	2
12262	27	6	3	1	79	1
12263	31	7	5	1	91	5
12264	35	6	7	1	57	5
12265	19	4	3	1	114	5
12266	20	3	2	1	127	2
12267	13	8	3	1	81	8
12268	14	7	2	1	101	2
12269	11	7	4	1	133	7
12270	12	7	3	1	111	2
12271	13	7	2	2	102	8
12272	14	8	3	1	81	3
12273	15	2	3	2	77	9
12274	16	1	2	2	170	7
12275	17	4	3	2	114	1
12276	18	1	1	1	146	1
12277	19	3	2	1	128	2
12278	17	4	3	1	114	4
12279	18	3	2	1	129	2
12280	16	2	2	1	146	7
12281	17	1	1	1	146	1
12282	19	4	3	2	114	1
12283	20	1	2	2	170	5
12284	20	1	2	1	171	6
12285	19	4	3	1	114	4
12286	15	2	6	1	44	9
12287	16	1	3	2	104	9
12288	17	3	9	1	56	9
12289	18	2	3	2	77	8
12290	19	4	3	3	115	1
12291	20	5	3	2	92	5
12292	21	4	2	2	102	6
12293	22	3	3	1	56	6
12294	21	6	3	1	79	6
12295	22	3	3	1	57	4
12296	20	6	3	1	79	5
12297	21	5	4	1	79	3
12298	22	5	3	1	92	6
12299	25	3	2	1	130	6
12300	19	7	6	3	94	1
12301	20	9	7	2	128	1
12302	21	3	2	2	131	2
12303	22	1	2	2	172	5
12304	22	1	2	1	173	7
12305	21	3	2	1	131	3
12306	22	4	2	1	102	7
12307	24	2	2	1	146	2
12308	20	9	7	1	128	2
12309	19	4	3	2	115	4
12310	20	3	3	2	58	1
12311	21	3	2	1	131	3
12312	23	2	2	1	147	2
12313	20	3	3	1	58	6
12314	21	5	3	1	92	1
12315	24	1	2	2	174	3
12316	24	1	2	1	175	5
12317	25	3	2	1	131	3
12318	26	1	1	1	146	7
12319	19	4	3	1	115	5
12320	20	3	2	1	131	2
12321	18	3	3	1	58	8
12322	19	2	2	2	148	7
12323	20	1	1	1	147	2
12324	19	2	5	1	54	7
12325	16	3	3	1	58	9
12326	17	1	9	1	29	9
12327	18	4	3	2	115	1
12328	19	1	3	2	104	8
12329	20	2	5	1	55	8
12330	21	6	5	1	42	7
12331	22	1	2	2	175	7
12332	22	2	2	1	148	7
12333	23	1	1	1	148	1
12334	24	1	2	2	176	5
12335	24	1	2	1	177	6
12336	19	2	3	1	77	8
12337	20	5	3	2	92	5
12338	21	1	3	2	104	6
12339	22	1	1	1	148	1
12340	21	6	3	1	79	6
12341	20	6	3	1	80	5
12342	21	5	4	1	79	3
12343	22	5	3	1	92	6
12344	18	5	3	1	93	1
12345	19	4	3	2	115	5
12346	20	4	2	1	102	7
12347	19	6	3	1	80	5
12348	20	6	5	1	42	7
12349	23	5	1	1	77	7
12350	13	7	5	1	91	8
12351	14	8	3	1	81	8
12352	8	4	2	1	103	9
12353	9	5	8	1	53	9
12354	10	6	5	1	42	9
12355	11	7	3	2	111	8
12356	11	7	2	1	102	8
12357	12	3	2	2	132	3
12358	13	4	3	1	115	6
12359	14	1	2	2	178	5
12360	14	1	2	1	179	6
12361	15	5	3	2	93	1
12362	16	1	1	1	149	1
12363	17	5	1	1	78	3
12364	22	5	4	1	79	4
12365	25	3	3	1	58	5
12366	26	3	4	2	64	1
12367	27	7	4	2	133	2
12368	28	7	3	1	112	3
12369	30	9	7	3	129	1
12370	31	7	6	2	94	1
12371	32	4	5	1	62	1
12372	31	7	6	1	94	5
12373	30	9	7	2	129	3
12374	30	9	7	1	130	5
12375	31	9	6	2	95	1
12376	32	4	5	1	63	1
12377	36	6	9	1	27	1
12378	31	9	6	1	95	3
12379	32	9	5	1	82	1
12380	33	7	9	1	61	4
12381	34	7	6	1	95	5
12382	38	4	5	1	63	2
12383	27	7	4	1	133	3
12384	28	7	3	1	112	2
12385	30	9	7	2	130	2
12386	30	9	7	1	131	3
12387	31	7	9	1	61	4
12388	26	3	4	1	64	2
12389	27	7	4	1	133	3
12390	31	1	5	1	57	3
12391	33	7	6	1	95	1
12392	15	5	3	1	93	5
12393	16	5	1	1	78	7
12394	12	3	2	1	132	5
12395	13	4	3	1	115	4
12396	15	8	3	1	82	3
12397	16	7	4	2	133	1
12398	17	6	2	1	103	3
12399	18	9	7	2	131	1
12400	19	1	2	2	179	6
12401	19	1	2	1	180	7
12402	20	2	2	2	148	2
12403	20	2	2	1	149	6
12404	21	3	3	1	58	1
12405	24	5	4	1	79	3
12406	27	2	3	1	77	9
12407	30	4	1	2	33	1
12408	31	1	5	1	57	1
12409	33	2	8	1	43	1
12410	34	5	6	2	66	1
12411	35	6	4	1	32	8
12412	34	5	6	1	66	5
12413	30	4	1	1	33	7
12414	31	6	1	1	29	1
12415	32	7	8	2	77	7
12416	32	8	8	1	57	7
12417	18	9	7	1	131	2
12418	16	7	4	1	133	5
12419	17	6	2	1	103	7
12420	19	2	2	1	149	2
12421	4	9	1	1	190	7
12422	5	9	3	1	157	8
12423	6	9	4	2	137	6
12424	7	4	2	2	103	9
12425	8	9	7	3	132	1
12426	9	9	6	2	95	2
12427	10	9	5	1	82	3
12428	11	7	4	3	133	1
12429	12	7	3	2	112	2
12430	13	6	2	1	103	3
12431	14	8	3	1	82	3
12432	19	1	2	1	180	7
12433	27	2	3	1	77	9
12434	12	7	3	1	112	6
12435	13	6	2	1	103	7
12436	11	7	4	2	133	4
12437	12	7	6	2	96	1
12438	13	7	5	1	91	5
12439	14	8	3	1	82	3
12440	12	7	6	1	96	5
12441	13	7	5	1	91	1
12442	14	8	3	1	83	3
12443	11	7	4	1	133	5
12444	12	7	3	1	112	2
12445	14	7	6	2	96	1
12446	15	7	5	1	91	4
12447	16	8	7	1	86	6
12448	17	7	2	1	102	6
12449	21	6	8	1	46	1
12450	22	5	8	1	53	8
12451	24	7	9	1	62	8
12452	29	2	7	1	50	3
12453	14	7	6	1	96	4
12454	15	7	5	1	91	1
12455	16	8	7	1	86	6
12456	18	7	2	1	102	6
12457	19	5	4	2	79	1
12458	20	6	3	1	80	5
12459	21	5	2	1	86	2
12460	22	4	3	2	115	1
12461	23	3	2	1	132	8
12462	24	3	9	1	56	7
12463	25	3	3	1	58	6
12464	26	5	1	1	79	6
12465	22	3	3	1	58	1
12466	23	1	2	1	180	8
12467	24	5	1	1	80	8
12468	27	4	3	1	115	4
12469	30	1	5	1	57	5
12470	33	2	4	1	51	2
12471	19	5	4	1	79	2
12472	20	6	3	1	80	4
12473	22	1	2	1	180	5
12474	9	9	6	1	95	3
12475	10	9	5	1	82	2
12476	11	7	4	3	133	1
12477	12	7	3	2	112	2
12478	13	6	2	1	104	3
12479	14	8	3	1	84	3
12480	19	7	6	1	96	5
12481	27	2	2	1	150	8
12482	12	7	3	1	112	6
12483	13	6	2	1	104	7
12484	11	7	4	2	133	4
12485	12	7	6	2	96	1
12486	13	7	5	1	91	5
12487	14	8	3	1	84	3
12488	12	7	6	1	96	5
12489	13	7	5	1	91	1
12490	14	8	3	1	85	3
12491	11	7	4	1	133	5
12492	12	7	3	1	112	2
12493	14	7	6	2	96	1
12494	15	2	2	2	151	2
12495	16	1	2	1	181	5
12496	17	4	3	1	115	1
12497	15	5	2	1	86	2
12498	16	6	3	1	80	5
12499	19	8	7	1	86	6
12500	14	7	6	1	96	4
12501	15	7	5	1	91	1
12502	16	8	7	1	87	6
12503	18	7	2	1	102	6
12504	19	5	4	2	79	1
12505	20	5	6	1	67	2
12506	19	5	4	1	79	2
12507	20	6	3	1	80	4
12508	22	5	6	1	68	1
12509	8	9	7	2	132	2
12510	9	8	7	1	87	7
12511	11	9	6	2	95	1
12512	12	9	5	1	82	3
12513	13	6	3	2	80	1
12514	14	7	8	1	78	8
12515	15	7	5	1	91	7
12516	16	6	6	1	69	2
12517	18	7	2	1	102	2
12518	22	5	6	1	69	3
12519	13	6	3	1	80	2
12520	11	9	6	1	95	3
12521	12	9	5	1	82	1
12522	13	6	3	2	81	1
12523	14	7	8	1	78	8
12524	15	7	5	1	91	7
12525	16	6	6	1	69	2
12526	18	7	2	1	102	2
12527	22	5	6	1	70	4
12528	13	6	3	1	81	2
12529	8	9	7	1	132	3
12530	9	9	6	2	95	1
12531	10	9	5	1	82	2
12532	11	8	7	1	87	6
12533	12	7	2	1	102	6
12534	13	7	3	2	112	2
12535	14	8	3	1	86	3
12536	15	7	4	2	133	3
12537	16	6	2	1	105	5
12538	17	6	3	2	82	1
12539	18	5	4	1	79	5
12540	17	6	3	1	82	4
12541	18	5	4	1	80	2
12542	22	7	5	1	91	4
12543	15	7	4	1	133	5
12544	16	6	2	1	105	7
12545	17	5	4	2	80	1
12546	18	6	3	1	82	5
12547	19	5	2	1	86	2
12548	20	2	3	1	78	9
12549	22	1	2	2	181	8
12550	23	2	1	1	75	2
12551	26	5	1	1	80	8
12552	33	4	5	1	64	3
12553	22	3	2	1	132	8
12554	23	4	3	1	116	1
12555	25	1	3	1	104	7
12556	17	5	4	1	80	2
12557	18	6	3	1	82	4
12558	20	1	6	1	34	2
12559	13	7	3	1	112	3
12560	9	9	6	1	95	2
12561	10	9	5	1	82	1
12562	11	7	3	2	113	2
12563	12	7	2	2	102	3
12564	12	7	2	1	103	6
12565	13	8	3	1	86	3
12566	14	7	4	2	133	3
12567	15	6	2	1	105	5
12568	16	6	3	2	82	1
12569	17	5	4	1	80	5
12570	16	6	3	1	82	4
12571	17	5	4	1	81	2
12572	21	5	2	1	86	7
12573	14	7	4	1	133	5
12574	15	6	2	1	105	7
12575	16	5	4	2	81	1
12576	17	6	3	1	82	5
12577	18	5	2	1	87	2
12578	19	6	7	2	58	1
12579	19	6	7	1	59	4
12580	20	5	6	1	71	5
12581	21	5	3	1	93	4
12582	16	5	4	1	81	2
12583	17	6	3	1	82	4
12584	19	7	6	1	96	3
12585	11	7	3	1	113	3
12586	12	7	4	1	133	4
12587	14	7	6	1	97	5
12588	15	7	5	1	92	8
12589	18	7	2	1	103	6
12590	7	6	2	1	105	9
12591	8	7	2	2	104	3
12592	9	7	3	1	113	2
12593	14	8	7	1	87	7
12594	8	8	3	1	86	3
12595	9	1	2	2	181	8
12596	10	1	1	2	149	1
12597	11	2	2	2	151	3
12598	12	1	3	1	105	4
12599	13	3	2	2	132	5
12600	14	6	3	1	82	5
12601	15	7	2	1	104	6
12602	13	5	2	1	87	5
12603	14	5	3	1	94	1
12604	11	3	2	1	132	3
12605	12	5	2	1	87	7
12606	10	3	3	1	58	1
12607	11	4	2	1	103	7
12608	9	2	2	1	151	8
12609	10	1	3	1	105	9
12610	12	1	2	2	181	5
12611	13	3	2	2	132	6
12612	14	5	1	1	80	8
12613	13	7	2	1	105	6
12614	12	1	2	1	181	6
12615	13	7	2	1	106	2
12616	6	9	4	1	137	9
12617	7	8	7	1	88	9
12618	8	6	2	2	105	9
12619	9	5	5	1	71	9
12620	10	4	8	1	41	9
12621	11	1	2	2	181	8
12622	12	1	1	2	149	1
12623	13	4	2	2	104	7
12624	14	2	2	2	151	3
12625	15	1	3	1	105	4
12626	16	3	2	2	132	5
12627	17	6	3	1	82	5
12628	16	5	2	1	88	5
12629	17	5	3	1	95	1
12630	14	7	2	1	107	3
12631	15	5	3	1	96	1
12632	13	5	2	1	88	7
12633	14	5	3	1	97	1
12634	16	6	3	1	83	2
12635	12	3	3	1	58	1
12636	13	7	2	2	107	3
12637	13	7	2	1	108	6
12638	14	4	2	1	104	7
12639	19	5	3	1	97	6
12640	27	4	3	1	116	4
12641	11	2	2	1	151	8
12642	12	1	1	1	149	1
12643	14	2	6	1	44	9
12644	16	1	2	2	181	5
12645	17	3	2	2	132	6
12646	18	5	3	1	97	5
12647	17	7	2	1	108	6
12648	18	7	3	1	113	2
12649	16	1	2	1	181	6
12650	17	6	3	2	84	1
12651	18	4	2	1	104	7
12652	17	6	3	1	84	2
12653	8	4	2	1	105	9
12654	9	5	8	1	53	9
12655	10	6	5	1	42	9
12656	11	2	3	2	78	9
12657	12	1	2	2	181	8
12658	13	1	1	2	149	1
12659	14	2	2	2	151	5
12660	15	1	3	1	105	6
12661	14	3	3	1	58	5
12662	15	1	3	1	106	4
12663	13	3	3	1	58	1
12664	14	1	1	1	149	4
12665	15	2	2	1	151	3
12666	21	7	4	1	133	5
12667	28	8	3	1	86	3
12668	29	7	5	2	92	1
12669	29	7	5	1	93	3
12670	30	9	7	1	132	6
12671	32	6	6	1	69	4
12672	12	3	2	1	132	8
12673	13	4	3	1	117	1
12674	14	6	2	1	105	7
12675	15	2	2	2	151	2
12676	16	1	2	1	181	5
12677	15	5	2	1	88	2
12678	16	5	1	1	81	6
12679	21	7	4	1	133	5
12680	23	8	3	1	86	3
12681	24	1	2	2	182	3
12682	24	1	2	1	183	5
12683	11	2	6	1	44	9
12684	12	2	2	2	151	8
12685	13	1	1	1	149	1
12686	15	3	9	1	56	9
12687	16	1	2	3	184	5
12688	17	5	3	2	98	5
12689	18	6	3	1	85	1
12690	17	6	3	1	86	5
12691	16	1	2	2	184	6
12692	17	6	3	2	87	1
12693	18	5	1	1	81	6
12694	17	6	3	1	87	2
12695	16	1	2	1	184	7
12696	17	4	3	1	117	7
12697	21	7	2	1	108	6
12698	23	5	3	1	98	1
12699	24	5	4	1	81	2
12700	28	4	5	1	65	1
12701	12	2	5	1	55	8
12702	13	8	6	1	29	8
12703	14	1	2	2	184	8
12704	15	1	1	2	149	1
12705	16	1	9	1	29	9
12706	18	2	2	1	151	5
12707	15	3	3	1	58	1
12708	16	3	7	1	47	8
12709	19	7	2	1	108	6
12710	21	2	3	1	78	7
12711	14	3	2	1	132	8
12712	15	4	3	1	117	1
12713	16	6	2	1	105	7
12714	17	2	2	2	152	2
12715	18	2	3	1	79	7
12716	24	3	9	1	56	7
12717	17	5	2	1	88	2
12718	18	5	4	1	81	1
12719	21	2	3	1	79	7
12720	3	8	2	2	160	2
12721	4	9	1	1	190	6
12722	6	9	4	2	137	7
12723	7	7	3	2	114	1
12724	8	7	2	2	108	7
12725	9	8	3	1	86	3
12726	10	4	2	2	105	9
12727	11	1	2	2	184	8
12728	12	2	1	2	75	1
12729	13	5	2	1	88	1
12730	15	5	3	1	98	7
12731	16	5	1	1	82	8
12732	17	2	2	2	152	6
12733	18	4	3	1	117	6
12734	17	6	2	1	105	6
12735	12	2	1	1	75	7
12736	13	5	2	1	88	1
12737	17	2	2	2	152	6
12738	17	6	2	1	106	6
12739	11	2	2	1	153	8
12740	12	5	2	1	88	1
12741	15	3	7	1	47	9
12742	16	1	2	2	184	5
12743	16	1	2	1	185	6
12744	17	3	2	1	132	3
12745	20	7	4	1	133	4
12746	23	5	1	1	82	3
12747	10	6	2	1	107	9
12748	11	7	4	1	133	8
12749	12	8	7	1	88	8
12750	13	7	6	2	97	5
12751	14	6	7	1	59	1
12752	16	8	8	2	58	1
12753	16	8	8	1	59	7
12754	13	7	5	1	93	5
12755	14	9	7	3	132	1
12756	14	8	8	2	60	1
12757	14	8	8	1	61	7
12758	15	8	9	1	48	1
12759	16	9	7	2	133	2
12760	16	9	7	1	134	3
12761	8	8	3	1	86	7
12762	9	7	2	1	108	3
12763	7	8	3	1	86	1
12764	8	8	7	1	88	7
12765	9	7	3	2	114	7
12766	10	7	2	1	109	3
12767	13	5	1	1	83	8
12768	9	7	2	1	109	7
12769	10	7	3	1	114	3
12770	11	9	7	3	135	1
12771	11	9	7	2	136	2
12772	11	9	7	1	137	3
12773	6	9	4	1	137	9
12774	7	8	7	1	88	9
12775	8	7	3	2	114	1
12776	9	7	2	2	109	7
12777	10	8	3	1	86	3
12778	11	8	8	2	61	1
12779	12	8	9	1	48	8
12780	13	7	4	2	133	8
12781	14	6	2	1	107	9
12782	15	4	8	1	41	9
12783	17	5	8	1	53	8
12784	18	9	6	2	95	1
12785	19	7	6	2	97	2
12786	20	7	5	2	93	5
12787	21	9	7	1	138	5
12788	24	4	5	2	66	1
12789	25	4	2	2	105	6
12790	26	4	3	1	118	5
12791	28	5	4	1	81	5
12792	25	5	3	1	98	6
12793	26	5	1	1	84	7
12794	28	4	1	1	33	4
12795	24	4	5	1	66	2
12796	25	3	2	2	132	1
12797	26	5	1	1	84	7
12798	25	3	2	1	132	3
12799	26	4	1	1	34	4
12800	20	9	5	1	82	5
12801	21	9	7	1	138	3
12802	23	6	6	1	70	6
12803	24	4	2	2	105	6
12804	25	3	2	1	132	1
12805	27	5	2	1	88	3
12806	24	5	3	1	98	6
12807	25	5	2	1	89	1
12808	27	3	2	2	132	3
12809	28	2	2	1	153	8
12810	31	6	1	1	29	3
12811	38	6	7	1	59	2
12812	27	3	2	1	132	6
12813	28	2	2	1	153	8
12814	19	7	5	1	93	2
12815	20	6	6	1	70	7
12816	21	7	6	2	97	5
12817	22	9	7	1	138	5
12818	26	6	5	1	42	8
12819	27	2	2	2	154	8
12820	28	1	1	1	149	1
12821	33	2	6	1	44	9
12822	40	5	4	1	82	3
12823	27	2	6	1	44	8
12824	28	2	3	1	80	9
12825	30	4	1	1	35	8
12826	21	9	5	1	82	5
12827	22	9	7	1	138	3
12828	24	6	7	2	60	1
12829	25	7	8	1	78	4
12830	27	9	8	1	47	7
12831	29	2	2	2	154	8
12832	30	4	1	1	36	8
12833	35	5	3	1	98	6
12834	29	2	6	1	44	8
12835	30	3	7	1	47	8
12836	32	5	2	1	89	1
12837	24	6	7	1	60	2
12838	25	7	8	1	78	5
12839	26	6	8	1	46	4
12840	29	5	4	2	83	1
12841	30	5	1	1	85	7
12842	32	6	5	1	42	8
12843	29	5	4	1	83	2
12844	30	5	1	1	85	7
12845	32	3	6	1	59	5
12846	18	9	5	1	82	1
12847	19	7	6	2	97	2
12848	20	9	6	2	95	5
12849	21	6	6	1	70	6
12850	24	4	2	2	105	6
12851	25	4	3	1	118	5
12852	27	5	1	1	85	7
12853	24	5	3	1	99	6
12854	25	5	1	1	86	7
12855	27	3	2	2	132	3
12856	28	2	2	1	154	8
12857	27	3	2	1	132	6
12858	28	2	2	1	155	8
12859	20	7	5	1	93	5
12860	21	6	6	1	70	4
12861	24	6	7	2	60	1
12862	25	7	8	1	78	3
12863	27	7	9	1	62	4
12864	24	6	7	1	60	2
12865	25	7	8	1	78	4
12866	28	7	9	1	63	6
12867	31	3	2	1	132	1
12868	19	7	5	1	93	2
12869	20	6	6	1	70	7
12870	21	7	6	2	97	5
12871	22	9	7	1	138	5
12872	26	6	5	1	43	8
12873	27	2	2	2	156	8
12874	28	5	1	1	86	7
12875	33	3	4	1	64	1
12876	27	2	6	1	44	8
12877	28	3	7	1	47	8
12878	30	4	1	1	36	8
12879	21	9	6	1	95	5
12880	22	9	7	1	138	3
12881	24	3	2	3	133	1
12882	25	5	1	1	86	7
12883	24	6	7	2	60	1
12884	25	6	5	1	43	8
12885	27	9	9	1	53	2
12886	29	3	2	2	133	3
12887	30	5	2	2	90	1
12888	31	4	1	1	37	8
12889	33	5	1	1	87	7
12890	39	2	3	1	80	7
12891	30	5	2	1	90	5
12892	29	3	2	1	133	6
12893	30	4	3	1	118	2
12894	32	5	1	1	87	7
12895	24	6	7	1	60	2
12896	25	7	8	1	78	5
12897	26	7	7	1	65	4
12898	29	5	4	2	83	1
12899	30	5	1	1	88	7
12900	29	5	4	1	83	2
12901	30	5	1	1	89	7
12902	32	4	3	1	118	2
12903	13	7	5	1	93	8
12904	14	5	5	1	71	9
12905	16	6	2	1	107	9
12906	11	8	8	1	61	8
12907	12	8	9	1	48	1
12908	13	7	4	2	133	8
12909	14	6	2	1	108	9
12910	15	5	5	1	71	9
12911	17	9	6	2	95	1
12912	18	7	6	2	97	2
12913	19	7	5	2	93	5
12914	20	6	6	1	70	4
12915	23	4	5	2	66	1
12916	24	5	2	2	91	1
12917	25	6	7	2	60	1
12918	26	5	3	1	99	6
12919	25	6	7	1	60	2
12920	26	5	3	1	100	6
12921	24	6	1	1	29	1
12922	25	6	7	1	60	2
12923	28	6	3	1	88	5
12924	23	4	5	1	66	2
12925	24	3	2	2	133	1
12926	25	1	2	2	185	5
12927	25	1	2	1	186	6
12928	24	3	2	1	133	3
12929	25	4	3	1	119	5
12930	19	9	5	1	82	5
12931	20	9	7	1	138	3
12932	22	6	6	1	70	6
12933	23	5	2	2	91	1
12934	24	3	2	2	133	3
12935	25	1	2	2	187	8
12936	26	4	2	1	105	5
12937	25	2	2	1	156	8
12938	26	4	2	1	106	5
12939	32	3	9	1	57	9
12940	24	3	2	1	133	6
12941	25	4	2	1	106	8
12942	23	5	7	1	61	1
12943	24	2	2	2	156	1
12944	25	1	2	2	187	5
12945	26	5	3	1	101	4
12946	25	1	2	1	187	6
12947	24	3	2	1	133	1
12948	25	1	2	2	188	5
12949	25	1	2	1	189	6
12950	18	7	5	1	93	2
12951	19	6	6	1	70	7
12952	20	7	6	2	97	5
12953	21	9	7	1	138	5
12954	25	6	5	1	43	8
12955	26	2	2	2	156	8
12956	27	1	3	1	107	9
12957	29	4	2	1	107	5
12958	36	5	4	1	83	3
12959	43	6	4	1	33	5
12960	58	1	9	1	29	7
12961	26	2	6	1	44	8
12962	27	2	3	1	81	9
12963	28	1	2	1	190	8
12964	29	3	2	2	133	1
12965	29	3	2	1	134	3
12966	30	4	3	1	120	2
12967	20	9	5	1	82	5
12968	21	9	7	1	138	3
12969	23	3	2	3	134	1
12970	24	1	2	2	190	5
12971	24	1	2	1	191	6
12972	23	6	7	2	60	1
12973	24	6	5	1	43	8
12974	26	6	8	1	46	2
12975	23	6	7	1	60	2
12976	24	7	8	1	78	5
12977	25	5	8	1	53	7
12978	26	9	8	1	47	2
12979	28	3	2	2	134	3
12980	29	5	3	1	102	2
12981	31	4	2	1	107	8
12982	33	5	2	1	91	1
12983	28	3	2	1	134	6
12984	29	4	1	1	37	7
12985	17	9	5	1	82	1
12986	18	7	6	2	97	2
12987	19	9	6	2	95	5
12988	20	6	6	1	70	6
12989	23	3	2	3	134	1
12990	24	1	2	2	192	5
12991	24	1	2	1	193	6
12992	23	3	2	2	134	3
12993	24	2	2	2	156	1
12994	25	5	2	1	92	6
12995	24	5	2	1	93	1
12996	25	5	3	1	102	6
12997	26	1	2	1	194	6
12998	23	3	2	1	134	6
12999	24	5	2	1	93	1
13000	19	7	5	1	93	5
13001	20	6	6	1	70	4
13002	23	3	2	3	134	1
13003	24	1	2	2	195	5
13004	24	1	2	1	196	6
13005	23	6	7	2	60	1
13006	24	6	5	1	43	8
13007	26	5	8	1	53	6
13008	30	9	8	1	47	7
13009	33	5	4	2	83	1
13010	33	5	4	1	84	2
13011	34	4	2	1	107	6
13012	23	6	7	1	60	2
13013	24	7	8	1	78	4
13014	25	5	4	2	84	1
13015	26	4	2	1	108	8
13016	25	5	4	1	84	2
13017	26	6	3	1	89	5
13018	27	4	2	1	109	8
13019	18	7	5	1	93	2
13020	19	6	6	1	70	7
13021	20	7	6	2	97	5
13022	21	9	7	1	138	5
13023	25	6	5	1	43	8
13024	26	2	2	2	156	8
13025	27	1	1	1	149	1
13026	29	4	3	1	121	2
13027	26	2	6	1	44	8
13028	27	2	3	1	81	9
13029	28	1	2	1	197	8
13030	29	3	2	2	134	1
13031	29	3	2	1	135	3
13032	30	4	2	1	110	5
13033	20	9	6	1	95	5
13034	21	9	7	1	138	3
13035	23	3	2	3	135	1
13036	24	1	2	2	197	5
13037	24	1	2	1	198	6
13038	23	6	7	2	60	1
13039	24	6	5	1	43	8
13040	26	6	8	1	47	2
13041	23	6	7	1	60	2
13042	24	7	8	1	78	5
13043	25	5	8	1	53	7
13044	26	9	8	1	47	2
13045	28	3	2	2	135	3
13046	29	5	3	1	102	2
13047	31	4	3	1	122	5
13048	33	1	1	1	149	8
13049	28	3	2	1	135	6
13050	29	5	3	1	102	5
13051	13	7	5	1	93	8
13052	14	5	5	1	71	9
13053	16	4	8	1	41	9
13054	9	8	3	1	86	7
13055	10	7	2	1	109	3
13056	11	6	3	1	89	2
13057	13	5	3	1	103	3
13058	8	8	3	1	86	1
13059	9	7	3	2	114	3
13060	10	7	2	1	109	7
13061	11	4	2	2	111	9
13062	12	5	8	1	53	9
13063	13	6	5	1	43	9
13064	14	3	2	2	135	3
13065	15	4	3	1	122	6
13066	16	5	2	2	94	1
13067	17	1	2	2	199	8
13068	18	6	2	1	108	5
13069	17	2	2	1	156	8
13070	18	6	2	1	109	5
13071	23	3	9	1	58	9
13072	25	3	4	2	65	1
13073	26	9	7	3	138	1
13074	27	7	6	2	97	1
13075	28	4	5	1	66	1
13076	29	6	4	1	33	6
13077	30	5	3	2	104	2
13078	31	6	3	1	89	4
13079	30	5	3	1	104	7
13080	27	7	5	1	93	1
13081	28	2	3	1	81	7
13082	29	5	3	1	105	2
13083	26	9	7	2	138	3
13084	26	9	7	1	139	5
13085	27	9	6	2	95	1
13086	28	4	5	1	66	1
13087	31	6	4	1	33	6
13088	27	9	6	1	95	3
13089	28	9	5	1	82	1
13090	29	7	9	1	63	4
13091	31	7	8	1	78	8
13092	25	3	4	1	65	4
13093	26	2	3	1	81	7
13094	16	5	2	1	94	5
13095	17	2	2	1	156	1
13096	25	1	1	1	150	8
13097	27	1	3	1	107	9
13098	28	3	9	1	58	9
13099	31	1	5	1	57	1
13100	14	3	2	1	135	5
13101	15	4	3	1	122	4
13102	18	5	2	1	94	1
13103	11	6	2	1	109	9
13104	12	7	4	1	133	6
13105	14	4	8	1	42	9
13106	15	2	3	2	82	9
13107	16	1	2	2	199	8
13108	17	3	2	2	135	1
13109	17	3	2	1	136	3
13110	18	4	2	1	111	5
13111	16	4	2	1	112	8
13112	15	2	6	1	44	9
13113	16	2	2	2	156	8
13114	17	1	1	1	150	1
13115	19	4	3	1	122	2
13116	24	5	4	1	84	3
13117	29	7	5	2	93	1
13118	30	5	6	1	71	2
13119	29	7	5	1	93	2
13120	30	6	6	1	70	7
13121	31	6	7	1	60	3
13122	32	6	8	1	48	1
13123	36	7	6	1	97	5
13124	39	9	5	1	82	1
13125	16	2	5	1	55	8
13126	17	1	2	2	199	8
13127	18	3	2	2	136	1
13128	18	3	2	1	137	3
13129	19	4	3	1	122	2
13130	17	4	2	1	113	8
13131	18	1	1	1	150	8
13132	19	1	3	1	107	9
13133	22	3	9	1	58	9
13134	25	5	4	1	84	1
13135	9	7	3	1	114	7
13136	10	7	2	1	109	3
13137	13	6	2	1	109	9
13138	3	8	2	1	160	6
13139	4	9	1	1	190	2
13140	6	7	3	2	114	1
13141	7	1	2	3	199	5
13142	8	2	1	2	75	1
13143	9	5	2	1	95	1
13144	8	2	1	1	75	4
13145	9	3	1	1	74	1
13146	10	5	2	1	96	1
13147	7	1	2	2	199	7
13148	8	5	4	1	85	1
13149	12	5	1	1	89	8
13150	7	1	2	1	199	8
13151	8	2	1	2	75	1
13152	9	5	2	1	97	1
13153	11	7	2	1	109	7
13154	12	8	3	1	86	3
13155	13	2	2	2	156	2
13156	14	1	1	2	150	3
13157	14	1	1	1	151	4
13158	15	5	3	1	106	7
13159	20	6	3	1	90	4
13160	25	6	5	1	43	8
13161	26	3	8	2	50	1
13162	27	4	5	2	66	1
13163	28	9	7	2	139	1
13164	28	6	7	1	60	1
13165	29	9	4	1	137	9
13166	27	4	5	1	66	4
13167	26	3	8	1	50	2
13168	27	3	9	1	58	9
13169	28	2	3	1	82	9
13170	13	3	2	1	137	2
13171	14	4	3	1	123	7
13172	16	1	3	1	107	9
13173	8	2	1	1	75	7
13174	9	3	1	1	74	1
13175	10	5	2	1	97	1
13176	11	7	2	1	109	7
13177	12	8	3	1	86	3
13178	13	2	2	2	156	2
13179	14	1	1	2	151	3
13180	14	1	1	1	152	4
13181	15	4	2	1	113	5
13182	20	6	3	1	90	4
13183	25	6	5	1	43	8
13184	26	4	5	2	67	1
13185	27	9	4	2	138	6
13186	27	9	5	1	83	6
13187	26	4	5	1	67	4
13188	13	3	2	1	137	2
13189	14	4	2	1	113	9
13190	16	1	3	1	108	9
13191	6	8	3	1	86	1
13192	7	1	2	3	199	5
13193	8	2	1	2	75	1
13194	9	3	1	1	74	4
13195	8	2	1	1	75	4
13196	9	3	1	1	75	1
13197	10	5	2	1	97	1
13198	7	1	2	2	199	7
13199	8	7	3	1	114	7
13200	12	5	3	1	106	3
13201	7	1	2	1	199	8
13202	8	2	1	2	75	1
13203	9	5	2	1	98	1
13204	11	7	2	1	109	7
13205	12	7	3	1	114	3
13206	13	1	1	2	152	4
13207	14	3	2	1	137	3
13208	17	5	3	1	107	7
13209	25	9	4	2	139	7
13210	26	8	7	1	88	7
13211	27	1	9	1	29	7
13212	28	9	7	2	140	1
13213	29	6	7	1	60	3
13214	28	9	7	1	140	3
13215	25	9	4	1	139	9
13216	13	1	1	1	152	6
13217	8	2	1	1	75	7
13218	9	3	1	1	75	1
13219	10	5	2	1	98	1
13220	11	7	2	1	109	7
13221	12	7	3	1	114	3
13222	13	1	1	2	153	4
13223	14	3	2	1	137	3
13224	17	5	3	1	107	7
13225	25	4	5	2	68	1
13226	26	7	6	2	97	1
13227	27	9	4	1	140	9
13228	26	9	6	1	95	1
13229	27	9	4	1	141	9
13230	25	4	5	1	68	4
13231	13	1	1	1	153	6
13232	0	9	2	4	215	5
13233	1	8	1	4	155	1
13234	2	7	1	1	81	6
13235	3	9	3	2	157	7
13236	4	9	1	2	190	3
13237	5	8	2	1	160	4
13238	6	7	3	1	114	2
13239	7	1	2	2	199	9
13240	8	7	2	1	109	8
13241	10	9	4	1	142	9
13242	11	7	4	3	133	1
13243	11	7	4	2	134	4
13244	12	6	2	1	110	6
13245	14	9	6	2	95	1
13246	15	9	5	1	84	2
13247	17	4	2	2	113	7
13248	18	2	2	2	156	1
13249	19	3	2	2	137	2
13250	20	5	2	1	98	3
13251	19	3	2	1	137	3
13252	20	5	2	1	99	2
13253	25	5	4	1	85	7
13254	26	4	5	2	69	1
13255	27	3	4	1	65	1
13256	28	1	9	1	29	6
13257	26	4	5	1	69	3
13258	18	3	3	1	58	1
13259	19	5	2	1	99	1
13260	17	5	2	1	100	7
13261	18	5	3	1	107	1
13262	14	9	6	1	95	2
13263	15	9	5	1	84	1
13264	17	4	2	2	113	7
13265	18	2	2	2	156	1
13266	19	3	2	2	137	2
13267	20	4	3	1	123	5
13268	19	3	2	1	137	3
13269	20	4	3	1	124	4
13270	24	6	3	1	90	1
13271	26	5	6	2	72	1
13272	27	6	7	1	61	2
13273	31	7	8	1	79	7
13274	26	5	6	1	72	4
13275	27	5	7	1	61	1
13276	30	7	8	1	80	9
13277	18	3	3	1	58	1
13278	19	5	2	1	100	1
13279	17	5	2	1	101	7
13280	18	5	1	1	90	8
13281	11	7	4	1	134	5
13282	12	6	2	1	110	7
13283	13	3	2	3	137	1
13284	14	2	6	1	44	9
13285	15	4	3	2	124	1
13286	16	4	2	1	113	2
13287	17	5	6	2	72	1
13288	18	9	5	1	84	1
13289	19	9	7	1	141	6
13290	21	2	2	2	156	3
13291	22	6	3	1	90	4
13292	27	7	8	1	81	7
13293	21	2	2	1	156	6
13294	17	5	6	1	72	2
13295	18	6	3	1	90	4
13296	21	2	2	1	157	3
13297	15	4	3	1	124	5
13298	16	4	2	1	113	6
13299	17	5	1	1	91	4
13300	13	9	7	2	141	4
13301	13	9	7	1	142	6
13302	14	9	6	2	95	1
13303	15	9	5	1	84	2
13304	17	3	2	2	137	2
13305	18	2	2	2	158	1
13306	19	3	3	1	58	3
13307	23	1	3	1	109	8
13308	25	3	4	1	65	1
13309	31	4	5	1	70	1
13310	18	2	2	1	158	3
13311	17	3	2	1	137	3
13312	18	4	2	1	113	6
13313	20	5	2	1	101	1
13314	14	9	6	1	95	2
13315	15	9	5	1	84	1
13316	17	3	2	2	137	2
13317	18	2	2	2	159	1
13318	19	5	2	1	102	3
13319	23	1	3	1	109	8
13320	18	2	2	1	159	3
13321	17	3	2	1	137	3
13322	18	4	2	1	113	6
13323	20	5	2	1	102	1
13324	7	7	2	1	109	9
13325	8	8	3	1	86	8
13326	12	1	2	2	199	6
13327	13	3	2	1	137	7
13328	12	1	2	1	199	7
13329	13	7	4	2	134	1
13330	14	6	2	1	110	3
13331	13	7	4	1	134	4
13332	14	6	2	1	111	6
13333	15	4	3	2	124	1
13334	15	4	3	1	125	5
13335	16	5	3	1	108	1
13336	4	9	1	1	190	4
13337	5	8	2	1	160	3
13338	6	7	3	1	114	2
13339	7	7	4	2	134	4
13340	8	6	2	1	111	6
13341	9	1	2	2	199	9
13342	10	7	2	1	109	8
13343	12	9	4	1	142	9
13344	13	4	2	2	113	7
13345	14	2	2	2	160	1
13346	15	5	2	1	103	4
13347	14	3	3	1	58	1
13348	15	5	2	1	104	1
13349	13	5	2	1	105	7
13350	14	4	2	1	113	4
13351	9	7	2	1	109	9
13352	10	8	3	1	86	8
13353	11	1	2	2	199	7
13354	12	2	2	1	160	1
13355	15	3	3	1	58	3
13356	21	5	1	1	92	7
13357	11	1	2	1	199	8
13358	12	2	2	2	160	7
13359	13	1	1	1	154	2
13360	16	3	3	1	58	4
13361	18	5	3	1	109	5
13362	19	4	3	2	125	1
13363	20	4	2	1	114	2
13364	24	5	1	1	93	9
13365	28	9	6	1	95	3
13366	19	4	3	1	125	3
13367	20	4	2	1	114	4
13368	12	1	1	1	154	7
13369	13	2	2	1	160	2
13370	15	4	3	1	125	3
13371	16	3	2	2	138	1
13372	17	2	3	1	83	6
13373	16	3	2	1	138	4
13374	7	7	4	1	134	5
13375	8	6	2	1	111	7
13376	9	1	2	2	199	8
13377	10	8	3	1	86	8
13378	15	3	2	1	139	1
13379	16	2	3	1	84	6
13380	18	5	1	1	93	9
13381	19	6	3	1	90	1
13382	20	5	4	1	85	8
13383	9	1	2	1	199	9
13384	10	8	3	1	86	9
13385	12	9	4	1	142	9
13386	13	3	2	2	139	1
13387	14	2	6	1	44	9
13388	15	2	2	2	160	4
13389	15	3	3	1	58	4
13390	16	2	2	1	161	2
13391	13	3	2	1	139	2
13392	3	9	3	1	157	9
13393	4	1	2	1	199	9
13394	5	7	2	1	109	8
13395	6	9	1	2	190	2
13396	7	8	2	1	160	7
13397	8	7	3	2	114	4
13398	9	6	2	1	111	6
13399	12	4	3	2	125	1
13400	13	2	2	2	162	1
13401	14	3	3	1	58	2
13402	17	5	2	1	105	2
13403	18	5	4	2	86	1
13404	18	5	4	1	87	3
13405	19	6	3	1	90	5
13406	20	5	3	1	109	7
13407	22	1	1	1	154	7
13408	23	1	3	1	110	8
13409	13	3	2	1	140	1
13410	14	4	2	1	115	2
13411	12	4	3	1	125	2
13412	13	3	2	2	140	1
13413	14	4	2	1	116	3
13414	13	3	2	1	140	2
13415	14	4	2	1	117	4
13416	15	5	1	1	93	8
13417	16	2	2	2	162	1
13418	16	2	2	1	163	3
13419	17	6	3	1	90	5
13420	8	8	3	1	86	4
13421	9	6	2	1	111	4
13422	12	9	7	1	142	1
13423	14	8	7	1	88	8
13424	15	7	8	1	82	9
13425	16	3	2	2	140	1
13426	17	2	2	2	163	2
13427	18	1	1	1	154	3
13428	19	1	3	1	111	5
13429	17	2	2	1	163	3
13430	16	3	2	1	140	2
13431	17	5	2	1	105	6
13432	6	9	1	1	190	7
13433	7	8	2	1	160	2
13434	8	9	4	2	142	6
13435	8	9	4	1	143	8
13436	9	8	7	1	88	8
13437	10	1	1	2	154	2
13438	11	2	2	2	164	3
13439	12	1	3	1	112	5
13440	11	3	2	1	140	3
13441	10	3	3	1	58	2
13442	11	2	2	2	164	1
13443	11	3	2	1	141	1
13444	12	2	2	2	165	3
13445	12	2	2	1	166	4
13446	1	8	1	3	155	2
13447	2	7	1	1	81	7
13448	3	9	3	2	157	4
13449	4	9	1	1	190	3
13450	6	7	3	1	114	6
13451	7	7	4	2	134	1
13452	8	6	2	1	111	7
13453	9	9	7	2	142	1
13454	10	9	4	1	143	9
13455	11	8	7	1	88	9
13456	12	8	3	1	86	8
13457	14	1	3	1	113	9
13458	9	9	7	1	142	2
13459	7	7	4	1	134	2
13460	8	6	2	1	111	8
13461	9	8	3	1	86	8
13462	3	9	3	1	157	9
13463	4	1	2	1	199	9
13464	5	8	2	3	160	1
13465	6	9	1	1	190	8
13466	7	9	4	2	143	6
13467	8	8	3	1	87	6
13468	10	1	1	2	154	1
13469	11	7	3	2	114	4
13470	12	7	4	1	134	2
13471	15	9	7	1	143	2
13472	18	4	2	1	117	8
13473	11	7	2	1	109	4
13474	12	7	4	1	134	5
13475	15	6	3	2	91	1
13476	16	5	4	1	87	3
13477	15	6	3	1	91	2
13478	16	5	4	1	88	2
13479	10	3	3	1	58	1
13480	11	5	4	2	89	1
13481	12	7	6	1	97	8
13482	13	7	8	1	82	9
13483	15	4	1	1	38	1
13484	16	9	7	2	143	2
13485	17	9	6	2	96	1
13486	18	9	5	1	84	3
13487	22	2	8	1	43	1
13488	25	6	3	1	91	3
13489	17	9	6	1	96	3
13490	18	9	5	1	84	1
13491	19	7	9	1	63	1
13492	21	6	8	1	48	2
13493	23	6	3	1	92	3
13494	16	9	7	1	143	3
13495	11	5	4	1	89	2
13496	12	6	3	1	93	2
13497	7	9	4	1	143	7
13498	8	8	7	1	88	7
13499	9	1	1	2	154	1
13500	10	7	8	2	82	9
13501	11	9	7	4	144	1
13502	12	7	9	1	63	8
13503	11	9	7	3	144	2
13504	12	7	9	1	64	8
13505	11	9	7	2	144	3
13506	11	9	7	1	145	4
13507	10	7	9	1	65	9
13508	11	3	7	1	47	9
13509	12	7	8	2	82	8
13510	13	7	7	1	65	5
13511	12	7	7	1	66	8
13512	13	7	8	1	82	5
13513	9	3	3	1	58	1
13514	10	2	2	2	167	2
13515	11	4	2	2	118	8
13516	12	1	3	2	114	8
13517	13	1	1	1	154	6
13518	15	5	1	1	93	9
13519	16	3	2	2	141	3
13520	17	4	3	1	125	5
13521	18	6	3	1	94	2
13522	16	3	2	1	141	4
13523	12	2	3	1	84	8
13524	13	1	3	1	114	7
13525	16	1	1	1	154	5
13526	17	1	8	1	44	4
13527	19	2	8	1	43	3
13528	11	6	2	1	111	8
13529	12	7	4	2	134	2
13530	13	7	3	1	114	6
13531	14	5	4	1	89	1
13532	15	2	3	1	84	8
13533	17	3	8	1	50	2
13534	12	7	4	1	134	5
13535	10	3	2	1	142	2
13536	11	2	2	2	167	3
13537	12	1	1	2	154	4
13538	12	1	1	1	155	5
13539	11	2	2	1	167	4
13540	12	1	1	1	156	3
13541	5	8	2	2	160	3
13542	6	9	1	1	190	6
13543	7	7	3	2	114	1
13544	8	9	4	2	143	7
13545	9	4	2	2	118	8
13546	10	7	2	1	109	4
13547	12	8	7	1	88	7
13548	13	5	4	2	89	1
13549	14	3	4	1	65	2
13550	13	5	4	1	89	2
13551	14	6	3	1	95	2
13552	16	7	4	1	135	6
13553	19	5	2	1	106	1
13554	9	7	2	1	109	8
13555	10	8	3	1	87	4
13556	12	3	2	3	142	1
13557	13	2	2	2	167	2
13558	14	8	8	2	61	1
13559	15	8	9	1	48	6
13560	16	7	4	2	135	3
13561	17	6	2	1	111	4
13562	18	4	3	1	125	5
13563	23	6	3	1	95	3
13564	16	7	4	1	135	6
13565	17	6	2	1	111	7
13566	19	5	2	1	107	6
13567	21	4	3	1	125	3
13568	23	6	3	1	96	5
13569	14	8	8	1	61	6
13570	15	8	9	1	48	1
13571	16	7	4	2	135	3
13572	17	6	2	1	111	4
13573	18	5	3	1	109	2
13574	23	6	3	1	97	3
13575	16	7	4	1	135	6
13576	17	6	2	1	111	7
13577	19	5	2	1	107	6
13578	21	4	3	1	125	3
13579	23	6	3	1	98	5
13580	13	2	2	1	167	4
13581	12	8	8	2	61	1
13582	13	8	9	1	48	6
13583	14	3	2	2	142	2
13584	15	7	4	2	135	3
13585	16	6	2	1	111	4
13586	17	4	3	1	125	5
13587	20	2	2	2	168	1
13588	20	2	2	1	169	6
13589	21	5	3	1	109	2
13590	15	7	4	1	135	6
13591	16	6	2	1	111	7
13592	17	4	3	1	125	2
13593	19	3	3	1	58	3
13594	21	5	3	1	110	8
13595	25	1	1	1	157	1
13596	14	3	2	1	142	4
13597	15	7	4	1	135	6
13598	17	4	3	1	125	2
13599	19	5	2	1	107	1
13600	21	1	1	3	158	1
13601	21	3	1	2	75	1
13602	22	2	1	1	75	8
13603	23	5	3	1	110	8
13604	24	5	1	1	93	9
13605	27	8	4	1	35	5
13606	28	5	4	1	89	3
13607	21	3	1	1	75	8
13608	22	2	1	1	75	1
13609	12	8	8	1	61	6
13610	13	8	9	1	48	1
13611	14	3	2	2	142	2
13612	15	7	4	2	135	3
13613	16	6	2	1	111	4
13614	17	4	3	1	125	5
13615	20	2	2	2	169	1
13616	20	2	2	1	170	6
13617	21	5	3	1	110	2
13618	15	7	4	1	135	6
13619	16	6	2	1	111	7
13620	17	4	3	1	125	2
13621	19	3	3	1	58	3
13622	21	5	3	1	111	8
13623	25	1	3	1	114	7
13624	14	3	2	1	142	4
13625	15	7	4	1	135	6
13626	17	4	3	1	125	2
13627	19	5	2	1	107	1
13628	21	2	1	2	76	1
13629	22	3	1	1	75	8
13630	23	1	9	1	30	7
13631	26	5	1	1	93	9
13632	21	2	1	1	76	8
13633	22	3	1	1	75	1
13634	24	5	1	1	94	9
13635	27	8	4	1	35	5
13636	28	6	3	1	99	5
13637	8	9	4	1	143	8
13638	9	4	2	2	118	8
13639	10	8	3	1	87	8
13640	12	5	4	2	90	1
13641	13	6	3	1	100	3
13642	12	5	4	1	90	2
13643	13	6	3	1	101	2
13644	15	4	3	1	125	6
13645	18	8	7	1	88	6
13646	9	7	2	1	109	8
13647	7	7	3	1	114	4
13648	5	8	2	1	160	6
13649	6	9	1	1	190	3
13650	7	7	3	2	115	1
13651	8	4	2	2	118	8
13652	9	7	2	1	110	4
13653	11	5	4	2	90	1
13654	12	6	3	1	101	3
13655	11	5	4	1	90	2
13656	12	6	3	1	102	2
13657	15	5	2	2	107	1
13658	16	3	4	1	66	1
13659	19	4	3	1	125	5
13660	15	5	2	1	107	3
13661	8	7	2	1	110	8
13662	9	8	3	1	87	4
13663	11	9	4	1	143	8
13664	12	9	6	1	96	2
13665	7	7	3	1	115	4
13666	8	7	2	1	110	8
13667	12	3	2	2	142	1
13668	13	2	2	2	170	3
13669	14	5	2	1	108	2
13670	13	3	3	1	58	3
13671	14	4	3	1	126	2
13672	17	5	2	1	109	4
13673	22	1	3	1	115	8
13674	12	3	2	1	142	2
13675	13	4	3	1	126	2
13676	15	2	2	2	170	1
13677	16	3	3	1	58	3
13678	21	5	3	1	111	5
13679	25	9	7	3	146	1
13680	26	9	4	1	143	7
13681	27	8	7	1	89	7
13682	29	3	9	1	58	7
13683	25	3	4	2	66	1
13684	26	3	9	1	59	9
13685	28	5	5	1	71	9
13686	34	2	6	1	44	9
13687	25	3	4	1	66	4
13688	26	3	1	1	75	5
13689	15	2	2	1	170	3
13690	16	5	2	1	109	1
13691	18	5	4	1	90	5
13692	19	5	3	1	111	8
13693	21	1	3	1	116	7
13694	23	3	4	1	66	1
13695	24	3	1	1	76	8
13696	26	3	9	1	59	9
13697	27	7	8	1	83	9
13698	1	8	1	2	155	3
13699	2	7	1	1	81	8
13700	3	1	2	2	199	9
13701	4	9	3	2	157	9
13702	5	9	1	2	190	2
13703	6	8	2	1	160	7
13704	7	4	2	2	118	8
13705	8	7	3	2	115	1
13706	9	7	2	2	110	6
13707	10	8	3	1	87	4
13708	11	9	7	3	146	1
13709	12	8	7	1	89	8
13710	11	3	2	3	142	1
13711	12	4	3	1	126	7
13712	11	9	7	2	146	3
13713	12	9	4	1	143	8
13714	11	9	7	1	146	4
13715	12	9	4	1	144	8
13716	9	8	3	1	87	6
13717	10	7	2	1	110	4
13718	12	7	4	1	135	5
13719	14	1	1	1	159	6
13720	15	3	2	1	142	3
13721	8	7	3	1	115	4
13722	9	8	3	1	87	1
13723	7	6	2	1	111	8
13724	8	7	3	2	115	1
13725	9	7	4	1	135	7
13726	10	7	2	2	110	6
13727	11	8	3	1	88	4
13728	12	3	2	2	143	1
13729	13	2	2	2	170	2
13730	14	4	2	1	118	3
13731	17	6	3	1	102	5
13732	13	5	2	1	109	2
13733	14	4	2	1	118	4
13734	12	3	2	1	143	2
13735	13	4	2	1	119	4
13736	15	2	2	1	170	1
13737	16	3	3	1	58	3
13738	10	8	3	1	88	6
13739	11	7	2	1	110	4
13740	13	9	5	1	84	1
13741	8	7	3	1	115	6
13742	9	7	4	1	135	2
13743	12	6	3	1	103	3
13744	14	5	2	1	109	2
13745	5	9	1	1	190	7
13746	6	8	2	1	160	2
13747	7	9	4	2	145	6
13748	8	1	1	2	159	2
13749	9	2	2	2	170	1
13750	10	1	3	1	116	3
13751	11	4	2	1	119	8
13752	12	3	2	2	143	6
13753	13	5	4	1	90	2
13754	12	7	2	1	110	6
13755	9	3	2	1	143	1
13756	10	5	2	1	110	7
13757	12	5	3	1	111	2
13758	14	4	3	1	127	3
13759	16	2	2	1	170	3
13760	8	3	3	1	59	2
13761	9	2	2	2	171	3
13762	9	3	2	1	143	3
13763	10	2	2	2	172	1
13764	11	5	1	1	94	9
13765	13	1	3	1	116	7
13766	15	7	2	1	111	4
13767	10	1	1	1	159	1
13768	11	2	3	1	84	8
13769	7	9	4	1	145	8
13770	8	8	7	1	90	8
13771	9	8	8	2	61	1
13772	10	7	3	1	115	1
13773	12	1	1	2	159	2
13774	13	2	2	2	172	1
13775	14	1	3	1	116	3
13776	16	4	2	1	119	8
13777	13	3	2	1	143	1
13778	14	6	2	1	111	8
13779	16	5	3	1	111	2
13780	20	4	2	1	120	4
13781	22	8	3	1	88	4
13782	12	3	3	1	59	2
13783	13	4	2	2	120	8
13784	14	2	2	2	172	7
13785	15	3	2	1	143	3
13786	14	6	2	1	111	7
13787	15	7	4	1	135	6
13788	16	8	3	1	89	6
13789	13	6	2	1	111	8
13790	14	7	4	1	135	7
13791	16	6	5	1	43	7
13792	17	2	2	2	172	7
13793	17	4	2	1	120	7
13794	18	2	2	2	173	3
13795	19	2	3	1	85	6
13796	18	3	2	1	144	3
13797	19	4	3	1	127	4
13798	20	2	3	1	86	8
13799	23	1	3	1	116	7
13800	9	8	8	1	61	7
13801	10	8	9	1	48	1
13802	11	7	3	1	115	1
13803	12	1	1	2	159	2
13804	13	2	2	2	173	1
13805	14	1	3	1	117	3
13806	15	4	2	1	120	8
13807	16	5	8	1	53	8
13808	17	6	5	1	43	8
13809	18	3	2	2	144	4
13810	18	3	2	1	145	6
13811	19	4	3	1	127	2
13812	13	3	2	1	145	1
13813	14	6	2	1	111	8
13814	16	7	4	1	135	7
13815	20	4	2	1	120	4
13816	22	5	4	1	91	1
13817	12	3	3	1	59	2
13818	13	4	2	2	120	8
13819	14	2	2	2	173	7
13820	15	3	2	1	145	3
13821	14	6	2	1	111	7
13822	15	7	4	1	135	6
13823	16	5	4	1	92	1
13824	13	6	2	1	111	8
13825	14	7	4	1	135	7
13826	16	6	5	1	43	7
13827	17	2	2	2	173	7
13828	17	4	2	1	120	7
13829	18	2	2	2	174	3
13830	19	2	3	1	86	6
13831	18	3	2	1	146	3
13832	19	4	3	1	128	4
13833	20	2	3	1	87	8
13834	23	1	3	1	117	7
13835	4	8	3	1	90	9
13836	5	9	4	1	145	9
13837	6	9	3	2	157	6
13838	7	7	3	1	115	1
13839	8	7	2	1	112	7
13840	9	9	1	2	190	2
13841	9	9	1	1	191	4
13842	6	9	3	1	157	7
13843	7	9	1	1	192	6
13844	9	1	1	2	159	1
13845	10	7	3	2	115	4
13846	11	6	2	1	111	7
13847	16	2	3	1	87	8
13848	10	7	2	1	112	4
13849	11	7	3	1	115	2
13850	12	6	3	2	103	1
13851	13	5	4	1	93	3
13852	14	6	2	1	111	8
13853	12	6	3	1	103	3
13854	13	5	4	1	93	1
13855	14	2	6	1	45	9
13856	9	3	3	1	59	1
13857	10	7	2	1	112	4
13858	12	6	3	1	103	3
13859	3	7	2	1	112	9
13860	4	8	2	3	160	1
13861	5	9	3	1	157	7
13862	7	9	4	2	145	8
13863	8	8	7	1	90	8
13864	9	7	3	2	115	4
13865	9	8	3	1	90	4
13866	10	7	3	1	116	2
13867	11	7	4	3	135	1
13868	12	6	2	1	112	3
13869	13	5	3	2	111	1
13870	14	3	2	1	146	2
13871	15	1	2	1	199	6
13872	16	3	3	1	59	3
13873	13	5	3	1	111	5
13874	14	4	2	1	120	8
13875	17	3	2	1	146	7
13876	19	1	2	1	199	6
13877	20	2	2	2	174	2
13878	20	2	2	1	175	4
13879	21	1	1	1	159	5
13880	11	7	4	2	135	4
13881	12	6	2	1	112	6
13882	13	5	4	2	93	1
13883	14	6	3	1	104	8
13884	15	2	3	1	88	9
13885	17	1	2	2	199	7
13886	17	4	2	1	120	7
13887	18	2	2	1	175	3
13888	13	5	4	1	93	6
13889	14	6	3	1	104	3
13890	15	4	3	2	128	1
13891	16	5	3	1	111	5
13892	17	4	2	1	120	8
13893	18	3	2	1	146	7
13894	19	1	2	1	200	3
13895	20	1	3	1	118	9
13896	23	5	1	1	94	7
13897	25	2	1	2	76	1
13898	26	3	1	1	76	2
13899	27	9	7	2	146	3
13900	27	9	7	1	147	4
13901	28	9	6	2	97	1
13902	28	9	6	1	98	3
13903	25	2	1	1	76	2
13904	26	3	1	1	76	1
13905	27	9	7	2	147	3
13906	27	9	7	1	148	4
13907	28	9	6	2	99	1
13908	28	9	6	1	100	3
13909	15	4	3	1	128	5
13910	16	5	3	1	111	1
13911	11	7	4	1	135	6
13912	12	6	2	1	112	8
13913	13	4	3	3	128	1
13914	14	1	2	3	200	3
13915	15	5	3	1	112	3
13916	14	1	2	2	200	6
13917	15	3	2	2	146	2
13918	16	4	2	1	120	3
13919	15	3	2	1	146	3
13920	16	4	2	1	121	4
13921	14	1	2	1	200	7
13922	15	1	1	1	160	1
13923	16	4	2	1	122	3
13924	13	1	2	3	200	3
13925	14	4	2	1	123	7
13926	15	1	1	1	160	7
13927	16	4	3	1	128	3
13928	13	1	2	2	200	6
13929	14	4	2	1	123	7
13930	15	1	1	1	160	7
13931	16	2	2	1	176	2
13932	13	1	2	1	200	7
13933	14	4	2	1	123	6
13934	17	5	4	1	93	4
13935	7	9	4	1	145	9
13936	8	8	7	1	90	9
13937	9	7	3	2	116	2
13938	10	8	3	1	90	4
13939	11	7	4	2	135	1
13940	12	6	2	1	112	3
13941	13	5	3	2	113	1
13942	14	3	2	1	146	2
13943	15	1	2	1	200	6
13944	16	2	2	1	177	7
13945	13	5	3	1	113	5
13946	14	4	2	1	123	8
13947	15	4	3	2	129	1
13948	16	6	3	1	104	6
13949	19	1	2	1	200	6
13950	20	2	2	2	178	2
13951	20	2	2	1	179	4
13952	21	1	3	1	118	9
13953	15	4	3	1	129	6
13954	16	6	3	1	104	1
13955	19	1	2	1	200	6
13956	11	7	4	1	135	4
13957	12	6	2	1	112	6
13958	14	7	6	2	97	1
13959	15	2	3	2	88	9
13960	16	1	3	2	119	6
13961	17	2	2	2	179	2
13962	18	1	2	1	201	8
13963	17	2	2	1	179	4
13964	18	1	1	1	160	2
13965	19	1	2	1	202	8
13966	16	3	3	1	60	6
13967	17	1	2	2	203	8
13968	18	6	3	1	104	8
13969	19	3	2	1	146	4
13970	17	1	3	1	119	8
13971	18	1	1	2	160	1
13972	19	1	2	1	203	7
13973	18	1	1	1	160	5
13974	19	1	2	1	204	3
13975	15	2	6	1	46	9
13976	16	1	3	2	119	9
13977	17	3	9	1	59	9
13978	18	2	3	2	88	6
13979	19	2	2	2	179	8
13980	20	6	3	1	104	8
13981	19	2	5	1	55	8
13982	20	8	6	1	29	8
13983	21	1	2	2	205	8
13984	22	3	7	1	47	8
13985	24	5	4	1	94	1
13986	21	3	3	1	60	8
13987	22	1	2	2	205	3
13988	22	1	2	1	206	7
13989	18	3	3	1	60	6
13990	19	1	2	2	207	3
13991	20	3	1	2	76	1
13992	21	2	3	1	88	8
13993	23	5	3	1	113	5
13994	31	6	3	1	105	3
13995	33	5	7	2	61	1
13996	34	1	8	2	44	1
13997	34	1	8	1	45	2
13998	35	1	9	1	30	4
13999	33	5	7	1	61	3
14000	20	3	1	1	76	2
14001	21	2	1	1	76	1
14002	23	4	2	1	123	8
14003	28	2	3	1	88	8
14004	33	3	4	2	66	1
14005	34	3	7	1	47	5
14006	33	3	4	1	66	3
14007	34	5	6	1	72	3
14008	36	5	5	1	71	8
14009	19	3	2	1	147	3
14010	20	4	3	2	129	1
14011	21	4	2	1	123	4
14012	20	4	3	1	129	5
14013	21	4	2	1	124	8
14014	16	3	3	1	60	9
14015	17	1	9	1	31	9
14016	18	1	3	2	119	6
14017	19	2	2	2	179	2
14018	20	1	2	1	207	8
14019	22	4	3	1	129	1
14020	19	2	2	1	179	4
14021	20	1	1	1	160	2
14022	18	2	3	1	88	6
14023	19	1	2	2	207	8
14024	20	6	3	1	105	8
14025	21	4	3	1	130	3
14026	19	1	3	1	119	8
14027	20	1	1	2	161	1
14028	21	1	2	1	207	7
14029	20	1	1	1	161	5
14030	21	1	2	1	208	3
14031	14	7	6	1	97	3
14032	9	7	3	1	116	4
14033	10	8	3	1	90	2
14034	11	7	4	2	135	2
14035	12	6	2	1	112	6
14036	14	7	6	2	98	1
14037	15	2	3	2	88	9
14038	16	1	3	2	119	6
14039	17	2	2	2	179	2
14040	18	1	1	1	161	4
14041	20	3	3	1	60	5
14042	17	2	2	1	179	4
14043	18	1	1	1	161	2
14044	19	1	2	1	209	8
14045	16	3	3	1	61	6
14046	17	1	2	2	210	8
14047	18	6	3	1	105	8
14048	19	3	2	1	147	4
14049	17	1	3	1	119	8
14050	18	1	1	2	161	1
14051	19	1	2	1	210	7
14052	18	1	1	1	161	5
14053	19	1	2	1	211	3
14054	15	2	6	1	46	9
14055	16	1	3	2	119	9
14056	17	3	9	1	59	9
14057	18	2	3	2	88	6
14058	19	3	4	2	66	1
14059	20	2	2	2	179	8
14060	20	2	5	1	55	8
14061	21	2	1	1	76	1
14062	23	3	1	1	76	2
14063	19	3	4	1	66	3
14064	20	1	2	1	212	3
14065	23	4	2	1	125	7
14066	18	3	3	1	61	6
14067	19	1	2	2	212	3
14068	20	3	1	2	77	1
14069	21	2	3	1	88	8
14070	23	4	2	1	126	8
14071	31	5	4	1	95	6
14072	36	3	8	1	51	2
14073	20	3	1	1	77	2
14074	21	2	1	1	76	1
14075	23	4	2	1	126	8
14076	28	5	1	1	94	7
14077	19	3	2	1	148	3
14078	20	4	3	2	131	1
14079	21	4	2	1	126	4
14080	20	4	3	1	131	5
14081	21	4	2	1	127	8
14082	16	3	3	1	61	9
14083	17	1	9	1	31	9
14084	18	1	3	2	119	6
14085	19	2	2	2	180	2
14086	20	1	2	1	212	8
14087	22	4	3	1	131	1
14088	19	2	2	1	180	4
14089	20	1	1	1	161	2
14090	18	2	3	1	88	6
14091	19	3	4	2	66	1
14092	20	2	5	1	55	8
14093	22	1	2	2	212	8
14094	22	1	3	1	119	8
14095	23	1	1	2	162	1
14096	23	1	1	1	163	5
14097	19	3	4	1	66	3
14098	20	2	5	1	55	8
14099	14	7	5	1	93	1
14100	15	2	3	2	88	9
14101	16	1	3	2	119	6
14102	17	2	2	2	180	2
14103	18	1	2	1	213	8
14104	17	2	2	1	180	4
14105	18	1	1	1	164	2
14106	19	1	2	1	214	8
14107	16	3	3	1	61	6
14108	17	1	2	2	215	8
14109	18	6	3	1	105	8
14110	19	4	2	1	128	7
14111	17	1	3	1	119	8
14112	18	1	1	2	164	1
14113	19	1	2	1	215	7
14114	18	1	1	1	164	5
14115	19	1	2	1	216	3
14116	15	2	6	1	46	9
14117	16	1	3	2	119	9
14118	17	3	9	1	59	9
14119	18	2	3	2	88	6
14120	19	3	4	2	66	1
14121	20	2	2	2	180	8
14122	20	2	5	1	56	8
14123	21	2	1	1	76	1
14124	22	1	2	1	217	3
14125	19	3	4	1	66	3
14126	20	1	2	1	218	3
14127	23	3	1	2	77	1
14128	24	3	3	1	61	8
14129	29	1	1	1	164	5
14130	23	3	1	1	77	2
14131	24	3	3	1	61	8
14132	18	3	3	1	62	6
14133	19	1	2	2	218	3
14134	20	3	1	2	77	1
14135	21	2	3	1	88	8
14136	23	5	2	1	110	2
14137	31	5	4	1	95	6
14138	33	6	7	1	61	1
14139	36	5	6	1	72	1
14140	20	3	1	1	77	2
14141	21	2	1	1	76	1
14142	23	4	2	1	129	8
14143	28	2	3	1	88	8
14144	19	3	2	1	148	3
14145	20	4	3	2	132	1
14146	21	4	2	1	129	4
14147	20	4	3	1	132	5
14148	21	4	2	1	130	8
14149	16	3	3	1	62	9
14150	17	1	9	1	31	9
14151	18	1	3	2	119	6
14152	19	2	2	2	181	2
14153	20	1	2	1	218	8
14154	22	4	3	1	132	1
14155	19	2	2	1	181	4
14156	20	1	1	1	165	2
14157	18	2	3	1	89	6
14158	19	3	4	2	66	1
14159	20	2	5	1	56	8
14160	21	1	2	2	218	8
14161	21	1	3	1	119	8
14162	22	1	1	2	166	1
14163	22	1	1	1	167	5
14164	19	3	4	1	66	3
14165	20	2	5	1	56	8
14166	25	4	3	1	133	1
14167	11	7	4	1	135	3
14168	12	6	2	1	112	7
14169	14	3	2	2	148	2
14170	15	4	3	2	134	1
14171	16	4	2	1	131	3
14172	15	4	3	1	134	6
14173	16	4	2	1	132	8
14174	14	3	2	1	148	3
14175	15	1	2	2	219	6
14176	15	1	2	1	220	8
14177	16	6	3	1	105	8
14178	17	5	4	1	95	1
14179	18	2	3	1	89	9
14180	19	4	3	2	134	1
14181	20	5	3	1	113	3
14182	24	1	3	1	119	6
14183	30	3	1	2	77	1
14184	31	2	1	1	76	7
14185	32	7	6	2	98	1
14186	33	1	5	1	58	1
14187	35	2	6	1	46	8
14188	37	3	6	1	60	9
14189	39	7	8	2	84	6
14190	40	6	7	1	61	5
14191	39	7	9	1	65	6
14192	40	4	4	1	29	6
14193	32	7	5	1	93	1
14194	33	4	4	1	30	8
14195	34	3	7	1	48	8
14196	35	9	6	2	101	2
14197	36	3	4	1	66	2
14198	35	9	6	1	101	4
14199	36	9	5	1	85	2
14200	37	7	6	1	98	5
14201	42	4	6	1	53	3
14202	30	3	1	1	77	7
14203	31	2	1	1	76	1
14204	32	3	8	2	52	1
14205	33	9	9	1	53	1
14206	36	1	7	1	32	7
14207	40	5	7	1	62	4
14208	32	3	8	1	52	2
14209	19	4	3	1	134	3
14210	4	8	2	2	160	2
14211	5	9	3	1	157	6
14212	4	8	2	1	160	4
14213	5	9	3	1	158	6
14214	7	7	3	2	116	1
14215	8	8	3	1	90	7
14216	9	9	7	3	148	1
14217	10	8	7	1	90	8
14218	12	1	2	3	220	6
14219	13	3	1	2	77	1
14220	14	5	2	1	110	1
14221	16	6	3	1	105	2
14222	26	4	2	1	133	8
14223	31	6	7	1	62	3
14224	13	3	1	1	77	5
14225	14	2	1	1	76	1
14226	15	5	2	1	110	1
14227	20	5	3	1	113	3
14228	27	7	4	1	135	6
14229	12	1	2	2	220	7
14230	13	3	1	2	77	1
14231	14	2	1	1	76	6
14232	16	4	3	1	135	3
14233	13	3	1	1	77	6
14234	14	2	1	1	76	1
14235	15	5	2	1	110	1
14236	12	1	2	1	220	8
14237	13	3	9	1	59	8
14238	14	4	8	1	42	8
14239	16	4	2	2	133	6
14240	17	1	1	1	168	6
14241	18	2	2	1	181	3
14242	16	5	2	1	111	6
14243	9	9	7	2	148	3
14244	10	9	4	1	145	8
14245	11	9	6	2	101	1
14246	12	9	5	1	85	4
14247	11	9	6	1	101	4
14248	12	9	5	1	86	1
14249	9	9	7	1	148	4
14250	10	9	4	1	145	8
14251	11	9	6	2	101	1
14252	12	9	5	1	87	3
14253	11	9	6	1	101	3
14254	12	9	5	1	88	1
14255	7	7	3	1	116	7
14256	8	8	3	1	90	1
14257	11	9	7	2	148	1
14258	12	9	4	1	145	8
14259	13	8	7	1	90	8
14260	15	4	8	1	42	8
14261	16	1	2	2	220	6
14262	17	3	1	2	77	1
14263	18	2	1	1	76	5
14264	21	3	2	1	148	2
14265	17	3	1	1	77	5
14266	18	2	1	1	76	1
14267	19	5	2	1	112	1
14268	16	1	2	1	220	7
14269	17	4	2	2	133	6
14270	18	2	2	3	182	1
14271	18	2	2	2	183	2
14272	19	3	3	1	62	4
14273	18	2	2	1	183	3
14274	19	3	2	2	149	1
14275	19	3	2	1	150	2
14276	17	5	2	1	113	6
14277	11	9	7	1	148	3
14278	1	8	1	1	155	4
14279	2	7	1	1	81	9
14280	3	4	2	2	133	9
14281	4	8	2	3	160	1
14282	5	9	1	3	192	2
14283	6	9	3	1	158	3
14284	7	7	3	1	116	6
14285	5	9	1	2	192	6
14286	6	9	3	1	158	7
14287	7	9	4	2	145	8
14288	8	7	2	2	112	8
14289	9	8	7	1	90	8
14290	10	3	2	2	151	3
14291	11	4	3	1	136	6
14292	12	1	2	2	220	6
14293	13	3	1	2	77	1
14294	14	2	1	1	76	5
14295	16	2	3	1	89	8
14296	20	3	3	1	63	4
14297	21	6	2	1	112	4
14298	22	7	3	1	117	3
14299	24	8	9	1	48	3
14300	27	3	8	1	53	2
14301	28	1	9	1	31	8
14302	32	3	5	1	38	6
14303	34	5	9	1	33	6
14304	35	7	7	1	66	7
14305	37	6	8	1	48	1
14306	13	3	1	1	77	5
14307	14	2	1	1	76	1
14308	15	1	3	1	119	9
14309	16	2	7	1	51	6
14310	18	1	8	1	45	3
14311	19	5	3	2	113	1
14312	20	6	2	1	112	4
14313	23	7	4	1	136	1
14314	28	4	8	1	42	8
14315	19	5	3	1	113	5
14316	20	6	2	1	112	4
14317	12	1	2	1	220	7
14318	13	1	3	1	119	8
14319	10	3	2	1	151	4
14320	11	4	3	1	136	5
14321	12	2	2	2	183	2
14322	13	1	3	1	120	9
14323	12	5	2	1	114	2
14324	13	6	3	1	105	4
14325	15	6	2	1	113	3
14326	16	7	3	1	117	2
14327	22	1	2	1	220	7
14328	23	2	2	1	183	6
14329	26	2	3	1	89	8
14330	28	9	7	3	149	1
14331	29	4	8	1	43	8
14332	31	6	5	1	43	8
14333	28	6	7	2	63	1
14334	29	4	8	1	43	8
14335	34	3	4	1	67	5
14336	37	5	5	1	72	9
14337	28	6	7	1	63	2
14338	29	6	5	1	44	8
14339	8	8	3	1	90	8
14340	9	7	3	2	117	3
14341	10	6	3	1	105	1
14342	13	6	2	1	113	7
14343	16	7	6	2	98	1
14344	17	9	7	1	149	3
14345	16	7	6	1	98	5
14346	17	7	5	2	93	1
14347	18	9	7	1	150	3
14348	17	7	5	1	93	7
14349	18	8	7	1	90	7
14350	9	7	2	1	112	3
14351	10	6	3	1	105	1
14352	13	5	2	1	114	4
14353	7	9	4	1	145	9
14354	8	8	7	1	91	9
14355	10	6	5	1	45	9
14356	12	3	2	2	151	3
14357	13	4	3	1	136	6
14358	14	1	2	2	220	6
14359	15	3	1	2	77	1
14360	16	1	3	1	121	9
14361	18	3	3	1	63	4
14362	22	5	3	2	113	1
14363	23	6	2	1	113	4
14364	26	7	3	1	117	3
14365	31	1	1	1	168	7
14366	33	3	7	1	48	7
14367	34	1	5	1	58	3
14368	22	5	3	1	113	5
14369	23	6	2	1	113	4
14370	15	3	1	1	77	5
14371	16	2	1	1	76	1
14372	17	1	3	1	121	9
14373	18	2	6	1	46	9
14374	20	5	3	2	113	1
14375	21	6	2	1	114	4
14376	24	5	2	1	115	7
14377	29	2	3	1	89	8
14378	33	3	4	1	67	2
14379	34	3	8	1	53	1
14380	35	7	7	1	66	2
14381	20	5	3	1	113	5
14382	21	6	2	1	114	4
14383	14	1	2	1	220	7
14384	15	1	3	1	121	8
14385	12	3	2	1	151	4
14386	13	4	3	1	136	5
14387	14	2	2	2	183	2
14388	15	1	3	1	122	9
14389	14	5	2	1	115	2
14390	15	6	3	1	105	4
14391	17	6	2	1	115	3
14392	18	7	4	1	136	1
14393	24	1	2	1	220	7
14394	25	2	2	1	183	6
14395	28	2	6	1	46	9
14396	32	4	5	1	71	1
14397	5	9	1	1	192	7
14398	6	9	3	1	158	8
14399	7	9	4	2	145	6
14400	8	9	7	3	151	1
14401	9	1	1	5	168	1
14402	10	1	2	2	220	7
14403	11	3	2	1	151	2
14404	10	1	2	1	220	8
14405	11	9	6	2	101	2
14406	12	9	5	1	89	3
14407	13	5	3	2	113	1
14408	14	7	2	1	112	6
14409	15	6	3	1	105	4
14410	13	6	3	1	106	1
14411	14	7	4	3	136	1
14412	15	8	3	1	90	6
14413	17	6	2	1	115	3
14414	14	7	4	2	136	4
14415	15	8	3	1	90	6
14416	17	7	6	2	98	1
14417	18	7	5	1	93	5
14418	19	5	4	2	95	1
14419	20	7	2	1	112	2
14420	22	5	9	1	33	7
14421	25	3	9	1	59	8
14422	19	5	4	1	95	2
14423	20	7	2	1	112	3
14424	23	7	3	1	117	2
14425	17	7	6	1	98	5
14426	18	7	5	1	93	1
14427	19	5	4	2	95	1
14428	20	7	2	1	112	2
14429	19	5	4	1	95	2
14430	20	7	2	1	113	3
14431	23	6	2	1	116	6
14432	14	7	4	1	136	5
14433	15	8	7	1	91	5
14434	18	5	4	1	95	2
14435	21	5	1	1	95	8
14436	11	9	6	1	101	3
14437	12	9	5	1	89	2
14438	13	5	3	2	113	1
14439	14	7	2	1	113	6
14440	15	5	4	1	95	2
14441	13	6	3	1	106	1
14442	14	7	4	3	136	1
14443	15	8	3	1	90	6
14444	16	6	2	1	117	3
14445	14	7	4	2	136	4
14446	15	8	3	1	90	6
14447	16	7	6	2	98	1
14448	17	5	4	2	96	1
14449	18	7	2	1	113	2
14450	21	5	1	1	96	8
14451	17	5	4	1	96	2
14452	18	7	2	1	113	3
14453	16	7	6	1	98	5
14454	17	7	5	1	93	1
14455	18	8	7	1	91	5
14456	19	5	4	2	96	1
14457	20	5	6	1	73	2
14458	24	6	2	1	118	7
14459	19	5	4	1	96	2
14460	20	5	6	1	73	1
14461	23	6	2	1	119	6
14462	14	7	4	1	136	5
14463	15	6	2	1	120	7
14464	17	5	4	1	96	2
14465	20	5	1	1	97	8
14466	9	9	6	2	101	2
14467	10	9	5	1	89	3
14468	11	7	4	3	136	1
14469	12	7	2	2	114	3
14470	13	6	3	1	106	1
14471	12	7	2	1	114	6
14472	13	6	3	2	107	1
14473	14	5	4	1	96	5
14474	15	4	3	1	136	7
14475	13	6	3	1	107	4
14476	14	5	4	1	96	2
14477	17	8	3	1	90	3
14478	11	7	4	2	136	4
14479	12	7	6	2	98	1
14480	13	7	5	1	93	5
14481	14	8	7	1	91	5
14482	15	8	3	1	91	6
14483	16	6	3	2	107	1
14484	17	5	4	2	96	1
14485	18	7	2	1	114	2
14486	19	7	3	1	118	3
14487	17	5	4	1	96	2
14488	18	7	2	1	114	3
14489	16	6	3	1	107	2
14490	12	7	6	1	98	5
14491	13	7	5	1	93	1
14492	14	8	7	1	91	5
14493	16	6	3	2	108	1
14494	17	5	4	2	96	1
14495	18	7	2	1	115	2
14496	17	5	4	1	96	2
14497	18	7	2	1	116	3
14498	16	6	3	1	108	2
14499	11	7	4	1	136	5
14500	12	7	3	1	119	2
14501	14	7	6	2	98	1
14502	15	7	5	1	93	4
14503	16	8	7	1	91	5
14504	18	7	2	1	117	3
14505	14	7	6	1	98	4
14506	15	7	5	1	93	1
14507	16	8	7	1	91	5
14508	18	7	2	1	118	3
14509	9	9	6	1	101	3
14510	10	9	5	1	89	2
14511	11	7	3	3	119	2
14512	12	7	2	2	119	3
14513	13	8	3	1	91	6
14514	12	7	2	1	119	6
14515	13	8	3	1	92	3
14516	14	6	2	2	120	3
14517	15	7	4	1	136	1
14518	16	1	2	2	220	8
14519	17	3	3	1	63	1
14520	18	5	4	1	96	2
14521	16	3	2	1	152	8
14522	17	4	3	1	137	1
14523	14	6	2	1	120	7
14524	15	7	4	1	136	5
14525	16	7	6	2	98	1
14526	17	7	5	1	93	4
14527	16	7	6	1	98	4
14528	17	7	5	1	94	1
14529	11	7	4	3	136	1
14530	12	6	2	2	120	4
14531	13	7	3	1	119	3
14532	15	8	3	1	92	2
14533	12	6	2	1	120	7
14534	13	7	3	1	119	6
14535	11	7	4	2	136	4
14536	12	6	2	1	120	7
14537	14	7	6	2	98	1
14538	15	1	2	2	220	8
14539	16	3	3	1	63	1
14540	17	7	2	1	119	6
14541	15	3	2	1	152	8
14542	16	4	3	1	138	1
14543	18	7	2	1	120	6
14544	14	7	6	1	98	5
14545	15	7	5	1	95	1
14546	16	8	7	1	91	5
14547	18	7	2	1	121	2
14548	21	3	2	1	152	4
14549	11	7	4	1	136	5
14550	8	9	7	2	151	2
14551	9	8	7	1	91	8
14552	11	7	5	1	95	8
14553	8	9	7	1	151	3
14554	9	9	6	2	101	1
14555	10	9	5	1	89	2
14556	11	8	7	1	91	7
14557	12	8	3	1	93	6
14558	13	6	3	2	109	1
14559	14	7	6	1	98	4
14560	15	7	4	1	137	5
14561	13	6	3	1	109	2
14562	9	9	6	1	101	2
14563	10	9	5	1	89	1
14564	11	6	2	2	120	6
14565	12	8	3	1	93	6
14566	15	6	3	1	110	1
14567	11	6	2	1	120	7
14568	12	7	4	2	138	4
14569	13	7	3	1	120	3
14570	14	6	7	2	63	1
14571	15	7	2	1	121	6
14572	14	6	7	1	63	2
14573	15	7	6	1	98	5
14574	12	7	4	1	138	5
14575	13	7	3	1	120	2
14576	14	2	2	2	183	2
14577	15	1	2	2	220	8
14578	16	1	1	2	168	1
14579	17	1	3	1	123	3
14580	16	3	3	1	63	1
14581	15	3	2	1	153	8
14582	16	4	3	1	138	1
14583	18	7	2	1	122	6
14584	20	6	3	1	111	4
14585	25	1	1	1	168	5
14586	14	5	2	1	115	2
14587	15	7	2	1	122	6
14588	17	5	1	1	98	6
14589	21	1	2	1	220	3
14590	7	9	4	1	145	9
14591	8	5	8	1	53	9
14592	10	6	5	1	45	9
14593	11	2	3	2	89	9
14594	12	1	2	2	221	8
14595	13	1	1	2	169	1
14596	14	5	3	2	113	1
14597	15	7	2	1	122	6
14598	16	6	3	1	111	4
14599	14	6	3	1	112	1
14600	15	7	8	2	84	8
14601	16	7	7	2	67	5
14602	17	7	9	1	65	7
14603	19	9	7	2	151	1
14604	20	9	9	1	53	4
14605	19	9	7	1	151	4
14606	20	7	4	2	138	4
14607	21	7	2	2	122	6
14608	22	7	3	1	120	3
14609	21	8	3	1	93	6
14610	20	7	5	1	96	4
14611	21	7	4	2	138	1
14612	22	7	2	1	122	3
14613	21	7	4	1	138	3
14614	16	7	9	1	65	5
14615	17	7	7	1	67	7
14616	18	6	8	1	49	2
14617	19	9	9	1	54	2
14618	15	7	9	1	65	8
14619	16	3	7	1	48	8
14620	17	5	1	2	98	8
14621	18	6	2	1	120	4
14622	17	5	5	1	73	8
14623	18	2	6	1	46	8
14624	20	2	5	1	56	7
14625	21	8	6	1	29	7
14626	22	8	5	1	29	5
14627	23	8	3	1	94	2
14628	24	7	2	2	123	3
14629	25	5	4	1	97	2
14630	24	7	2	1	123	6
14631	25	5	4	1	98	5
14632	13	3	3	1	64	1
14633	14	7	2	2	123	3
14634	14	7	2	1	124	6
14635	15	7	3	2	121	2
14636	15	7	3	1	122	3
14637	16	8	3	1	94	2
14638	20	5	1	1	98	8
14639	21	6	3	1	112	4
14640	22	5	4	1	99	2
14641	23	5	2	1	115	3
14642	12	3	2	1	153	8
14643	13	4	3	1	138	1
14644	14	6	2	1	121	7
14645	15	7	2	2	124	3
14646	15	7	2	1	125	6
14647	16	8	3	1	94	2
14648	19	1	2	2	221	3
14649	20	5	1	1	98	6
14650	22	5	4	1	99	1
14651	19	1	2	1	221	4
14652	20	3	3	1	64	6
14653	21	1	1	1	169	5
14654	23	5	2	1	116	3
14655	27	6	3	1	112	4
14656	29	3	1	2	77	1
14657	30	5	6	1	73	1
14658	32	3	6	1	60	9
14659	33	2	6	1	46	4
14660	29	3	1	1	77	3
14661	30	2	1	1	76	1
14662	32	1	6	1	35	9
14663	11	2	6	1	47	9
14664	12	2	2	2	183	8
14665	13	1	1	1	169	1
14666	15	1	2	1	221	7
14667	17	4	3	1	138	7
14668	12	2	5	1	56	8
14669	13	8	6	1	29	8
14670	14	1	2	2	221	8
14671	15	1	1	2	169	1
14672	16	1	9	1	31	9
14673	18	2	3	1	89	7
14674	19	2	2	3	183	2
14675	20	1	3	1	124	3
14676	19	2	2	2	183	3
14677	20	1	3	1	125	4
14678	19	2	2	1	183	4
14679	20	1	3	1	126	5
14680	21	3	2	2	153	3
14681	22	6	3	1	112	4
14682	21	3	2	1	153	6
14683	15	3	3	1	64	1
14684	16	1	3	1	126	9
14685	19	7	2	1	125	6
14686	20	7	3	2	122	2
14687	21	6	2	1	121	3
14688	20	7	3	1	122	3
14689	21	6	2	1	122	7
14690	24	2	3	1	89	7
14691	25	5	3	1	113	6
14692	14	3	2	1	154	8
14693	15	4	3	1	139	1
14694	16	6	2	1	122	7
14695	17	7	2	2	125	3
14696	17	7	2	1	126	6
14697	18	7	3	1	122	3
14698	21	1	2	2	221	3
14699	22	2	2	2	183	2
14700	22	2	2	1	184	4
14701	23	5	3	1	114	4
14702	27	6	3	1	113	5
14703	21	1	2	1	221	4
14704	22	2	2	2	184	2
14705	23	5	3	1	114	5
14706	22	2	2	1	184	3
14707	4	9	3	3	158	3
14708	4	8	2	2	160	2
14709	5	9	1	1	192	6
14710	7	7	2	2	126	3
14711	8	6	3	1	114	2
14712	10	7	3	1	122	1
14713	7	7	2	1	126	7
14714	8	3	2	2	154	3
14715	9	4	3	1	139	6
14716	10	7	3	2	123	1
14717	11	6	2	1	122	4
14718	14	5	2	1	116	1
14719	10	7	3	1	123	3
14720	11	8	3	1	94	1
14721	12	9	4	1	145	9
14722	13	5	8	1	53	9
14723	15	6	5	1	45	9
14724	16	1	2	2	221	6
14725	17	3	3	1	64	2
14726	18	2	3	1	89	7
14727	16	1	2	1	221	8
14728	17	3	3	1	64	2
14729	8	3	2	1	154	4
14730	9	4	3	1	139	5
14731	10	7	3	2	123	1
14732	11	8	3	1	94	3
14733	12	6	2	2	122	3
14734	13	3	3	1	65	2
14735	15	5	3	1	115	6
14736	19	5	1	1	98	7
14737	20	1	1	2	169	1
14738	21	1	2	1	221	8
14739	22	1	3	1	126	7
14740	24	2	3	1	90	9
14741	25	3	1	2	77	3
14742	26	2	1	1	76	5
14743	27	2	6	1	47	8
14744	28	9	4	2	145	7
14745	29	9	7	2	151	2
14746	30	2	5	1	56	7
14747	29	9	7	1	151	3
14748	28	9	4	1	145	9
14749	29	5	8	1	53	9
14750	25	3	1	1	77	5
14751	26	2	1	1	76	3
14752	27	9	4	2	145	7
14753	28	9	7	2	152	2
14754	29	3	8	2	53	1
14755	30	3	4	1	67	6
14756	29	3	8	1	53	3
14757	30	3	9	1	60	8
14758	33	4	7	1	29	3
14759	34	7	6	2	99	3
14760	34	7	6	1	100	5
14761	28	9	7	1	152	3
14762	27	9	4	1	145	9
14763	28	5	8	1	54	9
14764	20	1	1	1	169	3
14765	12	6	2	1	122	6
14766	13	7	4	1	139	5
14767	14	5	4	1	100	3
14768	16	5	2	1	117	1
14769	10	7	3	1	123	3
14770	11	8	3	1	94	1
14771	14	1	1	1	170	8
14772	4	8	2	1	160	6
14773	5	9	1	1	192	2
14774	7	7	2	2	126	3
14775	8	5	4	1	100	1
14776	7	7	2	1	126	7
14777	8	7	3	2	123	1
14778	9	8	3	1	94	3
14779	10	7	4	2	139	2
14780	11	6	2	1	122	3
14781	12	1	2	2	221	4
14782	13	1	1	1	171	1
14783	12	1	2	1	221	8
14784	13	3	2	2	154	2
14785	14	4	3	1	139	7
14786	15	2	2	2	185	1
14787	16	5	1	1	98	6
14788	15	2	2	1	185	4
14789	16	5	4	1	101	5
14790	13	3	2	1	154	4
14791	14	4	3	1	139	5
14792	15	2	2	2	185	1
14793	16	5	2	1	118	2
14794	19	1	1	1	172	6
14795	21	5	3	1	115	6
14796	23	5	4	1	102	3
14797	25	3	1	2	77	3
14798	26	2	1	1	76	5
14799	27	9	7	4	153	1
14800	27	9	7	3	154	3
14801	27	9	7	2	155	4
14802	27	9	7	1	156	6
14803	25	3	1	1	77	5
14804	26	2	1	1	76	3
14805	27	3	8	2	53	1
14806	28	3	4	1	68	6
14807	31	5	5	1	73	9
14808	27	3	8	1	53	3
14809	28	3	9	1	60	9
14810	29	5	8	1	55	9
14811	31	9	4	1	145	9
14812	15	2	2	1	185	2
14813	10	7	4	1	139	3
14814	11	6	2	1	122	4
14815	12	1	2	1	221	8
14816	13	3	2	2	154	2
14817	14	4	3	1	139	7
14818	15	2	2	2	186	1
14819	16	5	2	1	118	3
14820	15	2	2	1	186	3
14821	16	5	2	1	119	1
14822	17	5	3	1	115	2
14823	13	3	2	1	154	3
14824	14	4	3	1	139	6
14825	15	1	1	1	172	6
14826	8	7	3	1	123	3
14827	9	8	3	1	94	1
14828	10	1	2	2	221	4
14829	11	6	2	1	122	8
14830	13	1	1	1	173	8
14831	10	1	2	1	221	8
14832	11	6	2	1	122	4
14833	13	9	4	1	146	9
14834	3	6	2	1	122	9
14835	4	9	3	3	159	3
14836	5	9	1	1	192	2
14837	7	7	4	3	139	1
14838	7	7	4	2	140	2
14839	8	7	3	1	123	7
14840	9	7	2	2	126	6
14841	10	8	3	1	94	8
14842	11	1	2	2	221	8
14843	12	3	2	2	154	2
14844	13	2	2	2	186	3
14845	14	1	3	1	126	4
14846	13	2	2	1	186	4
14847	12	3	2	1	154	3
14848	13	2	2	2	187	2
14849	14	1	3	1	127	9
14850	13	2	2	1	187	4
14851	14	4	3	1	139	4
14852	11	2	2	1	187	8
14853	12	1	3	1	128	9
14854	9	7	2	1	126	8
14855	10	8	3	1	94	6
14856	11	1	2	3	221	4
14857	12	3	1	2	77	1
14858	13	2	1	1	76	3
14859	14	2	2	1	187	2
14860	17	2	3	1	90	8
14861	23	5	1	1	99	5
14862	12	3	1	1	77	3
14863	13	2	1	1	76	1
14864	14	2	2	1	187	2
14865	15	1	1	1	174	7
14866	21	5	1	1	100	5
14867	25	5	6	1	73	1
14868	26	9	7	2	157	1
14869	26	9	7	1	158	4
14870	11	1	2	2	221	6
14871	12	3	2	2	154	2
14872	13	2	2	3	187	3
14873	13	2	2	2	188	4
14874	13	2	2	1	189	7
14875	12	3	2	1	154	3
14876	13	4	3	2	140	1
14877	14	4	2	1	133	4
14878	13	4	3	1	140	4
14879	14	4	2	1	134	7
14880	11	1	2	1	221	7
14881	12	3	2	3	154	2
14882	13	2	2	2	190	3
14883	14	4	2	1	135	4
14884	17	5	1	1	100	7
14885	19	6	3	1	114	5
14886	21	1	1	1	174	5
14887	22	1	3	1	129	8
14888	23	4	1	2	38	3
14889	24	6	1	1	29	8
14890	25	9	7	3	159	1
14891	25	9	7	2	160	4
14892	25	9	7	1	161	6
14893	23	4	1	1	38	8
14894	24	6	1	1	29	3
14895	25	9	7	3	162	1
14896	25	9	7	2	163	4
14897	25	9	7	1	164	6
14898	13	1	1	1	174	3
14899	14	2	2	1	190	6
14900	12	3	2	2	154	3
14901	13	4	2	1	135	4
14902	15	1	3	1	129	8
14903	12	3	2	1	154	4
14904	13	4	2	1	135	6
14905	15	1	3	1	130	5
14906	19	5	1	1	100	7
14907	7	7	4	1	140	3
14908	8	7	3	1	123	6
14909	9	7	2	2	126	7
14910	10	8	3	1	94	8
14911	11	1	2	2	221	8
14912	12	3	1	2	77	3
14913	13	2	1	1	76	5
14914	14	1	3	1	130	7
14915	18	4	2	2	135	3
14916	19	5	1	1	101	6
14917	18	4	2	1	135	4
14918	19	5	1	1	102	8
14919	24	5	4	1	102	6
14920	25	9	7	1	165	1
14921	12	3	1	1	77	5
14922	13	2	1	1	76	3
14923	14	1	3	1	130	7
14924	17	3	2	1	154	2
14925	18	4	2	2	135	3
14926	19	5	1	1	102	6
14927	18	4	2	1	135	4
14928	19	5	1	1	103	8
14929	24	5	4	1	102	6
14930	25	9	7	1	166	1
14931	11	2	2	1	191	8
14932	12	1	3	1	130	9
14933	9	7	2	1	126	8
14934	10	8	3	1	94	7
14935	11	1	2	3	221	4
14936	12	3	1	2	77	1
14937	13	2	1	1	76	3
14938	14	1	3	1	131	9
14939	17	3	2	1	154	6
14940	23	5	1	1	103	5
14941	25	5	6	1	73	1
14942	26	3	6	1	60	8
14943	29	3	4	1	68	2
14944	12	3	1	1	77	3
14945	13	2	1	1	76	1
14946	14	2	2	1	191	2
14947	15	1	1	1	174	7
14948	21	5	3	1	116	2
14949	25	5	6	1	73	1
14950	26	9	7	2	167	1
14951	26	9	7	1	168	4
14952	11	1	2	2	221	6
14953	12	3	2	2	154	2
14954	13	9	4	2	147	7
14955	13	7	5	1	96	7
14956	14	2	2	3	191	3
14957	14	2	2	2	192	4
14958	14	2	2	1	193	7
14959	12	3	2	1	154	3
14960	13	4	3	2	140	1
14961	14	4	2	1	135	4
14962	13	4	3	1	140	4
14963	14	4	2	1	136	7
14964	11	1	2	1	221	7
14965	12	9	4	2	148	7
14966	12	7	5	1	96	7
14967	13	3	2	3	154	2
14968	14	2	2	2	194	3
14969	15	4	2	1	137	4
14970	14	1	1	1	174	3
14971	15	2	2	1	194	6
14972	13	3	2	2	154	3
14973	14	4	3	1	140	1
14974	16	1	3	1	131	8
14975	13	3	2	1	154	4
14976	14	4	3	1	140	2
14977	16	1	1	1	174	3
14978	19	5	3	1	116	4
14979	4	9	3	2	159	7
14980	5	9	1	1	192	6
14981	7	7	2	3	126	2
14982	8	6	3	1	114	1
14983	10	7	3	1	123	3
14984	13	8	3	1	94	8
14985	7	7	2	2	126	3
14986	8	6	3	1	114	1
14987	10	5	2	1	119	4
14988	7	7	2	1	126	8
14989	8	7	3	2	123	2
14990	9	8	3	1	95	3
14991	11	3	2	3	154	2
14992	12	1	2	2	221	4
14993	13	1	1	1	174	1
14994	12	1	2	1	221	6
14995	13	1	1	1	175	1
14996	11	3	2	2	154	3
14997	12	1	2	2	221	6
14998	13	9	4	2	149	8
14999	14	8	7	1	91	8
15000	13	9	4	1	149	9
15001	14	8	7	1	92	9
15002	16	4	8	1	43	9
15003	17	2	2	2	195	2
15004	18	5	4	1	102	2
15005	17	5	2	1	120	2
15006	18	1	1	1	176	2
15007	19	5	3	1	117	6
15008	24	6	3	1	114	5
15009	29	9	8	1	47	8
15010	30	9	9	1	55	1
15011	31	7	5	2	96	1
15012	32	6	6	1	70	8
15013	33	4	1	1	38	7
15014	34	6	1	1	29	3
15015	36	7	6	2	101	3
15016	37	9	7	1	169	3
15017	39	4	7	1	29	8
15018	36	7	6	1	101	4
15019	37	9	7	1	169	4
15020	39	3	6	1	60	7
15021	31	7	5	1	96	3
15022	32	6	6	1	70	6
15023	39	3	6	1	61	8
15024	12	1	2	1	221	7
15025	13	4	2	1	138	4
15026	11	3	2	1	154	6
15027	12	4	2	1	139	7
15028	14	1	1	1	176	7
15029	8	7	3	1	123	3
15030	9	8	3	1	95	2
15031	11	3	2	3	154	2
15032	12	1	2	2	221	4
15033	13	1	1	1	177	1
15034	12	1	2	1	221	6
15035	13	1	1	1	178	1
15036	11	4	3	3	140	1
15037	12	3	2	2	154	3
15038	13	4	2	1	139	4
15039	14	5	2	1	120	2
15040	15	6	3	1	114	5
15041	17	5	1	1	103	8
15042	19	1	1	2	179	1
15043	19	1	1	1	180	2
15044	20	1	2	1	221	6
15045	21	1	3	1	132	9
15046	23	3	1	2	77	1
15047	24	2	3	1	90	8
15048	26	3	3	1	65	4
15049	27	5	6	2	73	1
15050	28	4	6	1	54	2
15051	29	4	5	1	72	5
15052	31	2	4	1	52	1
15053	27	5	6	1	73	4
15054	28	4	5	1	72	2
15055	30	5	7	1	63	1
15056	31	7	5	2	96	1
15057	32	9	4	1	149	9
15058	31	7	5	1	96	4
15059	32	6	6	1	70	1
15060	23	3	1	1	77	5
15061	24	2	1	1	76	1
15062	25	9	4	2	150	8
15063	26	8	7	1	92	8
15064	25	9	4	1	150	9
15065	26	8	7	1	93	9
15066	29	3	9	1	60	9
15067	31	9	8	1	47	8
15068	33	7	5	2	96	1
15069	34	6	6	1	71	8
15070	35	2	3	2	90	8
15071	36	3	3	1	65	4
15072	38	3	4	1	69	1
15073	41	5	6	1	73	1
15074	43	2	9	1	41	4
15075	35	3	3	1	65	8
15076	36	2	3	1	90	4
15077	33	7	5	1	96	2
15078	12	3	2	1	154	6
15079	13	4	2	1	139	7
15080	14	5	1	1	103	8
15081	11	3	2	2	154	3
15082	12	4	3	1	140	4
15083	11	3	2	1	154	6
15084	4	9	3	1	159	8
15085	5	8	2	3	160	1
15086	6	9	1	1	192	7
15087	7	9	4	2	150	6
15088	8	1	2	2	221	8
15089	9	1	1	2	180	1
15090	10	4	2	2	139	7
15091	11	7	2	2	126	3
15092	12	7	4	1	140	7
15093	11	8	3	1	95	3
15094	12	2	2	2	195	4
15095	13	1	3	1	132	5
15096	14	4	3	2	141	1
15097	14	4	3	1	142	4
15098	15	3	2	1	155	3
15099	16	6	3	2	114	1
15100	17	5	1	1	104	8
15101	18	5	4	2	103	1
15102	19	7	2	1	126	2
15103	18	5	4	1	103	5
15104	19	7	2	1	127	6
15105	16	6	3	1	114	2
15106	12	5	2	1	120	4
15107	13	2	2	1	195	3
15108	10	5	2	1	120	7
15109	11	5	1	1	104	8
15110	13	7	2	1	128	6
15111	9	3	3	1	65	1
15112	10	1	3	2	132	9
15113	11	7	2	1	129	6
15114	14	8	3	1	95	3
15115	22	5	4	1	103	1
15116	10	2	3	1	91	9
15117	11	7	2	1	129	6
15118	14	8	3	1	95	3
15119	8	2	2	1	196	8
15120	9	1	3	1	132	9
15121	7	9	4	1	150	9
15122	8	8	7	1	93	9
15123	10	4	8	1	43	9
15124	11	1	2	2	221	8
15125	12	1	1	2	180	1
15126	13	4	2	2	139	7
15127	14	2	3	2	91	9
15128	15	1	3	2	133	7
15129	16	2	2	1	196	6
15130	17	6	3	2	115	1
15131	18	5	1	1	104	8
15132	19	5	3	1	117	5
15133	17	6	3	1	115	2
15134	15	3	3	1	65	7
15135	16	7	8	2	84	8
15136	17	4	3	4	142	1
15137	18	3	2	1	155	6
15138	19	6	3	1	116	2
15139	17	9	7	5	169	1
15140	18	9	6	2	101	2
15141	19	9	5	1	89	6
15142	20	8	3	1	96	6
15143	21	7	4	1	141	7
15144	18	9	6	1	101	6
15145	19	9	5	1	89	2
15146	20	8	3	1	96	6
15147	21	7	4	1	142	7
15148	17	2	2	4	196	2
15149	18	1	3	1	133	3
15150	17	2	2	3	196	3
15151	18	1	3	1	134	4
15152	17	2	2	2	196	4
15153	18	1	3	1	135	5
15154	19	3	2	1	155	3
15155	21	6	3	2	117	1
15156	22	5	1	1	104	8
15157	23	5	4	2	104	1
15158	24	7	2	1	129	2
15159	25	5	2	1	120	6
15160	27	7	4	2	143	3
15161	28	7	3	1	123	6
15162	30	7	6	1	101	4
15163	27	7	4	1	143	6
15164	28	7	3	1	123	3
15165	30	7	6	1	102	4
15166	23	5	4	1	104	5
15167	24	7	2	1	129	6
15168	25	5	2	1	120	2
15169	30	7	5	2	97	1
15170	31	6	6	1	71	8
15171	30	7	5	1	97	3
15172	31	6	6	1	72	6
15173	32	7	6	2	103	1
15174	33	5	8	1	55	7
15175	32	7	6	1	103	4
15176	33	9	7	1	169	6
15177	21	6	3	1	117	2
15178	17	2	2	1	196	6
15179	16	7	9	1	65	8
15180	17	3	7	1	48	8
15181	19	5	8	1	56	8
15182	21	3	2	2	155	6
15183	22	4	3	1	142	1
15184	21	7	2	1	129	6
15185	14	3	3	1	65	9
15186	15	1	9	1	31	9
15187	16	2	5	1	57	8
15188	18	2	3	1	91	7
15189	19	2	2	3	197	2
15190	20	4	3	1	143	3
15191	19	2	2	2	197	3
15192	20	1	3	1	135	4
15193	19	2	2	1	197	4
15194	20	1	3	1	136	5
15195	21	4	3	2	144	1
15196	21	4	3	1	145	4
15197	22	3	2	1	155	3
15198	23	6	3	2	118	1
15199	24	5	1	1	104	8
15200	25	7	8	1	84	8
15201	26	5	4	2	104	1
15202	27	5	6	1	73	3
15203	26	5	4	1	104	5
15204	27	7	2	1	130	6
15205	28	5	3	1	118	6
15206	33	6	5	1	45	7
15207	34	7	5	2	97	1
15208	35	4	5	1	72	2
15209	34	7	5	1	97	3
15210	35	6	6	1	72	6
15211	23	6	3	1	118	2
15212	13	5	2	1	120	7
15213	14	5	1	1	104	8
15214	16	7	8	1	84	8
15215	12	3	3	1	65	1
15216	13	7	2	2	130	3
15217	13	7	2	1	131	6
15218	14	7	4	1	143	7
15219	18	2	2	1	197	4
15220	19	5	4	2	104	1
15221	20	6	3	1	119	5
15222	22	3	2	1	155	3
15223	25	5	1	1	104	8
15224	27	2	3	1	91	7
15225	31	2	5	1	57	8
15226	19	5	4	1	104	2
15227	20	6	3	1	119	4
15228	11	2	2	1	197	8
15229	12	1	3	1	136	9
15230	5	8	2	2	160	2
15231	6	9	1	1	192	6
15232	7	7	3	2	123	1
15233	8	7	4	1	143	8
15234	9	9	4	2	150	7
15235	10	7	2	2	131	7
15236	11	8	7	1	93	8
15237	13	8	8	2	61	1
15238	14	8	9	1	48	7
15239	15	9	6	2	101	1
15240	16	9	7	2	170	2
15241	17	9	5	1	89	4
15242	18	7	6	2	103	3
15243	19	7	5	1	97	2
15244	20	6	7	2	63	1
15245	21	7	8	1	85	4
15246	22	5	2	2	120	1
15247	23	1	2	2	221	8
15248	24	4	3	1	145	2
15249	23	2	2	1	197	8
15250	24	4	3	1	146	2
15251	22	4	1	1	38	1
15252	23	1	2	1	221	8
15253	20	6	7	1	63	3
15254	21	7	8	1	85	6
15255	22	3	2	4	155	1
15256	23	1	2	1	222	8
15257	24	3	9	1	60	8
15258	25	4	3	2	147	2
15259	26	4	2	1	139	3
15260	25	4	3	1	147	5
15261	26	4	2	1	140	6
15262	27	5	3	1	118	4
15263	29	4	8	1	43	7
15264	35	7	9	1	65	5
15265	22	2	2	5	197	1
15266	23	1	2	1	222	8
15267	22	1	1	5	180	1
15268	23	1	2	1	223	8
15269	22	1	2	4	224	3
15270	23	5	2	1	120	1
15271	22	1	2	3	224	4
15272	23	5	2	1	121	1
15273	22	1	2	2	224	6
15274	23	5	2	1	122	1
15275	22	1	2	1	224	8
15276	23	5	2	1	123	1
15277	28	6	3	1	120	4
15278	18	7	5	1	97	3
15279	19	7	6	1	103	2
15280	20	3	2	4	155	1
15281	21	1	2	1	224	8
15282	22	3	9	1	60	8
15283	23	4	5	2	73	1
15284	23	4	5	1	74	2
15285	24	4	2	1	140	6
15286	26	5	1	1	104	7
15287	29	2	2	1	197	4
15288	20	2	2	5	198	1
15289	21	1	2	1	224	8
15290	20	4	5	3	74	1
15291	21	5	2	1	123	1
15292	22	6	9	1	28	1
15293	23	3	9	1	60	9
15294	24	3	6	1	62	8
15295	29	3	2	1	155	4
15296	20	1	1	5	180	1
15297	21	5	2	1	123	1
15298	20	5	2	4	124	1
15299	21	1	2	2	225	8
15300	22	3	2	1	156	4
15301	26	2	2	1	198	3
15302	21	4	2	1	140	8
15303	20	1	2	4	225	3
15304	20	1	2	3	226	4
15305	20	1	2	2	227	6
15306	20	1	2	1	228	8
15307	16	9	7	1	170	4
15308	17	9	5	1	89	2
15309	18	7	6	2	103	4
15310	19	7	5	1	97	3
15311	20	6	7	2	63	1
15312	21	7	8	1	85	5
15313	22	5	2	2	124	1
15314	23	1	2	2	229	8
15315	24	4	3	1	147	2
15316	28	1	3	1	137	5
15317	23	2	2	1	199	8
15318	24	4	3	1	147	2
15319	22	4	1	1	38	1
15320	23	1	2	1	229	8
15321	25	3	9	1	60	8
15322	20	6	7	1	63	2
15323	21	7	8	1	85	6
15324	24	4	8	1	43	7
15325	25	5	5	2	74	9
15326	26	6	8	1	49	3
15327	30	3	9	1	61	8
15328	33	2	7	1	51	3
15329	36	6	5	1	45	8
15330	38	2	5	1	58	7
15331	25	4	4	1	30	9
15332	26	5	6	2	74	7
15333	27	6	1	1	29	7
15334	31	6	8	1	49	3
15335	26	6	5	1	45	7
15336	27	5	3	2	118	7
15337	28	5	2	1	124	1
15338	27	5	1	1	104	7
15339	28	5	2	2	125	1
15340	29	5	3	1	118	6
15341	28	5	2	1	125	3
15342	29	5	3	1	119	4
15343	31	5	8	1	56	8
15344	18	7	5	1	97	4
15345	19	7	6	1	103	3
15346	20	3	2	4	156	1
15347	21	1	2	1	229	8
15348	22	3	9	1	61	8
15349	23	4	3	2	148	2
15350	24	4	2	1	141	3
15351	23	4	3	1	148	5
15352	24	4	2	1	142	6
15353	25	5	1	1	104	7
15354	27	5	2	1	125	3
15355	31	6	9	1	28	5
15356	20	2	2	5	199	1
15357	21	1	2	1	229	8
15358	20	1	2	4	230	3
15359	21	5	2	1	125	1
15360	22	4	3	1	148	2
15361	26	5	3	1	119	4
15362	20	1	2	3	230	4
15363	21	5	2	1	125	1
15364	20	1	2	2	230	6
15365	21	5	2	1	126	1
15366	20	1	2	1	230	8
15367	21	5	2	1	127	1
15368	26	1	1	1	180	2
15369	30	5	4	1	104	3
15370	32	5	3	1	120	7
15371	35	3	6	1	62	9
15372	15	9	5	1	89	1
15373	16	9	7	2	170	2
15374	17	9	6	1	101	4
15375	18	7	6	2	103	3
15376	19	7	5	1	97	2
15377	20	6	7	2	63	1
15378	21	7	8	1	85	4
15379	22	5	2	2	127	1
15380	23	1	2	2	230	8
15381	24	3	2	1	156	4
15382	28	2	2	1	199	3
15383	23	2	2	1	200	8
15384	24	3	2	1	156	4
15385	22	4	1	1	38	1
15386	23	1	2	1	230	8
15387	24	3	9	1	61	8
15388	26	1	1	1	180	2
15389	20	6	7	1	63	3
15390	21	7	8	1	85	6
15391	22	3	2	4	157	1
15392	23	1	2	1	230	8
15393	24	3	9	1	61	8
15394	25	5	6	2	74	1
15395	26	4	3	2	148	2
15396	26	4	3	1	149	5
15397	27	2	6	1	47	8
15398	25	5	6	1	74	2
15399	26	4	3	2	149	2
15400	27	4	2	1	142	3
15401	26	4	3	1	149	5
15402	27	4	2	1	143	6
15403	29	6	3	1	121	2
15404	34	1	7	1	32	7
15405	22	2	2	5	200	1
15406	23	1	2	1	230	8
15407	22	5	6	3	74	1
15408	22	5	2	4	127	1
15409	23	1	2	2	231	8
15410	24	3	9	1	61	8
15411	28	1	1	1	181	2
15412	23	2	2	1	200	8
15413	24	4	3	1	149	2
15414	22	1	2	4	231	3
15415	22	1	2	3	232	4
15416	22	1	2	2	233	6
15417	22	1	2	1	234	8
15418	18	7	5	1	97	3
15419	19	7	6	1	103	2
15420	20	3	2	4	157	1
15421	21	1	2	1	235	8
15422	22	3	9	1	61	8
15423	23	4	3	2	150	2
15424	24	4	2	1	143	3
15425	23	4	3	1	150	5
15426	24	4	2	1	144	6
15427	27	1	1	1	182	2
15428	20	2	2	5	200	1
15429	21	1	2	1	235	8
15430	20	1	2	4	236	3
15431	21	5	2	1	127	1
15432	22	4	2	1	144	6
15433	20	1	2	3	236	4
15434	21	5	2	1	127	1
15435	20	1	2	2	236	6
15436	21	5	2	1	128	1
15437	20	1	2	1	236	8
15438	21	5	2	1	129	1
15439	26	1	1	1	183	2
15440	16	9	7	1	170	4
15441	17	9	6	1	101	2
15442	18	7	6	2	103	4
15443	19	7	5	1	97	3
15444	20	6	7	2	63	1
15445	21	7	8	1	85	5
15446	22	5	2	2	129	1
15447	23	4	2	2	145	6
15448	24	4	3	1	150	2
15449	26	5	6	1	75	3
15450	28	2	2	1	200	3
15451	23	4	2	1	145	8
15452	22	4	1	1	38	1
15453	23	1	2	1	236	8
15454	24	3	9	1	61	8
15455	27	6	1	1	29	8
15456	33	2	2	1	201	4
15457	20	6	7	1	63	2
15458	21	7	8	1	85	6
15459	24	4	8	1	43	7
15460	25	6	5	1	45	7
15461	26	5	3	2	120	7
15462	27	5	2	1	129	1
15463	26	5	1	1	104	7
15464	27	5	4	1	104	2
15465	28	6	3	1	121	5
15466	29	5	2	2	130	1
15467	29	5	2	1	131	3
15468	30	6	1	1	29	8
15469	18	7	5	1	97	4
15470	19	7	6	1	103	3
15471	20	3	2	4	157	1
15472	21	1	2	1	236	8
15473	22	3	9	1	61	8
15474	23	4	3	2	150	2
15475	24	4	2	1	146	3
15476	23	4	3	1	150	5
15477	24	4	2	1	147	6
15478	25	5	1	1	104	7
15479	27	5	4	1	104	5
15480	20	2	2	5	202	1
15481	21	1	2	1	236	8
15482	20	6	6	3	73	1
15483	21	5	2	1	131	1
15484	24	1	2	2	237	8
15485	25	6	3	1	121	4
15486	24	2	2	1	202	8
15487	25	4	2	1	147	6
15488	20	1	2	4	237	3
15489	21	5	2	1	131	1
15490	22	2	2	1	202	8
15491	20	1	2	3	237	4
15492	21	5	2	1	131	1
15493	20	1	2	2	237	6
15494	21	5	2	1	132	1
15495	20	1	2	1	237	8
15496	21	5	2	1	133	1
15497	26	1	1	1	184	2
15498	13	8	8	1	61	7
15499	14	8	9	1	48	1
15500	15	9	6	2	101	1
15501	16	9	7	2	170	2
15502	17	9	5	1	89	4
15503	18	7	6	2	103	3
15504	19	7	5	1	97	2
15505	20	6	7	2	63	1
15506	21	7	8	1	85	4
15507	22	5	2	2	133	1
15508	23	4	2	2	148	6
15509	24	4	3	1	150	2
15510	26	1	1	2	185	1
15511	26	1	1	1	186	2
15512	27	1	3	1	138	5
15513	23	4	2	1	148	8
15514	22	5	4	1	105	1
15515	23	6	3	1	122	6
15516	25	1	2	1	237	8
15517	27	4	2	1	149	3
15518	20	6	7	1	63	3
15519	21	7	8	1	85	6
15520	22	3	2	4	157	1
15521	23	1	2	1	237	8
15522	24	3	9	1	61	8
15523	25	4	2	2	150	3
15524	26	5	4	1	105	3
15525	25	4	2	1	150	6
15526	26	4	3	1	150	5
15527	28	5	1	1	104	7
15528	30	6	3	1	122	2
15529	34	1	1	1	186	2
15530	35	1	3	1	139	6
15531	36	4	5	2	74	1
15532	37	4	1	1	38	8
15533	36	4	5	1	74	3
15534	37	5	6	1	75	2
15535	38	4	1	2	39	1
15536	39	6	1	1	30	8
15537	40	2	3	2	91	9
15538	41	3	3	1	65	7
15539	40	3	3	1	66	9
15540	41	2	3	1	91	7
15541	38	4	1	1	39	8
15542	39	6	1	1	30	1
15543	22	2	2	5	203	1
15544	23	1	2	1	237	8
15545	22	5	2	4	133	1
15546	23	1	2	2	238	8
15547	24	3	9	1	61	8
15548	28	6	3	1	122	4
15549	35	5	1	1	104	8
15550	23	2	2	1	203	8
15551	24	4	2	1	150	6
15552	22	1	2	4	238	3
15553	22	1	2	3	239	4
15554	22	1	2	2	240	6
15555	22	1	2	1	241	8
15556	18	7	5	1	97	3
15557	19	7	6	1	103	2
15558	20	3	2	4	157	1
15559	21	1	2	1	242	8
15560	22	3	9	1	61	8
15561	23	4	5	2	74	1
15562	24	6	1	1	31	1
15563	27	1	1	1	186	2
15564	23	4	5	1	74	2
15565	24	4	2	1	151	6
15566	26	5	1	1	105	7
15567	29	5	7	1	63	1
15568	20	2	2	5	203	1
15569	21	1	2	1	242	8
15570	20	1	2	4	243	3
15571	21	5	2	1	133	1
15572	22	4	2	1	151	6
15573	26	5	1	1	105	5
15574	20	1	2	3	243	4
15575	21	5	2	1	133	1
15576	20	1	2	2	243	6
15577	21	5	2	1	134	1
15578	20	1	2	1	243	8
15579	21	5	2	1	135	1
15580	26	1	1	1	187	2
15581	30	5	4	1	106	3
15582	32	4	5	1	74	1
15583	16	9	7	1	170	4
15584	17	9	5	1	89	2
15585	18	7	6	2	103	4
15586	19	7	5	1	97	3
15587	20	6	7	2	63	1
15588	21	7	8	1	85	5
15589	22	5	2	2	135	1
15590	23	4	2	2	151	6
15591	24	3	2	1	157	4
15592	26	1	1	2	187	1
15593	26	1	1	1	188	2
15594	27	1	3	1	139	5
15595	32	5	1	1	106	8
15596	23	4	2	1	151	8
15597	22	5	4	1	106	1
15598	23	6	3	1	122	6
15599	26	1	2	1	243	8
15600	20	6	7	1	63	2
15601	21	7	8	1	85	6
15602	24	5	5	2	74	9
15603	25	6	6	1	73	6
15604	28	9	9	1	55	3
15605	30	5	2	2	135	1
15606	31	4	2	2	152	6
15607	31	4	2	1	153	8
15608	30	5	2	1	135	3
15609	31	4	2	1	154	6
15610	37	3	9	1	61	8
15611	24	4	4	1	30	9
15612	25	5	4	3	106	1
15613	26	6	3	1	122	6
15614	29	6	6	1	73	5
15615	25	3	2	4	157	1
15616	26	1	2	1	244	8
15617	28	3	9	1	62	8
15618	29	4	2	2	154	3
15619	30	5	9	1	33	7
15620	29	4	2	1	154	6
15621	30	4	3	1	150	5
15622	25	2	2	5	203	1
15623	26	1	2	1	244	8
15624	25	1	2	4	245	3
15625	26	5	2	1	135	1
15626	27	4	3	1	151	2
15627	31	6	5	1	45	7
15628	25	1	2	3	245	4
15629	26	5	2	1	135	1
15630	25	1	2	2	245	6
15631	26	5	2	1	136	1
15632	25	1	2	1	245	8
15633	26	5	2	1	137	1
15634	31	6	5	1	46	7
15635	18	7	5	1	97	4
15636	19	7	6	1	103	3
15637	20	3	2	4	157	1
15638	21	1	2	1	245	8
15639	22	3	9	1	62	8
15640	23	4	2	2	154	3
15641	24	4	3	1	151	2
15642	26	5	2	1	137	4
15643	23	4	2	1	154	6
15644	24	4	3	1	151	5
15645	25	5	1	1	107	7
15646	28	5	2	1	138	3
15647	20	2	2	5	203	1
15648	21	1	2	1	245	8
15649	20	5	2	4	139	1
15650	21	1	2	2	246	8
15651	22	3	9	1	62	8
15652	26	2	2	1	203	3
15653	30	6	3	1	122	4
15654	32	5	3	1	120	7
15655	34	4	6	1	54	7
15656	37	6	4	1	34	6
15657	21	2	2	1	203	8
15658	22	4	2	1	154	6
15659	20	1	2	4	246	3
15660	20	1	2	3	247	4
15661	20	1	2	2	248	6
15662	20	1	2	1	249	8
15663	15	9	5	1	89	1
15664	16	9	7	2	170	2
15665	17	9	6	1	101	4
15666	18	7	6	2	103	3
15667	19	7	5	1	97	2
15668	20	6	7	2	63	1
15669	21	7	8	1	85	4
15670	22	5	2	2	139	1
15671	23	4	2	2	155	6
15672	24	3	2	1	157	4
15673	26	1	1	2	188	1
15674	26	1	1	1	189	2
15675	27	1	3	1	139	5
15676	23	4	2	1	155	8
15677	22	4	1	1	39	1
15678	23	1	2	1	250	8
15679	24	4	8	1	43	8
15680	26	6	8	1	50	3
15681	20	6	7	1	63	3
15682	21	7	8	1	85	6
15683	22	3	2	4	157	1
15684	23	1	2	1	250	8
15685	24	3	9	1	62	8
15686	25	5	6	2	75	1
15687	26	4	2	2	156	3
15688	27	5	1	1	107	8
15689	26	4	2	1	156	6
15690	27	4	3	1	151	5
15691	29	5	1	1	108	7
15692	25	5	6	1	75	2
15693	26	4	2	2	156	3
15694	26	4	2	1	157	6
15695	27	4	3	1	151	5
15696	28	5	3	1	120	4
15697	30	5	9	1	34	6
15698	38	5	8	1	57	8
15699	22	1	2	4	250	3
15700	23	3	1	2	77	1
15701	24	4	2	1	157	8
15702	23	3	1	1	77	2
15703	24	2	1	1	76	1
15704	25	5	2	1	139	1
15705	22	1	2	3	250	4
15706	23	4	2	1	158	8
15707	24	1	1	1	189	8
15708	22	1	2	2	250	6
15709	23	4	2	1	158	8
15710	24	1	1	1	190	8
15711	22	1	2	1	250	8
15712	23	4	2	1	158	6
15713	27	1	3	1	140	5
15714	30	5	4	1	106	3
15715	34	5	6	1	75	2
15716	18	7	5	1	97	3
15717	19	7	6	1	103	2
15718	20	3	2	4	157	1
15719	21	1	2	1	250	8
15720	22	3	9	1	62	8
15721	23	4	2	2	158	3
15722	24	4	3	1	151	2
15723	23	4	2	1	158	6
15724	24	4	3	1	152	5
15725	27	5	1	1	109	7
15726	35	5	4	1	106	5
15727	20	1	2	4	250	3
15728	21	3	1	2	77	1
15729	22	4	2	1	158	8
15730	21	3	1	1	77	2
15731	22	2	1	1	76	1
15732	23	2	2	1	203	4
15733	20	1	2	3	250	4
15734	21	4	2	1	159	8
15735	22	1	1	1	191	8
15736	20	1	2	2	250	6
15737	21	4	2	1	159	8
15738	22	1	1	1	192	8
15739	20	1	2	1	250	8
15740	21	4	2	1	159	6
15741	25	1	3	1	140	5
15742	28	6	3	1	122	4
15743	16	9	7	1	170	4
15744	17	9	6	1	101	2
15745	18	7	6	2	103	4
15746	19	7	5	1	97	3
15747	20	6	7	2	63	1
15748	21	7	8	1	85	5
15749	22	5	2	2	140	1
15750	23	4	2	2	159	6
15751	24	3	2	1	157	4
15752	26	2	3	1	92	9
15753	28	6	3	1	123	5
15754	23	4	2	1	159	8
15755	22	4	1	1	39	1
15756	23	1	2	1	250	8
15757	24	3	9	1	62	8
15758	26	2	6	1	48	8
15759	27	3	2	2	157	1
15760	28	4	2	2	160	3
15761	29	5	9	1	34	7
15762	33	3	6	1	63	9
15763	28	4	2	1	160	6
15764	29	4	3	1	152	5
15765	30	6	1	1	31	8
15766	35	6	3	1	124	2
15767	27	3	2	1	157	4
15768	28	4	2	1	160	6
15769	20	6	7	1	63	2
15770	21	7	8	1	85	6
15771	24	5	3	2	120	2
15772	25	5	4	2	107	1
15773	26	4	3	1	152	4
15774	25	5	4	1	107	3
15775	26	6	3	1	125	4
15776	24	5	4	1	107	2
15777	25	6	3	1	126	5
15778	26	5	9	1	34	5
15779	27	5	6	2	76	1
15780	28	5	1	1	109	7
15781	27	5	6	1	76	3
15782	28	4	5	1	75	5
15783	31	5	2	2	140	1
15784	31	5	2	1	141	4
15785	18	7	5	1	97	4
15786	19	7	6	1	103	3
15787	20	3	2	4	157	1
15788	21	1	2	1	250	8
15789	22	3	9	1	62	8
15790	23	4	2	2	161	3
15791	24	5	9	1	34	7
15792	27	5	6	1	76	1
15793	23	4	2	1	161	6
15794	24	4	3	1	153	5
15795	25	5	1	1	110	7
15796	27	5	2	1	142	3
15797	33	5	9	1	34	6
15798	20	1	2	4	250	3
15799	21	3	1	2	77	1
15800	22	4	2	1	161	8
15801	21	3	1	1	77	2
15802	22	2	1	1	76	1
15803	23	5	2	1	142	1
15804	20	1	2	3	250	4
15805	21	4	2	1	162	8
15806	22	1	1	1	193	8
15807	20	1	2	2	250	6
15808	21	4	2	1	162	8
15809	22	1	1	1	194	8
15810	20	1	2	1	250	8
15811	21	4	2	1	162	6
15812	25	1	3	1	140	5
15813	28	6	3	1	126	4
15814	10	8	3	1	96	7
15815	11	8	7	1	93	8
15816	15	5	2	1	143	4
15817	18	1	2	1	250	8
15818	9	9	4	1	150	9
15819	10	8	7	1	93	9
15820	7	8	3	1	96	1
15821	8	9	4	2	150	7
15822	8	9	4	1	151	9
15823	9	8	7	1	94	9
15824	11	4	8	1	43	9
15825	12	7	4	2	143	2
15826	13	6	3	1	127	2
15827	18	5	2	1	143	4
15828	21	3	2	1	157	1
15829	12	7	4	1	143	6
15830	13	7	3	1	123	3
15831	15	7	6	2	103	1
15832	16	2	3	2	92	9
15833	17	1	2	2	251	8
15834	18	3	2	2	158	1
15835	19	2	2	2	204	3
15836	19	2	2	1	205	4
15837	20	1	1	2	195	2
15838	21	1	3	1	140	6
15839	23	4	2	2	162	3
15840	24	5	3	1	120	2
15841	23	4	2	1	162	6
15842	24	4	3	1	153	5
15843	28	7	5	1	97	2
15844	32	7	9	1	66	8
15845	37	4	6	1	54	3
15846	20	1	1	1	195	3
15847	18	3	2	1	158	4
15848	19	4	2	1	162	6
15849	21	1	3	1	140	5
15850	24	3	3	1	66	6
15851	28	5	3	1	121	7
15852	31	7	8	1	85	8
15853	32	6	7	1	63	7
15854	33	7	5	1	97	4
15855	35	3	6	1	64	9
15856	17	4	2	1	162	8
15857	16	2	6	1	48	9
15858	17	2	2	2	205	8
15859	18	1	3	1	140	9
15860	17	2	5	1	59	8
15861	18	8	6	1	29	8
15862	19	1	2	2	251	8
15863	20	3	2	2	158	1
15864	21	4	2	2	163	3
15865	22	4	3	1	153	2
15866	21	4	2	1	163	6
15867	22	4	3	1	154	5
15868	24	5	3	1	121	4
15869	26	5	4	1	107	5
15870	31	7	5	1	97	2
15871	20	3	2	1	158	4
15872	21	4	2	1	163	6
15873	23	6	5	1	47	6
15874	27	6	3	1	127	4
15875	33	5	6	1	77	4
15876	19	4	2	1	163	8
15877	20	1	1	1	196	8
15878	22	2	2	1	205	1
15879	15	7	5	1	98	1
15880	16	6	6	1	74	8
15881	17	2	2	2	206	8
15882	18	1	1	1	196	1
15883	17	2	5	1	59	8
15884	18	8	4	1	35	8
15885	19	1	2	2	251	8
15886	20	3	2	2	158	1
15887	21	4	2	2	163	3
15888	22	5	1	1	110	8
15889	21	4	2	1	163	6
15890	22	4	3	1	154	5
15891	24	5	1	1	111	7
15892	26	6	3	1	127	2
15893	32	1	1	1	197	2
15894	35	1	3	1	141	6
15895	36	5	6	2	78	1
15896	37	3	7	1	48	8
15897	38	5	7	1	64	6
15898	39	3	6	1	65	9
15899	36	5	6	1	78	2
15900	37	7	6	1	103	4
15901	20	3	2	1	158	4
15902	21	4	2	1	163	6
15903	23	2	2	1	206	3
15904	26	6	3	1	127	4
15905	29	6	5	1	47	6
15906	19	4	2	1	163	8
15907	20	1	1	1	197	8
15908	21	2	2	1	206	1
15909	5	8	2	1	160	6
15910	6	9	1	1	192	2
15911	7	1	2	3	251	4
15912	8	3	1	2	77	1
15913	9	4	2	1	163	8
15914	8	3	1	1	77	3
15915	9	2	1	1	76	1
15916	10	5	2	1	143	1
15917	7	1	2	2	251	7
15918	8	7	2	1	131	3
15919	7	1	2	1	251	8
15920	8	4	2	2	164	7
15921	9	6	3	1	127	2
15922	12	1	1	1	197	7
15923	8	7	2	1	132	7
15924	9	4	3	1	154	2
15925	10	3	2	2	158	1
15926	11	4	2	1	164	3
15927	10	3	2	1	158	2
15928	11	4	2	1	165	4
15929	12	2	2	2	207	1
15930	13	5	2	1	144	3
15931	16	5	4	1	107	1
15932	18	1	1	1	198	6
15933	12	2	2	1	207	3
15934	13	5	2	1	144	1
15935	0	9	2	3	215	6
15936	1	8	1	3	155	1
15937	2	7	1	1	81	7
15938	3	1	2	2	251	9
15939	4	9	3	2	159	9
15940	5	7	2	1	132	8
15941	6	9	1	2	192	4
15942	7	8	2	1	160	5
15943	8	7	3	2	123	3
15944	9	8	3	1	96	2
15945	11	9	4	1	151	7
15946	12	7	4	2	143	1
15947	13	6	2	1	122	4
15948	14	3	2	2	158	1
15949	15	3	3	1	66	4
15950	16	4	3	2	154	1
15951	16	4	3	1	155	6
15952	17	6	3	1	127	5
15953	14	3	2	1	158	2
15954	15	2	2	2	207	1
15955	16	4	3	2	155	1
15956	16	4	3	1	156	5
15957	15	2	2	1	207	3
15958	12	7	4	1	143	4
15959	13	6	2	1	122	7
15960	14	4	3	1	157	1
15961	15	2	2	2	208	1
15962	16	3	2	1	158	2
15963	19	5	3	1	121	5
15964	21	1	1	1	199	5
15965	15	3	2	1	158	1
15966	16	4	2	1	165	2
15967	17	1	1	1	200	2
15968	18	5	1	1	111	9
15969	8	8	3	1	96	3
15970	9	7	3	1	123	2
15971	10	7	4	2	143	1
15972	11	9	4	1	151	8
15973	13	8	7	1	94	8
15974	14	9	7	2	170	1
15975	15	3	2	2	158	1
15976	16	4	3	2	157	1
15977	16	4	3	1	158	6
15978	17	2	2	1	208	2
15979	19	5	2	1	145	4
15980	21	6	3	2	128	1
15981	22	5	3	1	121	5
15982	25	5	5	1	74	8
15983	31	4	1	1	39	2
15984	21	6	3	1	128	5
15985	15	3	2	1	158	2
15986	16	4	3	1	158	5
15987	14	9	7	1	170	3
15988	10	7	4	1	143	5
15989	11	9	4	1	151	8
15990	13	8	7	1	94	8
15991	15	2	2	2	208	1
15992	16	4	2	1	165	3
15993	21	6	3	1	129	6
15994	15	3	2	1	158	1
15995	16	4	2	1	165	2
15996	17	1	1	1	200	2
15997	18	5	1	1	112	9
15998	19	5	3	1	121	6
15999	6	9	1	1	192	5
16000	7	8	2	1	160	4
16001	8	7	3	2	123	3
16002	9	8	3	1	96	2
16003	11	9	4	1	151	8
16004	12	3	2	3	158	1
16005	13	2	2	2	208	2
16006	14	5	2	1	145	3
16007	15	5	3	2	122	1
16008	16	5	1	1	112	4
16009	17	4	2	1	165	7
16010	15	5	3	1	122	6
16011	16	5	1	1	112	9
16012	13	1	1	1	200	2
16013	14	3	3	1	66	4
16014	16	1	3	1	141	7
16015	18	5	2	1	145	3
16016	22	4	3	1	159	1
16017	23	5	3	1	122	5
16018	27	5	6	1	78	1
16019	12	2	2	4	208	1
16020	13	3	2	1	158	2
16021	16	5	2	1	145	5
16022	19	6	2	1	122	7
16023	25	5	6	2	79	1
16024	26	5	7	1	64	3
16025	27	9	7	1	171	4
16026	30	7	8	1	85	6
16027	25	5	6	1	79	3
16028	26	5	7	1	64	1
16029	12	3	2	2	158	2
16030	13	4	2	1	166	7
16031	12	3	2	1	158	3
16032	8	8	3	1	96	3
16033	9	7	3	1	123	2
16034	10	3	2	3	159	1
16035	11	2	2	2	208	2
16036	12	1	1	2	200	4
16037	13	1	3	1	141	6
16038	12	3	3	1	66	4
16039	11	1	1	1	200	2
16040	12	3	3	1	67	4
16041	14	2	2	1	208	5
16042	16	4	3	2	159	1
16043	17	4	2	1	167	2
16044	18	6	2	1	122	7
16045	20	7	4	1	143	5
16046	23	5	1	1	113	8
16047	28	5	7	1	65	4
16048	16	4	3	1	159	6
16049	10	7	4	3	143	1
16050	11	6	2	1	122	3
16051	12	4	3	1	160	5
16052	10	2	2	4	208	1
16053	11	4	3	1	161	1
16054	14	5	2	1	145	5
16055	17	1	1	1	200	4
16056	23	5	6	2	79	1
16057	24	5	7	1	66	3
16058	25	9	7	3	171	1
16059	26	7	6	1	104	4
16060	25	3	4	2	69	1
16061	26	3	9	1	62	9
16062	25	3	4	1	69	3
16063	26	2	1	1	76	3
16064	23	5	6	1	79	3
16065	24	5	7	1	66	1
16066	29	1	4	1	33	3
16067	10	3	2	2	159	2
16068	11	4	3	1	161	5
16069	10	3	2	1	159	3
16070	4	8	3	1	96	9
16071	5	7	2	1	132	8
16072	8	7	3	1	123	4
16073	9	7	4	2	143	1
16074	10	6	2	1	122	5
16075	11	9	1	2	192	2
16076	11	9	1	1	193	3
16077	9	7	4	1	143	3
16078	10	6	2	1	122	7
16079	3	7	2	1	132	9
16080	4	1	2	2	251	8
16081	5	9	3	2	159	5
16082	6	8	3	1	96	8
16083	8	7	4	2	143	1
16084	9	6	2	1	123	5
16085	10	9	1	2	194	2
16086	11	8	2	1	160	3
16087	12	9	7	2	171	1
16088	13	9	4	1	151	8
16089	14	8	7	1	94	6
16090	15	4	2	2	167	7
16091	16	3	2	2	160	1
16092	17	4	3	1	162	6
16093	16	3	2	1	160	4
16094	17	4	3	1	163	3
16095	15	5	2	1	145	7
16096	16	3	2	2	160	1
16097	17	4	3	2	164	1
16098	18	4	2	1	167	2
16099	17	4	3	1	164	3
16100	16	3	2	1	160	2
16101	12	9	7	1	171	3
16102	10	9	1	1	194	3
16103	11	8	2	1	160	2
16104	12	9	4	2	151	8
16105	12	7	5	1	98	8
16106	13	6	6	1	74	1
16107	15	1	1	1	200	5
16108	16	2	2	2	208	1
16109	16	2	2	1	209	4
16110	17	5	3	1	122	1
16111	8	7	4	1	143	3
16112	9	6	2	1	123	7
16113	10	9	1	2	194	2
16114	11	8	2	1	160	3
16115	12	9	6	2	101	1
16116	13	9	5	1	89	4
16117	14	9	4	1	152	8
16118	16	8	7	1	94	6
16119	17	6	7	1	63	2
16120	20	6	3	1	130	3
16121	23	5	1	1	113	5
16122	12	9	6	1	101	4
16123	13	9	5	1	89	1
16124	16	8	7	1	94	6
16125	17	6	7	1	63	2
16126	20	6	3	1	130	3
16127	23	5	1	1	114	5
16128	10	9	1	1	194	3
16129	11	8	2	1	160	2
16130	12	2	2	2	209	5
16131	13	3	2	2	161	1
16132	14	4	2	1	168	3
16133	13	3	2	1	161	3
16134	12	1	1	1	200	5
16135	13	2	2	2	209	1
16136	13	2	2	1	210	4
16137	14	4	3	1	165	2
16138	16	3	2	2	162	1
16139	16	3	2	1	163	3
16140	5	9	3	1	159	8
16141	6	9	1	2	194	3
16142	7	8	2	1	160	5
16143	8	7	3	2	123	4
16144	9	6	2	1	123	7
16145	12	4	3	2	165	1
16146	13	2	2	2	210	4
16147	14	3	2	1	164	1
16148	17	5	2	1	145	3
16149	24	4	5	1	75	3
16150	30	5	7	1	66	1
16151	31	6	6	2	74	1
16152	31	6	6	1	75	6
16153	32	4	4	1	30	5
16154	13	1	1	1	200	4
16155	14	6	3	1	130	3
16156	12	4	3	1	165	3
16157	13	4	2	1	169	4
16158	8	8	3	1	96	4
16159	9	7	3	1	123	2
16160	10	7	4	2	143	1
16161	11	6	2	1	123	3
16162	12	3	2	2	164	1
16163	13	3	3	1	67	3
16164	14	4	3	2	165	1
16165	15	4	2	1	170	2
16166	14	4	3	1	165	6
16167	15	4	2	1	171	7
16168	12	3	2	1	164	2
16169	10	7	4	1	143	5
16170	11	6	2	1	123	7
16171	12	4	3	2	165	1
16172	13	2	2	2	210	4
16173	14	3	2	1	165	1
16174	17	5	4	1	107	4
16175	24	4	5	1	75	3
16176	30	5	7	1	66	1
16177	31	5	5	1	74	5
16178	32	2	6	1	48	5
16179	13	1	1	1	200	4
16180	14	2	2	2	210	1
16181	15	4	2	1	172	4
16182	18	5	2	1	145	2
16183	19	9	4	2	152	7
16184	20	8	7	1	94	8
16185	19	9	4	1	152	9
16186	20	8	7	1	95	9
16187	14	3	2	1	165	1
16188	12	4	3	1	165	3
16189	13	1	1	1	200	4
16190	18	5	2	1	145	2
16191	6	9	1	1	194	5
16192	7	8	2	1	160	3
16193	8	7	3	2	123	4
16194	9	8	3	1	96	2
16195	11	9	4	1	152	9
16196	12	7	4	2	143	1
16197	13	6	2	1	123	5
16198	14	3	2	2	166	1
16199	15	2	2	2	210	4
16200	16	4	3	2	165	1
16201	16	4	3	1	166	6
16202	17	1	3	1	142	7
16203	15	1	1	1	200	4
16204	14	3	2	1	166	4
16205	15	4	3	1	166	3
16206	17	5	2	1	146	2
16207	12	7	4	1	143	3
16208	13	6	2	1	123	7
16209	15	4	3	2	166	1
16210	16	3	2	2	166	1
16211	17	4	2	1	172	2
16212	18	2	2	2	210	4
16213	18	2	2	1	211	5
16214	16	3	2	1	166	4
16215	17	4	2	1	172	5
16216	15	4	3	1	166	3
16217	16	1	1	1	201	3
16218	17	4	2	1	173	5
16219	8	8	3	1	96	4
16220	9	7	3	1	123	2
16221	10	3	2	3	166	1
16222	11	2	2	2	212	4
16223	12	4	3	2	166	1
16224	13	4	2	1	174	2
16225	15	6	2	1	123	7
16226	12	4	3	1	166	6
16227	13	4	2	1	174	7
16228	11	1	1	1	201	4
16229	12	5	1	1	115	9
16230	16	2	2	1	212	5
16231	21	4	2	1	175	2
16232	23	5	4	1	107	3
16233	26	3	1	1	77	6
16234	30	5	7	1	66	2
16235	10	3	2	2	166	2
16236	10	3	2	1	167	4
16237	11	4	3	2	166	1
16238	12	5	2	1	147	2
16239	16	5	3	1	123	6
16240	11	4	3	1	166	3
16241	12	4	2	1	175	7
16242	4	1	1	1	201	8
16243	5	1	3	1	143	9
16244	7	1	2	2	251	5
16245	8	9	3	2	159	5
16246	9	7	3	1	123	4
16247	11	4	3	1	166	3
16248	8	9	3	1	159	8
16249	9	8	2	1	160	3
16250	11	5	2	1	147	2
16251	13	6	2	1	124	8
16252	7	1	2	1	251	7
16253	8	9	3	2	159	5
16254	9	7	3	1	123	4
16255	11	6	2	1	125	5
16256	14	4	3	2	167	1
16257	14	4	3	1	168	2
16258	15	5	3	1	124	1
16259	8	9	3	1	159	8
16260	9	9	1	2	194	3
16261	10	4	3	1	168	1
16262	9	9	1	1	194	5
16263	10	3	2	1	167	2
16264	12	4	3	1	169	3
16265	1	8	1	2	155	2
16266	2	7	1	1	81	8
16267	3	1	2	2	251	9
16268	4	9	3	2	159	9
16269	5	9	1	2	194	4
16270	6	8	2	1	160	5
16271	7	4	2	2	176	8
16272	8	7	3	2	123	1
16273	9	9	4	2	152	7
16274	10	7	2	2	132	7
16275	11	8	3	1	96	3
16276	13	9	7	3	172	1
16277	13	8	8	2	61	1
16278	13	8	8	1	62	6
16279	14	8	9	1	48	1
16280	15	9	7	2	173	2
16281	15	9	7	1	174	3
16282	10	8	3	1	96	7
16283	11	7	2	1	132	3
16284	9	9	4	1	152	8
16285	8	7	3	1	123	3
16286	9	8	3	1	96	1
16287	12	9	4	1	153	7
16288	15	9	7	1	175	2
16289	7	6	2	1	125	8
16290	8	7	3	2	123	1
16291	9	7	4	1	143	7
16292	10	7	2	1	133	3
16293	8	8	3	1	96	1
16294	9	8	7	1	96	7
16295	10	9	4	1	153	7
16296	11	7	4	2	143	1
16297	11	7	4	1	144	5
16298	12	7	3	1	123	3
16299	14	4	3	1	170	2
16300	15	3	2	2	167	1
16301	16	4	2	1	176	3
16302	18	3	3	1	67	4
16303	22	1	1	1	201	5
16304	26	4	5	1	75	4
16305	15	3	2	1	167	2
16306	16	4	2	1	176	4
16307	17	2	2	2	212	1
16308	18	5	2	1	147	3
16309	21	5	4	1	107	2
16310	17	2	2	1	212	3
16311	5	9	1	1	194	5
16312	6	8	2	1	160	4
16313	7	4	2	2	176	8
16314	8	7	3	2	123	1
16315	9	9	4	2	153	7
16316	10	7	2	2	134	7
16317	11	8	3	1	96	3
16318	13	3	2	3	167	1
16319	14	4	3	1	170	7
16320	13	8	8	2	62	1
16321	14	8	9	1	48	6
16322	15	4	3	2	171	5
16323	15	4	3	1	172	6
16324	16	3	2	1	167	2
16325	17	2	2	2	213	1
16326	18	3	9	1	63	9
16327	19	7	8	1	86	9
16328	22	3	7	1	48	8
16329	24	2	3	1	92	8
16330	17	1	1	1	201	1
16331	18	2	2	1	213	3
16332	13	8	8	1	62	6
16333	14	8	9	1	48	1
16334	15	3	2	2	167	2
16335	16	4	3	1	172	6
16336	17	2	2	2	214	1
16337	18	5	2	2	147	3
16338	19	5	1	1	115	7
16339	25	1	1	1	201	4
16340	27	3	4	2	69	1
16341	28	3	9	1	63	9
16342	29	7	8	1	86	9
16343	27	3	4	1	69	3
16344	28	3	1	1	77	6
16345	30	5	6	2	79	1
16346	31	1	4	1	34	1
16347	33	9	6	1	101	2
16348	30	5	6	1	79	2
16349	31	9	6	1	102	1
16350	18	5	2	1	147	5
16351	19	7	4	1	144	2
16352	23	5	1	1	115	7
16353	27	5	5	1	74	8
16354	31	5	8	1	58	4
16355	17	5	2	1	147	1
16356	18	5	1	1	115	3
16357	15	3	2	1	167	3
16358	10	8	3	1	96	7
16359	11	7	2	1	134	3
16360	13	5	4	1	108	1
16361	15	3	2	1	168	2
16362	9	9	4	1	153	8
16363	10	8	7	1	96	8
16364	11	7	2	2	134	7
16365	11	8	3	1	96	7
16366	12	7	2	1	135	3
16367	8	7	3	1	123	3
16368	9	8	7	1	96	8
16369	12	9	4	1	153	8
16370	15	3	2	2	169	1
16371	16	4	3	1	172	7
16372	15	3	2	1	169	2
16373	16	4	3	1	173	6
16374	17	2	2	2	214	1
16375	18	5	3	1	125	4
16376	22	5	4	1	108	5
16377	25	9	7	3	176	1
16378	26	5	8	1	59	8
16379	27	5	7	1	67	6
16380	28	7	9	1	66	6
16381	29	7	8	1	87	9
16382	30	7	5	1	98	1
16383	25	9	7	2	176	3
16384	25	9	7	1	177	4
16385	26	7	9	1	66	9
16386	17	2	2	1	214	3
16387	7	6	2	1	125	8
16388	8	7	3	2	123	1
16389	9	7	4	1	144	7
16390	10	8	3	1	96	7
16391	15	5	3	1	125	4
16392	8	8	3	1	96	1
16393	9	8	7	1	96	8
16394	10	9	4	1	153	8
16395	11	7	4	2	144	1
16396	11	7	4	1	145	5
16397	12	7	3	1	123	3
16398	14	3	2	2	169	1
16399	15	4	2	2	176	3
16400	16	4	3	1	173	2
16401	18	5	3	1	126	4
16402	22	5	4	1	108	1
16403	15	4	2	1	176	5
16404	16	4	3	1	173	4
16405	14	3	2	1	169	3
16406	4	8	3	1	96	9
16407	5	9	4	1	153	9
16408	6	8	2	2	160	1
16409	7	8	7	1	96	7
16410	6	7	3	1	123	1
16411	7	4	2	2	176	8
16412	8	9	3	2	159	7
16413	9	7	2	1	136	5
16414	10	9	1	2	194	3
16415	11	8	2	1	160	4
16416	10	9	1	1	194	4
16417	11	8	2	1	161	3
16418	12	4	3	2	174	4
16419	13	6	2	1	125	7
16420	16	2	2	1	215	1
16421	12	4	3	1	174	6
16422	13	3	2	1	170	2
16423	14	2	6	1	49	9
16424	15	2	2	2	216	7
16425	16	7	4	1	145	3
16426	15	1	1	1	201	7
16427	16	2	2	1	216	1
16428	8	7	2	1	136	7
16429	9	9	3	2	159	4
16430	9	9	3	1	160	5
16431	7	6	2	1	125	8
16432	8	7	2	1	136	5
16433	11	8	7	1	97	7
16434	12	9	1	2	194	3
16435	13	9	7	1	177	4
16436	12	9	1	1	194	4
16437	13	9	7	1	178	5
16438	15	9	6	2	103	1
16439	16	2	6	1	49	9
16440	18	2	2	2	217	7
16441	19	4	2	1	176	4
16442	22	4	3	1	174	2
16443	26	6	3	1	131	3
16444	18	2	5	1	59	7
16445	19	3	9	1	63	7
16446	20	1	1	1	201	7
16447	22	2	2	1	217	1
16448	25	4	4	1	31	8
16449	15	9	6	1	103	3
16450	16	2	6	1	49	9
16451	18	2	2	2	217	7
16452	19	1	1	1	201	1
16453	22	2	5	1	59	8
16454	18	2	5	1	60	7
16455	19	3	9	1	63	7
16456	20	1	1	1	201	7
16457	22	2	2	1	217	1
16458	25	1	8	1	45	1
16459	3	7	2	1	136	9
16460	4	9	1	2	194	3
16461	5	8	2	2	161	1
16462	6	9	3	1	161	4
16463	7	7	3	2	123	7
16464	8	6	2	1	125	8
16465	11	1	2	2	251	5
16466	12	2	2	2	217	7
16467	13	1	1	1	201	1
16468	12	1	1	1	202	7
16469	13	2	2	1	217	2
16470	15	4	3	2	174	1
16471	16	5	3	1	126	2
16472	21	6	3	1	132	3
16473	23	9	7	3	178	1
16474	23	3	1	2	77	1
16475	24	9	7	1	179	2
16476	23	3	1	1	77	4
16477	24	9	7	1	180	2
16478	15	4	3	1	174	3
16479	11	1	2	1	251	7
16480	12	2	2	2	217	5
16481	13	1	1	2	202	1
16482	13	1	1	1	203	4
16483	14	1	3	1	143	9
16484	15	2	3	1	93	8
16485	16	4	3	2	175	1
16486	17	4	2	2	176	4
16487	18	5	1	1	116	5
16488	17	5	2	1	147	4
16489	18	3	2	1	170	2
16490	16	4	3	1	175	2
16491	17	5	2	1	147	3
16492	21	6	3	1	132	1
16493	25	9	7	3	181	1
16494	25	5	6	2	79	1
16495	26	9	5	1	89	2
16496	25	5	6	1	79	2
16497	12	1	1	1	203	5
16498	13	2	2	2	217	3
16499	14	1	3	1	143	8
16500	13	2	2	1	217	4
16501	14	1	3	1	144	9
16502	15	2	3	1	93	8
16503	16	4	2	2	176	5
16504	17	3	2	2	171	3
16505	17	3	3	1	67	3
16506	16	5	2	1	147	5
16507	17	3	3	1	68	3
16508	21	4	3	1	175	1
16509	7	8	3	1	96	7
16510	8	7	3	1	123	5
16511	9	9	4	2	153	7
16512	9	7	5	1	99	7
16513	10	9	7	3	182	1
16514	11	7	6	1	105	1
16515	13	6	6	1	75	2
16516	16	4	2	1	176	8
16517	10	6	6	2	75	1
16518	11	9	4	1	154	8
16519	14	8	7	1	97	8
16520	15	9	7	2	182	2
16521	16	9	6	1	103	5
16522	18	4	2	2	177	8
16523	19	6	2	1	125	7
16524	21	6	7	1	63	3
16525	18	6	2	1	125	8
16526	19	7	4	1	146	3
16527	20	6	7	1	64	4
16528	22	7	9	1	67	4
16529	26	6	3	1	132	3
16530	15	9	7	1	182	5
16531	10	6	6	1	75	2
16532	11	5	5	1	74	9
16533	12	7	6	2	105	1
16534	12	7	6	1	106	3
16535	13	8	7	1	97	8
16536	16	9	7	1	183	2
16537	18	1	2	2	251	5
16538	19	1	1	1	203	7
16539	18	1	2	1	251	8
16540	19	6	3	1	133	8
16541	21	5	8	1	59	8
16542	5	8	2	1	161	4
16543	6	9	3	1	161	7
16544	7	7	3	2	123	1
16545	8	8	3	1	96	5
16546	9	1	2	3	251	5
16547	10	3	1	2	77	1
16548	11	5	2	1	147	1
16549	10	3	1	1	77	4
16550	11	2	1	1	77	1
16551	12	5	2	1	148	1
16552	13	6	3	1	133	2
16553	9	1	2	2	251	7
16554	10	3	1	2	77	1
16555	11	2	1	1	77	6
16556	13	2	2	2	217	3
16557	14	1	1	1	204	5
16558	20	5	4	1	109	7
16559	21	6	2	1	125	5
16560	26	4	2	1	177	8
16561	27	9	4	2	154	8
16562	28	9	7	3	183	1
16563	28	9	7	2	184	2
16564	29	5	8	1	60	8
16565	31	6	5	1	48	8
16566	33	2	6	1	49	8
16567	36	6	6	1	75	4
16568	28	9	7	1	184	5
16569	29	5	8	1	60	8
16570	31	6	5	1	48	8
16571	33	2	6	1	49	8
16572	27	9	4	1	154	9
16573	28	9	7	1	184	2
16574	13	2	2	1	217	5
16575	14	1	1	1	204	4
16576	21	6	2	1	125	3
16577	27	4	5	2	76	1
16578	28	2	6	1	50	9
16579	27	4	5	1	76	2
16580	10	3	1	1	77	6
16581	11	2	1	1	77	1
16582	12	5	2	1	148	1
16583	13	3	2	1	172	2
16584	14	6	3	1	134	2
16585	15	5	4	1	109	7
16586	16	4	3	1	176	6
16587	17	4	2	1	177	8
16588	18	2	2	2	217	3
16589	19	1	1	1	204	5
16590	25	9	4	2	154	8
16591	26	9	7	3	185	1
16592	26	9	7	2	186	2
16593	27	8	7	1	97	8
16594	29	6	5	1	48	8
16595	31	6	8	1	51	3
16596	26	9	7	1	186	5
16597	27	8	7	1	97	8
16598	29	6	5	1	48	8
16599	31	6	8	1	52	6
16600	25	9	4	1	154	9
16601	26	9	7	1	186	2
16602	18	2	2	1	217	5
16603	19	1	1	1	204	4
16604	27	6	7	2	64	1
16605	28	9	4	2	154	8
16606	28	9	4	1	155	9
16607	29	9	5	1	90	4
16608	27	6	7	1	64	4
16609	28	7	8	1	87	7
16610	9	1	2	1	251	8
16611	10	3	1	2	77	1
16612	11	2	1	1	77	7
16613	13	4	2	1	177	7
16614	15	2	2	1	217	2
16615	19	1	1	1	204	4
16616	26	5	4	1	109	5
16617	27	4	5	2	77	1
16618	28	6	6	1	76	2
16619	29	6	8	1	53	1
16620	27	4	5	1	77	3
16621	28	5	6	1	80	2
16622	30	6	6	1	76	1
16623	10	3	1	1	77	7
16624	11	2	1	1	77	1
16625	12	5	2	1	148	1
16626	13	4	2	1	177	7
16627	15	2	2	1	217	2
16628	19	1	1	1	204	4
16629	25	6	3	1	134	4
16630	27	6	6	2	77	1
16631	28	6	8	1	54	2
16632	27	6	6	1	77	2
16633	28	6	8	1	55	1
16634	7	7	3	1	123	5
16635	8	8	3	1	96	1
16636	9	1	2	3	251	5
16637	10	3	1	2	77	1
16638	11	2	1	1	77	4
16639	10	3	1	1	77	4
16640	11	2	1	1	78	1
16641	12	5	2	1	148	1
16642	9	1	2	2	251	7
16643	10	6	2	1	125	8
16644	12	2	1	2	78	1
16645	13	4	2	1	177	5
16646	16	5	3	1	126	6
16647	12	2	1	1	78	6
16648	13	3	1	1	77	1
16649	15	5	2	1	149	1
16650	18	5	1	1	117	7
16651	9	1	2	1	251	8
16652	10	6	2	1	125	7
16653	12	2	1	2	78	1
16654	13	3	1	1	77	7
16655	12	2	1	1	78	7
16656	13	3	1	1	78	1
16657	14	5	2	1	149	1
16658	4	9	1	1	194	4
16659	5	8	2	2	161	1
16660	6	9	3	1	161	5
16661	5	8	2	1	161	3
16662	6	9	3	1	162	7
16663	7	7	3	2	123	1
16664	8	8	3	1	96	5
16665	9	1	2	3	251	4
16666	10	2	1	2	78	1
16667	11	3	1	1	78	3
16668	13	1	1	1	204	7
16669	16	5	3	1	127	4
16670	19	4	2	2	177	7
16671	20	6	2	1	125	8
16672	24	5	4	1	109	6
16673	25	3	8	2	53	1
16674	26	8	8	1	62	7
16675	27	8	9	1	48	1
16676	29	9	4	1	155	8
16677	30	5	5	1	74	8
16678	32	7	5	1	99	3
16679	38	5	7	1	67	3
16680	25	3	8	1	53	2
16681	26	3	9	1	63	9
16682	27	3	4	2	69	1
16683	28	9	4	2	155	8
16684	29	8	7	1	97	8
16685	28	9	4	1	155	9
16686	27	3	4	1	69	4
16687	19	4	2	1	177	8
16688	20	6	2	1	125	7
16689	24	5	4	1	109	7
16690	25	3	8	2	53	1
16691	25	3	8	1	54	2
16692	10	2	1	1	78	3
16693	11	3	1	1	78	1
16694	12	5	2	1	150	1
16695	14	1	1	1	204	7
16696	18	1	3	1	144	9
16697	19	4	2	2	177	7
16698	20	6	2	1	125	8
16699	24	5	4	1	109	6
16700	25	9	4	2	156	8
16701	26	5	5	1	74	8
16702	27	3	7	1	48	9
16703	29	8	7	1	98	8
16704	30	8	8	2	62	1
16705	31	5	8	1	60	7
16706	30	8	8	1	62	7
16707	31	6	6	1	77	5
16708	34	8	4	1	35	4
16709	25	9	4	1	156	9
16710	19	4	2	1	177	8
16711	20	6	2	1	125	7
16712	24	5	4	1	109	7
16713	25	9	4	2	157	8
16714	26	9	7	4	187	1
16715	26	4	5	3	77	1
16716	27	8	7	1	98	8
16717	26	9	7	3	188	2
16718	26	9	7	2	189	3
16719	26	9	7	1	190	5
16720	27	8	7	1	99	8
16721	25	9	4	1	157	9
16722	9	1	2	2	251	7
16723	10	2	1	2	78	1
16724	11	3	1	1	78	6
16725	13	2	2	2	217	4
16726	14	1	1	1	204	5
16727	19	4	2	1	177	8
16728	22	7	4	1	146	4
16729	27	3	4	1	70	1
16730	28	3	9	1	63	9
16731	13	2	2	1	217	5
16732	14	1	1	1	204	3
16733	17	6	3	1	134	3
16734	10	2	1	1	78	6
16735	11	3	1	1	78	1
16736	12	5	2	1	150	1
16737	13	3	2	1	172	2
16738	14	2	2	2	217	4
16739	15	1	1	1	204	5
16740	19	5	3	1	127	2
16741	25	5	1	1	118	3
16742	14	2	2	1	217	5
16743	15	1	1	1	204	3
16744	20	5	3	1	127	6
16745	9	1	2	1	251	8
16746	10	6	3	2	135	8
16747	11	5	4	1	109	1
16748	12	2	3	1	93	9
16749	10	5	3	1	128	8
16750	11	5	2	1	150	1
16751	13	2	2	2	217	2
16752	14	4	2	1	177	7
16753	15	1	1	2	204	1
16754	16	1	3	1	144	3
16755	15	1	1	1	204	7
16756	16	1	3	1	145	9
16757	13	3	2	1	172	2
16758	14	6	2	1	125	7
16759	15	7	4	1	146	6
16760	16	8	7	1	100	9
16761	7	7	3	1	123	5
16762	8	8	3	1	96	1
16763	10	9	4	1	158	9
16764	11	1	2	3	251	4
16765	12	2	1	2	78	1
16766	13	5	2	1	150	1
16767	15	2	2	1	217	2
16768	18	5	1	1	119	5
16769	23	4	2	2	177	7
16770	24	7	4	1	146	3
16771	28	5	4	1	109	6
16772	29	9	7	2	190	2
16773	29	9	7	1	191	3
16774	30	5	7	1	68	2
16775	31	5	6	1	80	3
16776	32	1	5	1	59	3
16777	33	2	7	1	51	7
16778	23	4	2	1	177	8
16779	24	7	4	1	146	2
16780	28	5	4	1	109	7
16781	29	9	7	3	191	1
16782	30	3	4	2	70	1
16783	31	3	8	1	55	2
16784	32	9	8	1	47	8
16785	34	7	6	2	106	1
16786	35	7	5	1	99	4
16787	36	9	6	2	103	5
16788	37	9	5	1	91	3
16789	36	9	5	1	92	5
16790	37	9	6	1	103	3
16791	34	7	6	1	106	4
16792	35	7	5	1	99	1
16793	30	3	4	1	70	4
16794	31	2	3	1	94	8
16795	32	5	6	1	80	3
16796	35	3	8	1	55	1
16797	29	9	7	2	191	3
16798	30	7	6	2	106	1
16799	30	7	6	1	107	3
16800	31	5	9	1	35	3
16801	32	5	7	1	68	2
16802	33	4	5	1	77	1
16803	38	3	3	1	68	6
16804	29	9	7	1	191	5
16805	12	2	1	1	78	3
16806	13	3	1	1	78	1
16807	14	5	2	1	150	1
16808	16	1	1	1	204	7
16809	20	1	3	1	146	9
16810	21	3	9	1	64	9
16811	22	2	6	1	51	9
16812	23	4	2	2	177	7
16813	24	7	4	1	146	3
16814	28	5	4	1	109	6
16815	29	9	7	2	192	2
16816	29	9	7	1	193	3
16817	30	5	7	1	68	2
16818	31	5	6	1	80	3
16819	32	4	5	1	77	1
16820	33	9	5	1	92	5
16821	35	7	6	1	107	2
16822	36	7	5	1	100	4
16823	37	7	7	2	67	1
16824	38	2	3	2	94	8
16825	39	3	3	1	69	6
16826	38	2	5	1	60	8
16827	39	3	3	1	70	8
16828	37	7	7	1	67	6
16829	23	4	2	1	177	8
16830	24	7	4	1	146	2
16831	28	5	4	1	109	7
16832	29	9	7	3	193	1
16833	30	4	5	2	77	1
16834	31	7	6	1	107	1
16835	33	2	8	1	44	1
16836	34	1	4	1	34	1
16837	36	2	5	1	60	7
16838	30	4	5	1	77	2
16839	31	2	3	1	94	8
16840	36	3	3	1	71	6
16841	29	4	5	2	77	1
16842	30	9	6	1	104	1
16843	31	9	7	2	193	3
16844	32	9	5	1	92	5
16845	34	3	4	1	70	3
16846	31	9	7	1	193	5
16847	29	4	5	1	77	2
16848	30	3	4	1	71	3
16849	35	5	7	1	68	2
16850	39	7	6	1	107	4
16851	11	1	2	2	251	7
16852	12	7	4	1	146	3
16853	14	3	2	2	172	1
16854	14	3	2	1	173	2
16855	15	2	2	2	217	5
16856	16	5	2	1	150	1
16857	19	5	3	1	128	6
16858	15	1	1	1	204	5
16859	16	4	2	1	177	4
16860	11	1	2	1	251	8
16861	12	7	4	1	146	2
16862	14	3	2	2	173	1
16863	15	6	3	1	135	8
16864	17	2	3	1	94	6
16865	14	3	2	1	173	2
16866	15	2	2	2	217	1
16867	16	5	4	1	109	1
16868	15	5	2	1	150	1
16869	16	2	2	2	217	4
16870	16	2	2	1	218	5
16871	17	5	1	1	119	9
16872	1	8	1	1	155	3
16873	2	7	1	1	81	9
16874	3	4	2	2	178	9
16875	4	8	2	4	161	1
16876	5	9	1	2	194	4
16877	6	9	3	1	162	5
16878	5	9	1	1	194	7
16879	6	9	3	1	163	8
16880	7	9	4	1	158	9
16881	8	8	7	1	101	9
16882	10	6	5	1	48	9
16883	11	2	3	2	95	9
16884	12	1	2	2	251	8
16885	13	1	1	2	204	1
16886	14	2	2	2	218	5
16887	15	3	2	1	173	7
16888	14	7	2	1	136	5
16889	15	2	2	1	218	4
16890	18	3	2	1	174	3
16891	24	5	1	1	120	5
16892	29	7	6	2	108	1
16893	30	7	5	1	100	2
16894	29	7	6	1	108	2
16895	30	7	5	1	101	1
16896	13	3	3	1	72	1
16897	14	4	3	2	176	7
16898	14	6	2	1	125	7
16899	15	1	3	1	146	7
16900	16	5	4	2	110	1
16901	17	2	2	2	218	3
16902	18	3	2	1	174	5
16903	23	5	1	1	120	8
16904	26	4	1	2	40	1
16905	27	6	1	1	31	5
16906	28	7	4	2	146	2
16907	29	7	3	1	123	5
16908	31	7	5	2	102	1
16909	32	7	8	1	88	7
16910	31	7	5	1	102	3
16911	32	7	8	1	89	7
16912	28	7	4	1	146	5
16913	29	7	3	1	123	2
16914	31	7	5	2	102	1
16915	32	7	9	1	67	6
16916	34	7	6	1	108	7
16917	37	6	8	1	56	6
16918	31	7	5	1	102	3
16919	26	4	1	1	40	5
16920	27	6	1	1	31	1
16921	28	7	4	2	146	2
16922	29	7	3	1	123	5
16923	31	7	6	2	108	1
16924	32	7	9	1	67	8
16925	31	7	6	1	108	3
16926	32	7	9	1	68	6
16927	28	7	4	1	146	5
16928	29	7	3	1	123	2
16929	17	3	2	1	174	3
16930	18	4	3	1	177	6
16931	16	5	4	1	110	2
16932	17	2	2	1	218	2
16933	12	3	2	1	174	8
16934	13	4	3	1	178	1
16935	14	6	2	1	125	7
16936	15	1	2	2	251	3
16937	16	2	1	2	78	1
16938	17	3	1	1	78	2
16939	16	2	1	1	78	2
16940	17	3	1	1	79	1
16941	15	1	2	1	251	5
16942	16	7	2	1	136	4
16943	17	6	3	1	135	3
16944	19	5	2	1	150	2
16945	11	2	6	1	51	9
16946	12	2	2	2	219	8
16947	13	1	3	1	146	9
16948	15	1	2	1	251	7
16949	17	3	2	1	174	2
16950	12	2	5	1	61	8
16951	13	8	6	1	29	8
16952	14	1	2	2	251	8
16953	15	1	1	2	204	1
16954	16	3	3	1	72	9
16955	18	2	3	1	95	7
16956	19	4	3	1	178	6
16957	21	2	2	1	219	4
16958	24	5	9	1	35	8
16959	30	7	9	1	69	6
16960	15	3	3	1	72	1
16961	16	1	3	1	146	9
16962	19	5	4	2	110	1
16963	20	2	3	1	95	7
16964	22	6	2	1	125	7
16965	26	2	7	1	52	6
16966	19	5	4	1	110	2
16967	20	7	2	1	136	5
16968	14	3	2	1	175	8
16969	15	4	3	1	178	1
16970	16	6	2	1	125	7
16971	17	1	2	2	251	3
16972	18	3	1	2	80	1
16973	19	2	1	1	78	2
16974	20	1	3	1	146	9
16975	22	5	4	1	110	1
16976	27	4	5	1	77	2
16977	18	3	1	1	80	2
16978	19	2	1	1	78	1
16979	22	5	4	1	110	1
16980	17	1	2	1	251	5
16981	18	7	2	1	137	4
16982	19	5	4	1	111	1
16983	21	2	2	1	219	3
16984	4	1	2	4	251	3
16985	5	3	1	2	80	1
16986	6	5	2	1	151	1
16987	8	9	3	1	163	7
16988	10	3	2	1	175	7
16989	15	2	2	1	220	5
16990	17	6	3	1	135	3
16991	5	3	1	1	80	2
16992	6	2	1	1	78	1
16993	8	5	2	1	151	1
16994	12	3	2	1	175	7
16995	16	7	2	1	137	8
16996	4	1	2	3	251	5
16997	5	9	3	1	163	7
16998	6	8	2	1	161	2
16999	8	7	3	2	124	1
17000	9	3	1	2	80	1
17001	10	2	1	1	78	4
17002	12	7	2	1	138	8
17003	15	5	3	1	129	5
17004	9	3	1	1	80	4
17005	10	2	1	1	78	1
17006	11	5	2	1	151	1
17007	13	7	2	1	138	8
17008	8	7	3	1	124	4
17009	9	7	2	1	139	8
17010	14	1	1	1	204	7
17011	4	1	2	2	251	7
17012	5	7	3	2	124	1
17013	6	9	7	5	194	1
17014	7	3	2	5	175	1
17015	8	4	3	1	178	8
17016	7	2	2	6	220	1
17017	8	7	2	2	139	8
17018	9	9	3	1	163	7
17019	10	8	3	1	96	4
17020	8	6	2	1	125	8
17021	9	7	4	1	146	7
17022	11	1	3	1	146	9
17023	7	9	3	3	163	5
17024	7	9	3	2	164	7
17025	8	9	1	2	194	2
17026	9	5	2	1	151	1
17027	12	6	3	1	136	2
17028	16	4	3	1	179	6
17029	8	9	1	1	194	5
17030	9	5	2	1	151	1
17031	7	9	3	1	164	8
17032	6	3	2	5	175	1
17033	7	9	3	1	165	7
17034	6	2	2	6	220	1
17035	7	9	3	1	166	7
17036	8	9	1	2	194	2
17037	8	9	1	1	195	5
17038	6	9	3	3	166	5
17039	6	9	3	2	167	7
17040	7	9	1	2	196	2
17041	8	2	2	1	220	2
17042	11	7	2	1	139	8
17043	7	9	1	1	196	5
17044	8	5	2	1	152	1
17045	10	3	1	2	80	1
17046	11	2	1	1	78	6
17047	12	8	3	1	97	4
17048	14	2	2	2	220	3
17049	14	2	2	1	221	5
17050	15	1	1	1	205	4
17051	10	3	1	1	80	6
17052	11	2	1	1	78	1
17053	12	2	2	2	221	3
17054	13	7	2	1	140	8
17055	12	2	2	1	221	5
17056	13	7	2	1	141	8
17057	20	6	2	1	125	4
17058	6	9	3	1	167	8
17059	5	8	3	1	97	1
17060	6	9	3	1	168	7
17061	7	7	2	1	141	8
17062	8	7	3	1	124	4
17063	9	6	2	1	126	5
17064	11	9	1	1	196	5
17065	13	8	7	1	101	9
17066	14	9	4	1	158	9
17067	16	6	5	1	48	9
17068	17	3	2	2	175	1
17069	17	3	2	1	176	3
17070	18	4	3	1	180	6
17071	19	3	3	1	72	2
17072	4	1	2	1	251	8
17073	5	9	3	2	168	8
17074	5	8	3	1	97	8
17075	6	9	3	1	169	7
17076	8	7	2	1	141	4
17077	9	5	4	2	111	1
17078	10	9	4	1	158	8
17079	14	7	4	1	146	6
17080	9	5	4	1	111	2
17081	10	6	3	1	136	2
17082	13	9	1	2	196	2
17083	14	3	2	1	176	3
17084	13	9	1	1	196	5
17085	14	8	2	1	161	2
17086	15	2	2	2	221	1
17087	16	5	1	1	120	8
17088	15	5	2	1	152	1
17089	3	6	2	1	126	9
17090	4	8	2	4	161	1
17091	5	9	1	2	196	4
17092	6	9	3	1	169	5
17093	5	9	1	1	196	7
17094	6	9	3	1	170	8
17095	7	9	4	1	158	9
17096	8	5	5	1	74	9
17097	10	4	8	1	43	9
17098	11	1	2	2	251	8
17099	12	1	1	2	206	1
17100	13	4	2	2	178	7
17101	14	4	3	2	180	2
17102	15	5	2	1	153	3
17103	14	4	3	1	180	3
17104	15	5	2	1	154	2
17105	13	5	2	1	155	7
17106	14	4	2	1	178	3
17107	12	3	3	1	73	1
17108	13	1	3	2	147	9
17109	14	4	2	1	179	7
17110	19	5	3	1	130	6
17111	23	7	8	1	90	8
17112	25	1	7	1	33	7
17113	13	2	3	1	95	9
17114	14	4	2	1	179	7
17115	16	5	3	1	130	6
17116	19	7	8	1	90	8
17117	11	2	2	1	221	8
17118	12	1	3	1	147	9
17119	4	9	7	5	194	1
17120	5	1	2	4	251	3
17121	6	3	1	2	80	1
17122	7	5	2	1	155	1
17123	9	1	3	1	148	9
17124	6	3	1	1	80	2
17125	7	2	1	1	78	1
17126	9	1	3	1	149	9
17127	5	1	2	3	251	5
17128	6	9	3	1	170	7
17129	7	9	1	1	196	5
17130	9	9	4	1	158	8
17131	5	1	2	2	251	7
17132	6	7	3	2	124	1
17133	7	7	4	1	147	8
17134	8	9	4	2	159	7
17135	8	9	4	1	160	9
17136	9	8	7	1	101	9
17137	11	7	2	1	141	4
17138	16	5	4	2	111	1
17139	17	2	3	1	95	9
17140	19	4	2	1	179	8
17141	16	5	4	1	111	2
17142	17	6	3	1	136	2
17143	18	9	1	2	196	2
17144	19	4	2	1	180	8
17145	18	9	1	1	196	5
17146	6	8	3	1	97	1
17147	7	9	3	1	170	7
17148	8	9	1	2	197	2
17149	9	8	2	1	161	5
17150	10	7	4	2	147	1
17151	11	7	2	1	141	4
17152	15	4	2	1	181	8
17153	16	1	1	1	206	8
17154	10	7	4	1	147	5
17155	11	7	2	1	141	8
17156	14	8	7	1	101	8
17157	8	9	1	1	197	5
17158	9	8	2	1	161	2
17159	5	1	2	1	251	8
17160	6	9	3	1	170	7
17161	7	9	1	2	197	2
17162	8	8	2	1	162	5
17163	9	7	2	1	141	4
17164	11	7	4	2	147	1
17165	12	7	3	1	124	8
17166	16	5	2	2	155	1
17167	17	4	5	1	78	1
17168	16	5	2	1	155	3
17169	11	7	4	1	147	8
17170	12	7	3	1	124	1
17171	15	8	7	1	102	9
17172	17	4	8	1	43	9
17173	19	2	6	1	51	8
17174	20	2	3	1	95	9
17175	21	5	4	2	111	1
17176	22	6	3	1	136	3
17177	21	5	4	1	111	2
17178	22	6	3	1	137	2
17179	23	5	2	2	156	1
17180	24	5	3	1	130	3
17181	23	5	2	1	156	3
17182	7	9	1	1	197	5
17183	8	8	2	1	162	2
17184	4	1	2	4	251	3
17185	5	9	3	1	170	7
17186	6	3	1	2	80	1
17187	7	5	2	1	157	1
17188	9	7	2	1	141	8
17189	6	3	1	1	80	2
17190	7	2	1	1	78	1
17191	10	5	2	1	157	1
17192	4	1	2	3	251	5
17193	5	9	3	1	170	7
17194	6	9	1	1	197	5
17195	8	3	1	2	80	1
17196	9	2	1	1	78	4
17197	8	3	1	1	80	4
17198	9	2	1	1	79	1
17199	10	5	2	1	158	1
17200	4	1	2	2	251	7
17201	5	7	3	2	124	1
17202	6	7	4	1	147	8
17203	7	9	4	2	160	7
17204	7	9	4	1	161	9
17205	8	8	7	1	102	9
17206	10	4	8	1	43	9
17207	11	2	2	2	221	8
17208	12	1	1	1	207	1
17209	14	5	2	1	159	1
17210	17	6	5	1	48	8
17211	21	9	1	1	197	5
17212	11	4	2	1	181	8
17213	12	1	1	1	207	8
17214	16	1	3	1	150	9
17215	5	8	3	1	97	1
17216	6	5	5	2	74	9
17217	7	2	3	2	95	9
17218	8	4	2	2	181	8
17219	8	7	2	1	142	8
17220	9	9	3	1	170	7
17221	10	7	4	1	147	5
17222	12	2	2	2	221	4
17223	13	3	3	1	73	8
17224	14	4	2	1	182	5
17225	19	9	1	1	198	5
17226	12	1	1	1	207	4
17227	13	3	3	1	73	8
17228	14	4	2	1	182	5
17229	17	5	2	1	159	4
17230	7	2	6	1	51	9
17231	8	9	4	2	161	9
17232	9	8	7	1	102	9
17233	11	1	3	2	151	9
17234	12	3	9	1	64	9
17235	13	2	2	5	221	1
17236	14	1	1	1	207	8
17237	15	2	5	1	61	8
17238	18	2	7	1	53	7
17239	20	3	4	2	71	1
17240	21	7	2	2	142	4
17241	21	7	2	1	143	5
17242	20	3	4	1	71	2
17243	21	3	6	1	66	7
17244	13	1	1	5	207	1
17245	14	2	2	1	221	8
17246	17	3	7	1	48	7
17247	19	7	3	1	124	8
17248	13	3	2	5	177	1
17249	14	2	2	2	221	3
17250	15	1	1	1	207	6
17251	14	3	3	1	73	3
17252	15	9	3	1	170	7
17253	13	9	3	3	171	5
17254	13	9	3	2	172	7
17255	14	9	1	2	199	2
17256	15	3	2	1	177	2
17257	18	2	2	1	221	3
17258	14	9	1	1	199	5
17259	15	8	2	1	163	2
17260	13	9	3	1	172	8
17261	11	3	3	1	73	9
17262	12	9	3	1	173	7
17263	14	9	1	2	199	2
17264	15	8	2	1	164	5
17265	16	7	4	2	147	1
17266	16	7	4	1	148	5
17267	17	7	3	1	125	4
17268	20	3	2	2	177	1
17269	20	3	2	1	178	2
17270	21	4	2	1	182	4
17271	14	9	1	1	199	5
17272	15	8	2	1	164	2
17273	16	1	1	1	208	2
17274	18	7	2	1	144	8
17275	22	1	3	1	151	5
17276	8	8	4	1	36	9
17277	9	9	4	2	161	7
17278	9	9	4	1	162	8
17279	10	9	3	1	173	7
17280	12	7	4	2	148	1
17281	13	7	2	1	144	4
17282	12	7	4	1	148	5
17283	13	7	2	1	145	8
17284	16	9	7	1	194	4
17285	18	3	2	2	178	1
17286	18	3	2	1	179	2
17287	19	4	3	1	180	2
17288	21	5	4	1	111	2
17289	6	4	4	1	32	9
17290	7	9	4	2	162	7
17291	7	9	4	1	163	8
17292	8	9	3	1	173	7
17293	10	7	4	2	148	1
17294	11	7	2	1	145	4
17295	10	7	4	1	148	5
17296	11	7	2	1	146	8
17297	14	9	1	1	199	2
17298	16	3	2	2	179	1
17299	16	3	2	1	180	2
17300	17	4	3	1	180	2
17301	19	5	4	1	112	2
17302	4	1	2	1	251	8
17303	5	7	3	2	125	1
17304	6	7	4	1	148	8
17305	7	9	4	2	163	7
17306	7	9	4	1	164	9
17307	8	8	7	1	102	9
17308	10	4	8	1	43	9
17309	11	9	3	2	173	8
17310	11	8	3	1	97	8
17311	12	9	3	1	174	7
17312	13	7	2	1	146	4
17313	14	5	4	2	113	1
17314	15	6	3	1	137	3
17315	17	4	2	1	183	7
17316	14	5	4	1	113	2
17317	15	6	3	1	137	2
17318	16	2	2	2	222	7
17319	17	4	2	1	184	5
17320	16	4	2	1	185	7
17321	17	9	1	2	199	5
17322	18	8	2	1	164	2
17323	19	3	2	2	180	1
17324	20	4	3	1	180	6
17325	19	3	2	1	180	3
17326	20	4	3	1	181	4
17327	17	8	2	1	164	5
17328	5	8	3	1	97	1
17329	6	9	3	1	174	7
17330	7	7	3	1	125	8
17331	10	9	4	1	164	9
17332	13	5	5	1	74	9
17333	15	4	8	1	43	9
17334	16	2	2	2	222	7
17335	16	4	2	1	185	7
17336	17	9	1	2	199	5
17337	18	8	2	1	165	2
17338	19	3	2	2	180	1
17339	20	4	3	1	182	6
17340	19	3	2	1	180	3
17341	20	4	3	1	183	4
17342	17	8	2	1	165	5
17343	0	9	2	2	215	7
17344	1	8	1	2	155	1
17345	2	7	1	1	81	8
17346	3	1	2	2	251	9
17347	4	9	3	2	174	9
17348	5	9	4	2	164	6
17349	6	9	7	3	194	1
17350	7	9	1	3	199	3
17351	7	9	1	2	200	4
17352	8	8	2	1	166	5
17353	9	8	7	2	102	6
17354	10	7	2	2	146	6
17355	11	7	3	2	125	3
17356	11	8	3	1	97	3
17357	12	7	3	1	126	2
17358	15	6	3	2	137	1
17359	16	4	2	1	185	8
17360	18	5	2	1	160	2
17361	19	2	2	2	223	1
17362	19	2	2	1	224	4
17363	20	4	3	1	184	7
17364	15	6	3	1	137	4
17365	16	5	4	1	113	2
17366	18	3	2	2	180	1
17367	19	4	2	1	185	2
17368	18	3	2	1	180	2
17369	10	7	3	1	126	6
17370	11	7	4	1	148	2
17371	9	8	3	1	97	6
17372	10	8	7	1	102	7
17373	11	6	3	2	137	1
17374	12	5	4	2	113	1
17375	13	7	3	1	126	3
17376	15	7	4	1	149	5
17377	12	5	4	1	113	2
17378	13	7	3	1	126	2
17379	15	7	4	1	150	4
17380	11	6	3	1	137	2
17381	7	9	1	1	200	5
17382	8	8	2	1	166	4
17383	9	8	3	1	97	6
17384	10	6	3	2	138	1
17385	11	5	4	2	113	1
17386	12	7	3	1	126	3
17387	14	7	4	1	151	5
17388	16	3	2	2	181	1
17389	17	5	2	2	160	3
17390	18	5	1	1	121	7
17391	17	5	2	1	160	5
17392	18	4	2	1	186	3
17393	16	3	2	1	181	3
17394	11	5	4	1	113	2
17395	12	7	2	1	146	3
17396	13	7	3	1	126	2
17397	17	5	2	1	160	5
17398	10	6	3	1	138	2
17399	6	9	7	2	194	2
17400	7	8	7	1	102	7
17401	8	7	5	1	103	7
17402	9	9	6	2	104	1
17403	10	5	5	1	74	9
17404	13	2	6	1	51	9
17405	16	7	6	1	108	4
17406	23	4	4	1	32	8
17407	9	9	6	1	104	3
17408	10	9	5	1	92	1
17409	12	9	1	2	200	4
17410	13	8	2	1	166	5
17411	14	6	3	2	139	1
17412	15	5	5	1	74	9
17413	18	7	2	1	146	2
17414	14	6	3	1	139	2
17415	12	9	1	1	200	5
17416	6	9	7	1	194	3
17417	7	9	6	2	104	1
17418	8	9	5	1	92	2
17419	9	9	1	2	201	4
17420	10	8	7	1	102	6
17421	12	7	2	1	147	6
17422	13	8	3	1	97	2
17423	9	9	1	1	201	5
17424	10	8	7	1	102	7
17425	12	8	3	1	98	6
17426	13	6	3	2	140	1
17427	14	5	4	2	113	1
17428	15	7	2	1	147	2
17429	16	7	3	1	126	3
17430	19	3	2	2	182	1
17431	20	1	5	1	59	1
17432	21	7	7	2	68	1
17433	22	5	2	2	161	3
17434	23	6	7	1	64	2
17435	22	5	2	1	161	5
17436	23	4	2	1	187	3
17437	21	7	7	1	68	6
17438	22	7	8	1	91	9
17439	24	5	8	1	61	8
17440	26	4	4	1	33	8
17441	19	3	2	1	182	3
17442	14	5	4	1	113	2
17443	15	7	2	1	147	3
17444	16	7	3	1	126	2
17445	21	7	8	1	91	9
17446	13	6	3	1	140	2
17447	7	9	6	1	104	2
17448	8	9	5	1	92	1
17449	9	9	1	2	201	4
17450	10	8	7	1	102	6
17451	12	7	2	1	147	6
17452	13	8	3	1	98	2
17453	9	9	1	1	201	5
17454	10	8	7	1	102	7
17455	12	8	3	1	99	6
17456	13	6	3	2	141	1
17457	14	5	4	2	113	1
17458	15	7	2	1	147	2
17459	16	7	4	1	151	5
17460	20	7	8	1	92	9
17461	23	5	3	1	131	2
17462	26	5	1	1	122	7
17463	14	5	4	1	113	2
17464	15	7	2	1	147	3
17465	16	7	4	1	151	4
17466	21	6	7	1	65	2
17467	13	6	3	1	141	2
17468	5	9	4	1	164	8
17469	6	8	7	1	102	8
17470	7	7	8	2	92	9
17471	8	9	7	5	194	1
17472	9	7	4	2	151	1
17473	10	4	2	2	188	8
17474	11	5	8	1	61	8
17475	12	6	5	1	48	8
17476	13	7	3	2	126	2
17477	14	6	2	1	126	3
17478	15	6	3	2	142	1
17479	16	2	2	2	224	1
17480	17	4	3	2	185	4
17481	18	5	2	1	161	2
17482	17	4	3	1	185	6
17483	18	3	2	1	183	2
17484	19	5	1	1	123	9
17485	20	5	2	2	162	4
17486	21	5	3	1	131	5
17487	20	5	2	1	162	5
17488	21	5	3	1	132	4
17489	16	3	2	1	183	1
17490	17	4	3	1	185	7
17491	18	1	8	1	46	7
17492	19	5	7	1	68	7
17493	22	7	9	1	70	7
17494	15	6	3	1	142	4
17495	16	5	4	1	113	2
17496	18	4	5	1	79	1
17497	19	5	5	1	74	9
17498	20	8	4	1	36	9
17499	23	3	6	1	67	8
17500	13	8	3	1	99	2
17501	14	2	3	2	95	8
17502	15	6	3	3	142	1
17503	16	2	2	2	224	1
17504	17	3	2	2	183	2
17505	18	4	3	1	185	6
17506	19	8	2	2	166	6
17507	20	9	1	1	201	3
17508	19	7	2	1	147	6
17509	20	5	4	1	113	5
17510	22	7	3	1	126	3
17511	17	5	2	1	162	2
17512	18	7	9	1	71	7
17513	19	3	2	2	183	3
17514	20	4	3	1	185	5
17515	21	7	3	1	127	3
17516	19	8	2	1	166	3
17517	16	3	2	1	183	1
17518	17	4	3	1	185	7
17519	18	1	8	1	46	7
17520	19	3	7	1	48	9
17521	21	2	1	1	79	7
17522	15	6	3	2	142	3
17523	16	9	1	2	202	3
17524	17	7	3	1	128	4
17525	16	8	2	1	167	3
17526	15	6	3	1	142	4
17527	16	7	3	1	129	5
17528	14	2	6	1	51	8
17529	15	2	5	1	61	9
17530	16	8	6	1	29	9
17531	17	1	3	2	152	8
17532	18	3	9	1	64	8
17533	20	5	1	2	123	9
17534	21	6	3	1	142	1
17535	22	2	2	2	224	1
17536	23	1	1	1	208	7
17537	24	1	8	1	46	2
17538	22	3	2	1	183	1
17539	23	4	5	1	79	1
17540	26	3	6	1	68	7
17541	31	8	2	1	168	6
17542	20	5	9	1	35	9
17543	21	6	3	3	142	1
17544	22	5	6	1	80	1
17545	23	1	9	1	31	1
17546	25	7	9	1	71	7
17547	21	6	3	2	142	3
17548	22	9	1	2	202	3
17549	23	8	2	1	169	6
17550	22	8	2	1	170	3
17551	21	6	3	1	142	4
17552	22	7	3	1	130	5
17553	17	1	9	1	31	8
17554	18	3	3	1	73	8
17555	19	2	2	2	224	1
17556	20	3	2	2	183	2
17557	21	4	3	1	185	6
17558	22	2	3	1	95	7
17559	23	7	2	1	147	6
17560	24	7	3	1	131	3
17561	20	5	2	1	162	2
17562	21	6	3	2	142	1
17563	22	3	2	2	183	3
17564	23	4	3	1	185	5
17565	24	7	3	1	132	3
17566	22	8	2	1	171	3
17567	21	6	3	1	142	3
17568	19	3	2	1	183	1
17569	20	4	3	1	185	7
17570	23	1	8	1	47	7
17571	10	5	2	1	162	8
17572	11	6	5	1	48	8
17573	15	2	2	2	224	1
17574	16	3	2	1	183	2
17575	17	4	2	2	188	5
17576	18	4	3	1	185	3
17577	17	4	2	1	188	6
17578	18	4	3	1	186	4
17579	15	3	2	1	183	1
17580	16	2	2	1	224	2
17581	17	5	8	1	61	7
17582	18	7	2	2	147	5
17583	19	7	9	1	72	7
17584	18	7	2	1	147	6
17585	19	7	9	1	73	7
17586	20	9	1	2	202	4
17587	20	9	1	1	203	5
17588	9	7	5	1	103	1
17589	10	2	2	6	224	1
17590	11	7	9	2	73	7
17591	12	4	2	2	188	8
17592	13	5	8	1	61	8
17593	14	6	2	2	126	5
17594	15	7	4	2	151	2
17595	16	7	3	1	133	3
17596	18	9	1	1	204	5
17597	24	5	1	1	123	7
17598	15	7	4	1	151	3
17599	16	7	3	1	133	2
17600	17	4	3	2	187	4
17601	18	5	2	1	162	2
17602	17	4	3	1	187	6
17603	18	3	2	1	183	2
17604	19	9	1	2	204	3
17605	19	9	1	1	205	5
17606	14	6	2	1	126	6
17607	15	7	4	2	151	2
17608	16	7	3	1	133	4
17609	15	7	4	1	151	4
17610	16	7	3	1	134	2
17611	17	5	2	1	163	2
17612	18	6	3	1	143	4
17613	12	4	8	1	43	8
17614	13	5	2	2	163	8
17615	14	5	1	1	124	9
17616	16	3	2	2	183	3
17617	16	8	2	1	172	3
17618	17	3	2	1	184	2
17619	13	6	2	1	126	8
17620	14	5	5	1	74	8
17621	16	5	1	2	124	9
17622	17	4	3	2	187	1
17623	18	3	2	2	185	2
17624	19	5	8	1	61	7
17625	18	5	2	1	163	2
17626	19	5	3	1	133	7
17627	20	3	7	1	48	9
17628	23	3	9	1	64	8
17629	25	2	1	1	80	7
17630	17	6	3	1	144	1
17631	18	5	3	2	133	7
17632	19	5	2	1	163	2
17633	23	3	9	1	64	8
17634	18	4	1	1	40	7
17635	19	1	1	2	208	2
17636	20	1	3	1	152	3
17637	21	4	3	1	187	2
17638	19	6	1	1	31	2
17639	20	4	3	2	188	3
17640	21	3	2	2	185	2
17641	21	3	2	1	186	3
17642	20	4	3	1	188	4
17643	21	3	2	1	187	2
17644	16	5	9	1	35	9
17645	17	3	9	1	65	8
17646	19	1	3	2	152	8
17647	20	2	5	1	61	9
17648	19	1	6	1	36	8
17649	20	2	3	1	95	8
17650	21	3	2	2	188	2
17651	22	1	3	2	152	7
17652	23	2	7	1	53	7
17653	22	3	3	1	73	7
17654	23	7	3	2	134	2
17655	24	7	4	1	151	6
17656	25	6	3	2	144	1
17657	26	5	8	1	62	6
17658	25	6	3	1	144	3
17659	26	4	3	1	188	4
17660	23	8	3	1	99	2
17661	24	1	3	2	152	6
17662	25	6	3	1	144	1
17663	24	7	3	1	134	6
17664	25	1	1	1	208	4
17665	21	5	2	1	163	2
17666	22	6	3	2	145	1
17667	23	4	2	1	188	6
17668	22	6	3	1	145	3
17669	11	7	7	1	68	7
17670	12	5	8	1	63	8
17671	10	9	1	4	206	3
17672	11	8	2	1	172	6
17673	12	8	8	2	62	3
17674	13	8	9	1	48	5
17675	14	4	2	2	189	8
17676	15	7	3	1	134	2
17677	14	4	8	1	43	8
17678	15	7	7	1	68	2
17679	16	5	8	1	64	7
17680	21	6	3	1	146	3
17681	12	8	8	1	62	5
17682	13	8	9	1	48	3
17683	14	4	2	2	189	8
17684	15	5	8	1	64	8
17685	14	4	8	1	43	8
17686	15	7	7	1	68	2
17687	10	8	2	4	172	3
17688	11	9	1	1	206	6
17689	12	1	1	2	209	3
17690	13	3	2	2	188	1
17691	14	2	2	3	224	2
17692	15	1	3	1	152	5
17693	14	2	2	2	224	4
17694	15	1	3	1	153	7
17695	14	2	2	1	224	5
17696	15	1	3	1	154	8
17697	16	3	7	1	48	9
17698	19	7	2	1	147	4
17699	21	6	2	1	126	8
17700	22	5	5	1	74	8
17701	13	3	3	1	73	1
17702	14	5	2	1	163	1
17703	12	3	3	1	73	3
17704	13	3	2	1	188	1
17705	14	1	3	2	154	6
17706	15	2	3	1	95	8
17707	16	5	1	2	124	3
17708	17	5	2	1	164	2
17709	16	5	1	1	124	9
17710	17	2	2	2	224	2
17711	18	1	1	1	209	4
17712	17	2	2	1	224	4
17713	18	1	1	1	210	2
17714	14	1	3	1	154	7
17715	10	2	2	5	224	2
17716	11	3	2	2	188	1
17717	12	5	2	2	165	8
17718	13	5	1	1	124	9
17719	16	5	8	1	65	7
17720	17	6	5	1	48	8
17721	18	6	3	2	147	3
17722	18	6	3	1	148	4
17723	12	6	2	1	126	8
17724	13	5	5	1	75	8
17725	15	4	8	1	43	8
17726	16	5	8	1	65	7
17727	17	5	1	1	124	9
17728	20	6	3	1	149	1
17729	21	5	2	2	165	3
17730	22	5	3	1	133	6
17731	24	4	2	1	189	5
17732	27	7	2	1	147	6
17733	21	7	2	1	148	3
17734	22	7	9	1	73	7
17735	24	5	6	1	80	1
17736	28	6	5	1	48	6
17737	11	3	3	1	73	1
17738	12	5	2	1	165	1
17739	13	6	3	2	149	3
17740	13	6	3	1	150	4
17741	14	7	2	1	148	6
17742	10	2	2	4	224	3
17743	11	3	2	2	188	1
17744	12	1	1	3	211	2
17745	13	1	3	1	155	5
17746	12	1	1	2	211	4
17747	13	1	3	1	156	7
17748	12	1	1	1	211	5
17749	13	1	3	1	157	8
17750	11	3	3	1	73	1
17751	12	5	2	1	165	1
17752	10	2	2	3	224	4
17753	11	8	2	1	172	5
17754	10	2	2	2	224	5
17755	11	8	2	1	173	4
17756	13	3	3	1	73	4
17757	15	1	1	2	211	2
17758	16	2	3	1	95	8
17759	18	9	6	2	104	3
17760	19	9	5	1	92	4
17761	20	6	2	1	126	8
17762	21	6	6	1	77	7
17763	23	4	8	1	43	8
17764	27	5	8	1	65	7
17765	29	4	1	1	40	7
17766	31	4	7	1	30	9
17767	36	7	7	1	69	4
17768	18	9	6	1	104	4
17769	19	9	5	1	92	3
17770	21	6	6	1	77	7
17771	23	4	8	1	43	8
17772	27	5	8	1	65	7
17773	29	4	1	1	40	7
17774	31	4	7	1	30	9
17775	36	7	7	1	70	4
17776	15	1	1	1	211	3
17777	16	1	3	1	158	8
17778	17	2	3	1	95	6
17779	19	3	7	1	48	9
17780	21	5	1	1	124	4
17781	10	2	2	1	224	6
17782	11	1	1	1	211	2
17783	13	3	9	1	65	8
17784	15	4	2	2	189	8
17785	15	4	8	1	43	8
17786	16	3	2	2	188	3
17787	17	2	3	1	95	7
17788	16	3	3	1	73	3
17789	17	2	3	1	96	7
17790	8	9	1	4	206	3
17791	9	8	2	1	173	6
17792	10	9	7	2	194	2
17793	11	8	8	2	62	3
17794	12	8	9	1	48	5
17795	13	7	2	2	149	5
17796	14	6	3	2	150	1
17797	15	7	7	1	71	1
17798	17	7	9	1	73	7
17799	21	3	2	1	188	1
17800	27	5	2	1	166	2
17801	14	6	3	1	150	3
17802	15	5	4	1	113	2
17803	19	4	3	1	189	1
17804	21	5	2	1	167	4
17805	24	3	2	1	188	1
17806	13	7	3	1	135	5
17807	14	6	2	1	126	8
17808	16	6	7	2	66	3
17809	17	7	6	1	108	6
17810	18	7	2	2	149	4
17811	18	8	3	1	99	4
17812	19	7	2	1	150	2
17813	23	7	9	1	73	7
17814	26	5	5	1	75	8
17815	28	6	6	1	77	4
17816	16	6	7	1	66	5
17817	17	7	6	1	108	4
17818	18	8	3	1	99	4
17819	23	7	9	1	73	7
17820	26	5	5	1	75	8
17821	27	6	6	1	78	2
17822	11	8	8	1	62	5
17823	12	8	9	1	48	3
17824	13	7	2	2	150	5
17825	14	6	3	2	150	1
17826	15	5	4	1	113	4
17827	17	7	3	1	135	2
17828	21	8	3	1	99	4
17829	14	6	3	1	150	3
17830	15	5	4	1	113	2
17831	19	8	3	1	100	4
17832	21	5	2	1	167	4
17833	24	3	2	1	189	1
17834	13	7	3	1	135	5
17835	14	6	2	1	126	8
17836	16	6	7	2	66	3
17837	17	7	6	1	108	6
17838	18	7	2	2	150	4
17839	18	7	5	1	103	4
17840	19	8	3	1	100	4
17841	23	7	7	1	71	1
17842	25	7	9	1	73	7
17843	27	4	8	1	43	8
17844	16	6	7	1	66	5
17845	17	7	6	1	108	4
17846	18	7	5	1	103	6
17847	23	7	7	1	71	1
17848	26	5	5	1	75	8
17849	27	4	8	1	44	8
17850	10	9	7	1	194	5
17851	8	9	7	4	195	2
17852	9	8	8	2	62	3
17853	9	8	8	1	63	5
17854	8	9	7	3	195	3
17855	9	8	2	4	173	3
17856	10	9	1	1	206	6
17857	9	9	1	3	207	4
17858	9	9	1	2	208	5
17859	9	9	1	1	209	6
17860	8	9	7	2	195	4
17861	9	8	2	2	173	3
17862	10	9	1	1	210	6
17863	9	8	2	1	173	4
17864	10	9	1	1	211	5
17865	11	9	6	2	104	1
17866	12	9	5	1	92	3
17867	13	8	8	2	64	3
17868	14	8	9	1	48	5
17869	15	7	2	2	151	3
17870	16	6	3	1	150	1
17871	18	7	5	1	103	5
17872	23	8	3	1	100	6
17873	30	6	7	1	66	5
17874	37	2	4	1	53	4
17875	15	7	3	1	135	3
17876	16	7	2	2	151	2
17877	17	5	4	1	113	1
17878	22	7	7	1	71	1
17879	23	7	9	1	73	7
17880	24	4	8	1	45	8
17881	25	5	5	1	75	8
17882	27	1	8	1	48	7
17883	28	1	5	1	59	1
17884	32	9	8	1	47	2
17885	16	7	2	1	151	6
17886	17	8	3	1	100	2
17887	18	7	4	2	151	5
17888	19	6	2	1	126	8
17889	20	4	2	3	190	2
17890	21	3	2	1	190	1
17891	23	2	3	1	97	8
17892	28	2	7	1	54	2
17893	20	4	2	2	190	3
17894	21	3	2	1	190	2
17895	23	5	1	1	125	9
17896	20	4	2	1	190	5
17897	21	3	2	1	190	1
17898	18	7	5	1	103	5
17899	19	7	6	1	108	4
17900	21	6	2	1	126	5
17901	13	8	8	1	64	5
17902	14	8	9	1	48	3
17903	15	7	4	2	151	5
17904	16	7	3	1	135	3
17905	18	7	2	2	151	6
17906	19	8	3	1	100	2
17907	20	4	2	3	190	2
17908	21	3	2	1	191	1
17909	23	5	6	1	80	2
17910	28	2	7	1	55	2
17911	20	4	2	2	190	3
17912	21	3	2	1	191	2
17913	23	5	1	1	126	9
17914	20	4	2	1	190	5
17915	21	3	2	1	191	1
17916	18	8	3	1	100	6
17917	19	7	2	1	151	2
17918	20	6	3	1	150	1
17919	22	7	7	1	71	1
17920	23	7	9	1	73	7
17921	24	4	8	1	45	8
17922	25	5	5	1	75	8
17923	27	1	8	1	48	7
17924	28	2	7	1	56	2
17925	32	1	3	1	158	5
17926	15	7	5	1	103	5
17927	16	7	9	2	73	1
17928	17	7	7	1	71	7
17929	20	3	9	1	65	9
17930	16	7	9	1	73	7
17931	17	7	7	1	71	1
17932	18	7	4	2	151	4
17933	19	7	3	1	135	2
17934	22	8	3	1	100	6
17935	27	5	1	1	127	9
17936	18	7	6	1	108	4
17937	19	6	7	1	66	5
17938	20	6	2	1	127	8
17939	21	7	2	1	151	3
17940	24	5	4	1	113	2
17941	27	5	1	1	128	9
17942	11	9	6	1	104	3
17943	12	9	5	1	92	1
17944	13	2	2	5	224	1
17945	14	5	5	2	75	8
17946	15	4	8	1	45	8
17947	16	6	2	1	127	8
17948	17	5	1	2	129	9
17949	18	4	3	2	189	1
17950	19	3	2	2	192	2
17951	20	5	3	1	133	4
17952	19	3	2	1	192	5
17953	20	5	3	1	134	7
17954	18	6	3	1	150	1
17955	19	3	2	2	192	2
17956	20	7	9	1	73	7
17957	21	7	7	1	71	1
17958	22	7	4	1	151	5
17959	23	5	4	1	113	2
17960	19	3	2	1	192	3
17961	20	7	9	1	73	7
17962	21	7	7	1	71	1
17963	22	7	4	1	151	5
17964	24	7	2	1	151	2
17965	17	5	9	1	35	9
17966	18	7	9	1	73	7
17967	22	7	4	1	151	5
17968	23	7	3	1	135	3
17969	24	1	3	2	159	8
17970	25	2	5	1	62	9
17971	24	2	3	1	97	8
17972	25	1	6	1	36	8
17973	26	7	2	1	152	6
17974	27	5	4	1	114	2
17975	14	6	5	1	49	8
17976	15	7	4	2	151	2
17977	16	6	2	1	127	5
17978	15	7	4	1	151	4
17979	16	6	2	1	128	6
17980	18	8	3	1	100	6
17981	13	3	2	5	192	1
17982	14	5	5	2	75	8
17983	15	4	2	2	190	8
17984	16	4	3	1	189	7
17985	19	3	7	1	48	9
17986	15	6	2	1	128	8
17987	16	5	1	2	129	9
17988	17	4	3	2	189	1
17989	18	4	2	1	190	2
17990	19	7	2	1	152	6
17991	20	7	9	1	73	7
17992	24	7	7	1	71	1
17993	28	5	4	1	115	1
17994	17	6	3	1	150	1
17995	18	7	6	2	108	4
17996	19	7	9	1	73	7
17997	21	7	4	1	151	5
17998	24	7	3	1	135	3
17999	30	5	3	1	135	4
18000	18	7	5	1	103	4
18001	19	7	9	1	73	7
18002	21	7	7	1	71	1
18003	22	7	4	1	151	5
18004	23	7	3	1	135	3
18005	24	8	3	1	101	6
18006	28	5	2	1	167	5
18007	16	5	9	1	35	9
18008	17	7	9	1	73	7
18009	20	7	7	1	71	1
18010	22	7	4	1	151	5
18011	23	7	3	1	135	3
18012	24	1	1	2	211	4
18013	25	1	6	1	36	8
18014	27	3	3	1	73	5
18015	28	2	2	2	224	2
18016	28	2	2	1	225	3
18017	24	3	3	1	73	4
18018	25	5	4	2	116	1
18019	26	5	1	1	129	7
18020	27	5	8	1	65	6
18021	25	5	4	1	116	4
18022	26	7	2	1	152	6
18023	14	6	5	1	49	8
18024	15	7	4	2	151	2
18025	16	6	2	1	128	5
18026	15	7	4	1	151	4
18027	16	6	2	1	129	6
18028	18	8	3	1	101	6
18029	13	2	2	4	226	2
18030	14	3	3	1	73	1
18031	16	5	4	1	116	2
18032	13	2	2	3	226	3
18033	14	3	3	1	73	1
18034	13	2	2	2	226	5
18035	14	3	3	1	74	1
18036	13	2	2	1	226	6
18037	14	3	3	1	75	1
18038	8	9	7	1	195	5
18039	9	9	6	2	104	1
18040	10	9	5	1	92	2
18041	11	9	1	2	211	4
18042	11	9	1	1	212	6
18043	12	8	2	1	173	3
18044	13	2	2	5	226	1
18045	14	5	5	2	75	8
18046	15	4	8	1	45	8
18047	16	6	2	1	129	8
18048	17	4	2	2	190	6
18049	18	7	2	2	153	4
18050	19	7	9	1	73	7
18051	20	7	7	1	71	1
18052	21	7	3	1	135	2
18053	23	7	4	1	151	6
18054	24	4	3	2	189	1
18055	25	5	4	1	117	1
18056	28	1	1	1	211	3
18057	24	4	3	1	189	4
18058	25	3	2	1	192	2
18059	18	8	3	1	102	4
18060	19	7	9	1	73	7
18061	23	4	3	2	189	1
18062	24	3	2	1	193	5
18063	23	4	3	1	189	2
18064	24	3	2	1	194	4
18065	17	5	2	1	168	6
18066	18	5	3	2	136	1
18067	19	3	2	1	195	2
18068	22	7	9	1	73	7
18069	27	5	8	1	66	5
18070	18	5	3	1	136	3
18071	19	5	1	1	129	9
18072	21	3	2	1	195	4
18073	14	6	5	1	49	8
18074	15	7	3	1	135	2
18075	16	3	2	2	196	2
18076	17	5	2	1	168	8
18077	16	5	2	1	169	2
18078	17	4	2	1	190	8
18079	19	6	2	1	129	6
18080	20	7	4	1	151	4
18081	21	3	2	1	196	4
18082	13	6	3	4	150	1
18083	14	3	2	1	197	1
18084	15	4	2	2	190	8
18085	16	7	3	1	135	2
18086	18	7	9	1	73	7
18087	20	5	8	1	67	8
18088	22	6	5	1	49	8
18089	25	7	6	1	108	6
18090	27	6	7	1	66	3
18091	28	7	2	2	153	4
18092	28	7	2	1	154	5
18093	15	6	2	1	129	8
18094	16	7	9	1	73	7
18095	18	7	7	1	71	1
18096	19	4	2	2	190	6
18097	20	4	3	1	189	5
18098	22	7	2	1	155	5
18099	19	5	2	1	169	6
18100	20	4	8	1	45	8
18101	25	4	3	1	189	4
18102	13	3	2	5	197	1
18103	14	4	3	2	190	1
18104	15	6	2	1	129	8
18105	17	5	5	1	75	8
18106	14	5	3	1	136	1
18107	15	7	2	2	156	4
18108	15	7	2	1	157	5
18109	16	6	3	1	150	3
18110	18	1	1	1	212	3
18111	13	5	4	4	117	1
18112	13	2	2	4	226	2
18113	14	5	2	1	169	1
18114	13	2	2	3	226	4
18115	14	5	2	1	170	1
18116	13	2	2	2	226	5
18117	14	5	2	1	171	1
18118	13	2	2	1	226	6
18119	9	9	6	1	104	2
18120	10	9	5	1	92	1
18121	11	9	1	2	212	4
18122	11	9	1	1	213	6
18123	12	8	2	1	173	3
18124	13	2	2	5	227	1
18125	14	5	5	2	76	8
18126	15	4	8	1	45	8
18127	16	6	2	1	129	8
18128	17	4	2	2	190	6
18129	18	7	2	2	157	4
18130	19	7	9	1	73	7
18131	20	7	7	1	71	1
18132	21	8	3	1	102	5
18133	23	7	4	1	151	6
18134	24	6	5	1	49	6
18135	25	6	7	1	66	4
18136	18	8	3	1	102	4
18137	19	7	9	1	73	7
18138	23	4	3	2	190	1
18139	24	7	2	1	157	5
18140	23	4	3	1	190	2
18141	17	5	2	1	172	6
18142	18	5	3	2	136	1
18143	19	3	2	1	197	2
18144	22	7	9	1	73	7
18145	18	5	3	1	136	3
18146	19	5	1	1	129	9
18147	23	4	3	1	191	1
18148	14	6	5	1	49	8
18149	15	7	3	1	135	2
18150	16	3	2	2	197	2
18151	17	5	2	1	172	8
18152	16	5	2	1	173	2
18153	17	4	2	1	190	8
18154	19	6	2	1	129	6
18155	20	7	4	1	151	4
18156	21	3	2	1	197	4
18157	13	6	3	4	150	1
18158	14	3	2	1	198	1
18159	15	4	2	2	190	8
18160	16	7	3	1	135	2
18161	18	7	9	1	74	7
18162	20	7	2	2	158	4
18163	21	5	4	1	118	3
18164	20	7	2	1	158	5
18165	21	5	4	1	119	4
18166	15	6	2	1	129	8
18167	16	5	5	1	76	8
18168	17	7	7	2	71	1
18169	18	7	9	1	74	7
18170	19	4	8	1	45	8
18171	20	4	2	2	190	6
18172	21	4	3	1	192	5
18173	22	7	4	1	151	6
18174	26	6	7	1	67	6
18175	20	5	2	1	173	6
18176	21	5	3	1	136	3
18177	23	1	1	1	213	3
18178	17	7	7	1	71	2
18179	13	3	2	5	198	1
18180	14	4	3	2	192	1
18181	15	6	2	1	129	8
18182	17	5	2	1	173	6
18183	14	5	3	1	136	1
18184	15	7	2	2	158	4
18185	15	7	2	1	159	5
18186	16	6	3	1	150	3
18187	13	5	4	4	120	1
18188	13	2	2	4	227	2
18189	14	5	2	1	174	1
18190	13	2	2	3	227	4
18191	14	5	2	1	175	1
18192	13	2	2	2	227	5
18193	14	5	2	1	176	1
18194	13	2	2	1	227	6
18195	7	7	9	1	74	9
18196	8	3	7	1	49	9
18197	9	7	8	2	92	7
18198	10	9	7	5	195	1
18199	11	2	2	6	228	1
18200	12	5	8	2	67	9
18201	13	4	8	1	45	8
18202	14	5	5	1	76	8
18203	17	7	6	2	108	1
18204	18	6	7	1	68	6
18205	19	5	2	2	177	6
18206	20	5	1	1	129	7
18207	22	3	2	2	198	2
18208	23	8	2	1	173	3
18209	24	4	2	1	190	5
18210	22	3	2	1	198	3
18211	19	5	1	1	129	6
18212	20	5	9	1	35	7
18213	21	3	9	1	66	8
18214	17	7	5	1	103	1
18215	18	6	6	1	79	7
18216	19	5	1	2	129	7
18217	20	2	3	2	97	8
18218	21	1	3	2	159	7
18219	22	1	1	1	214	6
18220	23	1	8	1	48	3
18221	25	3	6	1	68	8
18222	30	1	7	1	34	5
18223	31	4	5	1	79	2
18224	36	7	7	1	72	3
18225	21	3	3	1	76	7
18226	22	3	9	1	67	8
18227	23	1	4	1	34	1
18228	25	1	1	2	214	2
18229	26	1	3	1	159	3
18230	25	3	2	1	199	2
18231	26	5	2	2	177	6
18232	27	5	3	1	136	1
18233	26	5	9	1	35	6
18234	27	9	1	2	213	6
18235	28	5	6	1	80	1
18236	27	9	8	1	48	6
18237	28	5	6	1	81	1
18238	30	7	7	1	73	4
18239	31	6	8	1	57	5
18240	32	6	7	1	68	2
18241	36	5	7	1	68	3
18242	20	2	6	1	51	8
18243	21	1	9	1	31	8
18244	24	3	3	1	76	8
18245	26	4	7	1	30	7
18246	27	1	1	2	214	2
18247	28	1	3	1	160	3
18248	27	3	2	1	199	2
18249	28	5	6	2	81	1
18250	29	1	4	1	34	1
18251	30	4	3	2	192	1
18252	30	6	3	1	151	1
18253	31	4	9	1	28	1
18254	33	5	4	1	121	5
18255	34	5	7	1	69	2
18256	28	5	6	1	81	2
18257	19	4	1	1	40	7
18258	20	6	1	1	31	9
18259	22	1	1	1	214	2
18260	23	1	3	1	161	3
18261	24	4	3	2	193	1
18262	24	4	3	1	194	2
18263	12	4	8	1	45	9
18264	13	5	8	1	67	8
18265	14	3	8	1	56	1
18266	16	6	3	2	151	1
18267	17	5	1	2	129	9
18268	18	6	4	1	35	9
18269	20	7	2	2	159	6
18270	21	5	4	1	121	5
18271	22	9	1	2	213	4
18272	22	9	1	1	214	5
18273	23	8	2	1	173	4
18274	24	4	3	1	195	6
18275	20	7	7	1	73	6
18276	21	9	1	1	214	6
18277	17	5	5	1	76	9
18278	18	6	1	1	31	9
18279	21	2	3	2	97	8
18280	22	6	6	2	79	8
18281	23	7	5	1	103	1
18282	26	3	9	1	67	7
18283	27	4	7	1	30	7
18284	28	9	1	2	215	6
18285	29	5	1	1	129	7
18286	28	7	2	1	159	6
18287	29	5	1	1	130	7
18288	22	6	5	1	49	8
18289	23	1	3	2	161	7
18290	24	1	1	1	214	6
18291	26	5	1	1	131	7
18292	30	4	7	1	30	7
18293	23	3	3	1	76	7
18294	24	3	9	1	67	8
18295	25	1	6	1	36	8
18296	26	1	1	2	214	2
18297	27	1	3	1	161	3
18298	28	2	4	1	54	6
18299	26	3	2	1	199	2
18300	27	4	3	1	196	6
18301	28	5	1	1	131	7
18302	31	4	9	1	28	1
18303	21	2	5	1	63	8
18304	22	6	6	1	79	8
18305	23	7	5	1	103	1
18306	24	9	1	2	215	6
18307	25	8	2	1	173	3
18308	24	7	2	1	159	6
18309	25	6	2	1	129	5
18310	27	8	2	1	174	4
18311	29	4	1	1	40	2
18312	16	5	3	1	137	1
18313	17	5	5	1	76	9
18314	19	2	6	1	51	9
18315	21	1	1	2	214	2
18316	22	5	2	1	177	2
18317	21	4	1	1	41	2
18318	22	5	2	1	178	6
18319	11	6	3	5	151	1
18320	12	3	2	1	199	1
18321	13	4	2	2	191	8
18322	14	5	8	1	67	8
18323	17	2	8	1	44	1
18324	18	5	1	2	131	9
18325	19	6	5	1	49	8
18326	21	5	5	1	76	7
18327	23	3	9	1	67	8
18328	24	2	2	2	228	2
18329	25	3	6	1	68	7
18330	24	7	2	1	159	2
18331	25	5	4	1	121	1
18332	18	6	1	1	31	9
18333	19	5	5	1	76	9
18334	21	2	6	1	51	9
18335	22	2	3	2	97	8
18336	23	1	3	2	161	5
18337	24	2	2	2	228	2
18338	25	3	3	1	76	4
18339	24	2	2	1	228	3
18340	25	3	3	1	77	4
18341	23	1	3	1	161	6
18342	24	1	8	1	48	3
18343	26	3	3	1	78	3
18344	27	8	3	1	102	5
18345	22	2	5	1	63	8
18346	23	6	6	1	79	8
18347	24	7	5	1	103	1
18348	25	5	6	2	82	1
18349	26	5	9	1	35	7
18350	30	3	9	1	67	8
18351	32	5	1	1	131	6
18352	34	4	1	1	41	3
18353	25	5	6	1	82	2
18354	13	6	2	1	129	8
18355	14	5	5	1	76	8
18356	15	4	8	1	45	8
18357	17	2	8	1	44	1
18358	18	7	6	2	108	1
18359	19	6	7	1	68	6
18360	20	5	1	1	131	6
18361	21	5	9	1	35	7
18362	23	3	9	1	67	8
18363	26	2	6	1	51	9
18364	18	7	5	1	103	1
18365	19	6	6	1	79	7
18366	20	9	1	4	215	3
18367	21	8	2	1	174	6
18368	22	7	3	1	135	2
18369	20	9	1	3	215	4
18370	21	8	2	1	174	5
18371	20	9	1	2	215	5
18372	21	8	2	1	175	4
18373	22	1	1	2	214	4
18374	23	2	2	2	228	2
18375	24	5	1	1	131	7
18376	23	2	2	1	228	3
18377	22	3	3	1	78	4
18378	23	5	1	1	132	7
18379	24	4	3	2	196	2
18380	24	4	3	1	197	5
18381	20	9	1	1	215	6
18382	21	8	2	1	175	3
18383	23	4	3	1	198	5
18384	24	5	1	1	132	7
18385	11	3	2	6	199	1
18386	12	4	3	2	198	1
18387	13	4	2	1	191	2
18388	14	5	5	1	76	8
18389	17	5	8	1	67	9
18390	19	2	8	1	44	1
18391	24	7	5	1	103	1
18392	12	5	3	1	137	1
18393	13	7	3	2	136	2
18394	14	7	2	2	159	5
18395	15	5	4	1	122	2
18396	17	9	1	1	215	6
18397	23	4	2	1	191	6
18398	14	7	2	1	159	6
18399	15	7	4	2	151	1
18400	16	6	2	1	129	3
18401	17	5	4	1	122	2
18402	19	8	2	1	175	4
18403	15	7	4	1	151	3
18404	16	6	2	1	129	5
18405	13	8	3	1	103	2
18406	14	7	2	2	159	5
18407	15	5	4	1	122	2
18408	17	7	4	1	151	4
18409	14	7	2	1	159	6
18410	15	9	1	2	215	4
18411	16	6	3	1	151	4
18412	15	9	1	1	215	5
18413	16	6	3	1	152	4
18414	11	9	1	4	215	3
18415	12	8	2	1	176	6
18416	15	6	3	1	153	3
18417	11	9	1	3	215	4
18418	12	8	2	1	176	5
18419	11	9	1	2	215	5
18420	12	8	2	1	177	4
18421	15	7	2	1	159	6
18422	16	5	4	1	122	2
18423	11	9	1	1	215	6
18424	12	8	2	1	177	3
18425	15	7	2	1	159	5
18426	10	2	2	6	229	1
18427	11	3	9	2	67	8
18428	12	4	2	2	192	8
18429	13	1	3	2	161	8
18430	14	1	1	1	214	7
18431	15	6	3	1	154	1
18432	13	2	3	1	97	8
18433	14	1	6	1	36	8
18434	15	6	3	2	155	1
18435	16	5	5	2	76	8
18436	17	6	8	1	57	8
18437	18	7	7	1	73	1
18438	20	1	3	2	161	7
18439	21	1	1	1	214	6
18440	20	3	3	1	78	7
18441	21	1	1	2	215	2
18442	22	1	3	1	161	3
18443	23	7	5	1	104	6
18444	21	3	2	1	199	2
18445	22	4	3	1	198	6
18446	23	5	1	1	133	7
18447	25	8	2	1	177	4
18448	27	5	3	1	137	4
18449	31	1	1	1	215	4
18450	33	5	7	1	70	2
18451	34	9	9	1	55	2
18452	37	7	6	1	108	4
18453	16	6	5	1	49	8
18454	17	5	8	1	67	8
18455	19	5	1	2	133	9
18456	20	6	4	1	35	9
18457	21	7	2	2	160	6
18458	22	5	4	1	123	5
18459	23	9	1	2	215	4
18460	23	9	1	1	216	5
18461	24	8	2	1	177	4
18462	25	6	2	1	130	5
18463	21	7	7	1	73	6
18464	22	9	1	1	216	6
18465	19	6	1	1	31	9
18466	20	8	4	1	36	9
18467	22	2	6	1	52	9
18468	23	9	7	2	195	2
18469	24	9	5	1	92	3
18470	23	9	7	1	195	3
18471	15	5	3	1	137	1
18472	16	3	2	2	199	2
18473	17	4	3	1	198	6
18474	18	8	2	2	177	6
18475	18	7	2	1	160	6
18476	19	9	1	2	217	4
18477	19	9	1	1	218	5
18478	20	5	2	1	179	3
18479	16	5	2	1	180	2
18480	17	7	2	1	160	6
18481	12	4	8	1	45	8
18482	13	6	2	1	131	8
18483	15	1	6	1	36	8
18484	17	2	3	1	97	8
18485	18	1	3	2	161	7
18486	19	1	1	1	215	6
18487	18	3	3	1	78	7
18488	19	1	1	2	216	2
18489	20	1	3	1	161	3
18490	19	3	2	1	199	2
18491	20	3	8	2	56	1
18492	21	9	9	1	55	1
18493	22	9	7	2	196	2
18494	23	9	5	1	93	3
18495	22	9	7	1	196	3
18496	20	3	8	1	56	3
18497	11	1	9	1	31	8
18498	12	3	9	1	67	7
18499	13	4	2	2	192	8
18500	14	6	3	2	155	1
18501	15	9	1	4	218	3
18502	16	8	2	1	178	6
18503	17	7	5	1	105	6
18504	18	7	4	2	152	1
18505	18	7	4	1	153	3
18506	19	7	3	1	136	2
18507	15	3	8	2	57	1
18508	16	9	1	3	218	4
18509	17	7	7	1	73	4
18510	16	9	1	2	218	5
18511	17	8	2	1	178	4
18512	18	7	2	2	161	6
18513	19	5	4	1	123	5
18514	20	6	2	1	131	5
18515	21	4	3	1	198	6
18516	23	5	3	1	137	4
18517	26	4	7	1	31	7
18518	18	8	3	1	103	6
18519	19	7	5	1	105	6
18520	21	4	3	1	198	3
18521	16	9	1	1	218	6
18522	17	8	2	1	178	3
18523	18	5	3	2	137	7
18524	19	5	2	1	180	2
18525	23	5	8	1	67	8
18526	18	2	3	1	97	7
18527	19	3	3	1	78	8
18528	20	4	7	1	32	7
18529	22	1	1	1	216	2
18530	15	3	8	1	57	2
18531	14	5	3	1	137	1
18532	15	3	2	2	199	2
18533	16	4	3	1	199	6
18534	18	5	2	2	180	3
18535	19	7	2	1	161	6
18536	18	5	2	1	180	4
18537	19	5	1	1	133	5
18538	15	5	2	1	180	2
18539	16	5	1	1	134	3
18540	13	4	8	1	45	8
18541	14	5	8	1	68	9
18542	17	1	3	2	162	7
18543	18	1	1	1	217	6
18544	19	1	8	1	48	3
18545	22	1	7	1	34	5
18546	17	2	3	1	97	7
18547	18	2	6	1	52	8
18548	22	9	7	2	197	2
18549	23	9	6	1	104	3
18550	22	9	7	1	197	3
18551	10	9	1	4	218	3
18552	11	8	2	1	178	6
18553	12	9	7	2	198	2
18554	13	8	8	2	64	3
18555	14	8	9	1	48	5
18556	15	7	7	1	74	1
18557	16	3	2	2	199	1
18558	17	2	2	2	229	3
18559	18	7	2	2	162	5
18560	19	7	4	1	153	6
18561	18	7	3	1	137	5
18562	19	7	4	1	154	3
18563	17	3	3	1	78	3
18564	18	2	3	1	97	6
18565	16	3	3	1	78	1
18566	17	2	3	1	98	6
18567	13	8	8	1	64	5
18568	14	8	9	1	48	3
18569	15	7	7	1	74	1
18570	16	3	2	2	199	1
18571	17	2	2	2	229	3
18572	18	7	2	2	162	5
18573	19	7	4	1	155	6
18574	18	7	3	1	137	5
18575	19	7	4	1	156	3
18576	17	3	3	1	78	3
18577	18	4	2	2	192	3
18578	19	4	3	1	199	2
18579	18	5	2	1	180	3
18580	19	2	2	2	229	4
18581	20	1	1	1	217	2
18582	19	7	2	1	162	4
18583	16	3	3	1	78	1
18584	17	5	2	1	180	1
18585	18	7	2	1	163	5
18586	12	9	7	1	198	5
18587	10	9	7	4	199	2
18588	11	8	8	2	64	3
18589	11	8	8	1	65	5
18590	10	9	7	3	199	3
18591	11	3	2	2	199	1
18592	12	8	2	4	178	3
18593	13	9	1	1	218	6
18594	12	9	1	3	219	4
18595	12	9	1	2	220	5
18596	12	9	1	1	221	6
18597	11	3	3	1	78	1
18598	12	5	2	1	180	1
18599	13	6	3	2	155	3
18600	14	8	2	1	178	3
18601	15	9	1	1	222	6
18602	13	6	3	1	155	4
18603	14	7	2	1	164	6
18604	16	4	5	1	79	1
18605	17	9	6	1	105	1
18606	10	9	7	2	199	4
18607	11	8	2	2	178	3
18608	12	9	1	1	223	6
18609	11	8	2	1	178	4
18610	12	9	1	1	224	5
18611	13	9	6	2	106	1
18612	14	9	5	1	94	3
18613	16	3	2	2	199	1
18614	17	1	1	2	218	4
18615	18	2	2	2	229	2
18616	19	1	3	1	162	6
18617	18	2	2	1	229	3
18618	19	1	3	1	163	7
18619	17	3	3	1	78	4
18620	18	7	2	2	164	3
18621	19	5	4	1	123	2
18622	18	7	3	1	137	3
18623	19	7	2	2	164	6
18624	20	8	3	1	103	2
18625	21	2	2	2	229	3
18626	21	5	2	1	180	3
18627	22	2	2	2	230	5
18628	23	7	4	1	157	5
18629	27	4	8	1	45	8
18630	22	6	2	1	131	5
18631	23	7	4	1	157	2
18632	19	8	3	1	103	6
18633	20	7	2	1	164	2
18634	16	3	3	1	78	1
18635	17	5	2	1	180	1
18636	18	7	2	1	165	6
18637	13	9	6	1	106	3
18638	14	9	5	1	94	1
18639	15	7	7	1	74	1
18640	16	3	2	2	199	1
18641	17	1	1	2	218	4
18642	18	2	2	2	230	2
18643	19	1	3	1	164	6
18644	18	2	2	1	230	3
18645	19	1	3	1	165	7
18646	17	3	3	1	78	4
18647	18	7	2	2	166	3
18648	19	5	4	1	124	2
18649	18	7	3	1	137	3
18650	19	7	2	2	166	6
18651	20	8	3	1	103	2
18652	21	2	2	2	230	3
18653	21	5	2	1	180	3
18654	22	2	2	2	231	5
18655	23	4	2	1	192	2
18656	22	6	2	1	131	5
18657	23	4	2	1	193	8
18658	30	5	5	1	76	8
18659	19	8	3	1	103	6
18660	20	7	2	1	166	2
18661	16	3	3	1	78	1
18662	17	5	2	1	180	1
18663	18	7	2	1	167	6
18664	10	9	7	1	199	5
18665	11	8	2	2	178	3
18666	12	9	1	1	224	6
18667	13	1	1	2	218	3
18668	14	3	2	2	199	1
18669	15	2	2	3	231	2
18670	16	1	3	1	166	5
18671	15	2	2	2	231	4
18672	16	1	3	1	167	7
18673	15	2	2	1	231	5
18674	16	1	3	1	168	8
18675	17	3	3	1	78	4
18676	19	2	3	1	99	6
18677	21	6	3	2	155	1
18678	21	6	3	1	156	3
18679	22	5	4	1	125	1
18680	14	3	3	1	78	1
18681	15	5	2	1	180	1
18682	16	7	2	1	168	5
18683	13	3	3	1	78	3
18684	14	3	2	1	199	1
18685	15	1	3	2	168	6
18686	16	2	3	1	99	8
18687	19	9	9	1	55	3
18688	21	7	7	1	74	1
18689	22	5	1	2	135	3
18690	23	4	3	1	200	7
18691	22	5	1	1	135	9
18692	15	1	3	1	168	7
18693	11	8	2	1	178	5
18694	12	9	1	1	224	4
18695	9	7	7	1	74	7
18696	10	9	7	3	199	1
18697	11	9	1	4	225	3
18698	12	8	2	1	178	6
18699	13	8	8	2	66	3
18700	13	8	8	1	67	5
18701	11	8	2	4	178	3
18702	12	9	1	1	225	6
18703	13	6	3	4	156	1
18704	14	6	8	1	57	2
18705	17	1	8	1	48	7
18706	23	2	7	1	56	2
18707	27	7	6	1	109	1
18708	13	6	3	3	156	2
18709	13	6	3	2	157	3
18710	14	1	1	1	218	3
18711	15	7	2	2	169	4
18712	16	5	4	1	126	1
18713	17	4	3	1	201	1
18714	20	6	2	1	131	8
18715	15	7	2	1	169	5
18716	16	5	4	1	126	2
18717	17	2	2	2	231	2
18718	18	5	1	1	136	5
18719	17	2	2	1	231	4
18720	18	3	2	1	199	1
18721	13	6	3	1	157	4
18722	11	9	1	3	225	4
18723	12	8	2	1	178	5
18724	11	9	1	2	225	5
18725	12	8	2	1	179	4
18726	13	9	6	2	106	3
18727	14	9	5	1	94	4
18728	15	7	8	1	92	4
18729	16	4	2	2	193	8
18730	17	4	8	1	46	9
18731	19	1	8	1	48	7
18732	16	4	8	1	46	8
18733	17	5	8	1	68	9
18734	23	9	8	1	48	6
18735	29	8	9	1	48	3
18736	35	5	3	1	137	2
18737	13	9	6	1	106	4
18738	14	9	5	1	94	3
18739	16	4	2	2	193	8
18740	17	5	8	1	68	8
18741	19	6	8	1	57	1
18742	22	2	7	1	56	2
18743	16	4	8	1	46	8
18744	17	5	8	1	68	9
18745	23	9	8	1	48	6
18746	29	8	9	1	48	3
18747	34	8	3	1	103	2
18748	11	9	1	1	225	6
18749	10	9	7	2	199	2
18750	10	9	7	1	200	3
18751	4	8	3	1	104	9
18752	5	9	4	1	164	9
18753	6	9	3	2	174	5
18754	7	9	1	2	226	2
18755	8	9	7	1	201	4
18756	7	9	1	1	226	3
18757	8	8	2	1	179	2
18758	9	8	7	1	102	7
18759	10	9	7	2	202	4
18760	10	9	7	1	203	6
18761	11	8	8	2	68	3
18762	11	8	8	1	69	4
18763	6	9	3	1	174	6
18764	7	9	1	2	226	2
18765	8	8	2	1	179	4
18766	9	7	2	2	169	3
18767	10	6	2	1	132	6
18768	13	9	7	1	203	1
18769	9	7	2	1	169	5
18770	7	9	1	1	226	4
18771	8	8	2	1	179	2
18772	9	8	7	1	102	7
18773	10	9	7	1	204	5
18774	11	7	2	2	170	3
18775	12	7	3	1	137	5
18776	11	7	2	1	170	5
18777	12	7	3	1	138	3
18778	3	7	2	1	170	9
18779	4	9	1	3	226	2
18780	5	1	2	1	251	8
18781	6	8	2	2	179	3
18782	7	8	3	1	104	6
18783	10	2	2	2	231	6
18784	10	1	1	1	218	6
18785	11	3	2	1	200	4
18786	6	8	2	1	179	4
18787	7	9	3	1	174	6
18788	8	7	3	2	139	3
18789	9	8	3	1	104	5
18790	12	2	2	2	232	6
18791	13	1	3	1	169	9
18792	12	1	1	1	218	6
18793	13	2	2	2	232	1
18794	13	2	2	1	233	3
18795	8	7	3	1	139	5
18796	9	8	3	1	104	3
18797	12	1	1	1	218	6
18798	13	5	2	1	180	1
18799	4	9	1	2	226	3
18800	5	8	2	1	179	2
18801	7	1	2	2	251	6
18802	8	7	3	2	139	6
18803	9	8	3	1	104	4
18804	12	2	2	2	234	5
18805	13	3	2	2	201	1
18806	13	3	2	1	202	3
18807	12	1	1	1	218	5
18808	13	2	2	2	234	3
18809	14	1	3	1	170	8
18810	15	4	3	2	201	1
18811	15	4	3	1	202	3
18812	16	3	2	1	203	1
18813	19	6	3	2	158	1
18814	20	5	4	1	126	8
18815	23	9	4	2	164	6
18816	23	9	4	1	165	9
18817	24	8	7	1	102	9
18818	25	9	7	2	204	2
18819	26	8	8	2	70	3
18820	27	8	9	1	48	6
18821	28	7	6	2	110	4
18822	29	6	7	1	68	3
18823	32	6	6	1	79	6
18824	28	7	5	1	105	4
18825	29	7	6	1	110	3
18826	30	6	7	1	68	4
18827	32	7	7	1	74	1
18828	26	8	8	1	70	6
18829	27	8	9	1	48	3
18830	28	7	6	2	110	4
18831	29	7	5	1	105	3
18832	28	7	5	1	106	4
18833	29	7	6	1	110	3
18834	30	6	7	1	68	4
18835	32	7	7	1	75	1
18836	25	9	7	1	204	4
18837	19	6	3	1	158	2
18838	20	5	4	1	126	7
18839	23	2	3	2	99	9
18840	24	3	3	1	78	7
18841	25	2	1	2	81	4
18842	26	3	1	1	80	2
18843	27	5	5	2	77	8
18844	28	9	4	2	165	8
18845	29	8	7	1	102	8
18846	28	8	4	1	36	8
18847	29	8	7	1	103	9
18848	30	9	4	1	165	9
18849	32	6	5	1	49	9
18850	34	6	1	1	31	7
18851	35	7	5	2	106	3
18852	36	6	6	1	80	5
18853	37	2	6	1	52	8
18854	35	7	5	1	106	4
18855	36	6	6	1	80	4
18856	39	6	8	1	57	6
18857	27	4	4	1	34	8
18858	28	9	4	2	165	6
18859	28	9	4	1	166	9
18860	29	8	7	1	103	9
18861	30	9	7	2	205	2
18862	31	8	8	2	70	3
18863	32	8	9	1	48	6
18864	33	8	4	1	36	5
18865	34	7	6	2	110	4
18866	35	7	5	1	106	3
18867	36	5	6	2	83	2
18868	37	6	7	1	68	1
18869	36	5	6	1	83	3
18870	37	4	5	1	79	2
18871	40	3	6	1	69	9
18872	34	7	5	1	106	4
18873	35	7	6	1	110	3
18874	38	3	5	1	38	5
18875	31	8	8	1	70	6
18876	32	8	9	1	48	3
18877	33	8	4	1	36	5
18878	34	7	6	2	110	4
18879	35	7	5	1	106	3
18880	36	5	6	2	83	2
18881	37	6	7	1	69	1
18882	36	5	6	1	83	3
18883	37	1	4	1	34	3
18884	41	6	7	2	70	1
18885	41	6	7	1	71	3
18886	42	3	8	1	58	3
18887	44	3	7	1	49	8
18888	34	7	5	1	106	4
18889	35	7	6	1	110	3
18890	39	6	7	1	71	4
18891	30	9	7	1	205	4
18892	25	3	1	1	80	4
18893	26	2	1	1	81	2
18894	27	5	5	2	77	8
18895	28	9	4	2	166	8
18896	29	8	7	1	103	8
18897	28	8	4	1	36	8
18898	29	8	7	1	104	9
18899	30	5	8	1	68	9
18900	32	4	1	1	42	9
18901	34	6	1	1	31	7
18902	35	7	5	2	106	3
18903	36	6	6	1	80	5
18904	37	8	6	1	29	7
18905	35	7	5	1	106	4
18906	36	6	6	1	80	4
18907	39	7	7	1	76	3
18908	27	4	4	1	34	8
18909	28	9	4	2	166	6
18910	28	9	4	1	167	9
18911	29	8	7	1	104	9
18912	30	9	7	2	206	2
18913	31	8	8	2	70	3
18914	32	8	9	1	48	6
18915	33	8	4	1	36	5
18916	34	3	4	2	71	3
18917	35	4	5	1	79	2
18918	34	3	4	1	71	6
18919	35	4	5	1	80	1
18920	37	3	5	1	39	2
18921	31	8	8	1	70	6
18922	32	8	9	1	48	3
18923	33	8	4	1	36	5
18924	34	3	4	2	71	3
18925	35	4	5	1	80	2
18926	37	3	5	1	40	6
18927	34	3	4	1	71	6
18928	35	4	5	1	80	1
18929	37	3	5	1	41	2
18930	30	9	7	1	206	4
18931	23	3	3	1	78	9
18932	24	2	3	1	99	7
18933	25	5	6	2	83	2
18934	26	3	4	1	71	4
18935	25	5	6	1	83	3
18936	26	3	4	1	72	3
18937	28	9	4	2	167	8
18938	28	9	4	1	168	9
18939	29	8	7	1	104	9
18940	33	8	4	1	36	5
18941	13	2	2	1	234	4
18942	8	8	3	1	104	6
18943	9	7	3	1	139	4
18944	12	1	1	1	218	5
18945	13	2	2	2	235	3
18946	14	1	3	1	170	8
18947	21	6	3	1	158	2
18948	23	2	3	2	99	9
18949	24	3	3	1	78	7
18950	25	7	8	2	92	7
18951	26	7	6	2	110	3
18952	27	6	7	1	72	4
18953	29	6	6	1	80	1
18954	31	1	5	1	59	1
18955	26	7	6	1	110	6
18956	27	6	7	1	72	1
18957	28	9	4	1	168	9
18958	25	7	9	1	74	7
18959	26	6	1	1	31	7
18960	27	4	1	1	42	6
18961	28	7	6	2	110	6
18962	28	7	8	1	92	6
18963	29	7	7	2	77	2
18964	30	7	6	2	111	3
18965	31	6	6	1	80	1
18966	30	7	6	1	111	5
18967	31	7	5	1	106	3
18968	29	7	7	1	77	3
18969	23	3	3	1	78	9
18970	24	2	3	1	99	7
18971	25	7	8	2	92	7
18972	26	7	6	2	111	3
18973	27	7	9	1	74	6
18974	29	6	6	1	81	1
18975	26	7	6	1	111	6
18976	27	6	7	1	72	1
18977	28	9	4	1	169	9
18978	25	7	9	1	74	7
18979	26	6	1	1	31	7
18980	28	4	1	1	42	6
18981	13	2	2	1	235	4
18982	7	1	2	1	251	8
18983	8	7	3	1	139	4
18984	9	8	3	1	104	6
18985	10	6	3	2	158	8
18986	11	5	4	1	126	1
18987	12	4	3	1	202	1
18988	15	1	1	1	218	5
18989	10	5	3	1	138	8
18990	11	5	2	1	181	1
18991	13	3	3	1	78	1
18992	14	3	2	2	203	3
18993	15	1	1	1	219	5
18994	18	2	3	1	99	7
18995	19	4	3	2	202	2
18996	20	6	3	1	158	3
18997	24	7	4	1	158	2
18998	25	5	6	1	83	2
18999	28	7	5	1	107	3
19000	31	4	1	1	43	4
19001	19	4	3	1	202	3
19002	20	6	3	1	158	2
19003	24	7	4	1	158	1
19004	25	7	8	2	92	7
19005	26	7	6	2	111	3
19006	27	4	5	1	80	1
19007	26	7	6	1	111	6
19008	27	6	7	1	72	1
19009	28	9	4	1	170	9
19010	25	7	9	1	74	7
19011	26	6	1	1	31	7
19012	27	4	1	1	44	4
19013	28	9	7	3	207	1
19014	29	9	4	1	171	9
19015	30	2	6	1	53	9
19016	28	4	5	2	81	1
19017	29	9	7	2	207	2
19018	29	9	7	1	208	4
19019	28	4	5	1	81	2
19020	14	3	2	1	203	4
19021	4	9	1	1	226	4
19022	5	8	2	1	179	2
19023	7	1	2	2	251	5
19024	8	7	3	2	139	5
19025	9	8	3	1	104	3
19026	11	9	4	1	171	9
19027	12	7	4	2	158	1
19028	13	6	2	1	132	6
19029	14	1	1	1	219	6
19030	15	2	2	2	236	1
19031	16	1	3	1	170	7
19032	17	9	7	2	209	1
19033	18	4	3	2	202	1
19034	18	4	3	1	203	4
19035	19	4	2	1	193	8
19036	24	6	3	1	158	1
19037	26	6	9	1	29	8
19038	28	9	9	1	55	2
19039	29	7	6	2	111	2
19040	30	7	5	1	107	4
19041	31	9	6	2	106	5
19042	32	6	5	1	49	9
19043	36	4	6	1	55	1
19044	31	9	5	1	94	5
19045	32	6	6	1	82	5
19046	35	4	6	1	56	1
19047	29	7	5	1	107	2
19048	30	7	6	1	111	4
19049	31	5	6	2	83	1
19050	32	2	3	1	99	9
19051	33	1	7	1	35	8
19052	35	9	6	2	106	5
19053	36	4	5	1	82	6
19054	39	2	1	1	81	2
19055	42	3	8	1	58	1
19056	35	9	5	1	94	5
19057	36	9	6	1	106	3
19058	38	1	6	1	36	9
19059	39	3	9	1	67	9
19060	44	6	6	1	82	5
19061	31	5	6	1	83	6
19062	32	2	3	1	99	9
19063	36	1	6	1	36	1
19064	17	9	7	1	209	2
19065	15	2	2	1	236	3
19066	12	7	4	1	158	3
19067	13	6	2	1	132	8
19068	14	4	3	2	203	1
19069	14	4	3	1	204	2
19070	15	3	2	2	204	1
19071	16	4	2	1	193	3
19072	17	2	2	1	237	6
19073	15	3	2	1	204	4
19074	16	4	2	1	193	6
19075	17	5	3	1	138	4
19076	19	6	3	1	158	1
19077	21	2	2	1	238	1
19078	24	1	3	1	170	7
19079	25	9	7	2	210	2
19080	25	9	7	1	211	3
19081	26	9	6	2	106	1
19082	27	9	5	1	94	5
19083	28	7	6	2	111	2
19084	29	7	5	1	107	4
19085	32	4	5	1	82	1
19086	28	7	5	1	107	2
19087	29	7	6	1	111	4
19088	30	6	6	1	83	7
19089	26	9	6	1	106	5
19090	27	9	5	1	94	1
19091	28	5	6	2	83	1
19092	29	7	6	1	111	2
19093	28	5	6	1	83	2
19094	29	7	6	1	112	4
19095	8	8	3	1	104	5
19096	9	7	3	1	139	3
19097	10	7	4	2	158	1
19098	11	9	4	1	171	9
19099	13	8	7	1	104	9
19100	14	9	7	2	211	1
19101	15	3	2	2	204	1
19102	16	3	3	1	78	4
19103	17	2	3	1	99	7
19104	15	3	2	1	204	6
19105	16	2	2	1	238	1
19106	14	9	7	1	211	2
19107	10	7	4	1	158	5
19108	11	9	4	1	171	9
19109	14	8	7	1	104	9
19110	15	4	3	2	204	1
19111	15	4	3	1	205	2
19112	16	3	2	2	204	1
19113	17	4	2	1	193	3
19114	18	2	2	1	239	6
19115	16	3	2	1	204	4
19116	17	4	2	1	193	6
19117	19	1	1	1	219	6
19118	20	5	4	1	126	8
19119	22	5	2	1	181	3
19120	25	1	3	1	170	7
19121	26	9	6	2	106	1
19122	27	9	5	1	94	3
19123	30	6	7	1	72	4
19124	26	9	6	1	106	3
19125	27	9	5	1	94	1
19126	7	1	2	1	251	8
19127	8	6	3	2	158	8
19128	9	5	4	1	126	1
19129	10	6	2	1	132	5
19130	13	3	2	1	204	3
19131	8	5	3	1	138	8
19132	9	5	2	1	181	1
19133	11	4	3	1	205	2
19134	13	6	3	1	158	4
19135	15	3	2	2	205	3
19136	16	2	2	1	240	4
19137	21	7	4	1	158	1
19138	25	8	7	1	104	9
19139	26	4	8	1	46	9
19140	31	9	8	1	48	8
19141	15	3	2	1	205	4
19142	1	8	1	1	155	2
19143	2	7	1	1	81	9
19144	3	4	2	2	193	9
19145	4	8	2	4	179	1
19146	5	7	2	2	170	8
19147	6	2	2	2	240	3
19148	7	1	2	2	251	5
19149	8	1	1	2	219	6
19150	8	3	2	1	206	6
19151	7	1	2	1	251	6
19152	8	3	3	1	78	2
19153	6	5	2	1	181	3
19154	7	2	2	2	240	2
19155	8	3	2	2	207	4
19156	9	4	3	1	205	5
19157	8	3	2	1	207	5
19158	9	4	3	1	206	4
19159	11	1	1	1	220	6
19160	7	3	2	1	207	2
19161	8	4	3	1	206	7
19162	5	8	3	1	104	8
19163	6	9	4	2	171	8
19164	7	8	7	1	104	7
19165	8	9	1	3	226	3
19166	9	9	3	1	174	4
19167	8	9	1	2	226	4
19168	9	9	3	1	175	5
19169	10	7	2	1	170	6
19170	8	9	1	1	226	5
19171	9	9	3	1	175	6
19172	10	7	4	2	158	1
19173	11	6	3	2	158	1
19174	12	7	2	1	171	4
19175	11	6	3	1	158	2
19176	12	7	2	1	172	4
19177	10	7	4	1	158	2
19178	11	5	4	2	126	1
19179	12	2	3	1	100	9
19180	13	7	6	2	113	1
19181	14	9	7	1	212	1
19182	13	7	6	1	113	7
19183	14	7	5	1	107	1
19184	11	5	4	1	126	3
19185	12	7	2	1	173	4
19186	16	7	6	1	113	1
19187	18	6	6	1	84	2
19188	6	7	5	1	108	8
19189	7	6	6	1	85	1
19190	9	9	9	1	55	8
19191	4	9	1	3	226	3
19192	5	8	2	1	179	5
19193	7	1	2	2	251	6
19194	8	7	2	1	173	4
19195	9	4	3	1	207	7
19196	7	1	2	1	251	8
19197	8	7	3	2	139	1
19198	9	2	1	2	81	1
19199	10	5	2	1	181	1
19200	12	6	3	1	158	2
19201	13	7	2	2	173	4
19202	14	2	2	1	240	3
19203	13	7	2	1	173	6
19204	14	8	3	1	104	4
19205	16	6	2	1	132	3
19206	17	2	2	1	241	4
19207	24	5	3	1	138	5
19208	28	3	9	1	67	9
19209	30	5	8	1	68	9
19210	9	2	1	1	81	7
19211	10	3	1	1	80	1
19212	11	5	2	1	181	1
19213	12	6	3	1	158	2
19214	13	7	2	2	173	4
19215	14	8	3	1	104	6
19216	13	7	2	1	173	6
19217	14	8	3	1	105	4
19218	16	6	2	1	132	3
19219	17	1	3	1	170	9
19220	8	7	3	1	139	4
19221	9	7	2	1	173	6
19222	4	9	1	2	226	4
19223	4	9	1	1	227	5
19224	5	8	2	1	179	3
19225	7	2	2	2	241	1
19226	7	5	2	1	181	1
19227	8	1	2	2	251	8
19228	9	7	3	2	139	1
19229	10	2	1	2	81	1
19230	11	3	1	1	80	7
19231	12	1	1	2	221	3
19232	13	6	2	1	132	5
19233	12	1	1	1	221	4
19234	13	3	3	1	79	3
19235	14	2	2	2	242	2
19236	14	2	2	1	243	5
19237	15	7	4	1	158	3
19238	26	5	4	1	126	4
19239	30	5	8	1	69	9
19240	10	2	1	1	81	7
19241	11	3	1	1	80	1
19242	12	1	1	2	221	3
19243	13	7	4	1	158	4
19244	12	1	1	1	221	4
19245	13	3	3	1	79	3
19246	15	3	2	1	207	2
19247	22	7	4	1	159	3
19248	9	7	3	1	139	4
19249	10	7	2	1	174	6
19250	13	6	2	1	133	5
19251	17	3	2	1	207	2
19252	20	2	2	1	243	4
19253	8	2	2	1	244	8
19254	9	3	2	1	207	2
19255	3	6	2	1	133	9
19256	4	8	2	4	179	1
19257	5	9	1	3	227	3
19258	6	9	3	1	175	4
19259	7	4	3	3	208	1
19260	8	7	4	3	160	1
19261	9	7	3	1	139	8
19262	10	1	2	2	251	5
19263	11	1	1	1	221	1
19264	10	1	2	1	251	6
19265	11	1	1	1	222	1
19266	8	9	7	4	213	1
19267	9	9	4	2	171	8
19268	10	1	2	3	251	5
19269	11	2	1	2	81	1
19270	12	3	1	1	80	4
19271	13	7	2	1	174	8
19272	15	5	2	1	181	6
19273	20	3	2	1	208	3
19274	25	1	3	1	171	8
19275	26	3	9	1	67	8
19276	27	3	8	1	59	1
19277	28	7	4	2	160	3
19278	29	7	3	1	139	6
19279	28	7	4	1	160	4
19280	11	2	1	1	81	4
19281	12	3	1	1	80	1
19282	13	2	2	2	244	2
19283	14	8	7	1	104	8
19284	18	5	1	1	137	8
19285	23	5	4	1	126	5
19286	26	3	9	1	67	8
19287	27	7	4	2	161	3
19288	28	7	3	1	140	6
19289	27	7	4	1	161	4
19290	13	2	2	1	244	3
19291	10	1	2	2	251	6
19292	11	2	1	2	81	1
19293	12	3	1	1	80	5
19294	13	8	7	1	104	8
19295	15	1	1	2	223	4
19296	15	1	1	1	224	7
19297	11	2	1	1	81	5
19298	12	3	1	1	80	1
19299	13	2	2	2	245	2
19300	14	7	2	1	174	8
19301	13	2	2	1	245	3
19302	10	1	2	1	251	8
19303	11	2	1	2	81	1
19304	11	2	1	1	82	7
19305	9	9	4	1	171	9
19306	10	8	7	1	104	9
19307	12	4	8	1	46	9
19308	13	1	2	3	251	5
19309	14	2	1	2	83	1
19310	15	3	1	1	80	4
19311	16	7	2	1	175	8
19312	17	4	2	1	193	4
19313	24	2	2	1	246	2
19314	32	7	5	1	108	1
19315	14	2	1	1	83	4
19316	15	3	1	1	80	1
19317	16	2	2	2	246	2
19318	17	4	2	1	193	4
19319	20	7	4	1	162	3
19320	27	1	3	1	171	8
19321	32	7	9	1	74	4
19322	35	6	7	1	73	6
19323	39	6	6	1	85	4
19324	16	2	2	1	246	3
19325	13	1	2	2	251	6
19326	14	2	1	2	83	1
19327	15	3	1	1	80	5
19328	16	7	2	1	175	8
19329	17	7	4	1	162	3
19330	19	8	3	1	105	5
19331	20	1	1	2	225	4
19332	20	1	1	1	226	7
19333	14	2	1	1	83	5
19334	15	3	1	1	80	1
19335	16	2	2	2	247	2
19336	17	1	1	1	227	7
19337	16	2	2	1	247	3
19338	13	1	2	1	251	8
19339	14	2	1	2	83	1
19340	14	2	1	1	84	7
19341	8	1	2	3	251	5
19342	9	2	1	2	85	1
19343	10	3	1	1	80	4
19344	11	7	2	1	175	8
19345	12	1	1	1	228	6
19346	17	3	2	1	208	3
19347	21	1	3	1	171	8
19348	22	3	8	2	59	1
19349	23	9	7	2	213	2
19350	24	9	4	2	171	8
19351	25	8	7	1	104	8
19352	26	7	4	1	162	3
19353	24	9	4	1	171	9
19354	25	8	7	1	104	9
19355	27	4	8	1	46	9
19356	28	9	8	1	49	8
19357	30	3	9	1	67	9
19358	38	6	8	1	58	6
19359	23	9	7	1	213	5
19360	24	9	4	1	171	8
19361	22	3	8	1	59	2
19362	23	3	9	1	67	9
19363	24	9	7	1	213	2
19364	9	2	1	1	85	4
19365	10	3	1	1	80	1
19366	11	2	2	2	248	2
19367	12	4	2	1	193	4
19368	15	5	2	1	181	6
19369	20	5	4	1	126	5
19370	22	7	4	2	163	3
19371	23	7	3	1	141	6
19372	24	8	3	1	105	5
19373	25	9	4	2	172	6
19374	25	9	4	1	173	9
19375	26	8	7	1	104	9
19376	28	4	8	1	46	9
19377	29	9	9	1	56	5
19378	31	9	7	2	214	2
19379	32	7	5	1	109	5
19380	38	6	8	1	59	2
19381	31	9	7	1	214	6
19382	22	7	4	1	163	4
19383	23	7	3	1	141	5
19384	24	8	3	1	105	6
19385	25	2	3	2	100	9
19386	26	3	3	1	79	7
19387	27	5	6	2	83	1
19388	28	7	5	2	109	1
19389	29	9	7	1	215	2
19390	28	9	5	1	95	1
19391	29	9	4	2	173	8
19392	30	7	6	1	113	6
19393	29	9	4	1	173	9
19394	30	4	6	1	57	2
19395	27	5	6	1	83	4
19396	28	4	5	1	83	3
19397	30	2	8	2	44	1
19398	31	2	9	1	42	3
19399	30	2	8	1	44	3
19400	31	2	9	1	43	1
19401	32	5	7	1	70	1
19402	25	3	3	1	79	9
19403	26	2	3	1	100	7
19404	27	5	6	1	83	3
19405	30	5	7	1	71	1
19406	33	3	8	1	59	4
19407	35	9	7	1	216	2
19408	11	2	2	1	248	3
19409	8	1	2	2	251	6
19410	9	2	1	2	85	1
19411	10	3	1	1	80	5
19412	11	7	2	1	175	8
19413	12	1	1	2	228	4
19414	12	1	1	1	229	7
19415	9	2	1	1	85	5
19416	10	3	1	1	80	1
19417	11	2	2	2	249	2
19418	12	1	1	1	230	7
19419	11	2	2	1	249	3
19420	8	1	2	1	251	8
19421	9	2	1	2	85	1
19422	9	2	1	1	86	7
19423	7	4	3	2	208	2
19424	8	2	2	2	250	2
19425	9	3	2	2	208	3
19426	10	4	2	1	193	5
19427	12	5	1	1	137	7
19428	14	1	2	1	251	6
19429	9	3	2	1	208	4
19430	10	4	2	1	193	6
19431	12	1	2	1	252	8
19432	8	3	2	1	208	2
19433	9	4	2	1	193	4
19434	10	2	2	2	250	3
19435	11	5	3	2	138	1
19436	12	6	3	1	158	3
19437	13	1	2	2	253	5
19438	14	5	4	1	126	5
19439	18	1	1	1	231	6
19440	19	1	3	1	171	9
19441	20	2	1	2	87	1
19442	21	3	1	1	80	4
19443	22	4	5	2	83	1
19444	23	3	4	1	72	3
19445	26	7	4	1	163	4
19446	28	8	3	1	105	6
19447	29	7	6	2	114	1
19448	30	9	7	2	217	1
19449	31	6	9	1	29	1
19450	32	2	3	1	100	7
19451	30	9	9	1	56	1
19452	31	6	7	1	73	1
19453	32	7	8	1	92	2
19454	29	9	6	1	106	1
19455	30	9	4	2	173	8
19456	31	8	7	1	104	8
19457	30	9	4	1	173	9
19458	31	8	7	1	105	9
19459	22	4	5	1	83	3
19460	23	2	3	1	101	8
19461	24	3	3	1	79	7
19462	25	3	4	2	72	1
19463	26	3	8	1	59	3
19464	29	8	7	1	106	9
19465	25	3	4	1	72	3
19466	26	5	6	1	83	2
19467	29	5	7	1	71	4
19468	33	9	4	1	173	9
19469	20	2	1	1	87	4
19470	21	3	1	1	80	1
19471	22	4	5	2	83	1
19472	23	7	3	2	141	6
19473	24	7	4	1	163	3
19474	26	3	4	1	72	4
19475	27	7	6	2	114	1
19476	28	9	7	3	217	1
19477	29	9	4	1	174	9
19478	30	3	6	1	70	5
19479	28	9	7	2	217	2
19480	28	9	7	1	218	5
19481	27	9	6	1	106	1
19482	28	9	4	1	174	9
19483	29	8	7	1	107	9
19484	32	3	9	1	67	9
19485	34	9	7	2	219	2
19486	35	7	5	1	109	5
19487	34	9	7	1	219	6
19488	23	8	3	1	105	6
19489	24	7	3	1	141	5
19490	25	7	4	1	163	4
19491	26	3	4	1	72	3
19492	27	2	8	2	44	1
19493	28	2	9	1	43	2
19494	30	5	7	1	71	2
19495	33	9	7	1	220	1
19496	27	2	8	1	44	2
19497	28	2	9	1	43	1
19498	29	1	4	1	34	1
19499	32	7	5	1	110	3
19500	35	4	6	1	58	3
19501	22	4	5	1	83	3
19502	23	3	4	1	72	3
19503	26	4	6	1	59	1
19504	30	8	3	1	105	6
19505	13	1	2	1	253	6
19506	14	5	4	1	126	5
19507	11	5	3	1	138	3
19508	12	5	2	1	181	5
19509	14	7	2	1	175	8
19510	15	1	2	1	253	6
19511	18	6	3	1	158	1
19512	20	2	1	2	87	1
19513	21	3	1	1	80	5
19514	22	7	3	2	141	6
19515	23	7	4	1	163	3
19516	25	9	7	4	221	1
19517	26	9	4	1	174	9
19518	27	5	5	1	77	9
19519	29	4	8	1	46	9
19520	30	7	8	1	93	7
19521	33	7	6	2	114	1
19522	34	6	4	1	35	5
19523	33	7	6	1	114	5
19524	34	6	7	1	73	2
19525	25	9	4	2	174	6
19526	25	9	4	1	175	9
19527	26	5	5	1	77	9
19528	28	4	8	1	46	9
19529	29	7	8	1	93	7
19530	32	7	5	1	110	5
19531	34	6	7	1	74	5
19532	36	9	7	1	221	2
19533	22	8	3	1	106	6
19534	23	7	3	1	141	5
19535	24	7	4	1	163	4
19536	25	9	7	4	222	1
19537	26	9	4	2	175	8
19538	27	8	7	1	107	8
19539	26	9	4	1	175	9
19540	27	8	7	1	108	9
19541	25	7	6	3	114	1
19542	26	9	4	1	175	9
19543	25	9	7	3	222	2
19544	26	9	4	2	176	8
19545	27	8	7	1	109	8
19546	26	9	4	1	176	9
19547	27	8	7	1	110	9
19548	25	9	7	2	222	5
19549	26	9	4	1	176	8
19550	25	9	7	1	222	6
19551	26	9	4	1	177	9
19552	20	2	1	1	87	5
19553	21	3	1	1	80	1
19554	22	7	3	2	141	6
19555	23	8	3	1	106	5
19556	25	4	5	2	83	1
19557	26	7	6	2	114	1
19558	27	9	7	3	222	1
19559	28	9	4	1	178	9
19560	30	9	8	1	49	8
19561	27	9	7	2	222	2
19562	27	9	7	1	223	5
19563	26	9	6	1	106	1
19564	27	9	4	1	178	9
19565	28	8	7	1	111	9
19566	30	4	8	1	46	9
19567	31	9	9	1	56	5
19568	34	7	5	1	110	5
19569	36	7	6	1	114	2
19570	25	4	5	1	83	3
19571	26	5	6	2	83	1
19572	27	9	7	4	224	1
19573	27	9	4	2	178	6
19574	27	9	4	1	179	9
19575	28	8	7	1	111	9
19576	33	7	8	1	93	7
19577	26	5	6	1	83	2
19578	27	2	3	1	101	9
19579	29	1	6	1	37	3
19580	31	1	5	2	60	1
19581	32	1	4	1	34	2
19582	31	1	5	1	60	5
19583	32	9	6	1	106	6
19584	22	8	3	1	106	6
19585	23	7	3	1	141	5
19586	24	7	4	1	163	4
19587	25	9	7	4	225	1
19588	26	9	4	2	179	8
19589	27	7	5	1	110	6
19590	26	9	4	1	179	9
19591	27	8	7	1	111	9
19592	25	7	6	3	115	1
19593	26	9	4	1	179	9
19594	25	9	7	3	225	2
19595	26	9	4	2	180	8
19596	27	8	7	1	112	8
19597	26	9	4	1	180	9
19598	27	8	7	1	113	9
19599	25	9	7	2	225	5
19600	26	9	4	1	180	8
19601	25	9	7	1	225	6
19602	26	9	4	1	181	9
19603	10	3	3	1	79	3
19604	11	5	2	1	181	3
19605	12	5	3	1	138	5
19606	15	1	2	1	253	6
19607	7	4	3	1	208	3
19608	8	3	2	2	208	2
19609	9	4	2	1	193	5
19610	11	5	2	1	181	4
19611	14	6	3	2	158	1
19612	15	1	2	1	254	6
19613	16	1	1	1	231	4
19614	19	1	3	1	171	7
19615	20	2	1	2	87	1
19616	21	3	1	1	80	5
19617	22	7	3	2	141	6
19618	23	8	3	1	106	5
19619	25	9	4	2	182	6
19620	25	9	4	1	183	9
19621	26	8	7	1	114	9
19622	28	4	8	1	46	9
19623	29	9	7	3	225	1
19624	30	7	8	1	94	7
19625	31	7	5	2	111	1
19626	32	6	7	1	74	2
19627	35	5	8	1	70	8
19628	41	2	9	1	43	4
19629	45	8	8	1	70	6
19630	31	7	5	1	111	5
19631	32	6	7	1	74	6
19632	29	9	7	2	225	2
19633	30	7	5	1	111	5
19634	33	7	8	1	94	7
19635	37	6	8	1	60	2
19636	29	9	7	1	225	6
19637	22	8	3	1	106	6
19638	23	7	3	1	141	5
19639	24	7	4	1	163	4
19640	25	9	7	4	226	1
19641	26	9	4	2	183	8
19642	27	8	7	1	114	8
19643	26	9	4	1	183	9
19644	27	8	7	1	115	9
19645	25	7	6	3	115	1
19646	26	9	4	1	183	9
19647	25	9	7	3	226	2
19648	26	9	4	2	184	8
19649	27	8	7	1	116	8
19650	26	9	4	1	184	9
19651	27	8	7	1	117	9
19652	25	9	7	2	226	5
19653	26	9	4	1	184	8
19654	25	9	7	1	226	6
19655	26	9	4	1	185	9
19656	20	2	1	1	87	5
19657	21	3	1	1	80	1
19658	22	7	3	2	141	6
19659	23	8	3	1	106	5
19660	25	5	6	2	83	1
19661	26	9	4	2	186	6
19662	26	9	4	1	187	9
19663	27	8	7	1	118	9
19664	29	4	8	1	46	9
19665	32	1	6	1	37	3
19666	33	3	7	1	50	3
19667	25	5	6	1	83	3
19668	26	4	5	2	83	1
19669	27	5	7	2	71	1
19670	28	9	4	2	187	6
19671	28	9	4	1	188	9
19672	29	8	7	1	118	9
19673	31	4	8	1	46	9
19674	32	7	8	1	94	7
19675	33	9	6	2	107	1
19676	34	6	6	1	86	4
19677	33	9	6	1	107	2
19678	27	5	7	1	71	5
19679	28	5	9	1	35	1
19680	29	9	7	3	226	1
19681	30	7	5	1	111	5
19682	33	6	6	1	87	4
19683	29	9	7	2	226	2
19684	30	7	5	1	111	5
19685	29	9	7	1	226	6
19686	30	9	4	1	188	9
19687	26	4	5	1	83	2
19688	27	3	4	1	72	4
19689	29	3	3	1	79	8
19690	31	2	7	1	57	4
19691	33	8	7	1	118	9
19692	22	8	3	1	106	6
19693	23	7	3	1	141	5
19694	24	7	4	1	163	4
19695	25	9	7	4	226	1
19696	26	9	4	2	189	8
19697	27	8	7	1	119	8
19698	26	9	4	1	189	9
19699	27	8	7	1	120	9
19700	25	7	6	3	115	1
19701	26	9	4	1	189	9
19702	25	9	7	3	226	2
19703	26	9	4	2	190	8
19704	27	8	7	1	121	8
19705	26	9	4	1	190	9
19706	27	8	7	1	122	9
19707	25	9	7	2	226	5
19708	26	9	4	1	190	8
19709	25	9	7	1	226	6
19710	26	9	4	1	191	9
19711	14	6	3	1	158	7
19712	8	3	2	1	208	3
19713	9	4	2	1	193	6
19714	10	1	1	1	231	6
19715	11	5	2	1	181	4
19716	16	6	3	1	159	2
19717	20	2	1	2	87	1
19718	21	3	1	1	80	4
19719	22	3	8	2	59	1
19720	23	9	7	3	226	1
19721	24	9	4	2	192	8
19722	25	8	7	1	123	8
19723	26	7	4	1	163	3
19724	24	9	4	1	192	9
19725	25	8	7	1	123	9
19726	27	4	8	1	46	9
19727	28	7	4	2	164	3
19728	29	7	5	1	112	5
19729	34	8	3	1	106	5
19730	28	7	4	1	164	4
19731	23	9	7	2	226	2
19732	24	9	4	2	192	8
19733	25	8	7	1	123	8
19734	26	7	4	1	165	3
19735	24	9	4	1	192	9
19736	25	8	7	1	123	9
19737	27	4	8	1	46	9
19738	28	1	8	1	49	2
19739	29	9	6	2	108	1
19740	30	7	3	1	141	6
19741	29	9	6	1	108	6
19742	30	7	3	1	142	6
19743	34	6	7	1	75	5
19744	23	9	7	1	226	5
19745	24	9	4	1	192	8
19746	22	3	8	1	59	2
19747	23	3	9	1	67	9
19748	24	2	3	1	101	9
19749	20	2	1	1	87	4
19750	21	3	1	1	80	1
19751	22	9	4	2	193	8
19752	23	8	7	1	123	8
19753	24	7	3	1	142	6
19754	22	9	4	1	193	9
19755	23	8	7	1	123	9
19756	25	4	8	1	46	9
19757	26	9	7	3	226	1
19758	27	7	4	1	166	3
19759	29	8	3	1	107	5
19760	33	4	5	2	83	1
19761	34	2	4	2	55	1
19762	34	2	4	1	56	5
19763	33	4	5	1	83	2
19764	34	5	6	1	83	3
19765	26	9	7	2	226	2
19766	27	7	4	1	166	3
19767	29	8	3	1	107	5
19768	31	7	6	1	115	2
19769	34	6	7	1	76	5
19770	26	9	7	1	226	6
19771	5	9	1	2	227	4
19772	6	9	3	1	175	5
19773	7	7	4	3	166	1
19774	8	7	3	1	143	8
19775	9	1	2	2	254	8
19776	10	1	1	2	231	1
19777	11	2	2	2	250	6
19778	12	1	3	1	171	7
19779	17	5	3	1	138	3
19780	23	5	2	1	181	5
19781	27	9	7	3	227	1
19782	28	9	4	2	193	6
19783	28	9	4	1	194	9
19784	29	5	5	1	77	9
19785	31	4	8	1	46	9
19786	32	9	8	1	50	8
19787	27	9	7	2	227	2
19788	27	9	7	1	228	3
19789	11	7	2	1	175	6
19790	12	8	3	1	107	3
19791	10	3	3	1	79	1
19792	11	7	2	1	175	6
19793	12	8	3	1	108	3
19794	9	2	2	1	250	8
19795	10	1	3	1	171	9
19796	7	9	7	4	229	1
19797	8	9	4	2	194	6
19798	9	8	7	1	123	7
19799	8	9	4	1	194	9
19800	9	8	7	1	124	9
19801	11	4	8	1	46	9
19802	12	7	6	2	115	1
19803	13	7	2	2	175	8
19804	14	1	2	2	254	4
19805	15	2	2	2	250	6
19806	15	1	1	1	231	6
19807	16	4	2	1	193	6
19808	19	5	2	1	181	3
19809	21	1	3	1	172	8
19810	14	1	2	1	254	6
19811	15	4	3	2	208	1
19812	16	2	1	2	87	1
19813	17	3	1	1	80	5
19814	18	2	2	2	251	2
19815	19	5	2	1	181	5
19816	18	2	2	1	251	4
19817	19	1	3	1	173	7
19818	23	5	2	1	182	5
19819	26	7	8	1	94	7
19820	16	2	1	1	87	5
19821	17	3	1	1	80	1
19822	18	2	2	2	251	2
19823	19	1	3	1	173	9
19824	18	2	2	1	251	4
19825	19	1	3	1	174	7
19826	26	7	8	1	95	7
19827	15	4	3	1	208	2
19828	16	5	3	2	138	1
19829	17	5	4	1	127	4
19830	16	5	3	1	138	4
19831	13	7	3	1	143	8
19832	12	7	5	1	112	1
19833	13	6	6	1	88	8
19834	15	1	2	2	254	4
19835	16	2	2	2	251	6
19836	16	1	1	1	231	6
19837	17	3	2	1	208	5
19838	20	5	2	1	182	3
19839	21	2	2	1	252	2
19840	24	3	7	1	51	8
19841	27	2	1	2	87	1
19842	28	3	1	1	80	3
19843	31	3	3	1	79	7
19844	37	9	6	1	108	2
19845	27	2	1	1	87	3
19846	28	3	1	1	80	1
19847	29	7	4	2	166	3
19848	30	7	3	1	144	6
19849	29	7	4	1	166	6
19850	15	1	2	1	254	6
19851	16	4	3	2	208	1
19852	17	4	1	1	44	8
19853	18	2	1	2	87	1
19854	19	3	1	1	80	5
19855	20	2	2	2	252	2
19856	21	5	2	1	182	5
19857	20	2	2	1	252	4
19858	21	3	2	1	208	2
19859	25	5	2	1	183	5
19860	28	5	4	1	128	4
19861	32	5	7	1	71	3
19862	18	2	1	1	87	5
19863	19	3	1	1	80	1
19864	20	2	2	2	252	2
19865	21	3	2	1	208	3
19866	20	2	2	1	252	4
19867	21	3	2	1	209	2
19868	28	5	4	1	128	4
19869	32	5	7	1	72	3
19870	33	5	6	1	84	1
19871	34	6	8	2	61	1
19872	35	5	9	1	35	8
19873	34	6	8	1	61	2
19874	35	6	9	1	29	1
19875	16	4	3	1	208	2
19876	17	4	1	1	44	8
19877	18	5	3	2	139	1
19878	19	1	1	1	231	7
19879	18	5	3	1	139	4
19880	7	4	3	4	208	1
19881	8	1	2	3	254	4
19882	9	2	1	2	87	1
19883	10	3	1	1	80	3
19884	11	7	2	1	175	8
19885	13	1	1	1	232	6
19886	17	1	3	1	174	8
19887	18	3	8	2	59	1
19888	19	9	7	2	229	2
19889	20	9	4	2	194	6
19890	21	5	4	1	128	4
19891	20	9	4	1	194	9
19892	21	8	7	1	124	9
19893	23	3	7	1	51	8
19894	19	9	7	1	229	3
19895	20	9	4	1	194	6
19896	18	3	8	1	59	2
19897	19	3	9	1	67	9
19898	20	2	3	1	102	9
19899	9	2	1	1	87	3
19900	10	3	1	1	80	1
19901	11	2	2	1	252	2
19902	12	7	2	1	175	8
19903	15	1	1	1	232	6
19904	18	7	4	2	167	3
19905	19	7	3	1	145	6
19906	21	8	7	1	124	9
19907	22	9	4	1	195	9
19908	24	5	5	1	77	9
19909	25	4	8	1	46	9
19910	27	9	6	2	109	1
19911	28	9	5	1	95	2
19912	29	6	3	2	159	2
19913	30	7	8	1	96	7
19914	29	6	3	1	159	4
19915	30	7	8	1	97	7
19916	27	9	6	1	109	2
19917	28	9	5	1	95	1
19918	29	6	3	2	159	2
19919	30	5	3	1	140	4
19920	29	6	3	1	159	4
19921	30	5	3	1	141	2
19922	18	7	4	1	167	6
19923	19	7	3	1	145	3
19924	23	5	3	1	142	2
19925	25	3	4	1	72	3
19926	27	9	4	2	195	8
19927	28	9	5	1	95	3
19928	27	9	4	1	195	9
19929	28	9	5	1	96	1
19930	8	1	2	2	254	6
19931	9	2	1	2	87	1
19932	10	3	1	1	80	5
19933	11	7	2	1	175	8
19934	12	2	2	2	252	2
19935	13	3	2	1	209	3
19936	12	2	2	1	252	4
19937	13	3	2	1	210	2
19938	20	6	3	1	159	4
19939	22	7	4	2	167	3
19940	23	8	3	1	109	3
19941	25	8	7	1	124	9
19942	26	9	4	1	195	9
19943	28	5	5	1	77	9
19944	29	4	8	1	46	9
19945	30	9	6	2	109	1
19946	31	9	5	1	97	2
19947	30	9	6	1	109	2
19948	31	9	5	1	98	1
19949	32	7	5	1	112	4
19950	22	7	4	1	167	6
19951	23	8	3	1	109	6
19952	25	3	4	2	72	1
19953	26	3	9	1	67	9
19954	25	3	4	1	72	3
19955	26	5	6	2	84	1
19956	27	4	5	1	83	5
19957	30	3	9	1	68	9
19958	26	5	6	1	84	3
19959	27	4	5	1	83	2
19960	29	3	3	1	79	9
19961	31	9	6	1	109	2
19962	9	2	1	1	87	5
19963	10	3	1	1	80	1
19964	11	2	2	2	252	2
19965	12	7	2	1	175	8
19966	15	3	2	1	210	3
19967	11	2	2	1	252	4
19968	12	7	2	1	175	8
19969	18	5	3	1	142	2
19970	21	5	4	1	129	4
19971	22	5	6	2	84	1
19972	23	7	4	2	167	3
19973	24	7	3	1	145	6
19974	27	5	7	1	72	3
19975	30	9	6	1	110	2
19976	23	7	4	1	167	6
19977	24	7	3	1	145	3
19978	26	9	4	2	195	8
19979	27	9	5	1	98	3
19980	26	9	4	1	195	9
19981	27	9	5	1	99	1
19982	32	7	5	1	113	4
19983	22	5	6	1	84	3
19984	23	3	4	1	72	3
19985	26	5	7	1	72	1
19986	8	1	2	1	254	8
19987	9	7	2	2	175	3
19988	9	7	2	1	176	6
19989	7	7	4	2	167	3
19990	8	7	3	1	145	6
19991	10	8	7	1	124	9
19992	12	9	7	1	229	6
19993	14	5	5	1	77	9
19994	15	4	8	1	46	9
19995	16	1	2	2	254	4
19996	17	3	2	2	211	2
19997	18	4	3	1	208	4
19998	20	5	3	1	142	2
19999	17	3	2	1	211	3
20000	16	1	2	1	254	6
20001	17	4	3	1	208	2
20002	18	3	2	2	212	2
20003	19	4	2	1	193	4
20004	20	5	3	1	143	1
20005	18	3	2	1	212	3
20006	19	4	2	1	193	5
20007	7	7	4	1	167	6
20008	8	7	3	1	145	3
20009	10	7	2	1	177	8
20010	11	1	2	2	254	4
20011	12	3	2	2	212	2
20012	13	4	3	1	208	4
20013	16	5	4	1	129	7
20014	12	3	2	1	212	3
20015	11	1	2	1	254	6
20016	12	4	3	1	208	2
20017	13	3	2	2	213	2
20018	14	4	2	1	194	4
20019	15	5	3	1	144	1
20020	13	3	2	1	213	3
20021	14	4	2	1	194	5
20022	5	9	1	1	227	5
20023	6	9	3	1	175	6
20024	7	2	2	2	252	6
20025	8	1	1	2	232	1
20026	8	1	1	1	233	3
20027	9	1	3	1	174	9
20028	10	1	2	2	254	5
20029	11	7	2	1	177	8
20030	13	4	3	2	208	1
20031	14	4	2	1	195	3
20032	16	5	3	1	145	2
20033	18	6	3	1	159	5
20034	20	2	1	2	87	1
20035	21	3	1	1	80	4
20036	22	5	6	2	84	1
20037	23	5	7	1	73	5
20038	26	3	3	1	79	8
20039	22	5	6	1	84	5
20040	23	5	7	1	73	1
20041	28	4	6	1	59	7
20042	20	2	1	1	87	4
20043	21	3	1	1	80	1
20044	13	4	3	1	208	2
20045	14	4	2	1	195	4
20046	18	6	3	1	159	1
20047	20	2	1	2	87	1
20048	21	3	1	1	81	4
20049	22	9	4	2	195	8
20050	23	8	7	1	124	8
20051	24	7	3	1	145	4
20052	22	9	4	1	195	9
20053	23	8	7	1	124	9
20054	26	3	9	1	69	9
20055	28	7	8	1	98	7
20056	31	3	8	2	59	1
20057	32	4	5	2	83	1
20058	33	2	3	1	103	8
20059	37	4	6	1	60	5
20060	32	4	5	1	83	3
20061	33	3	4	1	72	3
20062	34	5	6	2	84	1
20063	35	1	4	1	35	1
20064	34	5	6	1	84	2
20065	35	2	3	1	103	8
20066	31	3	8	1	59	3
20067	32	1	8	1	49	1
20068	36	6	8	1	61	4
20069	20	2	1	1	87	4
20070	21	3	1	1	81	1
20071	22	4	5	2	83	1
20072	23	9	4	2	195	8
20073	24	8	7	1	124	8
20074	26	7	3	1	146	4
20075	23	9	4	1	195	9
20076	24	8	7	1	124	9
20077	28	3	9	1	69	9
20078	30	9	9	1	56	1
20079	22	4	5	1	83	3
20080	23	5	6	2	84	1
20081	24	5	7	1	73	2
20082	25	9	7	3	229	1
20083	26	7	6	1	115	2
20084	30	5	9	1	36	4
20085	25	9	7	2	229	3
20086	26	8	7	1	124	9
20087	27	9	4	1	195	9
20088	32	7	6	1	115	3
20089	25	9	7	1	229	4
20090	26	9	5	2	99	1
20091	27	9	4	1	195	8
20092	29	8	7	1	124	8
20093	31	7	3	1	147	4
20094	26	9	5	1	99	2
20095	27	9	4	1	195	9
20096	23	5	6	1	84	2
20097	24	3	4	1	72	3
20098	26	3	3	1	80	7
20099	27	5	7	2	73	1
20100	28	4	6	1	61	5
20101	30	5	5	1	77	9
20102	27	5	7	1	73	4
20103	28	4	6	1	61	1
20104	31	2	7	1	57	5
20105	32	2	4	1	57	1
20106	33	3	9	1	69	9
20107	36	6	6	1	88	8
20108	10	1	2	1	254	8
20109	11	3	2	2	213	2
20110	11	3	3	1	80	2
20111	7	1	1	1	233	6
20112	8	2	2	2	252	2
20113	9	1	3	1	174	8
20114	10	7	2	1	177	8
20115	11	4	3	2	208	1
20116	12	1	2	2	254	4
20117	13	4	2	1	195	6
20118	15	5	2	1	183	3
20119	19	5	4	1	130	6
20120	20	7	4	1	167	5
20121	22	8	7	1	124	9
20122	24	9	4	1	196	9
20123	25	5	5	1	78	9
20124	26	4	8	1	46	9
20125	27	9	8	1	51	8
20126	29	7	5	2	114	1
20127	30	6	6	1	89	8
20128	31	2	5	1	63	8
20129	34	2	1	2	87	1
20130	35	1	5	1	60	5
20131	34	2	1	1	87	3
20132	35	1	5	1	61	7
20133	29	7	5	1	114	2
20134	30	6	6	1	89	7
20135	35	6	9	1	30	6
20136	12	1	2	1	254	5
20137	13	4	2	1	195	4
20138	18	6	3	1	159	5
20139	20	2	1	2	87	1
20140	21	3	1	1	81	4
20141	22	3	8	2	59	1
20142	23	9	4	2	196	8
20143	24	8	7	1	124	8
20144	25	7	4	1	167	5
20145	23	9	4	1	196	9
20146	24	8	7	1	124	9
20147	28	4	8	1	46	9
20148	29	7	4	2	168	5
20149	30	7	3	1	148	4
20150	31	8	3	1	109	3
20151	32	7	8	1	98	6
20152	33	5	7	1	73	1
20153	37	9	7	1	229	2
20154	29	7	4	1	168	6
20155	30	7	3	1	148	3
20156	32	8	3	1	109	4
20157	34	7	5	2	114	1
20158	35	6	6	1	89	8
20159	36	2	5	1	63	8
20160	38	2	4	1	57	5
20161	40	1	8	1	49	2
20162	34	7	5	1	114	2
20163	22	3	8	1	59	2
20164	23	3	9	1	69	9
20165	24	2	3	1	104	9
20166	20	2	1	1	87	4
20167	21	3	1	1	81	1
20168	22	9	4	2	196	8
20169	23	8	7	1	124	8
20170	24	7	4	1	168	5
20171	22	9	4	1	196	9
20172	23	8	7	1	124	9
20173	25	4	8	1	46	9
20174	26	9	8	1	51	8
20175	28	2	8	2	44	1
20176	29	7	4	2	169	5
20177	30	7	3	1	148	4
20178	31	8	3	1	109	3
20179	32	7	8	1	98	6
20180	33	7	5	1	115	1
20181	29	7	4	1	169	6
20182	30	7	3	1	148	3
20183	32	8	9	1	48	3
20184	34	3	8	1	59	2
20185	35	2	3	1	105	7
20186	28	2	8	1	44	3
20187	11	4	3	1	208	2
20188	12	6	3	2	159	1
20189	13	5	2	1	183	3
20190	12	6	3	1	159	5
20191	8	2	2	1	252	3
20192	9	1	3	1	174	9
20193	10	1	2	2	254	5
20194	11	7	2	1	177	8
20195	12	4	3	1	208	2
20196	13	5	2	1	184	6
20197	18	6	3	1	160	5
20198	20	2	1	2	87	1
20199	21	3	1	1	81	4
20200	22	4	5	2	83	1
20201	23	5	7	1	73	2
20202	24	2	3	1	106	7
20203	22	4	5	1	83	5
20204	23	2	3	1	107	8
20205	27	3	8	1	59	3
20206	30	3	6	1	71	5
20207	32	3	7	1	52	6
20208	35	3	5	1	42	8
20209	36	5	5	1	78	9
20210	20	2	1	1	87	4
20211	21	3	1	1	81	1
20212	10	1	2	1	254	8
20213	11	7	2	1	177	4
20214	12	4	2	1	195	6
20215	4	9	1	3	227	3
20216	5	8	2	1	179	5
20217	7	1	2	2	254	6
20218	8	7	2	1	177	4
20219	9	3	2	2	214	1
20220	9	3	2	1	215	3
20221	10	4	2	1	196	8
20222	12	1	1	1	233	8
20223	7	1	2	1	254	8
20224	8	2	1	2	87	1
20225	9	5	2	1	184	1
20226	11	5	3	1	145	7
20227	12	5	1	1	137	8
20228	13	2	2	2	252	2
20229	14	4	3	1	208	3
20230	13	2	2	1	252	3
20231	14	4	3	1	209	2
20232	8	2	1	1	87	7
20233	9	5	2	1	184	1
20234	13	4	2	2	196	4
20235	13	4	2	1	197	6
20236	14	4	3	1	210	3
20237	4	9	1	2	227	4
20238	4	9	1	1	228	5
20239	5	8	2	1	179	3
20240	7	9	4	2	196	6
20241	8	9	7	3	230	1
20242	8	9	7	2	231	2
20243	9	9	6	2	111	1
20244	10	9	5	1	99	3
20245	11	7	3	2	148	1
20246	12	7	4	1	169	8
20247	13	8	7	1	124	8
20248	14	8	3	1	109	6
20249	15	7	2	1	177	4
20250	11	7	3	1	148	4
20251	9	9	6	1	111	3
20252	10	9	5	1	99	1
20253	11	7	3	2	149	1
20254	12	7	4	1	169	8
20255	13	8	7	1	124	8
20256	14	8	3	1	109	6
20257	15	7	2	1	178	4
20258	17	5	5	1	79	8
20259	20	6	3	1	160	2
20260	23	2	3	1	107	9
20261	26	5	6	1	84	5
20262	11	7	3	1	149	4
20263	8	9	7	1	231	3
20264	9	9	6	2	111	1
20265	10	9	5	1	99	2
20266	11	7	3	2	150	1
20267	12	7	4	1	169	8
20268	13	8	7	1	124	8
20269	14	8	3	1	109	6
20270	15	7	2	1	178	4
20271	17	5	5	1	79	9
20272	11	8	3	1	109	1
20273	9	9	6	1	111	2
20274	10	9	5	1	99	1
20275	11	7	3	2	150	1
20276	12	7	4	1	169	8
20277	13	8	7	1	124	8
20278	14	8	3	1	110	6
20279	15	7	2	1	178	4
20280	17	5	5	1	80	8
20281	20	6	3	1	160	2
20282	11	8	3	1	110	1
20283	7	9	4	1	196	9
20284	8	8	7	1	124	9
20285	10	4	8	1	46	9
20286	11	7	3	2	150	1
20287	12	7	4	1	169	8
20288	13	7	2	2	178	4
20289	14	8	3	1	111	6
20290	15	5	4	2	130	1
20291	16	6	3	1	161	3
20292	15	5	4	1	130	2
20293	16	6	3	1	162	2
20294	17	5	2	2	184	1
20295	18	2	2	1	252	6
20296	19	2	6	1	54	8
20297	17	5	2	1	184	5
20298	13	7	2	1	178	6
20299	14	8	3	1	111	4
20300	15	3	2	3	215	1
20301	15	3	2	2	216	2
20302	16	2	2	2	252	1
20303	16	5	2	1	185	1
20304	17	1	2	2	254	8
20305	18	2	2	2	253	4
20306	19	2	6	1	55	8
20307	22	6	3	1	162	2
20308	18	2	2	1	253	5
20309	19	2	6	1	55	8
20310	17	2	2	1	253	8
20311	18	1	1	1	234	1
20312	15	3	2	1	216	5
20313	16	4	3	1	211	3
20314	18	1	1	1	235	8
20315	11	8	3	1	111	1
20316	12	7	2	2	178	4
20317	13	7	4	1	169	3
20318	15	5	4	2	130	1
20319	16	6	3	1	163	3
20320	15	5	4	1	130	2
20321	16	6	3	1	164	2
20322	17	5	2	2	185	1
20323	18	2	2	1	253	6
20324	19	1	2	1	254	8
20325	23	5	3	1	145	7
20326	17	5	2	1	185	5
20327	12	7	2	1	178	6
20328	13	7	4	1	169	5
20329	15	3	2	3	216	1
20330	15	3	2	2	217	2
20331	16	2	2	2	253	1
20332	16	5	2	1	186	1
20333	17	1	2	2	254	8
20334	18	2	2	2	254	4
20335	19	4	2	1	197	5
20336	21	5	4	1	130	4
20337	18	2	2	1	254	5
20338	19	4	2	1	197	4
20339	17	2	2	1	254	8
20340	18	1	1	1	236	1
20341	15	3	2	1	217	5
20342	16	4	3	1	211	3
20343	18	1	1	1	237	8
20344	0	9	2	1	215	8
20345	1	8	1	1	155	1
20346	3	4	2	2	198	9
20347	4	1	2	3	254	5
20348	5	2	2	6	254	1
20349	6	6	3	2	164	1
20350	7	9	4	3	196	6
20351	8	3	2	2	217	7
20352	9	4	3	1	211	2
20353	8	6	2	1	133	7
20354	9	1	1	1	238	7
20355	10	1	3	1	174	8
20356	11	3	2	2	217	6
20357	12	4	3	1	212	3
20358	13	5	2	1	186	4
20359	16	7	2	1	178	2
20360	11	7	2	1	179	6
20361	12	3	2	1	217	4
20362	15	4	3	1	212	5
20363	17	9	1	1	228	5
20364	7	9	4	2	196	7
20365	8	7	2	2	179	7
20366	9	5	4	1	131	6
20367	11	3	2	2	217	2
20368	11	3	2	1	218	6
20369	12	4	3	1	212	3
20370	8	8	3	1	111	7
20371	9	1	1	2	238	7
20372	10	3	2	1	218	6
20373	14	5	1	1	137	6
20374	9	3	2	1	218	7
20375	7	9	4	1	196	9
20376	8	8	7	1	124	9
20377	10	6	5	1	49	9
20378	11	2	3	2	107	9
20379	12	1	3	2	174	8
20380	13	1	1	1	238	7
20381	14	3	2	2	219	6
20382	15	3	3	1	81	4
20383	18	8	2	1	179	3
20384	24	5	4	1	131	1
20385	14	3	3	1	81	6
20386	15	3	2	1	219	4
20387	18	9	3	1	175	7
20388	12	3	3	1	81	8
20389	13	1	1	2	238	6
20390	14	1	3	1	174	7
20391	13	3	2	1	219	6
20392	11	2	6	1	56	9
20393	12	3	3	1	81	9
20394	14	1	3	2	175	8
20395	15	1	1	1	238	7
20396	17	8	6	1	30	8
20397	18	2	7	1	57	7
20398	20	3	4	1	72	1
20399	14	2	3	1	107	8
20400	15	1	1	2	238	6
20401	16	7	2	1	179	7
20402	15	3	2	1	220	6
20403	16	1	3	1	175	4
20404	6	5	3	1	146	1
20405	7	9	4	3	196	6
20406	8	9	7	3	231	1
20407	9	9	3	2	176	5
20408	10	9	1	2	229	2
20409	10	9	1	1	230	3
20410	9	9	3	1	176	7
20411	10	7	2	2	180	4
20412	11	3	2	1	220	6
20413	10	7	2	1	180	6
20414	11	1	1	2	238	7
20415	12	1	3	1	176	8
20416	15	9	1	1	231	5
20417	16	8	2	1	179	2
20418	11	3	2	1	221	7
20419	8	9	7	2	231	2
20420	9	8	3	1	111	6
20421	10	9	6	2	111	1
20422	11	9	5	1	99	3
20423	12	9	3	1	176	7
20424	14	6	3	1	164	2
20425	10	9	6	1	111	3
20426	11	9	5	1	99	1
20427	13	6	3	1	165	2
20428	8	9	7	1	231	3
20429	9	9	6	2	111	1
20430	10	9	5	1	99	2
20431	11	9	3	1	176	7
20432	12	9	1	2	231	4
20433	13	7	2	1	180	6
20434	12	9	1	1	231	5
20435	13	8	7	1	124	7
20436	9	9	6	1	111	2
20437	10	9	5	1	99	1
20438	12	9	1	2	231	4
20439	13	6	2	1	133	7
20440	12	9	1	1	231	5
20441	13	6	2	1	134	7
20442	7	9	4	2	196	7
20443	8	7	2	2	181	7
20444	9	8	7	1	125	7
20445	10	3	2	2	222	2
20446	10	3	2	1	223	6
20447	11	4	3	1	213	3
20448	8	8	3	1	111	7
20449	9	1	1	2	238	7
20450	10	3	2	1	223	6
20451	13	6	2	1	135	7
20452	9	3	2	1	223	7
20453	7	9	4	1	196	9
20454	8	5	8	1	70	9
20455	10	6	5	1	49	9
20456	11	2	3	2	107	9
20457	12	1	3	2	176	8
20458	13	1	1	1	238	7
20459	14	3	2	2	224	6
20460	15	4	3	1	214	3
20461	14	3	3	1	81	6
20462	15	4	3	1	215	5
20463	19	5	4	1	132	4
20464	12	3	3	1	81	8
20465	13	1	1	2	238	6
20466	14	1	3	1	176	7
20467	13	3	2	1	224	6
20468	11	2	6	1	56	9
20469	12	3	3	1	81	9
20470	14	1	3	2	177	8
20471	15	1	1	1	238	7
20472	17	8	6	1	30	8
20473	18	3	2	2	225	6
20474	19	5	6	1	85	2
20475	18	2	3	1	107	6
20476	19	3	2	1	225	4
20477	22	4	3	1	215	5
20478	28	5	4	1	133	4
20479	14	2	3	1	107	8
20480	15	1	1	2	238	6
20481	16	1	3	1	177	7
20482	15	3	2	1	225	6
20483	5	9	4	3	196	6
20484	6	3	2	2	226	1
20485	7	4	3	1	215	8
20486	6	3	3	1	81	1
20487	7	5	2	1	186	1
20488	8	1	3	2	178	9
20489	9	3	2	1	226	4
20490	12	4	3	1	216	5
20491	13	8	2	1	180	2
20492	16	7	2	1	181	6
20493	8	2	3	1	107	9
20494	9	1	3	1	178	8
20495	5	9	4	2	196	7
20496	6	3	2	2	226	1
20497	6	3	3	1	81	1
20498	7	5	2	1	186	1
20499	8	2	2	2	254	4
20500	8	1	1	1	238	4
20501	5	9	4	1	196	9
20502	6	8	7	1	125	9
20503	8	6	5	1	49	9
20504	9	3	2	2	227	1
20505	9	5	2	1	186	1
20506	10	3	3	1	81	1
20507	11	1	3	2	179	9
20508	12	2	3	1	107	8
20509	16	4	3	1	216	5
20510	17	8	2	1	180	2
20511	20	5	4	1	134	4
20512	11	2	3	1	107	9
20513	12	1	3	1	179	8
20514	4	1	2	2	254	6
20515	5	2	2	6	255	1
20516	6	6	3	2	166	1
20517	7	9	4	3	196	6
20518	8	3	2	2	228	7
20519	9	4	3	1	216	2
20520	12	7	4	2	169	1
20521	13	9	7	1	231	1
20522	14	3	9	1	69	8
20523	15	3	3	1	81	9
20524	19	1	1	1	239	3
20525	12	7	4	1	169	2
20526	13	9	7	1	231	2
20527	8	6	2	1	136	7
20528	9	1	1	1	240	7
20529	10	1	3	1	180	8
20530	13	3	2	1	228	5
20531	14	4	3	1	216	4
20532	15	5	3	1	146	2
20533	17	9	3	1	176	7
20534	7	9	4	2	196	7
20535	8	7	2	2	182	7
20536	9	3	2	1	228	5
20537	12	4	3	1	216	4
20538	8	8	3	1	111	7
20539	9	1	1	2	240	7
20540	10	4	3	1	217	4
20541	16	5	2	1	186	3
20542	9	3	2	1	228	7
20543	10	4	3	1	217	2
20544	7	9	4	1	196	9
20545	8	5	8	1	70	9
20546	10	6	5	1	49	9
20547	11	2	3	2	107	9
20548	12	1	3	2	180	8
20549	13	3	3	1	81	3
20550	16	6	2	1	136	7
20551	18	5	3	1	146	2
20552	20	9	1	1	231	3
20553	12	3	3	1	81	8
20554	13	1	1	2	240	7
20555	13	3	2	1	228	7
20556	11	2	6	1	56	9
20557	12	3	3	1	81	9
20558	14	1	1	2	241	3
20559	15	1	3	1	180	4
20560	14	1	3	1	181	3
20561	6	5	3	1	146	1
20562	7	9	4	3	196	6
20563	8	9	7	3	232	1
20564	9	9	3	2	177	5
20565	10	4	3	1	218	4
20566	12	6	3	1	166	2
20567	17	5	2	1	187	7
20568	9	9	3	1	177	7
20569	10	7	2	2	182	4
20570	11	6	3	1	166	2
20571	13	3	2	1	229	5
20572	10	7	2	1	182	5
20573	11	9	1	2	232	3
20574	11	9	1	1	233	4
20575	8	9	7	2	232	2
20576	9	8	3	1	111	6
20577	10	9	6	2	111	1
20578	11	9	5	1	99	3
20579	12	9	3	1	177	7
20580	14	9	1	2	234	4
20581	14	9	1	1	235	5
20582	10	9	6	1	111	3
20583	11	9	5	1	99	1
20584	13	9	1	2	236	4
20585	13	9	1	1	237	5
20586	14	8	7	1	125	8
20587	8	9	7	1	232	3
20588	9	9	6	2	111	1
20589	10	9	5	1	99	2
20590	11	8	3	1	111	6
20591	13	8	7	1	126	7
20592	14	9	1	2	237	4
20593	14	9	1	1	238	5
20594	9	9	6	1	111	2
20595	10	9	5	1	99	1
20596	12	9	1	2	239	4
20597	12	9	1	1	240	5
20598	13	8	7	1	126	7
20599	7	9	4	2	196	7
20600	8	7	2	2	182	7
20601	9	8	7	1	127	7
20602	11	4	3	1	218	4
20603	8	8	3	1	111	7
20604	9	1	1	2	241	7
20605	10	3	2	1	230	5
20606	16	8	2	1	180	2
20607	9	3	2	1	230	7
20608	10	4	3	1	219	2
20609	7	9	4	1	196	9
20610	8	5	8	1	70	9
20611	10	6	5	1	49	9
20612	11	2	3	2	107	9
20613	12	1	3	2	182	8
20614	13	1	1	1	241	7
20615	16	4	3	1	220	4
20616	17	7	2	1	182	4
20617	20	5	1	1	138	8
20618	12	3	3	1	81	8
20619	13	1	1	2	241	7
20620	13	3	2	1	230	7
20621	11	2	6	1	56	9
20622	12	3	3	1	81	9
20623	14	1	1	2	242	3
20624	15	1	3	1	182	4
20625	14	1	3	1	183	3
20626	5	9	4	3	196	6
20627	6	3	2	2	231	1
20628	6	3	3	1	81	1
20629	7	5	2	1	188	1
20630	8	2	2	2	255	3
20631	9	2	3	1	107	9
20632	10	3	2	1	232	7
20633	12	1	1	1	242	5
20634	8	1	1	1	243	3
20635	9	2	3	1	107	9
20636	5	9	4	2	196	7
20637	6	3	2	2	232	1
20638	7	4	3	1	220	8
20639	6	3	3	1	81	1
20640	7	5	2	1	188	1
20641	8	2	2	2	255	3
20642	9	2	3	1	108	9
20643	10	1	3	1	184	8
20644	8	1	1	1	243	3
20645	5	9	4	1	196	9
20646	6	5	8	1	70	9
20647	8	6	5	1	49	9
20648	9	3	2	2	232	1
20649	9	5	2	1	188	1
20650	10	3	3	1	81	1
20651	11	2	2	2	255	3
20652	12	2	3	1	108	9
20653	13	1	3	1	185	8
20654	15	9	3	1	177	5
20655	11	1	1	1	244	3
20656	12	2	3	1	108	9
20657	14	3	2	1	233	7
20658	4	1	2	1	254	7
20659	5	9	3	2	178	7
20660	6	9	4	2	196	6
20661	7	7	2	2	182	6
20662	8	9	7	3	232	1
20663	9	7	4	3	169	1
20664	10	3	2	4	234	1
20665	11	4	3	1	221	8
20666	10	2	2	5	255	1
20667	11	5	2	2	188	2
20668	12	6	3	2	166	1
20669	13	5	4	1	135	5
20670	14	5	1	1	139	6
20671	16	8	2	1	181	5
20672	12	6	3	1	166	3
20673	11	8	2	1	182	2
20674	10	3	2	3	234	3
20675	11	5	2	1	188	1
20676	14	2	2	1	255	2
20677	10	3	2	2	234	4
20678	11	5	2	1	188	1
20679	14	7	3	1	150	2
20680	10	3	2	1	234	5
20681	11	5	2	1	188	1
20682	14	7	3	1	151	2
20683	9	3	2	4	234	1
20684	10	4	3	1	222	8
20685	9	7	4	2	169	2
20686	9	7	4	1	170	3
20687	8	9	7	2	232	2
20688	8	9	7	1	233	3
20689	9	9	6	2	111	1
20690	10	6	2	1	136	5
20691	12	7	3	1	152	2
20692	14	9	1	1	240	4
20693	17	3	2	1	234	1
20694	9	9	6	1	111	2
20695	10	9	5	1	99	1
20696	11	6	2	1	136	5
20697	14	9	1	1	240	4
20698	16	3	2	1	235	1
20699	7	8	3	1	111	6
20700	8	9	7	3	233	1
20701	9	3	2	4	236	1
20702	10	4	3	1	223	8
20703	9	3	2	3	236	4
20704	10	4	3	1	224	5
20705	11	2	2	2	256	6
20706	12	7	3	1	152	2
20707	11	1	1	1	244	6
20708	9	3	2	2	236	5
20709	10	4	3	1	224	4
20710	11	2	2	2	256	1
20711	11	5	2	1	188	1
20712	12	6	3	1	167	2
20713	16	2	2	1	257	6
20714	9	3	2	1	236	6
20715	10	4	3	1	224	3
20716	11	6	2	1	136	5
20717	12	8	2	1	183	2
20718	15	7	2	1	182	3
20719	8	9	7	2	233	2
20720	9	9	6	2	111	1
20721	10	9	5	1	99	3
20722	11	8	7	1	127	7
20723	12	3	9	1	69	7
20724	13	9	1	2	240	4
20725	14	7	2	1	183	5
20726	13	9	1	1	240	5
20727	9	9	6	1	111	3
20728	10	9	5	1	99	1
20729	11	9	1	2	241	4
20730	12	8	7	1	127	7
20731	11	9	1	1	241	5
20732	12	8	7	1	128	8
20733	15	6	6	1	89	1
20734	8	9	7	1	233	3
20735	9	8	7	1	128	7
20736	10	3	9	1	69	7
20737	11	9	6	2	111	1
20738	12	9	5	1	99	2
20739	13	7	4	1	171	3
20740	14	8	2	1	183	3
20741	11	9	6	1	111	2
20742	12	9	5	1	99	1
20743	13	7	4	1	171	3
20744	14	8	2	1	184	3
20745	6	9	4	1	196	9
20746	7	8	7	1	128	9
20747	9	6	5	1	49	9
20748	10	7	2	2	184	6
20749	11	7	4	3	171	1
20750	12	3	2	4	236	1
20751	13	4	3	1	224	8
20752	12	9	7	4	233	1
20753	13	2	2	2	258	1
20754	14	5	2	2	188	2
20755	15	6	3	2	167	1
20756	16	5	4	1	135	5
20757	17	5	1	1	139	6
20758	19	7	3	1	153	2
20759	15	6	3	1	167	3
20760	14	8	2	1	185	2
20761	15	9	1	1	241	5
20762	16	4	3	1	225	5
20763	13	3	3	1	81	1
20764	14	5	2	1	188	1
20765	15	2	2	2	258	2
20766	16	2	3	1	108	9
20767	17	3	2	1	236	5
20768	15	8	2	1	185	2
20769	16	9	1	1	241	5
20770	17	5	4	1	135	4
20771	12	2	2	5	258	1
20772	13	5	2	2	188	2
20773	14	6	3	2	168	1
20774	15	5	4	1	136	5
20775	16	5	1	1	139	6
20776	18	3	2	1	237	4
20777	14	6	3	1	168	3
20778	13	8	2	1	185	2
20779	14	9	1	1	241	5
20780	15	3	2	1	238	4
20781	12	3	2	3	239	3
20782	13	4	3	1	226	6
20783	16	1	1	1	245	6
20784	12	3	2	2	239	4
20785	13	4	3	1	226	5
20786	16	6	2	1	136	3
20787	12	3	2	1	239	5
20788	13	4	3	1	226	4
20789	16	6	2	1	137	3
20790	11	7	4	2	171	2
20791	12	6	2	1	138	5
20792	14	9	1	1	241	5
20793	16	8	3	1	111	4
20794	17	3	2	2	239	1
20795	18	4	3	1	226	8
20796	17	3	2	1	239	3
20797	11	7	4	1	171	3
20798	12	6	2	1	138	5
20799	14	9	1	2	241	3
20800	15	8	2	1	185	4
20801	17	3	2	2	240	1
20802	18	4	3	1	227	8
20803	17	3	2	1	240	3
20804	18	4	3	1	228	6
20805	14	9	1	1	241	4
20806	15	8	2	1	185	3
20807	17	3	2	1	240	1
20808	10	8	3	1	111	6
20809	11	9	1	4	241	2
20810	12	8	2	1	185	5
20811	13	9	7	2	233	3
20812	14	7	2	2	184	3
20813	15	6	2	1	138	6
20814	18	6	3	1	169	2
20815	14	7	2	1	184	4
20816	13	9	7	1	233	4
20817	11	9	1	3	241	3
20818	12	8	2	1	185	4
20819	13	6	2	2	138	3
20820	14	7	4	1	171	1
20821	16	7	2	1	185	5
20822	13	6	2	1	138	6
20823	14	1	1	1	246	6
20824	11	9	1	2	241	4
20825	12	8	2	1	185	3
20826	13	7	2	2	186	5
20827	14	7	3	1	154	2
20828	17	1	1	1	247	6
20829	18	6	3	1	170	4
20830	13	7	3	1	154	5
20831	14	7	2	1	186	2
20832	11	9	1	1	241	5
20833	12	8	2	1	185	2
20834	13	7	2	2	187	3
20835	14	7	3	1	154	4
20836	15	2	2	2	258	6
20837	16	7	4	1	171	1
20838	15	3	2	1	241	6
20839	16	7	4	1	172	1
20840	19	6	3	1	171	1
20841	13	7	2	1	187	4
20842	14	7	3	1	154	3
20843	17	4	3	1	229	8
20844	5	8	3	1	111	7
20845	6	9	3	2	178	5
20846	7	7	2	1	187	6
20847	8	7	3	1	154	4
20848	9	7	4	1	172	1
20849	11	3	2	2	241	1
20850	12	4	3	1	230	8
20851	11	3	2	1	241	3
20852	12	4	3	1	231	6
20853	6	9	3	1	178	6
20854	7	9	1	2	241	2
20855	8	8	2	1	185	4
20856	9	7	4	2	172	1
20857	10	6	2	1	138	6
20858	9	7	4	1	172	2
20859	10	6	2	1	139	5
20860	7	9	1	1	241	4
20861	8	8	2	1	185	2
20862	9	7	4	2	172	1
20863	10	7	2	2	187	5
20864	11	7	3	1	154	3
20865	13	3	2	1	241	1
20866	10	7	3	1	154	5
20867	11	7	2	1	187	3
20868	9	7	4	1	172	2
20869	10	7	3	1	154	3
20870	3	6	2	1	140	9
20871	4	9	1	4	241	2
20872	5	1	2	1	254	7
20873	6	2	1	2	87	3
20874	7	3	1	1	82	4
20875	8	2	2	2	258	1
20876	9	1	1	1	247	5
20877	11	7	2	1	188	6
20878	13	8	2	2	185	3
20879	14	9	3	1	178	5
20880	15	4	3	2	232	2
20881	16	5	2	1	188	5
20882	18	6	3	1	172	3
20883	20	5	3	1	146	1
20884	22	7	3	2	155	7
20885	23	7	4	1	172	2
20886	25	9	7	4	234	1
20887	25	7	6	3	116	1
20888	25	9	7	3	235	3
20889	25	9	7	2	236	4
20890	25	9	7	1	237	6
20891	22	8	3	1	111	7
20892	23	7	3	1	155	4
20893	24	7	4	1	172	5
20894	25	3	4	2	73	1
20895	26	3	9	1	69	9
20896	28	3	3	1	81	8
20897	25	3	4	1	73	6
20898	26	3	3	1	82	8
20899	30	4	6	1	61	5
20900	15	4	3	1	232	3
20901	16	5	2	1	188	4
20902	20	6	3	1	172	1
20903	22	7	3	1	155	7
20904	24	8	3	1	111	4
20905	25	9	4	2	196	7
20906	26	9	6	1	111	3
20907	25	9	4	1	196	9
20908	13	8	2	1	185	5
20909	14	9	3	1	178	7
20910	17	7	4	1	172	5
20911	18	4	2	2	198	3
20912	19	5	1	1	139	6
20913	25	2	3	1	108	8
20914	18	4	2	1	198	4
20915	8	2	2	1	258	2
20916	9	1	1	1	247	6
20917	11	3	2	2	242	1
20918	12	5	2	1	188	6
20919	13	4	3	2	232	2
20920	14	4	2	1	199	3
20921	13	4	3	1	232	3
20922	14	4	2	1	200	4
20923	17	9	3	1	178	7
20924	18	8	3	1	111	6
20925	21	9	4	2	197	6
20926	22	9	5	1	99	1
20927	21	9	4	1	197	9
20928	22	8	7	1	128	9
20929	24	4	8	1	46	9
20930	25	9	7	2	238	4
20931	25	9	7	1	239	5
20932	26	9	6	2	112	1
20933	26	9	6	1	113	3
20934	11	3	3	1	82	1
20935	6	2	1	1	87	4
20936	7	3	1	1	82	3
20937	8	2	2	2	258	1
20938	9	1	1	1	247	5
20939	11	7	2	1	188	6
20940	13	4	2	2	200	4
20941	14	4	3	1	232	2
20942	15	5	2	2	188	5
20943	16	8	2	1	185	3
20944	20	5	1	1	139	6
20945	22	7	3	2	155	7
20946	23	8	3	1	111	4
20947	25	9	7	4	239	1
20948	25	7	6	3	117	1
20949	25	9	7	3	240	3
20950	25	9	7	2	241	4
20951	25	9	7	1	242	6
20952	22	8	3	1	111	7
20953	23	7	3	1	155	4
20954	24	7	4	1	172	5
20955	25	9	7	4	243	1
20956	25	9	7	3	244	3
20957	25	9	7	2	245	4
20958	25	9	7	1	246	6
20959	15	8	2	1	185	5
20960	16	5	2	1	188	3
20961	13	5	2	1	189	4
20962	14	4	3	2	232	2
20963	14	5	3	1	146	2
20964	15	5	1	1	139	6
20965	16	4	3	2	233	1
20966	17	4	2	1	200	3
20967	20	8	3	1	111	3
20968	28	4	6	1	62	4
20969	16	4	3	1	233	3
20970	17	4	2	1	200	5
20971	21	9	3	1	178	5
20972	22	8	3	1	111	4
20973	25	9	4	2	197	7
20974	26	9	6	1	114	3
20975	25	9	4	1	197	9
20976	8	2	2	1	258	2
20977	9	1	1	1	247	6
20978	11	3	2	2	242	1
20979	12	5	2	1	189	6
20980	13	4	3	2	233	2
20981	14	5	3	1	146	1
20982	13	4	3	1	233	3
20983	14	7	2	1	188	3
20984	17	9	3	1	178	7
20985	18	8	3	1	111	6
20986	21	6	3	2	172	1
20987	21	6	3	1	173	2
20988	11	3	3	1	83	1
20989	4	1	2	3	254	5
20990	5	9	1	3	241	3
20991	5	9	1	2	242	4
20992	6	8	2	2	185	2
20993	7	9	3	1	178	6
20994	8	9	4	2	198	7
20995	9	9	7	3	247	1
20996	9	9	7	2	248	2
20997	9	9	7	1	249	3
20998	8	9	4	1	198	9
20999	9	8	7	1	128	9
21000	11	4	8	1	46	9
21001	12	7	3	2	155	5
21002	13	7	4	1	172	4
21003	14	7	2	2	188	7
21004	15	8	3	1	111	3
21005	16	4	3	2	233	1
21006	17	4	2	1	200	4
21007	16	4	3	1	233	2
21008	17	3	2	2	242	1
21009	18	4	2	1	201	3
21010	19	2	2	1	258	6
21011	17	3	2	1	242	4
21012	18	4	2	1	201	6
21013	19	1	1	1	247	6
21014	20	5	3	1	147	4
21015	21	6	3	1	174	1
21016	23	5	1	1	139	7
21017	26	1	3	1	185	7
21018	27	7	5	2	116	1
21019	28	6	6	1	90	8
21020	29	4	1	1	44	8
21021	31	9	8	1	51	7
21022	32	9	7	2	250	1
21023	33	9	9	1	57	2
21024	34	6	8	1	62	2
21025	32	9	7	1	250	2
21026	27	7	5	1	116	2
21027	28	6	6	1	90	7
21028	29	9	8	1	51	7
21029	31	9	9	1	57	2
21030	32	7	8	1	98	6
21031	34	7	6	1	118	1
21032	14	8	3	1	111	7
21033	15	7	2	1	188	3
21034	16	4	3	2	233	1
21035	17	3	2	1	242	6
21036	16	4	3	1	233	3
21037	12	8	3	1	111	5
21038	13	7	2	2	188	7
21039	14	7	3	1	155	3
21040	16	4	3	2	234	1
21041	17	3	2	1	243	3
21042	16	4	3	1	234	2
21043	17	6	3	1	174	4
21044	19	3	2	2	244	1
21045	19	3	2	1	245	4
21046	20	2	2	1	259	3
21047	13	7	3	1	155	7
21048	14	7	2	1	188	3
21049	16	6	3	1	174	2
21050	18	4	3	1	234	1
21051	6	8	2	1	185	3
21052	7	9	3	1	178	7
21053	8	9	4	2	198	6
21054	9	2	2	2	260	7
21055	10	1	1	1	247	2
21056	9	1	1	1	248	7
21057	10	2	2	2	260	1
21058	11	1	3	1	185	8
21059	12	3	2	2	245	6
21060	13	7	2	1	188	2
21061	12	7	2	1	189	6
21062	13	3	2	1	245	4
21063	16	6	3	1	174	1
21064	21	9	7	3	251	1
21065	22	8	7	1	128	6
21066	23	7	4	1	172	4
21067	21	9	7	2	251	2
21068	21	9	7	1	252	3
21069	22	8	7	1	128	6
21070	23	7	4	1	173	4
21071	10	2	2	1	260	2
21072	8	9	4	1	198	9
21073	9	8	7	1	128	9
21074	11	4	8	1	46	9
21075	12	2	2	2	261	7
21076	13	1	1	1	248	2
21077	12	1	1	1	249	7
21078	13	2	2	2	261	1
21079	14	1	3	1	185	8
21080	15	3	2	2	245	6
21081	16	6	3	1	174	1
21082	15	7	2	1	189	6
21083	16	4	2	1	201	7
21084	19	6	3	1	175	1
21085	23	5	4	1	136	5
21086	24	7	4	2	174	4
21087	25	7	3	1	155	5
21088	26	8	3	1	111	2
21089	27	2	3	2	109	9
21090	28	3	3	1	84	6
21091	29	3	4	2	73	1
21092	30	5	6	1	86	7
21093	29	3	4	1	73	2
21094	30	2	1	1	87	2
21095	32	3	8	1	59	1
21096	33	5	6	2	87	1
21097	33	5	6	1	88	3
21098	34	6	9	1	31	3
21099	27	3	3	1	84	9
21100	28	2	3	1	109	6
21101	32	1	8	1	50	3
21102	24	7	4	1	174	7
21103	25	7	3	1	155	2
21104	26	8	3	1	111	5
21105	27	2	3	2	109	9
21106	28	3	3	1	84	6
21107	29	3	4	2	73	1
21108	30	3	9	1	69	9
21109	29	3	4	1	73	2
21110	30	2	6	1	56	8
21111	27	2	6	1	57	9
21112	28	2	3	1	109	6
21113	13	2	2	1	261	2
21114	5	9	1	1	242	5
21115	6	8	2	1	185	2
21116	8	9	4	2	198	6
21117	9	2	2	2	262	7
21118	10	1	1	1	249	2
21119	9	1	1	1	250	7
21120	10	2	2	1	262	1
21121	12	4	2	1	201	7
21122	13	5	2	1	189	3
21123	14	4	3	1	235	1
21124	8	9	4	1	198	9
21125	9	8	7	1	128	9
21126	11	4	8	1	46	9
21127	12	2	2	2	262	7
21128	13	1	3	1	185	9
21129	12	1	1	1	250	7
21130	13	1	3	1	186	8
21131	15	4	2	1	201	7
21132	16	5	2	1	189	3
21133	17	4	3	1	236	1
21134	19	6	3	1	175	2
21135	24	2	3	1	110	9
21136	27	5	8	1	70	7
21137	29	5	6	2	88	1
21138	30	1	4	1	36	1
21139	31	3	8	1	59	1
21140	33	3	9	1	70	8
21141	29	5	6	1	88	4
21142	4	1	2	2	254	6
21143	5	9	1	3	242	3
21144	6	8	2	2	185	2
21145	7	9	3	1	178	5
21146	8	7	3	2	155	6
21147	9	7	4	1	174	3
21148	10	7	2	2	189	7
21149	11	8	3	1	111	4
21150	12	2	2	2	262	5
21151	13	3	2	2	245	1
21152	13	3	2	1	246	3
21153	12	1	1	1	250	5
21154	13	3	2	2	247	1
21155	14	5	2	1	189	5
21156	15	6	3	2	175	1
21157	16	5	4	1	136	6
21158	17	9	4	1	198	9
21159	18	5	5	1	80	9
21160	20	4	8	1	46	9
21161	21	2	2	2	262	3
21162	22	1	3	1	186	8
21163	25	5	3	1	147	2
21164	27	9	7	4	252	1
21165	28	9	8	1	51	7
21166	29	9	9	1	57	4
21167	30	7	6	2	119	1
21168	31	7	5	1	116	4
21169	34	3	7	1	52	8
21170	30	7	6	1	119	4
21171	31	7	5	1	116	1
21172	27	7	6	3	119	1
21173	27	7	5	3	117	1
21174	27	9	7	3	252	2
21175	28	9	6	2	115	1
21176	29	3	7	1	53	8
21177	31	4	5	2	83	1
21178	32	7	7	2	78	1
21179	33	7	9	1	74	8
21180	36	6	7	1	77	3
21181	32	7	7	1	78	5
21182	31	4	5	1	83	2
21183	32	7	6	1	120	2
21184	28	9	6	1	115	6
21185	29	9	5	1	100	1
21186	30	7	7	2	79	1
21187	31	7	6	2	121	4
21188	31	7	5	1	118	4
21189	32	6	6	1	90	5
21190	34	4	5	1	83	2
21191	36	5	6	1	89	3
21192	30	7	7	1	79	5
21193	31	5	8	1	70	8
21194	27	9	7	2	252	4
21195	27	9	7	1	253	6
21196	21	2	2	1	262	4
21197	15	6	3	1	175	3
21198	13	3	3	1	84	1
21199	10	8	3	1	111	7
21200	11	7	2	1	189	4
21201	12	5	4	2	136	1
21202	12	5	4	1	137	2
21203	13	6	3	1	176	2
21204	14	4	3	1	236	4
21205	15	5	3	1	147	1
21206	8	8	3	1	111	6
21207	9	7	2	2	189	7
21208	10	7	3	1	155	4
21209	12	6	3	2	176	1
21210	13	5	4	1	137	6
21211	14	3	2	2	247	1
21212	15	4	3	2	236	2
21213	16	4	2	1	201	3
21214	15	4	3	1	236	3
21215	16	4	2	1	202	4
21216	22	1	3	1	186	8
21217	23	9	7	4	254	1
21218	24	9	4	2	198	7
21219	25	8	7	1	128	7
21220	24	9	4	1	198	9
21221	25	8	7	1	129	9
21222	23	9	4	2	198	7
21223	23	9	4	1	199	9
21224	24	8	7	1	130	9
21225	26	4	8	1	46	9
21226	27	2	3	2	110	9
21227	28	3	3	1	85	7
21228	29	7	8	2	98	8
21229	30	7	7	2	79	1
21230	31	7	9	1	74	3
21231	30	7	7	1	79	2
21232	31	7	9	1	75	3
21233	29	7	9	1	76	8
21234	30	3	7	1	53	8
21235	32	5	8	1	71	8
21236	34	7	8	2	98	3
21237	35	6	7	1	78	2
21238	34	7	7	1	79	3
21239	27	2	6	1	57	9
21240	28	2	3	1	110	7
21241	31	3	9	1	71	7
21242	14	3	2	1	247	3
21243	12	6	3	1	176	3
21244	13	5	4	1	137	4
21245	14	4	3	2	236	1
21246	15	3	2	1	248	3
21247	14	4	3	1	236	2
21248	15	3	2	1	249	3
21249	9	7	3	1	155	7
21250	10	7	2	1	189	4
21251	12	6	3	2	176	1
21252	13	5	4	1	137	3
21253	14	4	2	1	202	3
21254	12	6	3	1	176	3
21255	6	8	2	1	185	4
21256	7	9	3	1	178	7
21257	8	2	2	2	263	7
21258	9	1	3	1	186	9
21259	8	1	1	1	250	7
21260	9	2	2	2	263	1
21261	10	1	3	1	187	8
21262	11	4	2	2	203	3
21263	11	4	2	1	204	7
21264	12	3	2	2	250	3
21265	13	5	2	1	189	2
21266	17	5	1	1	139	5
21267	20	7	4	2	174	3
21268	21	7	3	1	155	6
21269	22	8	3	1	111	2
21270	24	9	4	1	199	9
21271	25	5	5	1	80	9
21272	26	4	8	1	46	9
21273	27	8	8	2	71	3
21274	28	8	9	1	48	6
21275	29	9	7	3	254	1
21276	30	7	6	2	122	4
21277	31	7	7	1	80	2
21278	34	6	4	1	36	7
21279	39	3	5	1	42	4
21280	41	5	8	1	71	7
21281	30	7	5	1	118	4
21282	31	7	7	1	80	2
21283	29	9	7	2	254	2
21284	30	9	6	2	115	1
21285	31	7	7	1	81	1
21286	30	9	6	1	115	6
21287	31	7	7	1	82	1
21288	33	5	6	1	90	1
21289	29	9	7	1	254	4
21290	27	8	8	1	71	6
21291	28	8	9	1	48	3
21292	29	9	7	3	255	1
21293	30	7	6	2	122	1
21294	31	2	3	1	110	9
21295	30	7	5	1	118	1
21296	31	7	6	1	122	4
21297	33	2	5	1	63	8
21298	42	7	9	1	76	7
21299	48	6	5	1	49	3
21300	29	9	7	2	255	2
21301	30	7	6	2	122	4
21302	31	7	5	1	118	2
21303	30	7	5	1	119	4
21304	31	7	6	1	122	2
21305	29	9	7	1	255	4
21306	20	7	4	1	174	7
21307	21	7	3	1	155	2
21308	22	8	3	1	111	6
21309	23	9	4	2	199	6
21310	24	8	7	1	130	7
21311	23	9	4	1	199	9
21312	24	8	7	1	131	9
21313	26	4	8	1	46	9
21314	27	2	3	2	111	9
21315	28	3	3	1	85	5
21316	29	7	8	2	98	8
21317	30	5	6	2	91	7
21318	31	5	8	1	72	6
21319	35	3	9	1	72	9
21320	30	6	5	1	50	7
21321	31	2	1	2	87	4
21322	32	4	5	1	83	2
21323	34	7	7	2	82	3
21324	35	6	8	2	63	3
21325	36	8	8	1	71	7
21326	35	6	8	1	63	4
21327	36	5	8	1	72	7
21328	40	8	8	1	72	2
21329	34	7	9	1	76	3
21330	35	9	7	2	256	4
21331	35	9	7	1	257	6
21332	36	9	5	1	100	1
21333	38	7	7	1	82	1
21334	39	4	7	1	32	3
21335	31	3	1	1	82	4
21336	32	2	1	1	87	2
21337	33	7	7	2	82	3
21338	34	6	8	2	63	3
21339	35	8	8	1	73	7
21340	40	5	7	1	73	8
21341	34	6	8	1	63	4
21342	35	5	8	1	72	7
21343	33	7	9	1	76	3
21344	34	9	7	2	257	4
21345	34	9	7	1	258	6
21346	29	5	8	1	73	8
21347	30	7	9	1	76	8
21348	32	7	8	2	98	3
21349	33	7	6	1	123	1
21350	35	9	7	1	259	1
21351	32	7	7	1	82	3
21352	33	9	7	1	260	1
21353	37	8	8	1	73	7
21354	27	3	3	1	85	9
21355	28	2	3	1	111	5
21356	12	3	2	1	250	5
21357	13	5	2	1	189	3
21358	9	2	2	1	263	2
21359	5	9	1	2	242	4
21360	5	9	1	1	243	5
21361	6	8	2	1	185	2
21362	8	7	2	2	189	3
21363	9	7	4	1	174	5
21364	12	2	2	2	264	7
21365	13	1	1	1	250	2
21366	12	1	1	1	251	7
21367	13	2	2	1	264	1
21368	8	7	2	1	189	4
21369	9	7	4	2	174	3
21370	10	7	3	1	155	6
21371	14	4	3	1	236	4
21372	16	9	4	1	199	9
21373	17	5	5	1	80	9
21374	18	4	8	1	46	9
21375	19	3	2	2	250	1
21376	20	4	2	1	204	5
21377	19	3	2	1	250	3
21378	20	4	2	1	205	7
21379	21	1	1	1	251	7
21380	23	1	3	1	187	8
21381	27	9	7	3	260	3
21382	28	4	1	2	44	3
21383	29	4	4	1	34	8
21384	31	7	6	1	123	1
21385	32	5	7	1	74	4
21386	36	2	6	1	57	8
21387	28	4	1	1	44	8
21388	29	6	1	1	31	3
21389	30	7	6	2	123	1
21390	31	5	7	1	74	4
21391	33	8	6	1	30	6
21392	35	2	6	1	58	8
21393	30	7	5	1	119	1
21394	27	9	7	2	260	4
21395	27	9	7	1	261	6
21396	28	4	1	2	44	3
21397	29	6	1	1	31	8
21398	31	2	3	2	112	9
21399	32	3	5	1	42	6
21400	34	7	8	2	98	8
21401	34	5	8	1	73	8
21402	35	3	7	1	53	8
21403	31	3	3	1	85	9
21404	28	4	1	1	44	8
21405	29	6	1	1	31	3
21406	30	2	3	2	112	9
21407	31	3	3	1	86	5
21408	33	7	8	2	99	8
21409	33	7	9	1	76	8
21410	30	2	6	1	59	9
21411	31	3	7	1	54	8
21412	9	7	4	1	174	6
21413	10	7	3	1	155	3
21414	13	8	7	1	131	9
21415	15	4	8	1	46	9
21416	16	5	4	2	137	2
21417	17	6	3	1	177	2
21418	18	4	3	1	236	4
21419	19	3	2	2	250	1
21420	20	4	2	1	205	5
21421	19	3	2	1	250	3
21422	20	4	2	1	206	7
21423	21	5	1	1	139	6
21424	23	1	3	1	187	8
21425	25	5	2	1	190	5
21426	27	9	7	3	261	3
21427	28	4	1	2	44	3
21428	29	6	1	1	31	8
21429	28	4	1	1	44	8
21430	29	6	1	1	32	3
21431	31	2	6	1	59	6
21432	27	9	7	2	261	4
21433	27	9	7	1	262	6
21434	28	4	1	2	44	3
21435	29	6	1	1	32	8
21436	31	2	3	2	112	9
21437	32	3	3	1	86	5
21438	31	3	3	1	87	9
21439	28	4	1	1	44	8
21440	29	6	1	1	32	3
21441	30	2	3	2	112	9
21442	31	3	3	1	88	5
21443	32	7	8	2	100	8
21444	32	5	8	1	73	8
21445	33	3	7	1	55	8
21446	30	2	6	1	60	9
21447	31	2	3	1	112	5
21448	16	5	4	1	137	3
21449	17	6	3	1	177	1
21450	18	5	1	1	139	7
21451	4	1	2	1	254	7
21452	5	9	1	3	243	3
21453	6	8	2	2	185	2
21454	7	9	3	1	178	5
21455	8	7	3	2	155	7
21456	9	7	4	1	174	2
21457	10	7	2	2	189	6
21458	11	8	3	1	111	4
21459	12	3	2	3	250	1
21460	13	4	3	2	236	2
21461	14	4	2	1	206	3
21462	15	5	4	1	137	5
21463	13	4	3	1	236	3
21464	14	4	2	1	206	4
21465	12	3	2	2	250	3
21466	13	4	3	2	236	1
21467	14	4	2	1	207	4
21468	13	4	3	1	236	2
21469	14	4	2	1	208	5
21470	15	2	2	1	265	4
21471	12	3	2	1	250	4
21472	13	4	3	1	236	1
21473	15	2	2	1	266	1
21474	10	8	3	1	111	6
21475	11	7	2	1	189	4
21476	12	6	3	2	177	1
21477	13	5	4	1	138	3
21478	14	5	3	1	148	2
21479	15	3	2	2	250	1
21480	16	4	2	1	208	5
21481	15	3	2	1	250	3
21482	12	6	3	1	177	3
21483	13	5	4	1	138	1
21484	14	5	3	1	148	2
21485	8	8	3	1	111	7
21486	9	7	2	2	189	6
21487	10	7	3	1	155	4
21488	12	6	3	2	177	2
21489	13	5	4	1	138	4
21490	14	4	3	2	236	1
21491	15	5	3	1	149	3
21492	14	4	3	1	236	3
21493	15	2	2	1	267	3
21494	12	6	3	1	177	3
21495	13	5	4	1	138	3
21496	14	3	2	2	251	3
21497	15	4	3	2	236	1
21498	16	2	2	1	268	1
21499	15	4	3	1	236	2
21500	16	4	2	1	209	5
21501	14	3	2	1	251	4
21502	15	4	3	1	236	1
21503	9	7	3	1	155	6
21504	10	7	2	1	189	4
21505	12	6	3	2	177	2
21506	13	5	4	1	138	2
21507	14	2	2	2	269	6
21508	15	4	3	1	237	4
21509	14	1	1	1	251	6
21510	15	4	2	1	210	6
21511	12	6	3	1	177	3
21512	13	5	4	1	138	1
21513	14	4	3	1	238	1
21514	6	8	2	1	185	4
21515	7	9	3	1	178	7
21516	8	7	4	3	174	3
21517	9	7	3	1	155	6
21518	10	2	2	2	269	6
21519	11	1	1	1	251	2
21520	10	1	1	1	252	6
21521	11	2	2	2	269	2
21522	11	2	2	1	270	3
21523	12	1	3	1	187	9
21524	13	3	2	1	251	1
21525	16	6	3	2	177	1
21526	17	5	3	1	150	3
21527	16	6	3	1	177	3
21528	17	7	2	1	189	5
21529	8	3	2	4	251	1
21530	9	2	2	2	270	3
21531	10	3	3	1	88	4
21532	11	4	3	2	239	1
21533	12	4	2	1	211	2
21534	13	5	1	1	140	8
21535	11	4	3	1	239	5
21536	12	4	2	1	211	6
21537	9	3	3	1	88	3
21538	10	1	1	1	252	4
21539	11	7	2	1	190	6
21540	8	3	2	3	251	2
21541	8	3	2	2	252	3
21542	9	4	3	2	239	2
21543	10	7	2	1	191	2
21544	14	1	1	1	252	2
21545	9	4	3	1	239	3
21546	10	4	2	1	212	6
21547	11	1	1	1	253	6
21548	8	3	2	1	252	5
21549	5	9	1	2	243	4
21550	6	8	2	2	185	2
21551	7	9	3	1	178	6
21552	8	7	2	2	191	3
21553	9	2	2	1	270	6
21554	10	1	1	2	254	2
21555	10	1	1	1	255	3
21556	11	1	3	1	187	9
21557	12	2	3	1	113	8
21558	13	3	2	1	253	1
21559	15	5	2	1	190	5
21560	18	6	3	2	177	2
21561	18	5	3	1	151	2
21562	8	7	2	1	191	5
21563	9	7	3	2	155	3
21564	10	8	3	1	111	7
21565	12	2	2	2	270	6
21566	13	1	1	2	255	2
21567	13	1	1	1	256	3
21568	12	1	1	1	257	6
21569	13	2	2	1	270	3
21570	15	4	2	1	212	6
21571	16	5	1	2	141	3
21572	17	5	2	1	190	1
21573	16	5	1	1	141	5
21574	9	7	3	1	155	7
21575	10	8	3	1	111	3
21576	13	9	4	1	199	9
21577	14	5	5	1	80	9
21578	15	4	8	1	46	9
21579	16	2	2	2	270	6
21580	17	1	1	2	257	2
21581	17	1	1	1	258	3
21582	16	1	1	1	259	6
21583	17	2	2	1	270	3
21584	19	2	3	1	113	8
21585	23	5	1	2	142	3
21586	23	5	1	1	143	5
21587	6	8	2	1	185	3
21588	7	9	3	1	178	7
21589	8	7	4	3	174	3
21590	9	7	3	1	155	6
21591	10	2	2	2	270	6
21592	11	1	1	2	259	2
21593	11	1	1	1	260	3
21594	12	1	3	1	187	9
21595	13	3	2	2	253	4
21596	13	3	3	1	88	4
21597	14	2	3	1	113	8
21598	16	4	3	2	239	1
21599	16	4	3	1	240	3
21600	17	4	2	1	212	4
21601	19	5	1	1	144	7
21602	20	9	4	2	199	6
21603	21	9	7	1	262	3
21604	22	8	7	1	131	6
21605	23	5	2	2	191	2
21606	24	5	3	1	152	5
21607	23	5	2	1	191	5
21608	24	5	3	1	153	2
21609	28	4	6	1	63	2
21610	20	9	4	1	199	9
21611	21	8	7	1	131	9
21612	24	3	6	1	71	3
21613	28	4	6	1	64	2
21614	10	1	1	1	260	6
21615	11	2	2	1	270	2
21616	8	1	1	4	260	2
21617	8	1	1	3	261	3
21618	9	9	4	2	199	6
21619	10	2	2	2	271	6
21620	11	1	3	1	187	9
21621	12	3	2	2	254	4
21622	12	3	3	1	88	4
21623	13	3	2	1	255	1
21624	15	4	3	2	240	1
21625	15	4	3	1	241	3
21626	16	4	2	1	212	4
21627	17	5	2	2	191	5
21628	18	6	3	1	178	1
21629	17	7	2	1	191	5
21630	18	6	3	1	179	1
21631	10	7	2	1	191	6
21632	11	9	7	3	262	1
21633	12	2	2	2	271	1
21634	13	4	2	1	212	5
21635	15	4	3	1	241	3
21636	12	2	2	1	271	5
21637	11	9	7	2	262	2
21638	11	9	7	1	263	3
21639	12	2	2	2	272	1
21640	13	4	2	1	212	5
21641	15	4	3	1	242	3
21642	12	2	2	1	272	5
21643	9	9	4	1	199	9
21644	10	8	7	1	131	9
21645	12	4	8	1	46	9
21646	13	2	2	2	273	6
21647	14	1	3	1	187	9
21648	15	3	9	1	73	9
21649	17	3	2	2	255	4
21650	17	3	3	1	88	4
21651	18	3	2	1	256	1
21652	20	4	3	2	243	1
21653	20	4	3	1	244	3
21654	21	4	2	1	212	4
21655	22	5	2	2	191	5
21656	23	6	3	1	180	1
21657	28	4	5	1	83	2
21658	32	5	7	1	74	3
21659	36	3	4	1	73	2
21660	22	7	2	1	191	5
21661	23	6	3	1	180	1
21662	31	5	6	2	91	1
21663	32	5	7	2	74	3
21664	33	6	5	1	50	7
21665	32	5	7	1	74	6
21666	33	6	5	1	51	7
21667	31	5	6	1	91	3
21668	32	4	5	1	83	2
21669	34	4	7	1	33	5
21670	35	4	9	1	29	7
21671	36	8	8	1	74	7
21672	40	2	5	1	63	5
21673	13	7	2	1	191	6
21674	14	2	2	2	273	1
21675	15	4	2	1	212	5
21676	17	3	2	1	256	2
21677	14	2	2	1	273	5
21678	8	1	1	2	261	5
21679	8	1	1	1	262	6
21680	9	2	2	1	274	2
21681	5	9	1	1	243	5
21682	6	8	2	1	185	2
21683	8	2	1	2	87	3
21684	9	3	1	1	82	4
21685	10	1	3	1	187	8
21686	14	7	2	2	191	3
21687	15	4	2	1	212	4
21688	21	9	4	2	199	6
21689	22	6	3	2	180	2
21690	22	5	3	1	153	2
21691	21	9	4	1	199	9
21692	22	8	7	1	131	9
21693	24	4	8	1	46	9
21694	25	6	3	2	181	1
21695	25	6	3	1	182	2
21696	14	7	2	1	191	4
21697	15	4	2	2	212	3
21698	15	4	2	1	213	5
21699	16	4	3	1	244	4
21700	8	2	1	1	87	4
21701	9	3	1	1	82	3
21702	10	1	3	1	187	8
21703	13	3	2	1	257	1
21704	14	7	2	2	191	3
21705	15	4	2	1	213	4
21706	21	9	4	2	199	6
21707	22	6	3	2	183	2
21708	22	5	3	1	154	2
21709	21	9	4	1	199	9
21710	22	5	5	1	80	9
21711	24	4	8	1	46	9
21712	25	6	3	2	184	1
21713	25	6	3	1	185	2
21714	14	7	2	1	191	4
21715	15	4	2	2	213	3
21716	15	4	2	1	214	5
21717	16	4	3	1	245	4